solid matrix4-final
facet normal -0.7290543992847749 0.4839833069866753 -0.48398330698667463
  outer loop
    vertex -46.49999999998527 -454.1730880654185 -96.75808289516135
    vertex -46.49999999998527 -488.11421356237275 -130.69920839211565
    vertex -51.99999999998538 -454.6999999999997 -88.99999999999991
  endloop
endfacet
facet normal -3.1227516403677323e-16 -0.8188346509339546 0.574029454322571
  outer loop
    vertex -116.49999999998538 -466.6999999999997 -88.99999999999994
    vertex -41.49999999998533 -492.71040764008535 -126.10301431440314
    vertex -83.9999999999854 -466.6999999999997 -88.99999999999994
  endloop
endfacet
facet normal 0.4170395133729606 -0.845672475823772 0.33304070009495224
  outer loop
    vertex -49.586582838159984 -466.3193976625561 -88.99999999999994
    vertex -41.49999999998533 -466.6999999999997 -100.09260667431764
    vertex -48.99999999998543 -466.030127018922 -88.99999999999994
  endloop
endfacet
facet normal 0.7831576149175644 -0.386210595658154 0.4873453867617973
  outer loop
    vertex -46.88060233742903 -463.61341716182517 -88.99999999999994
    vertex -47.169872981063186 -464.19999999999976 -88.99999999999994
    vertex -41.49999999998533 -466.6999999999997 -100.09260667431764
  endloop
endfacet
facet normal 0.6527465231477433 -0.5356873978910345 0.5356873978910323
  outer loop
    vertex -41.49999999998533 -458.769282143131 -92.16188881744888
    vertex -46.499999999985455 -461.69999999999976 -88.99999999999994
    vertex -41.49999999998533 -466.6999999999997 -100.09260667431764
  endloop
endfacet
facet normal 0.8301487464432046 -0.28179752747020975 0.48108545217087245
  outer loop
    vertex -46.67037086854012 -462.99409522551235 -88.99999999999994
    vertex -46.88060233742903 -463.61341716182517 -88.99999999999994
    vertex -41.49999999998533 -466.6999999999997 -100.09260667431764
  endloop
endfacet
facet normal 0.5405260201862675 -0.47402859733845926 0.695074463929533
  outer loop
    vertex -41.49999999998533 -458.769282143131 -92.16188881744888
    vertex -45.03553390591821 -458.164466094067 -88.99999999999994
    vertex -45.46676670144166 -458.65619285495615 -88.99999999999994
  endloop
endfacet
facet normal -0.3086433011011014 -0.6258667014007856 0.7162612545455148
  outer loop
    vertex 46.000000000014715 -457.36987298107755 -88.99999999999994
    vertex 45.41341716184016 -457.0806023374433 -88.99999999999994
    vertex 41.50000000001466 -458.769282143131 -92.16188881744888
  endloop
endfacet
facet normal 0.0 -0.8188346509339548 0.5740294543225708
  outer loop
    vertex -83.9999999999854 -466.6999999999997 -88.99999999999994
    vertex -41.49999999998533 -492.71040764008535 -126.10301431440314
    vertex -51.4999999999854 -466.6999999999997 -88.99999999999994
  endloop
endfacet
facet normal -0.4023729634481682 -0.4588184294878692 0.7922005093713487
  outer loop
    vertex 47.035533905947446 -458.164466094067 -88.99999999999994
    vertex 46.543807145058345 -457.7332332985435 -88.99999999999994
    vertex 41.50000000001466 -458.769282143131 -92.16188881744888
  endloop
endfacet
facet normal -0.3629898731403833 -0.5432527359311901 0.7570434709452326
  outer loop
    vertex 46.543807145058345 -457.7332332985435 -88.99999999999994
    vertex 46.000000000014715 -457.36987298107755 -88.99999999999994
    vertex 41.50000000001466 -458.769282143131 -92.16188881744888
  endloop
endfacet
facet normal 4.276986917035072e-15 -1.0 -3.199089605404881e-15
  outer loop
    vertex -116.49999999998538 -466.6999999999997 -88.99999999999994
    vertex -117.8907104991293 -466.69999999999953 -133.92427240317113
    vertex -116.49999999998532 -466.69999999999953 -133.99999999999986
  endloop
endfacet
facet normal 4.276986917035072e-15 -1.0 -3.199089605404881e-15
  outer loop
    vertex -117.8907104991293 -466.69999999999953 -133.92427240317113
    vertex -116.49999999998538 -466.6999999999997 -88.99999999999994
    vertex -119.27407397869749 -466.69999999999953 -133.76266842813484
  endloop
endfacet
facet normal 4.276986917035072e-15 -1.0 -3.199089605404881e-15
  outer loop
    vertex -119.27407397869749 -466.69999999999953 -133.76266842813484
    vertex -116.49999999998538 -466.6999999999997 -88.99999999999994
    vertex -120.64479268618173 -466.69999999999953 -133.51580695624546
  endloop
endfacet
facet normal 4.276986917035072e-15 -1.0 -3.199089605404881e-15
  outer loop
    vertex -120.64479268618173 -466.69999999999953 -133.51580695624546
    vertex -116.49999999998538 -466.6999999999997 -88.99999999999994
    vertex -121.99761729370981 -466.69999999999953 -133.18463337242986
  endloop
endfacet
facet normal 4.276986917035072e-15 -1.0 -3.199089605404881e-15
  outer loop
    vertex -121.99761729370981 -466.69999999999953 -133.18463337242986
    vertex -116.49999999998538 -466.6999999999997 -88.99999999999994
    vertex -123.32736700096154 -466.69999999999953 -132.77041594472476
  endloop
endfacet
facet normal 4.276986917035072e-15 -1.0 -3.199089605404881e-15
  outer loop
    vertex -123.32736700096154 -466.69999999999953 -132.77041594472476
    vertex -116.49999999998538 -466.6999999999997 -88.99999999999994
    vertex -124.62894937565065 -466.6999999999996 -132.2747409672958
  endloop
endfacet
facet normal 4.276986917035072e-15 -1.0 -3.199089605404881e-15
  outer loop
    vertex -124.62894937565065 -466.6999999999996 -132.2747409672958
    vertex -116.49999999998538 -466.6999999999997 -88.99999999999994
    vertex -125.89737985559096 -466.6999999999996 -131.69950668553818
  endloop
endfacet
facet normal 4.276986917035072e-15 -1.0 -3.199089605404881e-15
  outer loop
    vertex -125.89737985559096 -466.6999999999996 -131.69950668553818
    vertex -116.49999999998538 -466.6999999999997 -88.99999999999994
    vertex -127.12780083766066 -466.6999999999996 -131.04691602652346
  endloop
endfacet
facet normal 4.276986917035072e-15 -1.0 -3.199089605404881e-15
  outer loop
    vertex -127.12780083766066 -466.6999999999996 -131.04691602652346
    vertex -116.49999999998538 -466.6999999999997 -88.99999999999994
    vertex -128.3155002805632 -466.6999999999996 -130.3194681626325
  endloop
endfacet
facet normal 4.276986917035072e-15 -1.0 -3.199089605404881e-15
  outer loop
    vertex -128.3155002805632 -466.6999999999996 -130.3194681626325
    vertex -116.49999999998538 -466.6999999999997 -88.99999999999994
    vertex -129.45592975014114 -466.6999999999996 -129.51994894068162
  endloop
endfacet
facet normal 4.276986917035072e-15 -1.0 -3.199089605404881e-15
  outer loop
    vertex -129.45592975014114 -466.6999999999996 -129.51994894068162
    vertex -116.49999999998538 -466.6999999999997 -88.99999999999994
    vertex -130.5447218381375 -466.6999999999996 -128.65142021319636
  endloop
endfacet
facet normal 4.276986917035072e-15 -1.0 -3.199089605404881e-15
  outer loop
    vertex -130.5447218381375 -466.6999999999996 -128.65142021319636
    vertex -116.49999999998538 -466.6999999999997 -88.99999999999994
    vertex -131.57770688769756 -466.6999999999996 -127.71720811268808
  endloop
endfacet
facet normal 4.276986917035072e-15 -1.0 -3.199089605404881e-15
  outer loop
    vertex -131.57770688769756 -466.6999999999996 -127.71720811268808
    vertex -116.49999999998538 -466.6999999999997 -88.99999999999994
    vertex -132.55092896155824 -466.6999999999996 -126.72089031384021
  endloop
endfacet
facet normal 4.276986917035072e-15 -1.0 -3.199089605404881e-15
  outer loop
    vertex -132.55092896155824 -466.6999999999996 -126.72089031384021
    vertex -116.49999999998538 -466.6999999999997 -88.99999999999994
    vertex -133.460660991773 -466.6999999999996 -125.66628233238363
  endloop
endfacet
facet normal 4.276986917035072e-15 -1.0 -3.199089605404881e-15
  outer loop
    vertex -133.460660991773 -466.6999999999996 -125.66628233238363
    vertex -116.49999999998538 -466.6999999999997 -88.99999999999994
    vertex -134.3034190529557 -466.6999999999996 -124.55742291313237
  endloop
endfacet
facet normal 4.276986917035072e-15 -1.0 -3.199089605404881e-15
  outer loop
    vertex -134.3034190529557 -466.6999999999996 -124.55742291313237
    vertex -116.49999999998538 -466.6999999999997 -88.99999999999994
    vertex -135.0759757043805 -466.6999999999996 -123.3985585631371
  endloop
endfacet
facet normal 4.276986917035072e-15 -1.0 -3.199089605404881e-15
  outer loop
    vertex -135.0759757043805 -466.6999999999996 -123.3985585631371
    vertex -116.49999999998538 -466.6999999999997 -88.99999999999994
    vertex -135.77537234984456 -466.6999999999996 -122.194127289189
  endloop
endfacet
facet normal 4.276986917035072e-15 -1.0 -3.199089605404881e-15
  outer loop
    vertex -135.77537234984456 -466.6999999999996 -122.194127289189
    vertex -116.49999999998538 -466.6999999999997 -88.99999999999994
    vertex -136.39893056795862 -466.6999999999997 -120.94874160195266
  endloop
endfacet
facet normal 4.276986917035072e-15 -1.0 -3.199089605404881e-15
  outer loop
    vertex -136.39893056795862 -466.6999999999997 -120.94874160195266
    vertex -116.49999999998538 -466.6999999999997 -88.99999999999994
    vertex -136.9442623694755 -466.6999999999997 -119.66717085181632
  endloop
endfacet
facet normal 4.276986917035072e-15 -1.0 -3.199089605404881e-15
  outer loop
    vertex -136.9442623694755 -466.6999999999997 -119.66717085181632
    vertex -116.49999999998538 -466.6999999999997 -88.99999999999994
    vertex -137.40927934237487 -466.6999999999997 -118.35432296410572
  endloop
endfacet
facet normal 4.276986917035072e-15 -1.0 -3.199089605404881e-15
  outer loop
    vertex -137.40927934237487 -466.6999999999997 -118.35432296410572
    vertex -116.49999999998538 -466.6999999999997 -88.99999999999994
    vertex -137.7922006496815 -466.6999999999997 -117.01522564360909
  endloop
endfacet
facet normal 4.276986917035072e-15 -1.0 -3.199089605404881e-15
  outer loop
    vertex -137.7922006496815 -466.6999999999997 -117.01522564360909
    vertex -116.49999999998538 -466.6999999999997 -88.99999999999994
    vertex -138.09155984938917 -466.6999999999997 -115.65500712039268
  endloop
endfacet
facet normal 4.276986917035072e-15 -1.0 -3.199089605404881e-15
  outer loop
    vertex -138.09155984938917 -466.6999999999997 -115.65500712039268
    vertex -116.49999999998538 -466.6999999999997 -88.99999999999994
    vertex -138.30621051037227 -466.6999999999997 -114.27887651064293
  endloop
endfacet
facet normal 4.276986917035072e-15 -1.0 -3.199089605404881e-15
  outer loop
    vertex -138.30621051037227 -466.6999999999997 -114.27887651064293
    vertex -116.49999999998538 -466.6999999999997 -88.99999999999994
    vertex -138.43533060277775 -466.6999999999997 -112.8921038677458
  endloop
endfacet
facet normal 4.276986917035072e-15 -1.0 -3.199089605404881e-15
  outer loop
    vertex -138.43533060277775 -466.6999999999997 -112.8921038677458
    vertex -116.49999999998538 -466.6999999999997 -88.99999999999994
    vertex -138.47842564608527 -466.6999999999997 -111.49999999999996
  endloop
endfacet
facet normal 4.276986917035072e-15 -1.0 -3.199089605404881e-15
  outer loop
    vertex -138.47842564608527 -466.6999999999997 -111.49999999999996
    vertex -116.49999999998538 -466.6999999999997 -88.99999999999994
    vertex -138.43533060277775 -466.6999999999997 -110.10789613225407
  endloop
endfacet
facet normal 4.276986917035072e-15 -1.0 -3.199089605404881e-15
  outer loop
    vertex -138.43533060277775 -466.6999999999997 -110.10789613225407
    vertex -116.49999999998538 -466.6999999999997 -88.99999999999994
    vertex -138.30621051037227 -466.6999999999997 -108.72112348935694
  endloop
endfacet
facet normal 4.276986917035072e-15 -1.0 -3.199089605404881e-15
  outer loop
    vertex -138.30621051037227 -466.6999999999997 -108.72112348935694
    vertex -116.49999999998538 -466.6999999999997 -88.99999999999994
    vertex -138.09155984938917 -466.6999999999997 -107.3449928796072
  endloop
endfacet
facet normal 4.276986917035072e-15 -1.0 -3.199089605404881e-15
  outer loop
    vertex -138.09155984938917 -466.6999999999997 -107.3449928796072
    vertex -116.49999999998538 -466.6999999999997 -88.99999999999994
    vertex -137.7922006496815 -466.6999999999997 -105.98477435639077
  endloop
endfacet
facet normal 4.276986917035072e-15 -1.0 -3.199089605404881e-15
  outer loop
    vertex -137.7922006496815 -466.6999999999997 -105.98477435639077
    vertex -116.49999999998538 -466.6999999999997 -88.99999999999994
    vertex -137.4092793423749 -466.6999999999997 -104.64567703589417
  endloop
endfacet
facet normal 4.276986917035072e-15 -1.0 -3.199089605404881e-15
  outer loop
    vertex -137.4092793423749 -466.6999999999997 -104.64567703589417
    vertex -116.49999999998538 -466.6999999999997 -88.99999999999994
    vertex -136.94426236947555 -466.6999999999997 -103.33282914818355
  endloop
endfacet
facet normal 4.276986917035072e-15 -1.0 -3.199089605404881e-15
  outer loop
    vertex -136.94426236947555 -466.6999999999997 -103.33282914818355
    vertex -116.49999999998538 -466.6999999999997 -88.99999999999994
    vertex -136.39893056795862 -466.6999999999997 -102.05125839804722
  endloop
endfacet
facet normal 4.276986917035072e-15 -1.0 -3.199089605404881e-15
  outer loop
    vertex -136.39893056795862 -466.6999999999997 -102.05125839804722
    vertex -116.49999999998538 -466.6999999999997 -88.99999999999994
    vertex -135.7753723498446 -466.6999999999997 -100.80587271081087
  endloop
endfacet
facet normal 4.276986917035072e-15 -1.0 -3.199089605404881e-15
  outer loop
    vertex -135.7753723498446 -466.6999999999997 -100.80587271081087
    vertex -116.49999999998538 -466.6999999999997 -88.99999999999994
    vertex -135.07597570438057 -466.6999999999997 -99.60144143686274
  endloop
endfacet
facet normal 4.276986917035072e-15 -1.0 -3.199089605404881e-15
  outer loop
    vertex -135.07597570438057 -466.6999999999997 -99.60144143686274
    vertex -116.49999999998538 -466.6999999999997 -88.99999999999994
    vertex -134.30341905295577 -466.6999999999997 -98.44257708686747
  endloop
endfacet
facet normal 4.276986917035072e-15 -1.0 -3.199089605404881e-15
  outer loop
    vertex -134.30341905295577 -466.6999999999997 -98.44257708686747
    vertex -116.49999999998538 -466.6999999999997 -88.99999999999994
    vertex -133.46066099177307 -466.6999999999997 -97.3337176676162
  endloop
endfacet
facet normal 4.276986917035072e-15 -1.0 -3.199089605404881e-15
  outer loop
    vertex -133.46066099177307 -466.6999999999997 -97.3337176676162
    vertex -116.49999999998538 -466.6999999999997 -88.99999999999994
    vertex -132.55092896155824 -466.6999999999997 -96.27910968615961
  endloop
endfacet
facet normal 4.276986917035072e-15 -1.0 -3.199089605404881e-15
  outer loop
    vertex -132.55092896155824 -466.6999999999997 -96.27910968615961
    vertex -116.49999999998538 -466.6999999999997 -88.99999999999994
    vertex -131.57770688769764 -466.6999999999997 -95.28279188731175
  endloop
endfacet
facet normal 4.276986917035072e-15 -1.0 -3.199089605404881e-15
  outer loop
    vertex -131.57770688769764 -466.6999999999997 -95.28279188731175
    vertex -116.49999999998538 -466.6999999999997 -88.99999999999994
    vertex -130.54472183813758 -466.6999999999997 -94.3485797868035
  endloop
endfacet
facet normal 4.276986917035072e-15 -1.0 -3.199089605404881e-15
  outer loop
    vertex -130.54472183813758 -466.6999999999997 -94.3485797868035
    vertex -116.49999999998538 -466.6999999999997 -88.99999999999994
    vertex -129.4559297501412 -466.6999999999997 -93.48005105931821
  endloop
endfacet
facet normal 4.276986917035072e-15 -1.0 -3.199089605404881e-15
  outer loop
    vertex -129.4559297501412 -466.6999999999997 -93.48005105931821
    vertex -116.49999999998538 -466.6999999999997 -88.99999999999994
    vertex -128.3155002805633 -466.6999999999997 -92.68053183736735
  endloop
endfacet
facet normal 4.276986917035072e-15 -1.0 -3.199089605404881e-15
  outer loop
    vertex -128.3155002805633 -466.6999999999997 -92.68053183736735
    vertex -116.49999999998538 -466.6999999999997 -88.99999999999994
    vertex -127.1278008376607 -466.6999999999997 -91.95308397347635
  endloop
endfacet
facet normal 4.276986917035072e-15 -1.0 -3.199089605404881e-15
  outer loop
    vertex -127.1278008376607 -466.6999999999997 -91.95308397347635
    vertex -116.49999999998538 -466.6999999999997 -88.99999999999994
    vertex -125.89737985559096 -466.6999999999997 -91.30049331446165
  endloop
endfacet
facet normal 4.276986917035072e-15 -1.0 -3.199089605404881e-15
  outer loop
    vertex -125.89737985559096 -466.6999999999997 -91.30049331446165
    vertex -116.49999999998538 -466.6999999999997 -88.99999999999994
    vertex -124.62894937565073 -466.6999999999997 -90.72525903270402
  endloop
endfacet
facet normal 4.276986917035072e-15 -1.0 -3.199089605404881e-15
  outer loop
    vertex -124.62894937565073 -466.6999999999997 -90.72525903270402
    vertex -116.49999999998538 -466.6999999999997 -88.99999999999994
    vertex -123.32736700096154 -466.6999999999997 -90.22958405527505
  endloop
endfacet
facet normal 4.276986917035072e-15 -1.0 -3.199089605404881e-15
  outer loop
    vertex -123.32736700096154 -466.6999999999997 -90.22958405527505
    vertex -116.49999999998538 -466.6999999999997 -88.99999999999994
    vertex -121.99761729370985 -466.6999999999997 -89.81536662756994
  endloop
endfacet
facet normal 4.276986917035072e-15 -1.0 -3.199089605404881e-15
  outer loop
    vertex -121.99761729370985 -466.6999999999997 -89.81536662756994
    vertex -116.49999999998538 -466.6999999999997 -88.99999999999994
    vertex -120.64479268618182 -466.6999999999997 -89.48419304375433
  endloop
endfacet
facet normal 4.276986917035072e-15 -1.0 -3.199089605404881e-15
  outer loop
    vertex -120.64479268618182 -466.6999999999997 -89.48419304375433
    vertex -116.49999999998538 -466.6999999999997 -88.99999999999994
    vertex -119.27407397869757 -466.6999999999997 -89.23733157186496
  endloop
endfacet
facet normal 4.276986917035072e-15 -1.0 -3.199089605404881e-15
  outer loop
    vertex -119.27407397869757 -466.6999999999997 -89.23733157186496
    vertex -116.49999999998538 -466.6999999999997 -88.99999999999994
    vertex -117.8907104991293 -466.6999999999997 -89.07572759682866
  endloop
endfacet
facet normal -0.5241354748793782 -0.6021968133313942 0.6021968133313916
  outer loop
    vertex 48.50000000001469 -461.69999999999976 -88.99999999999994
    vertex 41.50000000001466 -458.769282143131 -92.16188881744888
    vertex 41.50000000001466 -466.6999999999997 -100.09260667431764
  endloop
endfacet
facet normal -0.38739160449285165 0.921915258995345 1.3471238280364883e-15
  outer loop
    vertex 118.50000000001484 -458.69999999999965 -89.00000000000001
    vertex 118.50000000001474 -458.69999999999965 -110.55671097724442
    vertex 48.50000000001469 -488.11421356237275 -130.69920839211565
  endloop
endfacet
facet normal -2.5056300052778184e-16 0.8171572867929942 -0.5764147540106105
  outer loop
    vertex 54.0000000000147 -458.69999999999965 -89.0
    vertex 118.50000000001484 -458.69999999999965 -89.00000000000001
    vertex 48.50000000001469 -488.11421356237275 -130.69920839211565
  endloop
endfacet
facet normal 0.0 0.0 1.0
  outer loop
    vertex 44.79409522552732 -456.8703708685544 -88.99999999999994
    vertex 44.15263096111496 -456.74277569313074 -88.99999999999994
    vertex 43.50000000001465 -456.6999999999998 -88.99999999999994
  endloop
endfacet
facet normal 0.5832940199690166 -0.28764877797912647 0.7596224501655411
  outer loop
    vertex -41.49999999998533 -458.769282143131 -92.16188881744888
    vertex -45.830127018907724 -459.1999999999997 -88.99999999999994
    vertex -46.11939766254188 -459.78658283817424 -88.99999999999994
  endloop
endfacet
facet normal -0.5647884573319731 -0.6440178056827321 0.5159990934373517
  outer loop
    vertex 49.96446609408202 -465.23553390593247 -88.99999999999994
    vertex 41.50000000001466 -466.6999999999997 -100.09260667431764
    vertex 50.45619285497112 -465.6667667014559 -88.99999999999994
  endloop
endfacet
facet normal -0.44287967400630507 -0.29592273733971924 0.8463375968710338
  outer loop
    vertex 47.830127018936956 -459.1999999999997 -88.99999999999994
    vertex 47.466766701470895 -458.65619285495615 -88.99999999999994
    vertex 41.50000000001466 -458.769282143131 -92.16188881744888
  endloop
endfacet
facet normal 0.5491137172535498 -0.0359908145081382 0.8349723269636122
  outer loop
    vertex -41.49999999998533 -458.769282143131 -92.16188881744888
    vertex -46.45722430685453 -461.04736903889943 -88.99999999999994
    vertex -46.499999999985455 -461.69999999999976 -88.99999999999994
  endloop
endfacet
facet normal -0.44487993100059653 -0.15101638726098068 0.8827660492857358
  outer loop
    vertex 48.329629131460116 -460.40590477448717 -88.99999999999994
    vertex 48.1193976625712 -459.78658283817424 -88.99999999999994
    vertex 41.50000000001466 -458.769282143131 -92.16188881744888
  endloop
endfacet
facet normal -0.8038051880868876 -0.15988679287438198 0.5730038682844539
  outer loop
    vertex 48.54277569314571 -462.3526309611 -88.99999999999994
    vertex 41.50000000001466 -466.6999999999997 -100.09260667431764
    vertex 48.67037086856935 -462.99409522551235 -88.99999999999994
  endloop
endfacet
facet normal -0.30571986724589734 -0.9006216869088435 0.30889470672159475
  outer loop
    vertex 51.58658283818931 -466.3193976625561 -88.99999999999994
    vertex 41.50000000001466 -466.6999999999997 -100.09260667431764
    vertex 52.205904774502145 -466.52962913144506 -88.99999999999994
  endloop
endfacet
facet normal 0.1621599358250246 -0.8152330494141622 0.555966932790171
  outer loop
    vertex -42.79409522549809 -456.8703708685544 -88.99999999999994
    vertex -41.49999999998533 -458.769282143131 -92.16188881744888
    vertex -42.15263096108573 -456.74277569313074 -88.99999999999994
  endloop
endfacet
facet normal -0.7279069705809987 -0.3589639931183149 0.5842056947892134
  outer loop
    vertex 48.880602337458264 -463.61341716182517 -88.99999999999994
    vertex 41.50000000001466 -466.6999999999997 -100.09260667431764
    vertex 49.16987298109251 -464.19999999999976 -88.99999999999994
  endloop
endfacet
facet normal -1.5832492676370327e-17 -0.7071067811865461 0.707106781186549
  outer loop
    vertex -41.49999999998533 -492.71040764008535 -126.10301431440314
    vertex -32.49999999998541 -492.0033008588988 -125.39590753321654
    vertex -41.49999999998533 -466.6999999999997 -100.09260667431764
  endloop
endfacet
facet normal -1.5832492676370327e-17 -0.7071067811865461 0.707106781186549
  outer loop
    vertex -32.49999999998541 -492.0033008588988 -125.39590753321654
    vertex -41.49999999998533 -492.71040764008535 -126.10301431440314
    vertex 41.50000000001466 -492.71040764008535 -126.10301431440314
  endloop
endfacet
facet normal -1.5832492676370327e-17 -0.7071067811865461 0.707106781186549
  outer loop
    vertex -41.49999999998533 -466.6999999999997 -100.09260667431764
    vertex -32.49999999998541 -492.0033008588988 -125.39590753321654
    vertex -41.49999999998533 -458.769282143131 -92.16188881744888
  endloop
endfacet
facet normal -1.5832492676370327e-17 -0.7071067811865461 0.707106781186549
  outer loop
    vertex -32.49999999998541 -492.0033008588988 -125.39590753321654
    vertex 41.50000000001466 -492.71040764008535 -126.10301431440314
    vertex 39.500000000014616 -492.0033008588988 -125.39590753321654
  endloop
endfacet
facet normal -1.5832492676370327e-17 -0.7071067811865461 0.707106781186549
  outer loop
    vertex 39.500000000014616 -492.0033008588988 -125.39590753321654
    vertex 41.50000000001466 -492.71040764008535 -126.10301431440314
    vertex 39.500000000014616 -460.8906024866906 -94.28320916100857
  endloop
endfacet
facet normal -1.5832492676370327e-17 -0.7071067811865461 0.707106781186549
  outer loop
    vertex -41.49999999998533 -458.769282143131 -92.16188881744888
    vertex -32.49999999998541 -460.8906024866906 -94.28320916100857
    vertex 41.50000000001466 -458.769282143131 -92.16188881744888
  endloop
endfacet
facet normal -1.5832492676370327e-17 -0.7071067811865461 0.707106781186549
  outer loop
    vertex -32.49999999998541 -460.8906024866906 -94.28320916100857
    vertex -41.49999999998533 -458.769282143131 -92.16188881744888
    vertex -32.49999999998541 -492.0033008588988 -125.39590753321654
  endloop
endfacet
facet normal -1.5832492676370327e-17 -0.7071067811865461 0.707106781186549
  outer loop
    vertex 41.50000000001466 -458.769282143131 -92.16188881744888
    vertex -32.49999999998541 -460.8906024866906 -94.28320916100857
    vertex 39.500000000014616 -460.8906024866906 -94.28320916100857
  endloop
endfacet
facet normal -1.5832492676370327e-17 -0.7071067811865461 0.707106781186549
  outer loop
    vertex 41.50000000001466 -458.769282143131 -92.16188881744888
    vertex 39.500000000014616 -460.8906024866906 -94.28320916100857
    vertex 41.50000000001466 -492.71040764008535 -126.10301431440314
  endloop
endfacet
facet normal -1.5832492676370327e-17 -0.7071067811865461 0.707106781186549
  outer loop
    vertex 41.50000000001466 -458.769282143131 -92.16188881744888
    vertex 41.50000000001466 -492.71040764008535 -126.10301431440314
    vertex 41.50000000001466 -466.6999999999997 -100.09260667431764
  endloop
endfacet
facet normal -1.3349331123388938e-17 0.7071067811865471 -0.7071067811865479
  outer loop
    vertex -41.49999999998533 -457.3550685807579 -93.57610237982198
    vertex -32.49999999998541 -459.4763889243175 -95.69742272338175
    vertex -41.49999999998533 -491.2961940777122 -127.51722787677629
  endloop
endfacet
facet normal -1.3349331123388938e-17 0.7071067811865471 -0.7071067811865479
  outer loop
    vertex -32.49999999998541 -459.4763889243175 -95.69742272338175
    vertex -41.49999999998533 -457.3550685807579 -93.57610237982198
    vertex 41.50000000001466 -457.3550685807579 -93.57610237982198
  endloop
endfacet
facet normal -1.3349331123388938e-17 0.7071067811865471 -0.7071067811865479
  outer loop
    vertex -32.49999999998541 -459.4763889243175 -95.69742272338175
    vertex 41.50000000001466 -457.3550685807579 -93.57610237982198
    vertex 39.500000000014616 -459.4763889243175 -95.69742272338175
  endloop
endfacet
facet normal -1.3349331123388938e-17 0.7071067811865471 -0.7071067811865479
  outer loop
    vertex 39.500000000014616 -459.4763889243175 -95.69742272338175
    vertex 41.50000000001466 -457.3550685807579 -93.57610237982198
    vertex 39.500000000014616 -490.5890872965257 -126.81012109558974
  endloop
endfacet
facet normal -1.3349331123388938e-17 0.7071067811865471 -0.7071067811865479
  outer loop
    vertex -41.49999999998533 -491.2961940777122 -127.51722787677629
    vertex -32.49999999998541 -490.5890872965257 -126.81012109558974
    vertex 41.50000000001466 -491.2961940777122 -127.51722787677629
  endloop
endfacet
facet normal -1.3349331123388938e-17 0.7071067811865471 -0.7071067811865479
  outer loop
    vertex -32.49999999998541 -490.5890872965257 -126.81012109558974
    vertex -41.49999999998533 -491.2961940777122 -127.51722787677629
    vertex -32.49999999998541 -459.4763889243175 -95.69742272338175
  endloop
endfacet
facet normal -1.3349331123388938e-17 0.7071067811865471 -0.7071067811865479
  outer loop
    vertex 41.50000000001466 -491.2961940777122 -127.51722787677629
    vertex -32.49999999998541 -490.5890872965257 -126.81012109558974
    vertex 39.500000000014616 -490.5890872965257 -126.81012109558974
  endloop
endfacet
facet normal -1.3349331123388938e-17 0.7071067811865471 -0.7071067811865479
  outer loop
    vertex 41.50000000001466 -491.2961940777122 -127.51722787677629
    vertex 39.500000000014616 -490.5890872965257 -126.81012109558974
    vertex 41.50000000001466 -457.3550685807579 -93.57610237982198
  endloop
endfacet
facet normal 0.5111524383299781 -0.7649936848050867 0.39180077462615337
  outer loop
    vertex -48.99999999998543 -466.030127018922 -88.99999999999994
    vertex -41.49999999998533 -466.6999999999997 -100.09260667431764
    vertex -48.4561928549418 -465.6667667014559 -88.99999999999994
  endloop
endfacet
facet normal -0.1772789649846807 -0.937650352601717 0.29897154520093777
  outer loop
    vertex -116.49999999998538 -466.6999999999997 -88.99999999999994
    vertex -51.49999999998567 -492.6999999999996 -131.99999999999986
    vertex -41.49999999998533 -492.71040764008535 -126.10301431440314
  endloop
endfacet
facet normal -0.49169482235605055 -0.7358733046110301 0.465539129643357
  outer loop
    vertex 50.45619285497112 -465.6667667014559 -88.99999999999994
    vertex 41.50000000001466 -466.6999999999997 -100.09260667431764
    vertex 51.00000000001466 -466.03012701892186 -88.99999999999994
  endloop
endfacet
facet normal -0.053720947777167086 -0.8196232769791976 0.5703785967265993
  outer loop
    vertex 43.50000000001465 -456.6999999999998 -88.99999999999994
    vertex 41.50000000001466 -458.769282143131 -92.16188881744888
    vertex 44.15263096111496 -456.74277569313074 -88.99999999999994
  endloop
endfacet
facet normal 1.2491006561470807e-15 -0.8188346509339555 0.5740294543225701
  outer loop
    vertex 86.00000000001474 -466.6999999999997 -88.99999999999997
    vertex 41.50000000001466 -492.71040764008535 -126.10301431440314
    vertex 118.50000000001484 -466.6999999999997 -89.00000000000001
  endloop
endfacet
facet normal 0.0 -0.7071067811865673 -0.7071067811865277
  outer loop
    vertex 39.500000000014616 -460.8906024866906 -94.28320916100857
    vertex -32.49999999998541 -459.4763889243175 -95.69742272338175
    vertex 39.500000000014616 -459.4763889243175 -95.69742272338175
  endloop
endfacet
facet normal 0.0 -0.7071067811865673 -0.7071067811865277
  outer loop
    vertex -32.49999999998541 -459.4763889243175 -95.69742272338175
    vertex 39.500000000014616 -460.8906024866906 -94.28320916100857
    vertex -32.49999999998541 -460.8906024866906 -94.28320916100857
  endloop
endfacet
facet normal 0.06528974103983477 -0.9961289537587295 0.05885879032472891
  outer loop
    vertex -51.4999999999854 -466.6999999999997 -88.99999999999994
    vertex -41.49999999998533 -466.6999999999997 -100.09260667431764
    vertex -50.84736903888518 -466.6572243068688 -88.99999999999994
  endloop
endfacet
facet normal 0.6171652742080507 -0.5563753338851831 0.5563753338851863
  outer loop
    vertex -51.4999999999854 -466.6999999999997 -88.99999999999994
    vertex -41.49999999998533 -492.71040764008535 -126.10301431440314
    vertex -41.49999999998533 -466.6999999999997 -100.09260667431764
  endloop
endfacet
facet normal 0.15950993490318546 -0.9328784588537856 0.3229463758486344
  outer loop
    vertex 118.50000000001484 -466.6999999999997 -89.00000000000001
    vertex 41.50000000001466 -492.71040764008535 -126.10301431440314
    vertex 53.50000000001445 -492.69999999999965 -131.99999999999986
  endloop
endfacet
facet normal 0.054760549718873654 -0.8354845375373258 0.5467786295481271
  outer loop
    vertex -42.15263096108573 -456.74277569313074 -88.99999999999994
    vertex -41.49999999998533 -458.769282143131 -92.16188881744888
    vertex -41.49999999998542 -456.6999999999997 -88.99999999999994
  endloop
endfacet
facet normal 0.6656227024518511 -0.5837354432839428 0.46497241878932305
  outer loop
    vertex -47.53323329852925 -464.7438071450434 -88.99999999999994
    vertex -47.964466094052696 -465.23553390593247 -88.99999999999994
    vertex -41.49999999998533 -466.6999999999997 -100.09260667431764
  endloop
endfacet
facet normal -0.7686506934835106 -0.26092175148126046 0.5840342036313195
  outer loop
    vertex 48.67037086856935 -462.99409522551235 -88.99999999999994
    vertex 41.50000000001466 -466.6999999999997 -100.09260667431764
    vertex 48.880602337458264 -463.61341716182517 -88.99999999999994
  endloop
endfacet
facet normal -0.15291482750184612 -0.7687547512320309 0.6209937101036201
  outer loop
    vertex 44.15263096111496 -456.74277569313074 -88.99999999999994
    vertex 41.50000000001466 -458.769282143131 -92.16188881744888
    vertex 44.79409522552732 -456.8703708685544 -88.99999999999994
  endloop
endfacet
facet normal -0.40588135975825296 -0.8230459785963973 0.3973105069301475
  outer loop
    vertex 51.00000000001466 -466.03012701892186 -88.99999999999994
    vertex 41.50000000001466 -466.6999999999997 -100.09260667431764
    vertex 51.58658283818931 -466.3193976625561 -88.99999999999994
  endloop
endfacet
facet normal 0.26330266202846303 -0.7756646297798797 0.5735992418729013
  outer loop
    vertex -43.413417161810926 -457.0806023374433 -88.99999999999994
    vertex -41.49999999998533 -458.769282143131 -92.16188881744888
    vertex -42.79409522549809 -456.8703708685544 -88.99999999999994
  endloop
endfacet
facet normal -0.4355688913023916 -0.08664003932589315 0.8959761405948338
  outer loop
    vertex 48.45722430688385 -461.04736903889943 -88.99999999999994
    vertex 48.329629131460116 -460.40590477448717 -88.99999999999994
    vertex 41.50000000001466 -458.769282143131 -92.16188881744888
  endloop
endfacet
facet normal -0.8331362622420836 -0.05460663562427753 0.550365409417314
  outer loop
    vertex 48.50000000001469 -461.69999999999976 -88.99999999999994
    vertex 41.50000000001466 -466.6999999999997 -100.09260667431764
    vertex 48.54277569314571 -462.3526309611 -88.99999999999994
  endloop
endfacet
facet normal -0.6272743227148805 -0.5501048168606977 0.5512817923070256
  outer loop
    vertex 49.53323329855857 -464.7438071450434 -88.99999999999994
    vertex 41.50000000001466 -466.6999999999997 -100.09260667431764
    vertex 49.96446609408202 -465.23553390593247 -88.99999999999994
  endloop
endfacet
facet normal -0.6811270041752632 -0.45511451389985424 0.5735301068129994
  outer loop
    vertex 49.16987298109251 -464.19999999999976 -88.99999999999994
    vertex 41.50000000001466 -466.6999999999997 -100.09260667431764
    vertex 49.53323329855857 -464.7438071450434 -88.99999999999994
  endloop
endfacet
facet normal -0.23850021539941116 -0.7025989781303895 0.6704269708063415
  outer loop
    vertex 44.79409522552732 -456.8703708685544 -88.99999999999994
    vertex 41.50000000001466 -458.769282143131 -92.16188881744888
    vertex 45.41341716184016 -457.0806023374433 -88.99999999999994
  endloop
endfacet
facet normal -5.289164893453738e-16 -0.9999984425526545 -0.001764905738505891
  outer loop
    vertex 41.50000000001466 -492.71040764008535 -126.10301431440314
    vertex -51.49999999998567 -492.6999999999996 -131.99999999999986
    vertex 53.50000000001445 -492.69999999999965 -131.99999999999986
  endloop
endfacet
facet normal -5.289164893453738e-16 -0.9999984425526545 -0.001764905738505891
  outer loop
    vertex -51.49999999998567 -492.6999999999996 -131.99999999999986
    vertex 41.50000000001466 -492.71040764008535 -126.10301431440314
    vertex -41.49999999998533 -492.71040764008535 -126.10301431440314
  endloop
endfacet
facet normal 0.8998503030665826 -0.058979304878274144 0.43219309766243946
  outer loop
    vertex -46.499999999985455 -461.69999999999976 -88.99999999999994
    vertex -46.54277569311638 -462.3526309611 -88.99999999999994
    vertex -41.49999999998533 -466.6999999999997 -100.09260667431764
  endloop
endfacet
facet normal 0.8693383417353265 -0.1729221476084452 0.4629781619637757
  outer loop
    vertex -46.54277569311638 -462.3526309611 -88.99999999999994
    vertex -46.67037086854012 -462.99409522551235 -88.99999999999994
    vertex -41.49999999998533 -466.6999999999997 -100.09260667431764
  endloop
endfacet
facet normal 0.0 0.7071067811865701 0.707106781186525
  outer loop
    vertex -32.49999999998541 -492.0033008588988 -125.39590753321654
    vertex 39.500000000014616 -490.5890872965257 -126.81012109558974
    vertex -32.49999999998541 -490.5890872965257 -126.81012109558974
  endloop
endfacet
facet normal 0.0 0.7071067811865701 0.707106781186525
  outer loop
    vertex 39.500000000014616 -490.5890872965257 -126.81012109558974
    vertex -32.49999999998541 -492.0033008588988 -125.39590753321654
    vertex 39.500000000014616 -492.0033008588988 -125.39590753321654
  endloop
endfacet
facet normal 6.245503280735435e-16 -0.8188346509339549 0.5740294543225708
  outer loop
    vertex 53.50000000001463 -466.6999999999997 -88.99999999999994
    vertex 41.50000000001466 -492.71040764008535 -126.10301431440314
    vertex 86.00000000001474 -466.6999999999997 -88.99999999999997
  endloop
endfacet
facet normal 0.7284825835413767 -0.4867565004185832 0.4820593685192053
  outer loop
    vertex -47.169872981063186 -464.19999999999976 -88.99999999999994
    vertex -47.53323329852925 -464.7438071450434 -88.99999999999994
    vertex -41.49999999998533 -466.6999999999997 -100.09260667431764
  endloop
endfacet
facet normal 0.4947157343080872 -0.5641151788952511 0.661082753645857
  outer loop
    vertex -41.49999999998533 -458.769282143131 -92.16188881744888
    vertex -44.54380714502902 -457.7332332985435 -88.99999999999994
    vertex -45.03553390591821 -458.164466094067 -88.99999999999994
  endloop
endfacet
facet normal 0.310574034171328 -0.9149216015472604 0.257802700375196
  outer loop
    vertex -50.20590477447282 -466.52962913144506 -88.99999999999994
    vertex -41.49999999998533 -466.6999999999997 -100.09260667431764
    vertex -49.586582838159984 -466.3193976625561 -88.99999999999994
  endloop
endfacet
facet normal 0.4322906003535429 -0.6469686036353148 0.6281372961034429
  outer loop
    vertex -44.54380714502902 -457.7332332985435 -88.99999999999994
    vertex -41.49999999998533 -458.769282143131 -92.16188881744888
    vertex -43.999999999985484 -457.36987298107755 -88.99999999999994
  endloop
endfacet
facet normal -0.5471273707930393 -0.591883282467537 0.5918832824675402
  outer loop
    vertex 53.50000000001463 -466.6999999999997 -88.99999999999994
    vertex 41.50000000001466 -466.6999999999997 -100.09260667431764
    vertex 41.50000000001466 -492.71040764008535 -126.10301431440314
  endloop
endfacet
facet normal -5.3835571155109875e-17 -0.07669649888473705 -0.9970544855015816
  outer loop
    vertex -82.19999999998545 -466.69999999999953 -133.99999999999986
    vertex -51.49999999998567 -492.6999999999996 -131.99999999999986
    vertex -116.49999999998532 -466.69999999999953 -133.99999999999986
  endloop
endfacet
facet normal -5.3835571155109875e-17 -0.07669649888473705 -0.9970544855015816
  outer loop
    vertex -51.49999999998567 -492.6999999999996 -131.99999999999986
    vertex -82.19999999998545 -466.69999999999953 -133.99999999999986
    vertex -51.99999999998547 -466.6999999999998 -133.99999999999986
  endloop
endfacet
facet normal -5.3835571155109875e-17 -0.07669649888473705 -0.9970544855015816
  outer loop
    vertex -51.49999999998567 -492.6999999999996 -131.99999999999986
    vertex -51.99999999998547 -466.6999999999998 -133.99999999999986
    vertex 118.50000000001465 -466.6999999999997 -133.99999999999986
  endloop
endfacet
facet normal -5.3835571155109875e-17 -0.07669649888473705 -0.9970544855015816
  outer loop
    vertex -51.49999999998567 -492.6999999999996 -131.99999999999986
    vertex 118.50000000001465 -466.6999999999997 -133.99999999999986
    vertex 53.50000000001445 -492.69999999999965 -131.99999999999986
  endloop
endfacet
facet normal -0.4283702429649564 -0.37567062052671946 0.8218092965008452
  outer loop
    vertex 47.466766701470895 -458.65619285495615 -88.99999999999994
    vertex 47.035533905947446 -458.164466094067 -88.99999999999994
    vertex 41.50000000001466 -458.769282143131 -92.16188881744888
  endloop
endfacet
facet normal -0.44780673309075125 -0.22083384216972152 0.8664303457007652
  outer loop
    vertex 48.1193976625712 -459.78658283817424 -88.99999999999994
    vertex 47.830127018936956 -459.1999999999997 -88.99999999999994
    vertex 41.50000000001466 -458.769282143131 -92.16188881744888
  endloop
endfacet
facet normal -0.06524003671992962 -0.9953706123807237 0.07057677817529882
  outer loop
    vertex 52.847369038914415 -466.6572243068688 -88.99999999999994
    vertex 41.50000000001466 -466.6999999999997 -100.09260667431764
    vertex 53.50000000001463 -466.6999999999997 -88.99999999999994
  endloop
endfacet
facet normal 0.5829693387469087 -0.1978914248243821 0.7880264805588503
  outer loop
    vertex -41.49999999998533 -458.769282143131 -92.16188881744888
    vertex -46.11939766254188 -459.78658283817424 -88.99999999999994
    vertex -46.32962913143088 -460.40590477448717 -88.99999999999994
  endloop
endfacet
facet normal 0.3713906763541022 -0.92847669088526 -1.5646563062438289e-15
  outer loop
    vertex 118.50000000001484 -466.6999999999997 -89.00000000000001
    vertex 53.50000000001445 -492.69999999999965 -131.99999999999986
    vertex 118.50000000001465 -466.6999999999997 -133.99999999999986
  endloop
endfacet
facet normal 0.5708470250551928 -0.11354853316537261 0.81316689836812
  outer loop
    vertex -41.49999999998533 -458.769282143131 -92.16188881744888
    vertex -46.32962913143088 -460.40590477448717 -88.99999999999994
    vertex -46.45722430685453 -461.04736903889943 -88.99999999999994
  endloop
endfacet
facet normal 0.1923885421114899 -0.9672025155895976 0.16584915646867146
  outer loop
    vertex -50.84736903888518 -466.6572243068688 -88.99999999999994
    vertex -41.49999999998533 -466.6999999999997 -100.09260667431764
    vertex -50.20590477447282 -466.52962913144506 -88.99999999999994
  endloop
endfacet
facet normal -4.540234220624436e-16 -0.8367400531262013 0.5476002953746117
  outer loop
    vertex 43.50000000001465 -456.6999999999998 -88.99999999999994
    vertex -41.49999999998533 -458.769282143131 -92.16188881744888
    vertex 41.50000000001466 -458.769282143131 -92.16188881744888
  endloop
endfacet
facet normal -4.540234220624436e-16 -0.8367400531262013 0.5476002953746117
  outer loop
    vertex -41.49999999998533 -458.769282143131 -92.16188881744888
    vertex 43.50000000001465 -456.6999999999998 -88.99999999999994
    vertex -41.49999999998542 -456.6999999999997 -88.99999999999994
  endloop
endfacet
facet normal 1.0 0.0 0.0
  outer loop
    vertex -32.49999999998541 -490.5890872965257 -126.81012109558974
    vertex -32.49999999998541 -460.8906024866906 -94.28320916100857
    vertex -32.49999999998541 -492.0033008588988 -125.39590753321654
  endloop
endfacet
facet normal 1.0 0.0 0.0
  outer loop
    vertex -32.49999999998541 -460.8906024866906 -94.28320916100857
    vertex -32.49999999998541 -490.5890872965257 -126.81012109558974
    vertex -32.49999999998541 -459.4763889243175 -95.69742272338175
  endloop
endfacet
facet normal -0.42106847089365 -0.027598285664676977 0.9066088889083618
  outer loop
    vertex 48.50000000001469 -461.69999999999976 -88.99999999999994
    vertex 48.45722430688385 -461.04736903889943 -88.99999999999994
    vertex 41.50000000001466 -458.769282143131 -92.16188881744888
  endloop
endfacet
facet normal -0.3713906763541058 -0.9284766908852586 -4.152357120416363e-15
  outer loop
    vertex -116.49999999998538 -466.6999999999997 -88.99999999999994
    vertex -116.49999999998532 -466.69999999999953 -133.99999999999986
    vertex -51.49999999998567 -492.6999999999996 -131.99999999999986
  endloop
endfacet
facet normal 0.5697188877316255 -0.3806739904014706 0.7283595966235777
  outer loop
    vertex -41.49999999998533 -458.769282143131 -92.16188881744888
    vertex -45.46676670144166 -458.65619285495615 -88.99999999999994
    vertex -45.830127018907724 -459.1999999999997 -88.99999999999994
  endloop
endfacet
facet normal -1.0 0.0 0.0
  outer loop
    vertex 39.500000000014616 -460.8906024866906 -94.28320916100857
    vertex 39.500000000014616 -490.5890872965257 -126.81012109558974
    vertex 39.500000000014616 -492.0033008588988 -125.39590753321654
  endloop
endfacet
facet normal -1.0 0.0 0.0
  outer loop
    vertex 39.500000000014616 -490.5890872965257 -126.81012109558974
    vertex 39.500000000014616 -460.8906024866906 -94.28320916100857
    vertex 39.500000000014616 -459.4763889243175 -95.69742272338175
  endloop
endfacet
facet normal -0.1911775313822751 -0.9611143535250417 0.19927456170500205
  outer loop
    vertex 52.205904774502145 -466.52962913144506 -88.99999999999994
    vertex 41.50000000001466 -466.6999999999997 -100.09260667431764
    vertex 52.847369038914415 -466.6572243068688 -88.99999999999994
  endloop
endfacet
facet normal 0.35440058263046414 -0.7186532895226811 0.5982789286690757
  outer loop
    vertex -43.999999999985484 -457.36987298107755 -88.99999999999994
    vertex -41.49999999998533 -458.769282143131 -92.16188881744888
    vertex -43.413417161810926 -457.0806023374433 -88.99999999999994
  endloop
endfacet
facet normal 0.5936007165178914 -0.6768718906003468 0.4352960292313249
  outer loop
    vertex -48.4561928549418 -465.6667667014559 -88.99999999999994
    vertex -41.49999999998533 -466.6999999999997 -100.09260667431764
    vertex -47.964466094052696 -465.23553390593247 -88.99999999999994
  endloop
endfacet
facet normal 1.2398983482410268e-16 -2.0174539472154656e-16 1.0
  outer loop
    vertex 86.00000000001474 -466.6999999999997 -88.99999999999997
    vertex 54.0000000000147 -458.69999999999965 -89.0
    vertex 53.50000000001463 -466.6999999999997 -88.99999999999994
  endloop
endfacet
facet normal 1.2398983482410268e-16 -2.0174539472154656e-16 1.0
  outer loop
    vertex 54.0000000000147 -458.69999999999965 -89.0
    vertex 86.00000000001474 -466.6999999999997 -88.99999999999997
    vertex 118.50000000001484 -458.69999999999965 -89.00000000000001
  endloop
endfacet
facet normal 1.2398983482410268e-16 -2.0174539472154656e-16 1.0
  outer loop
    vertex 118.50000000001484 -458.69999999999965 -89.00000000000001
    vertex 86.00000000001474 -466.6999999999997 -88.99999999999997
    vertex 118.50000000001484 -466.6999999999997 -89.00000000000001
  endloop
endfacet
facet normal 1.2398983482410268e-16 -2.0174539472154656e-16 1.0
  outer loop
    vertex -83.9999999999854 -466.6999999999997 -88.99999999999994
    vertex -116.49999999998538 -458.69999999999965 -88.99999999999993
    vertex -116.49999999998538 -466.6999999999997 -88.99999999999994
  endloop
endfacet
facet normal 1.2398983482410268e-16 -2.0174539472154656e-16 1.0
  outer loop
    vertex -116.49999999998538 -458.69999999999965 -88.99999999999993
    vertex -83.9999999999854 -466.6999999999997 -88.99999999999994
    vertex -51.99999999998547 -458.69999999999965 -88.99999999999999
  endloop
endfacet
facet normal 1.2398983482410268e-16 -2.0174539472154656e-16 1.0
  outer loop
    vertex -51.99999999998547 -458.69999999999965 -88.99999999999999
    vertex -83.9999999999854 -466.6999999999997 -88.99999999999994
    vertex -51.4999999999854 -466.6999999999997 -88.99999999999994
  endloop
endfacet
facet normal 1.2398983482410268e-16 -2.0174539472154656e-16 1.0
  outer loop
    vertex -51.99999999998547 -458.69999999999965 -88.99999999999999
    vertex -51.4999999999854 -466.6999999999997 -88.99999999999994
    vertex -51.99999999998538 -454.6999999999997 -88.99999999999991
  endloop
endfacet
facet normal 1.2398983482410268e-16 -2.0174539472154656e-16 1.0
  outer loop
    vertex -51.99999999998538 -454.6999999999997 -88.99999999999991
    vertex -51.4999999999854 -466.6999999999997 -88.99999999999994
    vertex -45.46676670144166 -458.65619285495615 -88.99999999999994
  endloop
endfacet
facet normal 1.2398983482410268e-16 -2.0174539472154656e-16 1.0
  outer loop
    vertex -51.99999999998538 -454.6999999999997 -88.99999999999991
    vertex -45.46676670144166 -458.65619285495615 -88.99999999999994
    vertex -45.03553390591821 -458.164466094067 -88.99999999999994
  endloop
endfacet
facet normal 1.2398983482410268e-16 -2.0174539472154656e-16 1.0
  outer loop
    vertex -51.99999999998538 -454.6999999999997 -88.99999999999991
    vertex -45.03553390591821 -458.164466094067 -88.99999999999994
    vertex -44.54380714502902 -457.7332332985435 -88.99999999999994
  endloop
endfacet
facet normal 1.2398983482410268e-16 -2.0174539472154656e-16 1.0
  outer loop
    vertex -51.99999999998538 -454.6999999999997 -88.99999999999991
    vertex -44.54380714502902 -457.7332332985435 -88.99999999999994
    vertex -43.999999999985484 -457.36987298107755 -88.99999999999994
  endloop
endfacet
facet normal 1.2398983482410268e-16 -2.0174539472154656e-16 1.0
  outer loop
    vertex -51.99999999998538 -454.6999999999997 -88.99999999999991
    vertex -43.999999999985484 -457.36987298107755 -88.99999999999994
    vertex -43.413417161810926 -457.0806023374433 -88.99999999999994
  endloop
endfacet
facet normal 1.2398983482410268e-16 -2.0174539472154656e-16 1.0
  outer loop
    vertex -51.99999999998538 -454.6999999999997 -88.99999999999991
    vertex -43.413417161810926 -457.0806023374433 -88.99999999999994
    vertex -42.79409522549809 -456.8703708685544 -88.99999999999994
  endloop
endfacet
facet normal 1.2398983482410268e-16 -2.0174539472154656e-16 1.0
  outer loop
    vertex -51.99999999998538 -454.6999999999997 -88.99999999999991
    vertex -42.79409522549809 -456.8703708685544 -88.99999999999994
    vertex -42.15263096108573 -456.74277569313074 -88.99999999999994
  endloop
endfacet
facet normal 1.2398983482410268e-16 -2.0174539472154656e-16 1.0
  outer loop
    vertex -51.99999999998538 -454.6999999999997 -88.99999999999991
    vertex -42.15263096108573 -456.74277569313074 -88.99999999999994
    vertex -41.49999999998542 -456.6999999999997 -88.99999999999994
  endloop
endfacet
facet normal 1.2398983482410268e-16 -2.0174539472154656e-16 1.0
  outer loop
    vertex -51.99999999998538 -454.6999999999997 -88.99999999999991
    vertex -41.49999999998542 -456.6999999999997 -88.99999999999994
    vertex 54.0000000000147 -454.6999999999997 -88.99999999999997
  endloop
endfacet
facet normal 1.2398983482410268e-16 -2.0174539472154656e-16 1.0
  outer loop
    vertex -45.46676670144166 -458.65619285495615 -88.99999999999994
    vertex -51.4999999999854 -466.6999999999997 -88.99999999999994
    vertex -50.84736903888518 -466.6572243068688 -88.99999999999994
  endloop
endfacet
facet normal 1.2398983482410268e-16 -2.0174539472154656e-16 1.0
  outer loop
    vertex -45.46676670144166 -458.65619285495615 -88.99999999999994
    vertex -50.84736903888518 -466.6572243068688 -88.99999999999994
    vertex -45.830127018907724 -459.1999999999997 -88.99999999999994
  endloop
endfacet
facet normal 1.2398983482410268e-16 -2.0174539472154656e-16 1.0
  outer loop
    vertex -45.830127018907724 -459.1999999999997 -88.99999999999994
    vertex -50.84736903888518 -466.6572243068688 -88.99999999999994
    vertex -50.20590477447282 -466.52962913144506 -88.99999999999994
  endloop
endfacet
facet normal 1.2398983482410268e-16 -2.0174539472154656e-16 1.0
  outer loop
    vertex -45.830127018907724 -459.1999999999997 -88.99999999999994
    vertex -50.20590477447282 -466.52962913144506 -88.99999999999994
    vertex -49.586582838159984 -466.3193976625561 -88.99999999999994
  endloop
endfacet
facet normal 1.2398983482410268e-16 -2.0174539472154656e-16 1.0
  outer loop
    vertex -45.830127018907724 -459.1999999999997 -88.99999999999994
    vertex -49.586582838159984 -466.3193976625561 -88.99999999999994
    vertex -46.11939766254188 -459.78658283817424 -88.99999999999994
  endloop
endfacet
facet normal 1.2398983482410268e-16 -2.0174539472154656e-16 1.0
  outer loop
    vertex -46.11939766254188 -459.78658283817424 -88.99999999999994
    vertex -49.586582838159984 -466.3193976625561 -88.99999999999994
    vertex -48.99999999998543 -466.030127018922 -88.99999999999994
  endloop
endfacet
facet normal 1.2398983482410268e-16 -2.0174539472154656e-16 1.0
  outer loop
    vertex -46.11939766254188 -459.78658283817424 -88.99999999999994
    vertex -48.99999999998543 -466.030127018922 -88.99999999999994
    vertex -48.4561928549418 -465.6667667014559 -88.99999999999994
  endloop
endfacet
facet normal 1.2398983482410268e-16 -2.0174539472154656e-16 1.0
  outer loop
    vertex -46.11939766254188 -459.78658283817424 -88.99999999999994
    vertex -48.4561928549418 -465.6667667014559 -88.99999999999994
    vertex -46.32962913143088 -460.40590477448717 -88.99999999999994
  endloop
endfacet
facet normal 1.2398983482410268e-16 -2.0174539472154656e-16 1.0
  outer loop
    vertex -46.32962913143088 -460.40590477448717 -88.99999999999994
    vertex -48.4561928549418 -465.6667667014559 -88.99999999999994
    vertex -47.964466094052696 -465.23553390593247 -88.99999999999994
  endloop
endfacet
facet normal 1.2398983482410268e-16 -2.0174539472154656e-16 1.0
  outer loop
    vertex -46.32962913143088 -460.40590477448717 -88.99999999999994
    vertex -47.964466094052696 -465.23553390593247 -88.99999999999994
    vertex -47.53323329852925 -464.7438071450434 -88.99999999999994
  endloop
endfacet
facet normal 1.2398983482410268e-16 -2.0174539472154656e-16 1.0
  outer loop
    vertex -46.32962913143088 -460.40590477448717 -88.99999999999994
    vertex -47.53323329852925 -464.7438071450434 -88.99999999999994
    vertex -47.169872981063186 -464.19999999999976 -88.99999999999994
  endloop
endfacet
facet normal 1.2398983482410268e-16 -2.0174539472154656e-16 1.0
  outer loop
    vertex -46.32962913143088 -460.40590477448717 -88.99999999999994
    vertex -47.169872981063186 -464.19999999999976 -88.99999999999994
    vertex -46.45722430685453 -461.04736903889943 -88.99999999999994
  endloop
endfacet
facet normal 1.2398983482410268e-16 -2.0174539472154656e-16 1.0
  outer loop
    vertex -46.45722430685453 -461.04736903889943 -88.99999999999994
    vertex -47.169872981063186 -464.19999999999976 -88.99999999999994
    vertex -46.88060233742903 -463.61341716182517 -88.99999999999994
  endloop
endfacet
facet normal 1.2398983482410268e-16 -2.0174539472154656e-16 1.0
  outer loop
    vertex -46.45722430685453 -461.04736903889943 -88.99999999999994
    vertex -46.88060233742903 -463.61341716182517 -88.99999999999994
    vertex -46.67037086854012 -462.99409522551235 -88.99999999999994
  endloop
endfacet
facet normal 1.2398983482410268e-16 -2.0174539472154656e-16 1.0
  outer loop
    vertex -46.45722430685453 -461.04736903889943 -88.99999999999994
    vertex -46.67037086854012 -462.99409522551235 -88.99999999999994
    vertex -46.54277569311638 -462.3526309611 -88.99999999999994
  endloop
endfacet
facet normal 1.2398983482410268e-16 -2.0174539472154656e-16 1.0
  outer loop
    vertex -46.45722430685453 -461.04736903889943 -88.99999999999994
    vertex -46.54277569311638 -462.3526309611 -88.99999999999994
    vertex -46.499999999985455 -461.69999999999976 -88.99999999999994
  endloop
endfacet
facet normal 1.2398983482410268e-16 -2.0174539472154656e-16 1.0
  outer loop
    vertex 54.0000000000147 -454.6999999999997 -88.99999999999997
    vertex -41.49999999998542 -456.6999999999997 -88.99999999999994
    vertex 43.50000000001465 -456.6999999999998 -88.99999999999994
  endloop
endfacet
facet normal 1.2398983482410268e-16 -2.0174539472154656e-16 1.0
  outer loop
    vertex 54.0000000000147 -454.6999999999997 -88.99999999999997
    vertex 43.50000000001465 -456.6999999999998 -88.99999999999994
    vertex 44.15263096111496 -456.74277569313074 -88.99999999999994
  endloop
endfacet
facet normal 1.2398983482410268e-16 -2.0174539472154656e-16 1.0
  outer loop
    vertex 54.0000000000147 -454.6999999999997 -88.99999999999997
    vertex 44.15263096111496 -456.74277569313074 -88.99999999999994
    vertex 44.79409522552732 -456.8703708685544 -88.99999999999994
  endloop
endfacet
facet normal 1.2398983482410268e-16 -2.0174539472154656e-16 1.0
  outer loop
    vertex 54.0000000000147 -454.6999999999997 -88.99999999999997
    vertex 44.79409522552732 -456.8703708685544 -88.99999999999994
    vertex 45.41341716184016 -457.0806023374433 -88.99999999999994
  endloop
endfacet
facet normal 1.2398983482410268e-16 -2.0174539472154656e-16 1.0
  outer loop
    vertex 54.0000000000147 -454.6999999999997 -88.99999999999997
    vertex 45.41341716184016 -457.0806023374433 -88.99999999999994
    vertex 46.000000000014715 -457.36987298107755 -88.99999999999994
  endloop
endfacet
facet normal 1.2398983482410268e-16 -2.0174539472154656e-16 1.0
  outer loop
    vertex 54.0000000000147 -454.6999999999997 -88.99999999999997
    vertex 46.000000000014715 -457.36987298107755 -88.99999999999994
    vertex 46.543807145058345 -457.7332332985435 -88.99999999999994
  endloop
endfacet
facet normal 1.2398983482410268e-16 -2.0174539472154656e-16 1.0
  outer loop
    vertex 54.0000000000147 -454.6999999999997 -88.99999999999997
    vertex 46.543807145058345 -457.7332332985435 -88.99999999999994
    vertex 47.035533905947446 -458.164466094067 -88.99999999999994
  endloop
endfacet
facet normal 1.2398983482410268e-16 -2.0174539472154656e-16 1.0
  outer loop
    vertex 54.0000000000147 -454.6999999999997 -88.99999999999997
    vertex 47.035533905947446 -458.164466094067 -88.99999999999994
    vertex 47.466766701470895 -458.65619285495615 -88.99999999999994
  endloop
endfacet
facet normal 1.2398983482410268e-16 -2.0174539472154656e-16 1.0
  outer loop
    vertex 54.0000000000147 -454.6999999999997 -88.99999999999997
    vertex 47.466766701470895 -458.65619285495615 -88.99999999999994
    vertex 47.830127018936956 -459.1999999999997 -88.99999999999994
  endloop
endfacet
facet normal 1.2398983482410268e-16 -2.0174539472154656e-16 1.0
  outer loop
    vertex 54.0000000000147 -454.6999999999997 -88.99999999999997
    vertex 47.830127018936956 -459.1999999999997 -88.99999999999994
    vertex 48.1193976625712 -459.78658283817424 -88.99999999999994
  endloop
endfacet
facet normal 1.2398983482410268e-16 -2.0174539472154656e-16 1.0
  outer loop
    vertex 54.0000000000147 -454.6999999999997 -88.99999999999997
    vertex 48.1193976625712 -459.78658283817424 -88.99999999999994
    vertex 48.329629131460116 -460.40590477448717 -88.99999999999994
  endloop
endfacet
facet normal 1.2398983482410268e-16 -2.0174539472154656e-16 1.0
  outer loop
    vertex 54.0000000000147 -454.6999999999997 -88.99999999999997
    vertex 48.329629131460116 -460.40590477448717 -88.99999999999994
    vertex 48.45722430688385 -461.04736903889943 -88.99999999999994
  endloop
endfacet
facet normal 1.2398983482410268e-16 -2.0174539472154656e-16 1.0
  outer loop
    vertex 54.0000000000147 -454.6999999999997 -88.99999999999997
    vertex 48.45722430688385 -461.04736903889943 -88.99999999999994
    vertex 48.50000000001469 -461.69999999999976 -88.99999999999994
  endloop
endfacet
facet normal 1.2398983482410268e-16 -2.0174539472154656e-16 1.0
  outer loop
    vertex 54.0000000000147 -454.6999999999997 -88.99999999999997
    vertex 48.50000000001469 -461.69999999999976 -88.99999999999994
    vertex 48.54277569314571 -462.3526309611 -88.99999999999994
  endloop
endfacet
facet normal 1.2398983482410268e-16 -2.0174539472154656e-16 1.0
  outer loop
    vertex 54.0000000000147 -454.6999999999997 -88.99999999999997
    vertex 48.54277569314571 -462.3526309611 -88.99999999999994
    vertex 48.67037086856935 -462.99409522551235 -88.99999999999994
  endloop
endfacet
facet normal 1.2398983482410268e-16 -2.0174539472154656e-16 1.0
  outer loop
    vertex 54.0000000000147 -454.6999999999997 -88.99999999999997
    vertex 48.67037086856935 -462.99409522551235 -88.99999999999994
    vertex 48.880602337458264 -463.61341716182517 -88.99999999999994
  endloop
endfacet
facet normal 1.2398983482410268e-16 -2.0174539472154656e-16 1.0
  outer loop
    vertex 54.0000000000147 -454.6999999999997 -88.99999999999997
    vertex 48.880602337458264 -463.61341716182517 -88.99999999999994
    vertex 49.16987298109251 -464.19999999999976 -88.99999999999994
  endloop
endfacet
facet normal 1.2398983482410268e-16 -2.0174539472154656e-16 1.0
  outer loop
    vertex 54.0000000000147 -454.6999999999997 -88.99999999999997
    vertex 49.16987298109251 -464.19999999999976 -88.99999999999994
    vertex 49.53323329855857 -464.7438071450434 -88.99999999999994
  endloop
endfacet
facet normal 1.2398983482410268e-16 -2.0174539472154656e-16 1.0
  outer loop
    vertex 54.0000000000147 -454.6999999999997 -88.99999999999997
    vertex 49.53323329855857 -464.7438071450434 -88.99999999999994
    vertex 49.96446609408202 -465.23553390593247 -88.99999999999994
  endloop
endfacet
facet normal 1.2398983482410268e-16 -2.0174539472154656e-16 1.0
  outer loop
    vertex 54.0000000000147 -454.6999999999997 -88.99999999999997
    vertex 49.96446609408202 -465.23553390593247 -88.99999999999994
    vertex 50.45619285497112 -465.6667667014559 -88.99999999999994
  endloop
endfacet
facet normal 1.2398983482410268e-16 -2.0174539472154656e-16 1.0
  outer loop
    vertex 54.0000000000147 -454.6999999999997 -88.99999999999997
    vertex 50.45619285497112 -465.6667667014559 -88.99999999999994
    vertex 51.00000000001466 -466.03012701892186 -88.99999999999994
  endloop
endfacet
facet normal 1.2398983482410268e-16 -2.0174539472154656e-16 1.0
  outer loop
    vertex 54.0000000000147 -454.6999999999997 -88.99999999999997
    vertex 51.00000000001466 -466.03012701892186 -88.99999999999994
    vertex 51.58658283818931 -466.3193976625561 -88.99999999999994
  endloop
endfacet
facet normal 1.2398983482410268e-16 -2.0174539472154656e-16 1.0
  outer loop
    vertex 54.0000000000147 -454.6999999999997 -88.99999999999997
    vertex 51.58658283818931 -466.3193976625561 -88.99999999999994
    vertex 52.205904774502145 -466.52962913144506 -88.99999999999994
  endloop
endfacet
facet normal 1.2398983482410268e-16 -2.0174539472154656e-16 1.0
  outer loop
    vertex 54.0000000000147 -454.6999999999997 -88.99999999999997
    vertex 52.205904774502145 -466.52962913144506 -88.99999999999994
    vertex 52.847369038914415 -466.6572243068688 -88.99999999999994
  endloop
endfacet
facet normal 1.2398983482410268e-16 -2.0174539472154656e-16 1.0
  outer loop
    vertex 54.0000000000147 -454.6999999999997 -88.99999999999997
    vertex 52.847369038914415 -466.6572243068688 -88.99999999999994
    vertex 53.50000000001463 -466.6999999999997 -88.99999999999994
  endloop
endfacet
facet normal 1.2398983482410268e-16 -2.0174539472154656e-16 1.0
  outer loop
    vertex 54.0000000000147 -454.6999999999997 -88.99999999999997
    vertex 53.50000000001463 -466.6999999999997 -88.99999999999994
    vertex 54.0000000000147 -458.69999999999965 -89.0
  endloop
endfacet
facet normal -0.6707579841678848 0.0 -0.7416762950742295
  outer loop
    vertex -130.5447218381375 -458.69999999999953 -128.65142021319636
    vertex -131.57770688769756 -466.6999999999996 -127.71720811268808
    vertex -131.57770688769756 -458.69999999999953 -127.71720811268808
  endloop
endfacet
facet normal -0.6707579841678848 0.0 -0.7416762950742295
  outer loop
    vertex -131.57770688769756 -466.6999999999996 -127.71720811268808
    vertex -130.5447218381375 -458.69999999999953 -128.65142021319636
    vertex -130.5447218381375 -466.6999999999996 -128.65142021319636
  endloop
endfacet
facet normal -0.9426159243717105 -9.42929903912511e-16 0.33387904864017126
  outer loop
    vertex -136.94426236947555 -458.69999999999965 -103.33282914818352
    vertex -137.4092793423749 -466.6999999999997 -104.64567703589417
    vertex -136.94426236947555 -466.6999999999997 -103.33282914818355
  endloop
endfacet
facet normal -0.9426159243717105 -9.42929903912511e-16 0.33387904864017126
  outer loop
    vertex -137.4092793423749 -466.6999999999997 -104.64567703589417
    vertex -136.94426236947555 -458.69999999999965 -103.33282914818352
    vertex -137.4092793423749 -458.69999999999965 -104.64567703589411
  endloop
endfacet
facet normal -0.6235977655641362 1.1038894048468328e-15 -0.7817453720895423
  outer loop
    vertex -129.45592975014114 -458.69999999999953 -129.51994894068162
    vertex -130.5447218381375 -466.6999999999996 -128.65142021319636
    vertex -130.5447218381375 -458.69999999999953 -128.65142021319636
  endloop
endfacet
facet normal -0.6235977655641362 1.1038894048468328e-15 -0.7817453720895423
  outer loop
    vertex -130.5447218381375 -466.6999999999996 -128.65142021319636
    vertex -129.45592975014114 -458.69999999999953 -129.51994894068162
    vertex -129.45592975014114 -466.6999999999996 -129.51994894068162
  endloop
endfacet
facet normal -0.9956933997566261 0.0 -0.09270735505390915
  outer loop
    vertex -138.43533060277775 -458.69999999999965 -112.8921038677458
    vertex -138.30621051037227 -466.6999999999997 -114.27887651064293
    vertex -138.43533060277775 -466.6999999999997 -112.8921038677458
  endloop
endfacet
facet normal -0.9956933997566261 0.0 -0.09270735505390915
  outer loop
    vertex -138.30621051037227 -466.6999999999997 -114.27887651064293
    vertex -138.43533060277775 -458.69999999999965 -112.8921038677458
    vertex -138.30621051037227 -458.69999999999965 -114.27887651064293
  endloop
endfacet
facet normal -0.5740494062616737 1.1526630972656893e-15 -0.8188206636197085
  outer loop
    vertex -128.3155002805632 -458.69999999999953 -130.3194681626325
    vertex -129.45592975014114 -466.6999999999996 -129.51994894068162
    vertex -129.45592975014114 -458.69999999999953 -129.51994894068162
  endloop
endfacet
facet normal -0.5740494062616737 1.1526630972656893e-15 -0.8188206636197085
  outer loop
    vertex -129.45592975014114 -466.6999999999996 -129.51994894068162
    vertex -128.3155002805632 -458.69999999999953 -130.3194681626325
    vertex -128.3155002805632 -466.6999999999996 -130.3194681626325
  endloop
endfacet
facet normal -0.961462839982778 -7.740579700249511e-16 0.27493491472028664
  outer loop
    vertex -137.4092793423749 -458.69999999999965 -104.64567703589411
    vertex -137.7922006496815 -466.6999999999997 -105.98477435639077
    vertex -137.4092793423749 -466.6999999999997 -104.64567703589417
  endloop
endfacet
facet normal -0.961462839982778 -7.740579700249511e-16 0.27493491472028664
  outer loop
    vertex -137.7922006496815 -466.6999999999997 -105.98477435639077
    vertex -137.4092793423749 -458.69999999999965 -104.64567703589411
    vertex -137.7922006496815 -458.69999999999965 -105.98477435639077
  endloop
endfacet
facet normal -0.9201591506492892 -1.105786870527852e-15 0.39154455362880336
  outer loop
    vertex -136.39893056795862 -458.69999999999965 -102.05125839804718
    vertex -136.94426236947555 -466.6999999999997 -103.33282914818355
    vertex -136.39893056795862 -466.6999999999997 -102.05125839804722
  endloop
endfacet
facet normal -0.9201591506492892 -1.105786870527852e-15 0.39154455362880336
  outer loop
    vertex -136.94426236947555 -466.6999999999997 -103.33282914818355
    vertex -136.39893056795862 -458.69999999999965 -102.05125839804718
    vertex -136.94426236947555 -458.69999999999965 -103.33282914818352
  endloop
endfacet
facet normal -0.920159150649302 1.1023633817646917e-15 -0.391544553628773
  outer loop
    vertex -136.9442623694755 -458.69999999999965 -119.6671708518163
    vertex -136.39893056795862 -466.6999999999997 -120.94874160195266
    vertex -136.9442623694755 -466.6999999999997 -119.66717085181632
  endloop
endfacet
facet normal -0.920159150649302 1.1023633817646917e-15 -0.391544553628773
  outer loop
    vertex -136.39893056795862 -466.6999999999997 -120.94874160195266
    vertex -136.9442623694755 -458.69999999999965 -119.6671708518163
    vertex -136.39893056795862 -458.69999999999965 -120.94874160195263
  endloop
endfacet
facet normal -0.8647735272778831 3.780594604103167e-18 -0.50216207196419
  outer loop
    vertex -135.77537234984456 -458.69999999999953 -122.194127289189
    vertex -135.0759757043805 -466.6999999999996 -123.3985585631371
    vertex -135.77537234984456 -466.6999999999996 -122.194127289189
  endloop
endfacet
facet normal -0.8647735272778831 3.780594604103167e-18 -0.50216207196419
  outer loop
    vertex -135.0759757043805 -466.6999999999996 -123.3985585631371
    vertex -135.77537234984456 -458.69999999999953 -122.194127289189
    vertex -135.0759757043805 -458.69999999999953 -123.3985585631371
  endloop
endfacet
facet normal -0.8320567833620927 0.0 -0.5546904625654994
  outer loop
    vertex -135.0759757043805 -458.69999999999953 -123.3985585631371
    vertex -134.3034190529557 -466.6999999999996 -124.55742291313237
    vertex -135.0759757043805 -466.6999999999996 -123.3985585631371
  endloop
endfacet
facet normal -0.8320567833620927 0.0 -0.5546904625654994
  outer loop
    vertex -134.3034190529557 -466.6999999999996 -124.55742291313237
    vertex -135.0759757043805 -458.69999999999953 -123.3985585631371
    vertex -134.3034190529557 -458.69999999999953 -124.55742291313237
  endloop
endfacet
facet normal -0.7961535805176501 -3.480603690408578e-18 -0.6050946010574922
  outer loop
    vertex -134.3034190529557 -458.69999999999953 -124.55742291313237
    vertex -133.460660991773 -466.6999999999996 -125.66628233238363
    vertex -134.3034190529557 -466.6999999999996 -124.55742291313237
  endloop
endfacet
facet normal -0.7961535805176501 -3.480603690408578e-18 -0.6050946010574922
  outer loop
    vertex -133.460660991773 -466.6999999999996 -125.66628233238363
    vertex -134.3034190529557 -458.69999999999953 -124.55742291313237
    vertex -133.460660991773 -458.69999999999953 -125.66628233238363
  endloop
endfacet
facet normal -0.9995211832232954 4.382787537602958e-17 -0.030941950292500586
  outer loop
    vertex -138.47842564608527 -458.69999999999965 -111.49999999999991
    vertex -138.43533060277775 -466.6999999999997 -112.8921038677458
    vertex -138.47842564608527 -466.6999999999997 -111.49999999999996
  endloop
endfacet
facet normal -0.9995211832232954 4.382787537602958e-17 -0.030941950292500586
  outer loop
    vertex -138.43533060277775 -466.6999999999997 -112.8921038677458
    vertex -138.47842564608527 -458.69999999999965 -111.49999999999991
    vertex -138.43533060277775 -458.69999999999965 -112.8921038677458
  endloop
endfacet
facet normal -0.9880524917684919 -4.3390652788108137e-16 0.1541177261384115
  outer loop
    vertex -138.09155984938917 -458.69999999999965 -107.34499287960718
    vertex -138.30621051037227 -466.6999999999997 -108.72112348935694
    vertex -138.09155984938917 -466.6999999999997 -107.3449928796072
  endloop
endfacet
facet normal -0.9880524917684919 -4.3390652788108137e-16 0.1541177261384115
  outer loop
    vertex -138.30621051037227 -466.6999999999997 -108.72112348935694
    vertex -138.09155984938917 -458.69999999999965 -107.34499287960718
    vertex -138.30621051037227 -458.69999999999965 -108.72112348935694
  endloop
endfacet
facet normal -0.9614628399827688 3.870289850125949e-16 -0.2749349147203187
  outer loop
    vertex -137.7922006496815 -458.69999999999965 -117.01522564360909
    vertex -137.40927934237487 -466.6999999999997 -118.35432296410572
    vertex -137.7922006496815 -466.6999999999997 -117.01522564360909
  endloop
endfacet
facet normal -0.9614628399827688 3.870289850125949e-16 -0.2749349147203187
  outer loop
    vertex -137.40927934237487 -466.6999999999997 -118.35432296410572
    vertex -137.7922006496815 -458.69999999999965 -117.01522564360909
    vertex -137.40927934237487 -458.69999999999965 -118.3543229641057
  endloop
endfacet
facet normal -0.9995211832232954 -8.738520831121476e-17 0.03094195029250058
  outer loop
    vertex -138.43533060277775 -458.69999999999965 -110.10789613225407
    vertex -138.47842564608527 -466.6999999999997 -111.49999999999996
    vertex -138.43533060277775 -466.6999999999997 -110.10789613225407
  endloop
endfacet
facet normal -0.9995211832232954 -8.738520831121476e-17 0.03094195029250058
  outer loop
    vertex -138.47842564608527 -466.6999999999997 -111.49999999999996
    vertex -138.43533060277775 -458.69999999999965 -110.10789613225407
    vertex -138.47842564608527 -458.69999999999965 -111.49999999999991
  endloop
endfacet
facet normal -0.9766277210111972 -6.070202978951456e-16 0.21493788533545108
  outer loop
    vertex -137.7922006496815 -458.69999999999965 -105.98477435639077
    vertex -138.09155984938917 -466.6999999999997 -107.3449928796072
    vertex -137.7922006496815 -466.6999999999997 -105.98477435639077
  endloop
endfacet
facet normal -0.9766277210111972 -6.070202978951456e-16 0.21493788533545108
  outer loop
    vertex -138.09155984938917 -466.6999999999997 -107.3449928796072
    vertex -137.7922006496815 -458.69999999999965 -105.98477435639077
    vertex -138.09155984938917 -458.69999999999965 -107.34499287960718
  endloop
endfacet
facet normal -0.9956933997566261 -2.6208744594787475e-16 0.09270735505390912
  outer loop
    vertex -138.30621051037227 -458.69999999999965 -108.72112348935694
    vertex -138.43533060277775 -466.6999999999997 -110.10789613225407
    vertex -138.30621051037227 -466.6999999999997 -108.72112348935694
  endloop
endfacet
facet normal -0.9956933997566261 -2.6208744594787475e-16 0.09270735505390912
  outer loop
    vertex -138.43533060277775 -466.6999999999997 -110.10789613225407
    vertex -138.30621051037227 -458.69999999999965 -108.72112348935694
    vertex -138.43533060277775 -458.69999999999965 -110.10789613225407
  endloop
endfacet
facet normal -0.9880524917684921 0.0 -0.15411772613841027
  outer loop
    vertex -138.30621051037227 -458.69999999999965 -114.27887651064293
    vertex -138.09155984938917 -466.6999999999997 -115.65500712039268
    vertex -138.30621051037227 -466.6999999999997 -114.27887651064293
  endloop
endfacet
facet normal -0.9880524917684921 0.0 -0.15411772613841027
  outer loop
    vertex -138.09155984938917 -466.6999999999997 -115.65500712039268
    vertex -138.30621051037227 -458.69999999999965 -114.27887651064293
    vertex -138.09155984938917 -458.69999999999965 -115.65500712039268
  endloop
endfacet
facet normal -0.9766277210111968 0.0 -0.21493788533545277
  outer loop
    vertex -138.09155984938917 -458.69999999999965 -115.65500712039268
    vertex -137.7922006496815 -466.6999999999997 -117.01522564360909
    vertex -138.09155984938917 -466.6999999999997 -115.65500712039268
  endloop
endfacet
facet normal -0.9766277210111968 0.0 -0.21493788533545277
  outer loop
    vertex -137.7922006496815 -466.6999999999997 -117.01522564360909
    vertex -138.09155984938917 -458.69999999999965 -115.65500712039268
    vertex -137.7922006496815 -458.69999999999965 -117.01522564360909
  endloop
endfacet
facet normal -0.7572014142659171 0.0 -0.6531814588869581
  outer loop
    vertex -133.460660991773 -458.69999999999953 -125.66628233238363
    vertex -132.55092896155824 -466.6999999999996 -126.72089031384021
    vertex -133.460660991773 -466.6999999999996 -125.66628233238363
  endloop
endfacet
facet normal -0.7572014142659171 0.0 -0.6531814588869581
  outer loop
    vertex -132.55092896155824 -466.6999999999996 -126.72089031384021
    vertex -133.460660991773 -458.69999999999953 -125.66628233238363
    vertex -132.55092896155824 -458.69999999999953 -126.72089031384021
  endloop
endfacet
facet normal -0.8941785196613312 6.311125846143669e-16 -0.44771059287922876
  outer loop
    vertex -136.39893056795862 -458.69999999999965 -120.94874160195263
    vertex -135.77537234984456 -466.6999999999996 -122.194127289189
    vertex -136.39893056795862 -466.6999999999997 -120.94874160195266
  endloop
endfacet
facet normal -0.8941785196613312 6.311125846143669e-16 -0.44771059287922876
  outer loop
    vertex -135.77537234984456 -466.6999999999996 -122.194127289189
    vertex -136.39893056795862 -458.69999999999965 -120.94874160195263
    vertex -135.77537234984456 -458.69999999999953 -122.194127289189
  endloop
endfacet
facet normal -0.9426159243717097 9.400106162843221e-16 -0.33387904864017387
  outer loop
    vertex -137.40927934237487 -458.69999999999965 -118.3543229641057
    vertex -136.9442623694755 -466.6999999999997 -119.66717085181632
    vertex -137.40927934237487 -466.6999999999997 -118.35432296410572
  endloop
endfacet
facet normal -0.9426159243717097 9.400106162843221e-16 -0.33387904864017387
  outer loop
    vertex -136.9442623694755 -466.6999999999997 -119.66717085181632
    vertex -137.40927934237487 -458.69999999999965 -118.3543229641057
    vertex -136.9442623694755 -458.69999999999965 -119.6671708518163
  endloop
endfacet
facet normal -0.7153494564908633 0.0 -0.6987668817983768
  outer loop
    vertex -132.55092896155824 -458.69999999999953 -126.72089031384021
    vertex -131.57770688769756 -466.6999999999996 -127.71720811268808
    vertex -132.55092896155824 -466.6999999999996 -126.72089031384021
  endloop
endfacet
facet normal -0.7153494564908633 0.0 -0.6987668817983768
  outer loop
    vertex -131.57770688769756 -466.6999999999996 -127.71720811268808
    vertex -132.55092896155824 -458.69999999999953 -126.72089031384021
    vertex -131.57770688769756 -458.69999999999953 -127.71720811268808
  endloop
endfacet
facet normal 0.7290543992847809 0.48398330698667075 -0.48398330698667025
  outer loop
    vertex 48.50000000001469 -454.1730880654185 -96.75808289516135
    vertex 54.0000000000147 -454.6999999999997 -88.99999999999997
    vertex 48.50000000001469 -488.11421356237275 -130.69920839211565
  endloop
endfacet
facet normal 1.0 0.0 0.0
  outer loop
    vertex -41.49999999998533 -488.11421356237275 -130.69920839211565
    vertex -41.49999999998533 -457.3550685807579 -93.57610237982198
    vertex -41.49999999998533 -491.2961940777122 -127.51722787677629
  endloop
endfacet
facet normal 1.0 0.0 0.0
  outer loop
    vertex -41.49999999998533 -457.3550685807579 -93.57610237982198
    vertex -41.49999999998533 -488.11421356237275 -130.69920839211565
    vertex -41.49999999998533 -454.1730880654185 -96.75808289516135
  endloop
endfacet
facet normal 0.0 0.7071067811865478 -0.7071067811865472
  outer loop
    vertex -46.49999999998527 -454.1730880654185 -96.75808289516135
    vertex -41.49999999998533 -488.11421356237275 -130.69920839211565
    vertex -46.49999999998527 -488.11421356237275 -130.69920839211565
  endloop
endfacet
facet normal 0.0 0.7071067811865478 -0.7071067811865472
  outer loop
    vertex -41.49999999998533 -488.11421356237275 -130.69920839211565
    vertex -46.49999999998527 -454.1730880654185 -96.75808289516135
    vertex -44.95161520412861 -457.3036360420413 -99.88863087178423
  endloop
endfacet
facet normal 0.0 0.7071067811865478 -0.7071067811865472
  outer loop
    vertex -41.49999999998533 -488.11421356237275 -130.69920839211565
    vertex -44.95161520412861 -457.3036360420413 -99.88863087178423
    vertex -44.74661973442301 -457.51758418803365 -100.10257901777646
  endloop
endfacet
facet normal 0.0 0.7071067811865478 -0.7071067811865472
  outer loop
    vertex -41.49999999998533 -488.11421356237275 -130.69920839211565
    vertex -44.74661973442301 -457.51758418803365 -100.10257901777646
    vertex -44.47029885943639 -457.6867254529477 -100.27172028269055
  endloop
endfacet
facet normal 0.0 0.7071067811865478 -0.7071067811865472
  outer loop
    vertex -41.49999999998533 -488.11421356237275 -130.69920839211565
    vertex -44.47029885943639 -457.6867254529477 -100.27172028269055
    vertex -44.141483390157234 -457.79953313909886 -100.38452796884174
  endloop
endfacet
facet normal 0.0 0.7071067811865478 -0.7071067811865472
  outer loop
    vertex -41.49999999998533 -488.11421356237275 -130.69920839211565
    vertex -44.141483390157234 -457.79953313909886 -100.38452796884174
    vertex -43.78258155742364 -457.8483195890995 -100.43331441884234
  endloop
endfacet
facet normal 0.0 0.7071067811865478 -0.7071067811865472
  outer loop
    vertex -44.95161520412861 -457.3036360420413 -99.88863087178423
    vertex -46.49999999998527 -454.1730880654185 -96.75808289516135
    vertex -45.07131516606376 -457.05946122755427 -99.64445605729718
  endloop
endfacet
facet normal 0.0 0.7071067811865478 -0.7071067811865472
  outer loop
    vertex -45.07131516606376 -457.05946122755427 -99.64445605729718
    vertex -46.49999999998527 -454.1730880654185 -96.75808289516135
    vertex -45.097562265636114 -456.80169985466176 -99.38669468440465
  endloop
endfacet
facet normal 0.0 0.7071067811865478 -0.7071067811865472
  outer loop
    vertex -45.097562265636114 -456.80169985466176 -99.38669468440465
    vertex -46.49999999998527 -454.1730880654185 -96.75808289516135
    vertex -45.02856780638521 -456.5479179349556 -99.13291276469846
  endloop
endfacet
facet normal 0.0 0.7071067811865478 -0.7071067811865472
  outer loop
    vertex -45.02856780638521 -456.5479179349556 -99.13291276469846
    vertex -46.49999999998527 -454.1730880654185 -96.75808289516135
    vertex -44.86903364669028 -456.3154102868692 -98.90040511661212
  endloop
endfacet
facet normal 0.0 0.7071067811865478 -0.7071067811865472
  outer loop
    vertex -44.86903364669028 -456.3154102868692 -98.90040511661212
    vertex -46.49999999998527 -454.1730880654185 -96.75808289516135
    vertex -44.62983177589185 -456.12002192238276 -98.70501675212567
  endloop
endfacet
facet normal 0.0 0.7071067811865478 -0.7071067811865472
  outer loop
    vertex -44.62983177589185 -456.12002192238276 -98.70501675212567
    vertex -46.49999999998527 -454.1730880654185 -96.75808289516135
    vertex -44.327263406185054 -455.97506823564146 -98.56006306538433
  endloop
endfacet
facet normal 0.0 0.7071067811865478 -0.7071067811865472
  outer loop
    vertex -44.327263406185054 -455.97506823564146 -98.56006306538433
    vertex -46.49999999998527 -454.1730880654185 -96.75808289516135
    vertex -43.98194807194753 -455.89042758084935 -98.47542241059222
  endloop
endfacet
facet normal 0.0 0.7071067811865478 -0.7071067811865472
  outer loop
    vertex -43.98194807194753 -455.89042758084935 -98.47542241059222
    vertex -46.49999999998527 -454.1730880654185 -96.75808289516135
    vertex -43.617418442547006 -455.8718680787552 -98.45686290849812
  endloop
endfacet
facet normal 0.0 0.7071067811865478 -0.7071067811865472
  outer loop
    vertex -41.49999999998533 -488.11421356237275 -130.69920839211565
    vertex -42.371432193585434 -457.1722697328991 -99.757264562642
    vertex -41.49999999998533 -454.1730880654185 -96.75808289516135
  endloop
endfacet
facet normal 0.0 0.7071067811865478 -0.7071067811865472
  outer loop
    vertex -42.371432193585434 -457.1722697328991 -99.757264562642
    vertex -41.49999999998533 -488.11421356237275 -130.69920839211565
    vertex -42.53096635328036 -457.4047773809855 -99.98977221072835
  endloop
endfacet
facet normal 0.0 0.7071067811865478 -0.7071067811865472
  outer loop
    vertex -42.53096635328036 -457.4047773809855 -99.98977221072835
    vertex -41.49999999998533 -488.11421356237275 -130.69920839211565
    vertex -42.770168224078795 -457.60016574547194 -100.1851605752148
  endloop
endfacet
facet normal 0.0 0.7071067811865478 -0.7071067811865472
  outer loop
    vertex -42.770168224078795 -457.60016574547194 -100.1851605752148
    vertex -41.49999999998533 -488.11421356237275 -130.69920839211565
    vertex -43.0727365937856 -457.74511943221324 -100.33011426195613
  endloop
endfacet
facet normal 0.0 0.7071067811865478 -0.7071067811865472
  outer loop
    vertex -43.0727365937856 -457.74511943221324 -100.33011426195613
    vertex -41.49999999998533 -488.11421356237275 -130.69920839211565
    vertex -43.41805192802312 -457.8297600870054 -100.41475491674824
  endloop
endfacet
facet normal 0.0 0.7071067811865478 -0.7071067811865472
  outer loop
    vertex -43.41805192802312 -457.8297600870054 -100.41475491674824
    vertex -41.49999999998533 -488.11421356237275 -130.69920839211565
    vertex -43.78258155742364 -457.8483195890995 -100.43331441884234
  endloop
endfacet
facet normal 0.0 0.7071067811865478 -0.7071067811865472
  outer loop
    vertex -41.49999999998533 -454.1730880654185 -96.75808289516135
    vertex -42.371432193585434 -457.1722697328991 -99.757264562642
    vertex -42.30243773433453 -456.91848781319294 -99.50348264293581
  endloop
endfacet
facet normal 0.0 0.7071067811865478 -0.7071067811865472
  outer loop
    vertex -41.49999999998533 -454.1730880654185 -96.75808289516135
    vertex -42.30243773433453 -456.91848781319294 -99.50348264293581
    vertex -42.32868483390689 -456.66072644030044 -99.24572127004328
  endloop
endfacet
facet normal 0.0 0.7071067811865478 -0.7071067811865472
  outer loop
    vertex -41.49999999998533 -454.1730880654185 -96.75808289516135
    vertex -42.32868483390689 -456.66072644030044 -99.24572127004328
    vertex -42.44838479584204 -456.4165516258134 -99.00154645555622
  endloop
endfacet
facet normal 0.0 0.7071067811865478 -0.7071067811865472
  outer loop
    vertex -41.49999999998533 -454.1730880654185 -96.75808289516135
    vertex -42.44838479584204 -456.4165516258134 -99.00154645555622
    vertex -42.65338026554764 -456.20260347982105 -98.787598309564
  endloop
endfacet
facet normal 0.0 0.7071067811865478 -0.7071067811865472
  outer loop
    vertex -41.49999999998533 -454.1730880654185 -96.75808289516135
    vertex -42.65338026554764 -456.20260347982105 -98.787598309564
    vertex -42.929701140534256 -456.03346221490705 -98.61845704464992
  endloop
endfacet
facet normal 0.0 0.7071067811865478 -0.7071067811865472
  outer loop
    vertex -41.49999999998533 -454.1730880654185 -96.75808289516135
    vertex -42.929701140534256 -456.03346221490705 -98.61845704464992
    vertex -43.25851660981342 -455.92065452875585 -98.50564935849873
  endloop
endfacet
facet normal 0.0 0.7071067811865478 -0.7071067811865472
  outer loop
    vertex -41.49999999998533 -454.1730880654185 -96.75808289516135
    vertex -43.25851660981342 -455.92065452875585 -98.50564935849873
    vertex -43.617418442547006 -455.8718680787552 -98.45686290849812
  endloop
endfacet
facet normal 0.0 0.7071067811865478 -0.7071067811865472
  outer loop
    vertex -41.49999999998533 -454.1730880654185 -96.75808289516135
    vertex -43.617418442547006 -455.8718680787552 -98.45686290849812
    vertex -46.49999999998527 -454.1730880654185 -96.75808289516135
  endloop
endfacet
facet normal -0.991413464995566 2.470105852703047e-14 -0.13076445015938262
  outer loop
    vertex -51.99999999998538 -454.6999999999997 -88.99999999999991
    vertex -46.49999999998527 -488.11421356237275 -130.69920839211565
    vertex -51.99999999998547 -458.69999999999965 -88.99999999999999
  endloop
endfacet
facet normal 0.0 0.9977015348835581 0.06776169486511077
  outer loop
    vertex -51.99999999998538 -454.6999999999997 -88.99999999999991
    vertex -41.49999999998533 -454.1730880654185 -96.75808289516135
    vertex -46.49999999998527 -454.1730880654185 -96.75808289516135
  endloop
endfacet
facet normal 0.9914134649955687 0.0 -0.13076445015936322
  outer loop
    vertex 54.0000000000147 -454.6999999999997 -88.99999999999997
    vertex 54.0000000000147 -458.69999999999965 -89.0
    vertex 48.50000000001469 -488.11421356237275 -130.69920839211565
  endloop
endfacet
facet normal 6.995265693142057e-16 1.0 2.3916033491498104e-14
  outer loop
    vertex 54.000000000014516 -458.69999999999965 -132.11342195448884
    vertex 118.50000000001465 -458.69999999999965 -133.99999999999986
    vertex 54.000000000014516 -458.69999999999953 -133.99999999999986
  endloop
endfacet
facet normal 6.995265693142057e-16 1.0 2.3916033491498104e-14
  outer loop
    vertex 118.50000000001465 -458.69999999999965 -133.99999999999986
    vertex 54.000000000014516 -458.69999999999965 -132.11342195448884
    vertex 118.50000000001465 -458.69999999999965 -132.11342195448884
  endloop
endfacet
facet normal 0.0 -1.0 0.0
  outer loop
    vertex 119.8916326490732 -466.6999999999997 -133.92556380369587
    vertex 118.50000000001484 -466.6999999999997 -89.00000000000001
    vertex 118.50000000001465 -466.6999999999997 -133.99999999999986
  endloop
endfacet
facet normal 0.0 -1.0 0.0
  outer loop
    vertex 118.50000000001484 -466.6999999999997 -89.00000000000001
    vertex 119.8916326490732 -466.6999999999997 -133.92556380369587
    vertex 121.27599009818779 -466.6999999999997 -133.7651374021056
  endloop
endfacet
facet normal 0.0 -1.0 0.0
  outer loop
    vertex 118.50000000001484 -466.6999999999997 -89.00000000000001
    vertex 121.27599009818779 -466.6999999999997 -133.7651374021056
    vertex 122.64776406693852 -466.6999999999997 -133.51933594583696
  endloop
endfacet
facet normal 0.0 -1.0 0.0
  outer loop
    vertex 118.50000000001484 -466.6999999999997 -89.00000000000001
    vertex 122.64776406693852 -466.6999999999997 -133.51933594583696
    vertex 124.00169452591405 -466.6999999999997 -133.18910195378797
  endloop
endfacet
facet normal 0.0 -1.0 0.0
  outer loop
    vertex 118.50000000001484 -466.6999999999997 -89.00000000000001
    vertex 124.00169452591405 -466.6999999999997 -133.18910195378797
    vertex 125.33258986614823 -466.6999999999997 -132.77570169908412
  endloop
endfacet
facet normal 0.0 -1.0 0.0
  outer loop
    vertex 118.50000000001484 -466.6999999999997 -89.00000000000001
    vertex 125.33258986614823 -466.6999999999997 -132.77570169908412
    vertex 126.63534680620191 -466.6999999999997 -132.2807203535891
  endloop
endfacet
facet normal 0.0 -1.0 0.0
  outer loop
    vertex 118.50000000001484 -466.6999999999997 -89.00000000000001
    vertex 126.63534680620191 -466.6999999999997 -132.2807203535891
    vertex 127.90496996055468 -466.6999999999997 -131.7060559096068
  endloop
endfacet
facet normal 0.0 -1.0 0.0
  outer loop
    vertex 118.50000000001484 -466.6999999999997 -89.00000000000001
    vertex 127.90496996055468 -466.6999999999997 -131.7060559096068
    vertex 129.13659099427255 -466.6999999999997 -131.05391190208252
  endloop
endfacet
facet normal 0.0 -1.0 0.0
  outer loop
    vertex 118.50000000001484 -466.6999999999997 -89.00000000000001
    vertex 129.13659099427255 -466.6999999999997 -131.05391190208252
    vertex 130.32548729050404 -466.6999999999997 -130.32678895920893
  endloop
endfacet
facet normal 0.0 -1.0 0.0
  outer loop
    vertex 118.50000000001484 -466.6999999999997 -89.00000000000001
    vertex 130.32548729050404 -466.6999999999997 -130.32678895920893
    vertex 131.46710005922398 -466.6999999999997 -129.5274752138362
  endloop
endfacet
facet normal 0.0 -1.0 0.0
  outer loop
    vertex 118.50000000001484 -466.6999999999997 -89.00000000000001
    vertex 131.46710005922398 -466.6999999999997 -129.5274752138362
    vertex 132.55705181778808 -466.6999999999997 -128.6590356124538
  endloop
endfacet
facet normal 0.0 -1.0 0.0
  outer loop
    vertex 118.50000000001484 -466.6999999999997 -89.00000000000001
    vertex 132.55705181778808 -466.6999999999997 -128.6590356124538
    vertex 133.59116317626913 -466.6999999999997 -127.72480016273751
  endloop
endfacet
facet normal 0.0 -1.0 0.0
  outer loop
    vertex 118.50000000001484 -466.6999999999997 -89.00000000000001
    vertex 133.59116317626913 -466.6999999999997 -127.72480016273751
    vertex 134.5654688632126 -466.6999999999997 -126.72835116472719
  endloop
endfacet
facet normal 0.0 -1.0 0.0
  outer loop
    vertex 118.50000000001484 -466.6999999999997 -89.00000000000001
    vertex 134.5654688632126 -466.6999999999997 -126.72835116472719
    vertex 135.47623293036025 -466.6999999999997 -125.67350947459596
  endloop
endfacet
facet normal 0.0 -1.0 0.0
  outer loop
    vertex 118.50000000001484 -466.6999999999997 -89.00000000000001
    vertex 135.47623293036025 -466.6999999999997 -125.67350947459596
    vertex 136.31996307804067 -466.6999999999997 -124.5643198536829
  endloop
endfacet
facet normal 0.0 -1.0 0.0
  outer loop
    vertex 118.50000000001484 -466.6999999999997 -89.00000000000001
    vertex 136.31996307804067 -466.6999999999997 -124.5643198536829
    vertex 137.0934240462962 -466.6999999999997 -123.40503545896713
  endloop
endfacet
facet normal 0.0 -1.0 0.0
  outer loop
    vertex 118.50000000001484 -466.6999999999997 -89.00000000000001
    vertex 137.0934240462962 -466.6999999999997 -123.40503545896713
    vertex 137.79365002039737 -466.6999999999997 -122.20010153445504
  endloop
endfacet
facet normal 0.0 -1.0 0.0
  outer loop
    vertex 118.50000000001484 -466.6999999999997 -89.00000000000001
    vertex 137.79365002039737 -466.6999999999997 -122.20010153445504
    vertex 138.41795600317835 -466.6999999999997 -120.95413836601462
  endloop
endfacet
facet normal 0.0 -1.0 0.0
  outer loop
    vertex 118.50000000001484 -466.6999999999997 -89.00000000000001
    vertex 138.41795600317835 -466.6999999999997 -120.95413836601462
    vertex 138.96394811058363 -466.6999999999997 -119.67192356501704
  endloop
endfacet
facet normal 0.0 -1.0 0.0
  outer loop
    vertex 118.50000000001484 -466.6999999999997 -89.00000000000001
    vertex 138.96394811058363 -466.6999999999997 -119.67192356501704
    vertex 139.42953275095118 -466.6999999999997 -118.35837374871772
  endloop
endfacet
facet normal 0.0 -1.0 0.0
  outer loop
    vertex 118.50000000001484 -466.6999999999997 -89.00000000000001
    vertex 139.42953275095118 -466.6999999999997 -118.35837374871772
    vertex 139.81292465283119 -466.6999999999997 -117.01852568762308
  endloop
endfacet
facet normal 0.0 -1.0 0.0
  outer loop
    vertex 118.50000000001484 -466.6999999999997 -89.00000000000001
    vertex 139.81292465283119 -466.6999999999997 -117.01852568762308
    vertex 140.1126537105603 -466.6999999999997 -115.65751699213327
  endloop
endfacet
facet normal 0.0 -1.0 0.0
  outer loop
    vertex 118.50000000001484 -466.6999999999997 -89.00000000000001
    vertex 140.1126537105603 -466.6999999999997 -115.65751699213327
    vertex 140.3275706213417 -466.6999999999997 -114.2805664125167
  endloop
endfacet
facet normal 0.0 -1.0 0.0
  outer loop
    vertex 118.50000000001484 -466.6999999999997 -89.00000000000001
    vertex 140.3275706213417 -466.6999999999997 -114.2805664125167
    vertex 140.4568512922143 -466.6999999999997 -112.89295382775651
  endloop
endfacet
facet normal 0.0 -1.0 0.0
  outer loop
    vertex 118.50000000001484 -466.6999999999997 -89.00000000000001
    vertex 140.4568512922143 -466.6999999999997 -112.89295382775651
    vertex 140.50000000001478 -466.6999999999997 -111.50000000000007
  endloop
endfacet
facet normal 0.0 -1.0 0.0
  outer loop
    vertex 118.50000000001484 -466.6999999999997 -89.00000000000001
    vertex 140.50000000001478 -466.6999999999997 -111.50000000000007
    vertex 140.4568512922143 -466.6999999999997 -110.10704617224363
  endloop
endfacet
facet normal 0.0 -1.0 0.0
  outer loop
    vertex 118.50000000001484 -466.6999999999997 -89.00000000000001
    vertex 140.4568512922143 -466.6999999999997 -110.10704617224363
    vertex 140.3275706213418 -466.6999999999997 -108.71943358748342
  endloop
endfacet
facet normal 0.0 -1.0 0.0
  outer loop
    vertex 118.50000000001484 -466.6999999999997 -89.00000000000001
    vertex 140.3275706213418 -466.6999999999997 -108.71943358748342
    vertex 140.11265371056038 -466.6999999999997 -107.34248300786687
  endloop
endfacet
facet normal 0.0 -1.0 0.0
  outer loop
    vertex 118.50000000001484 -466.6999999999997 -89.00000000000001
    vertex 140.11265371056038 -466.6999999999997 -107.34248300786687
    vertex 139.81292465283119 -466.6999999999997 -105.98147431237705
  endloop
endfacet
facet normal 0.0 -1.0 0.0
  outer loop
    vertex 118.50000000001484 -466.6999999999997 -89.00000000000001
    vertex 139.81292465283119 -466.6999999999997 -105.98147431237705
    vertex 139.42953275095127 -466.6999999999997 -104.64162625128242
  endloop
endfacet
facet normal 0.0 -1.0 0.0
  outer loop
    vertex 118.50000000001484 -466.6999999999997 -89.00000000000001
    vertex 139.42953275095127 -466.6999999999997 -104.64162625128242
    vertex 138.96394811058383 -466.6999999999997 -103.32807643498307
  endloop
endfacet
facet normal 0.0 -1.0 0.0
  outer loop
    vertex 118.50000000001484 -466.6999999999997 -89.00000000000001
    vertex 138.96394811058383 -466.6999999999997 -103.32807643498307
    vertex 138.41795600317843 -466.6999999999997 -102.0458616339855
  endloop
endfacet
facet normal 0.0 -1.0 0.0
  outer loop
    vertex 118.50000000001484 -466.6999999999997 -89.00000000000001
    vertex 138.41795600317843 -466.6999999999997 -102.0458616339855
    vertex 137.79365002039756 -466.6999999999997 -100.79989846554506
  endloop
endfacet
facet normal 0.0 -1.0 0.0
  outer loop
    vertex 118.50000000001484 -466.6999999999997 -89.00000000000001
    vertex 137.79365002039756 -466.6999999999997 -100.79989846554506
    vertex 137.0934240462963 -466.6999999999997 -99.59496454103295
  endloop
endfacet
facet normal 0.0 -1.0 0.0
  outer loop
    vertex 118.50000000001484 -466.6999999999997 -89.00000000000001
    vertex 137.0934240462963 -466.6999999999997 -99.59496454103295
    vertex 136.31996307804084 -466.6999999999997 -98.43568014631718
  endloop
endfacet
facet normal 0.0 -1.0 0.0
  outer loop
    vertex 118.50000000001484 -466.6999999999997 -89.00000000000001
    vertex 136.31996307804084 -466.6999999999997 -98.43568014631718
    vertex 135.47623293036045 -466.6999999999997 -97.3264905254041
  endloop
endfacet
facet normal 0.0 -1.0 0.0
  outer loop
    vertex 118.50000000001484 -466.6999999999997 -89.00000000000001
    vertex 135.47623293036045 -466.6999999999997 -97.3264905254041
    vertex 134.5654688632128 -466.6999999999997 -96.27164883527288
  endloop
endfacet
facet normal 0.0 -1.0 0.0
  outer loop
    vertex 118.50000000001484 -466.6999999999997 -89.00000000000001
    vertex 134.5654688632128 -466.6999999999997 -96.27164883527288
    vertex 133.5911631762693 -466.6999999999997 -95.27519983726253
  endloop
endfacet
facet normal 0.0 -1.0 0.0
  outer loop
    vertex 118.50000000001484 -466.6999999999997 -89.00000000000001
    vertex 133.5911631762693 -466.6999999999997 -95.27519983726253
    vertex 132.55705181778828 -466.6999999999997 -94.34096438754622
  endloop
endfacet
facet normal 0.0 -1.0 0.0
  outer loop
    vertex 118.50000000001484 -466.6999999999997 -89.00000000000001
    vertex 132.55705181778828 -466.6999999999997 -94.34096438754622
    vertex 131.46710005922415 -466.6999999999997 -93.4725247861638
  endloop
endfacet
facet normal 0.0 -1.0 0.0
  outer loop
    vertex 118.50000000001484 -466.6999999999997 -89.00000000000001
    vertex 131.46710005922415 -466.6999999999997 -93.4725247861638
    vertex 130.3254872905042 -466.6999999999997 -92.67321104079107
  endloop
endfacet
facet normal 0.0 -1.0 0.0
  outer loop
    vertex 118.50000000001484 -466.6999999999997 -89.00000000000001
    vertex 130.3254872905042 -466.6999999999997 -92.67321104079107
    vertex 129.13659099427275 -466.6999999999997 -91.94608809791745
  endloop
endfacet
facet normal 0.0 -1.0 0.0
  outer loop
    vertex 118.50000000001484 -466.6999999999997 -89.00000000000001
    vertex 129.13659099427275 -466.6999999999997 -91.94608809791745
    vertex 127.90496996055487 -466.6999999999997 -91.29394409039318
  endloop
endfacet
facet normal 0.0 -1.0 0.0
  outer loop
    vertex 118.50000000001484 -466.6999999999997 -89.00000000000001
    vertex 127.90496996055487 -466.6999999999997 -91.29394409039318
    vertex 126.6353468062021 -466.6999999999997 -90.71927964641087
  endloop
endfacet
facet normal 0.0 -1.0 0.0
  outer loop
    vertex 118.50000000001484 -466.6999999999997 -89.00000000000001
    vertex 126.6353468062021 -466.6999999999997 -90.71927964641087
    vertex 125.33258986614841 -466.6999999999997 -90.2242983009158
  endloop
endfacet
facet normal 0.0 -1.0 0.0
  outer loop
    vertex 118.50000000001484 -466.6999999999997 -89.00000000000001
    vertex 125.33258986614841 -466.6999999999997 -90.2242983009158
    vertex 124.00169452591432 -466.6999999999997 -89.81089804621196
  endloop
endfacet
facet normal 0.0 -1.0 0.0
  outer loop
    vertex 118.50000000001484 -466.6999999999997 -89.00000000000001
    vertex 124.00169452591432 -466.6999999999997 -89.81089804621196
    vertex 122.64776406693879 -466.6999999999997 -89.48066405416296
  endloop
endfacet
facet normal 0.0 -1.0 0.0
  outer loop
    vertex 118.50000000001484 -466.6999999999997 -89.00000000000001
    vertex 122.64776406693879 -466.6999999999997 -89.48066405416296
    vertex 121.27599009818798 -466.6999999999997 -89.23486259789429
  endloop
endfacet
facet normal 0.0 -1.0 0.0
  outer loop
    vertex 118.50000000001484 -466.6999999999997 -89.00000000000001
    vertex 121.27599009818798 -466.6999999999997 -89.23486259789429
    vertex 119.89163264907339 -466.6999999999997 -89.07443619630402
  endloop
endfacet
facet normal 0.0 0.0 -1.0
  outer loop
    vertex -82.19999999998545 -466.69999999999953 -133.99999999999986
    vertex -116.49999999998532 -466.69999999999953 -133.99999999999986
    vertex -116.49999999998532 -458.6999999999995 -133.99999999999986
  endloop
endfacet
facet normal 1.0 -8.218791887907115e-16 9.567464411541132e-16
  outer loop
    vertex -116.49999999998532 -466.69999999999953 -133.99999999999986
    vertex -116.49999999998538 -458.69999999999965 -88.99999999999993
    vertex -116.49999999998538 -466.6999999999997 -88.99999999999994
  endloop
endfacet
facet normal 1.0 -8.218791887907115e-16 9.567464411541132e-16
  outer loop
    vertex -116.49999999998538 -458.69999999999965 -88.99999999999993
    vertex -116.49999999998532 -466.69999999999953 -133.99999999999986
    vertex -116.49999999998532 -458.6999999999995 -133.99999999999986
  endloop
endfacet
facet normal 1.0 -8.218791887907115e-16 9.567464411541132e-16
  outer loop
    vertex -116.49999999998538 -458.69999999999965 -88.99999999999993
    vertex -116.49999999998532 -458.6999999999995 -133.99999999999986
    vertex -116.49999999998532 -458.69999999999953 -110.55671097724404
  endloop
endfacet
facet normal 1.0 -8.218791887907115e-16 9.567464411541132e-16
  outer loop
    vertex -116.49999999998532 -458.69999999999953 -110.55671097724404
    vertex -116.49999999998532 -458.6999999999995 -133.99999999999986
    vertex -116.49999999998532 -458.6999999999995 -132.11342195448816
  endloop
endfacet
facet normal 0.43781893376423797 0.6357336632732049 0.6357336632732116
  outer loop
    vertex -41.49999999998533 -454.1730880654185 -96.75808289516135
    vertex -51.99999999998538 -454.6999999999997 -88.99999999999991
    vertex -41.49999999998533 -457.3550685807579 -93.57610237982198
  endloop
endfacet
facet normal -1.6552367931385717e-16 0.8649549540557271 -0.5018495067791291
  outer loop
    vertex -51.99999999998538 -454.6999999999997 -88.99999999999991
    vertex 41.50000000001466 -457.3550685807579 -93.57610237982198
    vertex -41.49999999998533 -457.3550685807579 -93.57610237982198
  endloop
endfacet
facet normal -1.6552367931385717e-16 0.8649549540557271 -0.5018495067791291
  outer loop
    vertex 41.50000000001466 -457.3550685807579 -93.57610237982198
    vertex -51.99999999998538 -454.6999999999997 -88.99999999999991
    vertex 54.0000000000147 -454.6999999999997 -88.99999999999997
  endloop
endfacet
facet normal -0.37860580297733254 0.6544683513936638 0.6544683513936708
  outer loop
    vertex 54.0000000000147 -454.6999999999997 -88.99999999999997
    vertex 41.50000000001466 -454.1730880654185 -96.75808289516135
    vertex 41.50000000001466 -457.3550685807579 -93.57610237982198
  endloop
endfacet
facet normal 0.0 0.9977015348835581 0.06776169486511123
  outer loop
    vertex 54.0000000000147 -454.6999999999997 -88.99999999999997
    vertex 48.50000000001469 -454.1730880654185 -96.75808289516135
    vertex 41.50000000001466 -454.1730880654185 -96.75808289516135
  endloop
endfacet
facet normal 4.875482664193066e-16 1.0 2.7796237143480266e-14
  outer loop
    vertex -51.99999999998547 -458.69999999999953 -132.11342195448842
    vertex 54.000000000014516 -458.69999999999953 -133.99999999999986
    vertex -51.99999999998547 -458.69999999999953 -133.99999999999986
  endloop
endfacet
facet normal 4.875482664193066e-16 1.0 2.7796237143480266e-14
  outer loop
    vertex 54.000000000014516 -458.69999999999953 -133.99999999999986
    vertex -51.99999999998547 -458.69999999999953 -132.11342195448842
    vertex 48.50000000001469 -458.69999999999965 -132.11342195448884
  endloop
endfacet
facet normal 4.875482664193066e-16 1.0 2.7796237143480266e-14
  outer loop
    vertex 54.000000000014516 -458.69999999999965 -132.11342195448884
    vertex 54.000000000014516 -458.69999999999953 -133.99999999999986
    vertex 48.50000000001469 -458.69999999999965 -132.11342195448884
  endloop
endfacet
facet normal 0.0 0.7071067811865426 0.7071067811865526
  outer loop
    vertex 41.50000000001466 -491.2961940777122 -127.51722787677629
    vertex -41.49999999998533 -488.11421356237275 -130.69920839211565
    vertex -41.49999999998533 -491.2961940777122 -127.51722787677629
  endloop
endfacet
facet normal 0.0 0.7071067811865426 0.7071067811865526
  outer loop
    vertex -41.49999999998533 -488.11421356237275 -130.69920839211565
    vertex 41.50000000001466 -491.2961940777122 -127.51722787677629
    vertex 41.50000000001466 -488.11421356237275 -130.69920839211565
  endloop
endfacet
facet normal 0.0 0.7071067811865478 -0.7071067811865474
  outer loop
    vertex 41.50000000001466 -454.1730880654185 -96.75808289516135
    vertex 48.50000000001469 -488.11421356237275 -130.69920839211565
    vertex 41.50000000001466 -488.11421356237275 -130.69920839211565
  endloop
endfacet
facet normal 0.0 0.7071067811865478 -0.7071067811865474
  outer loop
    vertex 48.50000000001469 -488.11421356237275 -130.69920839211565
    vertex 41.50000000001466 -454.1730880654185 -96.75808289516135
    vertex 43.6875644347165 -457.355068580758 -99.94006341050076
  endloop
endfacet
facet normal 0.0 0.7071067811865478 -0.7071067811865474
  outer loop
    vertex 48.50000000001469 -488.11421356237275 -130.69920839211565
    vertex 43.6875644347165 -457.355068580758 -99.94006341050076
    vertex 43.91005050635356 -457.56009383392745 -100.14508866367017
  endloop
endfacet
facet normal 0.0 0.7071067811865478 -0.7071067811865474
  outer loop
    vertex 48.50000000001469 -488.11421356237275 -130.69920839211565
    vertex 43.91005050635356 -457.56009383392745 -100.14508866367017
    vertex 44.20000000001472 -457.71741524390154 -100.30241007364427
  endloop
endfacet
facet normal 0.0 0.7071067811865478 -0.7071067811865474
  outer loop
    vertex 48.50000000001469 -488.11421356237275 -130.69920839211565
    vertex 44.20000000001472 -457.71741524390154 -100.30241007364427
    vertex 44.537653336871166 -457.81631161657657 -100.40130644631925
  endloop
endfacet
facet normal 0.0 0.7071067811865478 -0.7071067811865474
  outer loop
    vertex 48.50000000001469 -488.11421356237275 -130.69920839211565
    vertex 44.537653336871166 -457.81631161657657 -100.40130644631925
    vertex 44.90000000001469 -457.85004332758865 -100.4350381573313
  endloop
endfacet
facet normal 0.0 0.7071067811865478 -0.7071067811865474
  outer loop
    vertex 43.6875644347165 -457.355068580758 -99.94006341050076
    vertex 41.50000000001466 -454.1730880654185 -96.75808289516135
    vertex 43.54770384321004 -457.1163116165765 -99.7013064463193
  endloop
endfacet
facet normal 0.0 0.7071067811865478 -0.7071067811865474
  outer loop
    vertex 43.54770384321004 -457.1163116165765 -99.7013064463193
    vertex 41.50000000001466 -454.1730880654185 -96.75808289516135
    vertex 43.50000000001472 -456.86009383392746 -99.44508866367019
  endloop
endfacet
facet normal 0.0 0.7071067811865478 -0.7071067811865474
  outer loop
    vertex 43.50000000001472 -456.86009383392746 -99.44508866367019
    vertex 41.50000000001466 -454.1730880654185 -96.75808289516135
    vertex 43.54770384321004 -456.60387605127835 -99.1888708810211
  endloop
endfacet
facet normal 0.0 0.7071067811865478 -0.7071067811865474
  outer loop
    vertex 43.54770384321004 -456.60387605127835 -99.1888708810211
    vertex 41.50000000001466 -454.1730880654185 -96.75808289516135
    vertex 43.6875644347165 -456.3651190870968 -98.95011391683964
  endloop
endfacet
facet normal 0.0 0.7071067811865478 -0.7071067811865474
  outer loop
    vertex 43.6875644347165 -456.3651190870968 -98.95011391683964
    vertex 41.50000000001466 -454.1730880654185 -96.75808289516135
    vertex 43.91005050635356 -456.1600938339274 -98.74508866367023
  endloop
endfacet
facet normal 0.0 0.7071067811865478 -0.7071067811865474
  outer loop
    vertex 43.91005050635356 -456.1600938339274 -98.74508866367023
    vertex 41.50000000001466 -454.1730880654185 -96.75808289516135
    vertex 44.20000000001472 -456.00277242395333 -98.58776725369613
  endloop
endfacet
facet normal 0.0 0.7071067811865478 -0.7071067811865474
  outer loop
    vertex 44.20000000001472 -456.00277242395333 -98.58776725369613
    vertex 41.50000000001466 -454.1730880654185 -96.75808289516135
    vertex 44.537653336871166 -455.9038760512783 -98.48887088102114
  endloop
endfacet
facet normal 0.0 0.7071067811865478 -0.7071067811865474
  outer loop
    vertex 44.537653336871166 -455.9038760512783 -98.48887088102114
    vertex 41.50000000001466 -454.1730880654185 -96.75808289516135
    vertex 44.90000000001469 -455.8701443402663 -98.45513917000909
  endloop
endfacet
facet normal 0.0 0.7071067811865478 -0.7071067811865474
  outer loop
    vertex 48.50000000001469 -488.11421356237275 -130.69920839211565
    vertex 46.112435565312886 -457.3550685807581 -99.94006341050076
    vertex 48.50000000001469 -454.1730880654185 -96.75808289516135
  endloop
endfacet
facet normal 0.0 0.7071067811865478 -0.7071067811865474
  outer loop
    vertex 46.112435565312886 -457.3550685807581 -99.94006341050076
    vertex 48.50000000001469 -488.11421356237275 -130.69920839211565
    vertex 45.88994949367583 -457.56009383392745 -100.14508866367017
  endloop
endfacet
facet normal 0.0 0.7071067811865478 -0.7071067811865474
  outer loop
    vertex 45.88994949367583 -457.56009383392745 -100.14508866367017
    vertex 48.50000000001469 -488.11421356237275 -130.69920839211565
    vertex 45.60000000001467 -457.71741524390154 -100.30241007364427
  endloop
endfacet
facet normal 0.0 0.7071067811865478 -0.7071067811865474
  outer loop
    vertex 45.60000000001467 -457.71741524390154 -100.30241007364427
    vertex 48.50000000001469 -488.11421356237275 -130.69920839211565
    vertex 45.26234666315822 -457.81631161657657 -100.40130644631925
  endloop
endfacet
facet normal 0.0 0.7071067811865478 -0.7071067811865474
  outer loop
    vertex 45.26234666315822 -457.81631161657657 -100.40130644631925
    vertex 48.50000000001469 -488.11421356237275 -130.69920839211565
    vertex 44.90000000001469 -457.85004332758865 -100.4350381573313
  endloop
endfacet
facet normal 0.0 0.7071067811865478 -0.7071067811865474
  outer loop
    vertex 48.50000000001469 -454.1730880654185 -96.75808289516135
    vertex 46.112435565312886 -457.3550685807581 -99.94006341050076
    vertex 46.252296156819355 -457.1163116165765 -99.7013064463193
  endloop
endfacet
facet normal 0.0 0.7071067811865478 -0.7071067811865474
  outer loop
    vertex 48.50000000001469 -454.1730880654185 -96.75808289516135
    vertex 46.252296156819355 -457.1163116165765 -99.7013064463193
    vertex 46.30000000001467 -456.86009383392746 -99.44508866367019
  endloop
endfacet
facet normal 0.0 0.7071067811865478 -0.7071067811865474
  outer loop
    vertex 48.50000000001469 -454.1730880654185 -96.75808289516135
    vertex 46.30000000001467 -456.86009383392746 -99.44508866367019
    vertex 46.252296156819355 -456.60387605127835 -99.1888708810211
  endloop
endfacet
facet normal 0.0 0.7071067811865478 -0.7071067811865474
  outer loop
    vertex 48.50000000001469 -454.1730880654185 -96.75808289516135
    vertex 46.252296156819355 -456.60387605127835 -99.1888708810211
    vertex 46.112435565312886 -456.3651190870969 -98.95011391683964
  endloop
endfacet
facet normal 0.0 0.7071067811865478 -0.7071067811865474
  outer loop
    vertex 48.50000000001469 -454.1730880654185 -96.75808289516135
    vertex 46.112435565312886 -456.3651190870969 -98.95011391683964
    vertex 45.88994949367583 -456.1600938339274 -98.74508866367023
  endloop
endfacet
facet normal 0.0 0.7071067811865478 -0.7071067811865474
  outer loop
    vertex 48.50000000001469 -454.1730880654185 -96.75808289516135
    vertex 45.88994949367583 -456.1600938339274 -98.74508866367023
    vertex 45.60000000001467 -456.00277242395333 -98.58776725369614
  endloop
endfacet
facet normal 0.0 0.7071067811865478 -0.7071067811865474
  outer loop
    vertex 48.50000000001469 -454.1730880654185 -96.75808289516135
    vertex 45.60000000001467 -456.00277242395333 -98.58776725369614
    vertex 45.26234666315822 -455.9038760512783 -98.48887088102114
  endloop
endfacet
facet normal 0.0 0.7071067811865478 -0.7071067811865474
  outer loop
    vertex 48.50000000001469 -454.1730880654185 -96.75808289516135
    vertex 45.26234666315822 -455.9038760512783 -98.48887088102114
    vertex 44.90000000001469 -455.8701443402663 -98.45513917000909
  endloop
endfacet
facet normal 0.0 0.7071067811865478 -0.7071067811865474
  outer loop
    vertex 48.50000000001469 -454.1730880654185 -96.75808289516135
    vertex 44.90000000001469 -455.8701443402663 -98.45513917000909
    vertex 41.50000000001466 -454.1730880654185 -96.75808289516135
  endloop
endfacet
facet normal 0.38739160449285337 0.9219152589953444 3.704590527100433e-15
  outer loop
    vertex -116.49999999998532 -458.69999999999953 -110.55671097724404
    vertex -46.49999999998527 -488.11421356237275 -130.69920839211565
    vertex -116.49999999998532 -458.6999999999995 -132.11342195448816
  endloop
endfacet
facet normal -4.3848525092362124e-16 0.8171572867929942 -0.5764147540106104
  outer loop
    vertex -116.49999999998538 -458.69999999999965 -88.99999999999993
    vertex -51.99999999998547 -458.69999999999965 -88.99999999999999
    vertex -46.49999999998527 -488.11421356237275 -130.69920839211565
  endloop
endfacet
facet normal 0.38739160449285354 0.9219152589953442 4.4904127601217384e-15
  outer loop
    vertex -116.49999999998538 -458.69999999999965 -88.99999999999993
    vertex -46.49999999998527 -488.11421356237275 -130.69920839211565
    vertex -116.49999999998532 -458.69999999999953 -110.55671097724404
  endloop
endfacet
facet normal -5.336679718844967e-29 -1.832978213656159e-14 1.0
  outer loop
    vertex -46.49999999998527 -482.6999999999996 -132.11342195448884
    vertex -50.4285714285568 -466.6999999999998 -132.11342195448853
    vertex -82.19999999998545 -466.6999999999997 -132.11342195448853
  endloop
endfacet
facet normal -1.0 0.0 0.0
  outer loop
    vertex 41.50000000001466 -457.3550685807579 -93.57610237982198
    vertex 41.50000000001466 -488.11421356237275 -130.69920839211565
    vertex 41.50000000001466 -491.2961940777122 -127.51722787677629
  endloop
endfacet
facet normal -1.0 0.0 0.0
  outer loop
    vertex 41.50000000001466 -488.11421356237275 -130.69920839211565
    vertex 41.50000000001466 -457.3550685807579 -93.57610237982198
    vertex 41.50000000001466 -454.1730880654185 -96.75808289516135
  endloop
endfacet
facet normal -0.9812488205210865 -0.1927453040309331 -7.289974829315446e-17
  outer loop
    vertex -51.99999999998547 -458.69999999999953 -133.99999999999986
    vertex -50.4285714285568 -466.6999999999998 -132.11342195448853
    vertex -51.99999999998547 -458.69999999999953 -132.11342195448842
  endloop
endfacet
facet normal -0.7683654371882672 1.4271010012130575e-17 0.6400113709415506
  outer loop
    vertex -51.99999999998547 -458.69999999999953 -133.99999999999986
    vertex -51.99999999998547 -466.6999999999998 -133.99999999999986
    vertex -50.4285714285568 -466.6999999999998 -132.11342195448853
  endloop
endfacet
facet normal 0.2271398596914889 0.9738621484272457 9.269661895788039e-14
  outer loop
    vertex -82.19999999998545 -466.6999999999997 -132.11342195448853
    vertex -82.19999999998545 -466.69999999999953 -133.99999999999986
    vertex -116.49999999998532 -458.6999999999995 -133.99999999999986
  endloop
endfacet
facet normal 5.74700766725151e-15 1.0 4.543857680376562e-14
  outer loop
    vertex -82.19999999998545 -466.6999999999997 -132.11342195448853
    vertex -51.99999999998547 -466.6999999999998 -133.99999999999986
    vertex -82.19999999998545 -466.69999999999953 -133.99999999999986
  endloop
endfacet
facet normal 5.74700766725151e-15 1.0 4.543857680376562e-14
  outer loop
    vertex -51.99999999998547 -466.6999999999998 -133.99999999999986
    vertex -82.19999999998545 -466.6999999999997 -132.11342195448853
    vertex -50.4285714285568 -466.6999999999998 -132.11342195448853
  endloop
endfacet
facet normal 0.0 0.0 -1.0
  outer loop
    vertex 54.000000000014516 -458.69999999999953 -133.99999999999986
    vertex -51.99999999998547 -466.6999999999998 -133.99999999999986
    vertex -51.99999999998547 -458.69999999999953 -133.99999999999986
  endloop
endfacet
facet normal 0.0 0.0 -1.0
  outer loop
    vertex -51.99999999998547 -466.6999999999998 -133.99999999999986
    vertex 54.000000000014516 -458.69999999999953 -133.99999999999986
    vertex 118.50000000001465 -466.6999999999997 -133.99999999999986
  endloop
endfacet
facet normal 0.0 0.0 -1.0
  outer loop
    vertex 118.50000000001465 -466.6999999999997 -133.99999999999986
    vertex 54.000000000014516 -458.69999999999953 -133.99999999999986
    vertex 118.50000000001465 -458.69999999999965 -133.99999999999986
  endloop
endfacet
facet normal -0.05644941589775562 -0.006585765188065231 0.9983837394217167
  outer loop
    vertex -81.49999999998535 -472.69999999999953 -132.1134219544885
    vertex -82.19999999998545 -466.6999999999997 -132.11342195448853
    vertex -116.49999999998532 -458.6999999999995 -133.99999999999986
  endloop
endfacet
facet normal 1.2224485244542753e-14 8.946100565324902e-15 1.0
  outer loop
    vertex -46.49999999998527 -482.6999999999996 -132.11342195448884
    vertex -82.19999999998545 -466.6999999999997 -132.11342195448853
    vertex -81.49999999998535 -472.69999999999953 -132.1134219544885
  endloop
endfacet
facet normal -0.4130143326618218 -2.5700466259679673e-15 0.9107245253181173
  outer loop
    vertex -124.62894937565073 -466.6999999999997 -90.72525903270402
    vertex -125.89737985559096 -458.69999999999965 -91.30049331446162
    vertex -125.89737985559096 -466.6999999999997 -91.30049331446165
  endloop
endfacet
facet normal -0.4130143326618218 -2.5700466259679673e-15 0.9107245253181173
  outer loop
    vertex -125.89737985559096 -458.69999999999965 -91.30049331446162
    vertex -124.62894937565073 -466.6999999999997 -90.72525903270402
    vertex -124.62894937565073 -458.69999999999965 -90.725259032704
  endloop
endfacet
facet normal -0.5223026575071047 -2.4046083661340323e-15 0.8527601854923906
  outer loop
    vertex -127.1278008376607 -466.6999999999997 -91.95308397347635
    vertex -128.3155002805633 -458.69999999999965 -92.68053183736734
    vertex -128.3155002805633 -466.6999999999997 -92.68053183736735
  endloop
endfacet
facet normal -0.5223026575071047 -2.4046083661340323e-15 0.8527601854923906
  outer loop
    vertex -128.3155002805633 -458.69999999999965 -92.68053183736734
    vertex -127.1278008376607 -466.6999999999997 -91.95308397347635
    vertex -127.1278008376607 -458.69999999999965 -91.95308397347632
  endloop
endfacet
facet normal -0.6707579841678804 -2.091374637840364e-15 0.7416762950742336
  outer loop
    vertex -130.54472183813758 -466.6999999999997 -94.3485797868035
    vertex -131.57770688769764 -458.69999999999965 -95.28279188731172
    vertex -131.57770688769764 -466.6999999999997 -95.28279188731175
  endloop
endfacet
facet normal -0.6707579841678804 -2.091374637840364e-15 0.7416762950742336
  outer loop
    vertex -131.57770688769764 -458.69999999999965 -95.28279188731172
    vertex -130.54472183813758 -466.6999999999997 -94.3485797868035
    vertex -130.54472183813758 -458.69999999999965 -94.34857978680347
  endloop
endfacet
facet normal -0.29740531798242814 -2.6922023833803165e-15 0.9547513167499541
  outer loop
    vertex -121.99761729370985 -466.6999999999997 -89.81536662756994
    vertex -123.32736700096154 -458.69999999999965 -90.22958405527503
    vertex -123.32736700096154 -466.6999999999997 -90.22958405527505
  endloop
endfacet
facet normal -0.29740531798242814 -2.6922023833803165e-15 0.9547513167499541
  outer loop
    vertex -123.32736700096154 -458.69999999999965 -90.22958405527503
    vertex -121.99761729370985 -466.6999999999997 -89.81536662756994
    vertex -121.99761729370985 -458.69999999999965 -89.81536662756993
  endloop
endfacet
facet normal -0.7153494564908995 -1.9703789160601045e-15 0.6987668817983396
  outer loop
    vertex -131.57770688769764 -458.69999999999965 -95.28279188731172
    vertex -132.55092896155824 -466.6999999999997 -96.27910968615961
    vertex -131.57770688769764 -466.6999999999997 -95.28279188731175
  endloop
endfacet
facet normal -0.7153494564908995 -1.9703789160601045e-15 0.6987668817983396
  outer loop
    vertex -132.55092896155824 -466.6999999999997 -96.27910968615961
    vertex -131.57770688769764 -458.69999999999965 -95.28279188731172
    vertex -132.55092896155824 -458.69999999999965 -96.2791096861596
  endloop
endfacet
facet normal -0.4685556895370352 -2.4911021092348655e-15 0.8834339623324844
  outer loop
    vertex -125.89737985559096 -466.6999999999997 -91.30049331446165
    vertex -127.1278008376607 -458.69999999999965 -91.95308397347632
    vertex -127.1278008376607 -466.6999999999997 -91.95308397347635
  endloop
endfacet
facet normal -0.4685556895370352 -2.4911021092348655e-15 0.8834339623324844
  outer loop
    vertex -127.1278008376607 -458.69999999999965 -91.95308397347632
    vertex -125.89737985559096 -466.6999999999997 -91.30049331446165
    vertex -125.89737985559096 -458.69999999999965 -91.30049331446162
  endloop
endfacet
facet normal -0.5740494062616835 -2.305326194531459e-15 0.8188206636197018
  outer loop
    vertex -128.3155002805633 -466.6999999999997 -92.68053183736735
    vertex -129.4559297501412 -458.69999999999965 -93.48005105931819
    vertex -129.4559297501412 -466.6999999999997 -93.48005105931821
  endloop
endfacet
facet normal -0.5740494062616835 -2.305326194531459e-15 0.8188206636197018
  outer loop
    vertex -129.4559297501412 -458.69999999999965 -93.48005105931819
    vertex -128.3155002805633 -466.6999999999997 -92.68053183736735
    vertex -128.3155002805633 -458.69999999999965 -92.68053183736734
  endloop
endfacet
facet normal -0.11603056358389625 -2.800748469027392e-15 0.9932456434912783
  outer loop
    vertex -117.8907104991293 -466.6999999999997 -89.07572759682866
    vertex -119.27407397869757 -458.69999999999965 -89.23733157186494
    vertex -119.27407397869757 -466.6999999999997 -89.23733157186496
  endloop
endfacet
facet normal -0.11603056358389625 -2.800748469027392e-15 0.9932456434912783
  outer loop
    vertex -119.27407397869757 -458.69999999999965 -89.23733157186494
    vertex -117.8907104991293 -466.6999999999997 -89.07572759682866
    vertex -117.8907104991293 -458.69999999999965 -89.07572759682863
  endloop
endfacet
facet normal -0.7572014142659012 -1.841382645629543e-15 0.6531814588869767
  outer loop
    vertex -132.55092896155824 -458.69999999999965 -96.2791096861596
    vertex -133.46066099177307 -466.6999999999997 -97.3337176676162
    vertex -132.55092896155824 -466.6999999999997 -96.27910968615961
  endloop
endfacet
facet normal -0.7572014142659012 -1.841382645629543e-15 0.6531814588869767
  outer loop
    vertex -133.46066099177307 -466.6999999999997 -97.3337176676162
    vertex -132.55092896155824 -458.69999999999965 -96.2791096861596
    vertex -133.46066099177307 -458.69999999999965 -97.33371766761618
  endloop
endfacet
facet normal -0.23778039844373727 -2.7389196724922577e-15 0.9713189394405617
  outer loop
    vertex -120.64479268618182 -466.6999999999997 -89.48419304375433
    vertex -121.99761729370985 -458.69999999999965 -89.81536662756993
    vertex -121.99761729370985 -466.6999999999997 -89.81536662756994
  endloop
endfacet
facet normal -0.23778039844373727 -2.7389196724922577e-15 0.9713189394405617
  outer loop
    vertex -121.99761729370985 -458.69999999999965 -89.81536662756993
    vertex -120.64479268618182 -466.6999999999997 -89.48419304375433
    vertex -120.64479268618182 -458.69999999999965 -89.48419304375432
  endloop
endfacet
facet normal -0.8320567833621076 -1.5641130409126818e-15 0.5546904625654769
  outer loop
    vertex -134.30341905295577 -458.69999999999965 -98.44257708686746
    vertex -135.07597570438057 -466.6999999999997 -99.60144143686274
    vertex -134.30341905295577 -466.6999999999997 -98.44257708686747
  endloop
endfacet
facet normal -0.8320567833621076 -1.5641130409126818e-15 0.5546904625654769
  outer loop
    vertex -135.07597570438057 -466.6999999999997 -99.60144143686274
    vertex -134.30341905295577 -458.69999999999965 -98.44257708686746
    vertex -135.07597570438057 -458.69999999999965 -99.60144143686273
  endloop
endfacet
facet normal -0.8941785196613441 -1.2604945175307793e-15 0.4477105928792028
  outer loop
    vertex -135.7753723498446 -458.69999999999965 -100.80587271081085
    vertex -136.39893056795862 -466.6999999999997 -102.05125839804722
    vertex -135.7753723498446 -466.6999999999997 -100.80587271081087
  endloop
endfacet
facet normal -0.8941785196613441 -1.2604945175307793e-15 0.4477105928792028
  outer loop
    vertex -136.39893056795862 -466.6999999999997 -102.05125839804722
    vertex -135.7753723498446 -458.69999999999965 -100.80587271081085
    vertex -136.39893056795862 -458.69999999999965 -102.05125839804718
  endloop
endfacet
facet normal -0.05437190351855382 -2.815623195830973e-15 0.9985207539694751
  outer loop
    vertex -116.49999999998538 -466.6999999999997 -88.99999999999994
    vertex -117.8907104991293 -458.69999999999965 -89.07572759682863
    vertex -117.8907104991293 -466.6999999999997 -89.07572759682866
  endloop
endfacet
facet normal -0.05437190351855382 -2.815623195830973e-15 0.9985207539694751
  outer loop
    vertex -117.8907104991293 -458.69999999999965 -89.07572759682863
    vertex -116.49999999998538 -466.6999999999997 -88.99999999999994
    vertex -116.49999999998538 -458.69999999999965 -88.99999999999993
  endloop
endfacet
facet normal -0.6235977655641253 -2.207087424065875e-15 0.781745372089551
  outer loop
    vertex -129.4559297501412 -466.6999999999997 -93.48005105931821
    vertex -130.54472183813758 -458.69999999999965 -94.34857978680347
    vertex -130.54472183813758 -466.6999999999997 -94.3485797868035
  endloop
endfacet
facet normal -0.6235977655641253 -2.207087424065875e-15 0.781745372089551
  outer loop
    vertex -130.54472183813758 -458.69999999999965 -94.34857978680347
    vertex -129.4559297501412 -466.6999999999997 -93.48005105931821
    vertex -129.4559297501412 -458.69999999999965 -93.48005105931819
  endloop
endfacet
facet normal -0.3558912890143721 -2.635174989845403e-15 0.9345273620412026
  outer loop
    vertex -123.32736700096154 -466.6999999999997 -90.22958405527505
    vertex -124.62894937565073 -458.69999999999965 -90.725259032704
    vertex -124.62894937565073 -466.6999999999997 -90.72525903270402
  endloop
endfacet
facet normal -0.3558912890143721 -2.635174989845403e-15 0.9345273620412026
  outer loop
    vertex -124.62894937565073 -458.69999999999965 -90.725259032704
    vertex -123.32736700096154 -466.6999999999997 -90.22958405527505
    vertex -123.32736700096154 -458.69999999999965 -90.22958405527503
  endloop
endfacet
facet normal -0.7961535805176374 -1.702761742937503e-15 0.605094601057509
  outer loop
    vertex -133.46066099177307 -458.69999999999965 -97.33371766761618
    vertex -134.30341905295577 -466.6999999999997 -98.44257708686747
    vertex -133.46066099177307 -466.6999999999997 -97.3337176676162
  endloop
endfacet
facet normal -0.7961535805176374 -1.702761742937503e-15 0.605094601057509
  outer loop
    vertex -134.30341905295577 -466.6999999999997 -98.44257708686747
    vertex -133.46066099177307 -458.69999999999965 -97.33371766761618
    vertex -134.30341905295577 -458.69999999999965 -98.44257708686746
  endloop
endfacet
facet normal -0.8647735272778851 -1.4175790364774377e-15 0.5021620719641866
  outer loop
    vertex -135.07597570438057 -458.69999999999965 -99.60144143686273
    vertex -135.7753723498446 -466.6999999999997 -100.80587271081087
    vertex -135.07597570438057 -466.6999999999997 -99.60144143686274
  endloop
endfacet
facet normal -0.8647735272778851 -1.4175790364774377e-15 0.5021620719641866
  outer loop
    vertex -135.7753723498446 -466.6999999999997 -100.80587271081087
    vertex -135.07597570438057 -458.69999999999965 -99.60144143686273
    vertex -135.7753723498446 -458.69999999999965 -100.80587271081085
  endloop
endfacet
facet normal -0.17724487101285508 -2.775147947849459e-15 0.9841667824609995
  outer loop
    vertex -119.27407397869757 -466.6999999999997 -89.23733157186496
    vertex -120.64479268618182 -458.69999999999965 -89.48419304375432
    vertex -120.64479268618182 -466.6999999999997 -89.48419304375433
  endloop
endfacet
facet normal -0.17724487101285508 -2.775147947849459e-15 0.9841667824609995
  outer loop
    vertex -120.64479268618182 -458.69999999999965 -89.48419304375432
    vertex -119.27407397869757 -466.6999999999997 -89.23733157186496
    vertex -119.27407397869757 -458.69999999999965 -89.23733157186494
  endloop
endfacet
facet normal -0.3873916044928519 0.921915258995345 1.5716444660425704e-15
  outer loop
    vertex 118.50000000001474 -458.69999999999965 -110.55671097724442
    vertex 118.50000000001465 -458.69999999999965 -132.11342195448884
    vertex 48.50000000001469 -488.11421356237275 -130.69920839211565
  endloop
endfacet
facet normal 0.0 0.0 1.0
  outer loop
    vertex 118.50000000001465 -458.69999999999965 -132.11342195448884
    vertex 54.000000000014516 -458.69999999999965 -132.11342195448884
    vertex 48.50000000001469 -482.6999999999996 -132.11342195448884
  endloop
endfacet
facet normal 0.3713906763541054 0.9284766908852589 0.0
  outer loop
    vertex -116.49999999998532 -458.6999999999995 -132.11342195448816
    vertex -81.49999999998535 -472.69999999999953 -132.1134219544885
    vertex -116.49999999998532 -458.6999999999995 -133.99999999999986
  endloop
endfacet
facet normal -4.276986917035068e-15 1.0 3.1990896054048937e-15
  outer loop
    vertex -117.8907104991293 -458.6999999999995 -133.92427240317113
    vertex -116.49999999998532 -458.6999999999995 -132.11342195448816
    vertex -116.49999999998532 -458.6999999999995 -133.99999999999986
  endloop
endfacet
facet normal -4.276986917035068e-15 1.0 3.1990896054048937e-15
  outer loop
    vertex -116.49999999998532 -458.6999999999995 -132.11342195448816
    vertex -117.8907104991293 -458.6999999999995 -133.92427240317113
    vertex -119.27407397869749 -458.6999999999995 -133.76266842813484
  endloop
endfacet
facet normal -4.276986917035068e-15 1.0 3.1990896054048937e-15
  outer loop
    vertex -116.49999999998532 -458.6999999999995 -132.11342195448816
    vertex -119.27407397869749 -458.6999999999995 -133.76266842813484
    vertex -120.64479268618173 -458.6999999999995 -133.51580695624546
  endloop
endfacet
facet normal -4.276986917035068e-15 1.0 3.1990896054048937e-15
  outer loop
    vertex -116.49999999998532 -458.6999999999995 -132.11342195448816
    vertex -120.64479268618173 -458.6999999999995 -133.51580695624546
    vertex -121.99761729370981 -458.6999999999995 -133.18463337242983
  endloop
endfacet
facet normal -4.276986917035068e-15 1.0 3.1990896054048937e-15
  outer loop
    vertex -116.49999999998532 -458.6999999999995 -132.11342195448816
    vertex -121.99761729370981 -458.6999999999995 -133.18463337242983
    vertex -123.32736700096154 -458.6999999999995 -132.77041594472476
  endloop
endfacet
facet normal -4.276986917035068e-15 1.0 3.1990896054048937e-15
  outer loop
    vertex -116.49999999998532 -458.6999999999995 -132.11342195448816
    vertex -123.32736700096154 -458.6999999999995 -132.77041594472476
    vertex -124.62894937565065 -458.69999999999953 -132.27474096729577
  endloop
endfacet
facet normal -4.276986917035068e-15 1.0 3.1990896054048937e-15
  outer loop
    vertex -116.49999999998532 -458.6999999999995 -132.11342195448816
    vertex -124.62894937565065 -458.69999999999953 -132.27474096729577
    vertex -125.89737985559096 -458.69999999999953 -131.69950668553818
  endloop
endfacet
facet normal -4.276986917035068e-15 1.0 3.1990896054048937e-15
  outer loop
    vertex -116.49999999998532 -458.6999999999995 -132.11342195448816
    vertex -125.89737985559096 -458.69999999999953 -131.69950668553818
    vertex -116.49999999998532 -458.69999999999953 -110.55671097724404
  endloop
endfacet
facet normal -4.276986917035068e-15 1.0 3.1990896054048937e-15
  outer loop
    vertex -116.49999999998532 -458.69999999999953 -110.55671097724404
    vertex -125.89737985559096 -458.69999999999953 -131.69950668553818
    vertex -127.12780083766066 -458.69999999999953 -131.04691602652346
  endloop
endfacet
facet normal -4.276986917035068e-15 1.0 3.1990896054048937e-15
  outer loop
    vertex -116.49999999998532 -458.69999999999953 -110.55671097724404
    vertex -127.12780083766066 -458.69999999999953 -131.04691602652346
    vertex -128.3155002805632 -458.69999999999953 -130.3194681626325
  endloop
endfacet
facet normal -4.276986917035068e-15 1.0 3.1990896054048937e-15
  outer loop
    vertex -116.49999999998532 -458.69999999999953 -110.55671097724404
    vertex -128.3155002805632 -458.69999999999953 -130.3194681626325
    vertex -129.45592975014114 -458.69999999999953 -129.51994894068162
  endloop
endfacet
facet normal -4.276986917035068e-15 1.0 3.1990896054048937e-15
  outer loop
    vertex -116.49999999998532 -458.69999999999953 -110.55671097724404
    vertex -129.45592975014114 -458.69999999999953 -129.51994894068162
    vertex -130.5447218381375 -458.69999999999953 -128.65142021319636
  endloop
endfacet
facet normal -4.276986917035068e-15 1.0 3.1990896054048937e-15
  outer loop
    vertex -116.49999999998532 -458.69999999999953 -110.55671097724404
    vertex -130.5447218381375 -458.69999999999953 -128.65142021319636
    vertex -131.57770688769756 -458.69999999999953 -127.71720811268808
  endloop
endfacet
facet normal -4.276986917035068e-15 1.0 3.1990896054048937e-15
  outer loop
    vertex -116.49999999998532 -458.69999999999953 -110.55671097724404
    vertex -131.57770688769756 -458.69999999999953 -127.71720811268808
    vertex -132.55092896155824 -458.69999999999953 -126.72089031384021
  endloop
endfacet
facet normal -4.276986917035068e-15 1.0 3.1990896054048937e-15
  outer loop
    vertex -116.49999999998532 -458.69999999999953 -110.55671097724404
    vertex -132.55092896155824 -458.69999999999953 -126.72089031384021
    vertex -133.460660991773 -458.69999999999953 -125.66628233238363
  endloop
endfacet
facet normal -4.276986917035068e-15 1.0 3.1990896054048937e-15
  outer loop
    vertex -116.49999999998532 -458.69999999999953 -110.55671097724404
    vertex -133.460660991773 -458.69999999999953 -125.66628233238363
    vertex -134.3034190529557 -458.69999999999953 -124.55742291313237
  endloop
endfacet
facet normal -4.276986917035068e-15 1.0 3.1990896054048937e-15
  outer loop
    vertex -116.49999999998532 -458.69999999999953 -110.55671097724404
    vertex -134.3034190529557 -458.69999999999953 -124.55742291313237
    vertex -135.0759757043805 -458.69999999999953 -123.3985585631371
  endloop
endfacet
facet normal -4.276986917035068e-15 1.0 3.1990896054048937e-15
  outer loop
    vertex -116.49999999998532 -458.69999999999953 -110.55671097724404
    vertex -135.0759757043805 -458.69999999999953 -123.3985585631371
    vertex -135.77537234984456 -458.69999999999953 -122.194127289189
  endloop
endfacet
facet normal -4.276986917035068e-15 1.0 3.1990896054048937e-15
  outer loop
    vertex -116.49999999998532 -458.69999999999953 -110.55671097724404
    vertex -135.77537234984456 -458.69999999999953 -122.194127289189
    vertex -136.39893056795862 -458.69999999999965 -120.94874160195263
  endloop
endfacet
facet normal -4.276986917035068e-15 1.0 3.1990896054048937e-15
  outer loop
    vertex -116.49999999998532 -458.69999999999953 -110.55671097724404
    vertex -136.39893056795862 -458.69999999999965 -120.94874160195263
    vertex -136.9442623694755 -458.69999999999965 -119.6671708518163
  endloop
endfacet
facet normal -4.276986917035068e-15 1.0 3.1990896054048937e-15
  outer loop
    vertex -116.49999999998532 -458.69999999999953 -110.55671097724404
    vertex -136.9442623694755 -458.69999999999965 -119.6671708518163
    vertex -137.40927934237487 -458.69999999999965 -118.3543229641057
  endloop
endfacet
facet normal -4.276986917035068e-15 1.0 3.1990896054048937e-15
  outer loop
    vertex -116.49999999998532 -458.69999999999953 -110.55671097724404
    vertex -137.40927934237487 -458.69999999999965 -118.3543229641057
    vertex -137.7922006496815 -458.69999999999965 -117.01522564360909
  endloop
endfacet
facet normal -4.276986917035068e-15 1.0 3.1990896054048937e-15
  outer loop
    vertex -116.49999999998532 -458.69999999999953 -110.55671097724404
    vertex -137.7922006496815 -458.69999999999965 -117.01522564360909
    vertex -138.09155984938917 -458.69999999999965 -115.65500712039268
  endloop
endfacet
facet normal -4.276986917035068e-15 1.0 3.1990896054048937e-15
  outer loop
    vertex -116.49999999998532 -458.69999999999953 -110.55671097724404
    vertex -138.09155984938917 -458.69999999999965 -115.65500712039268
    vertex -138.30621051037227 -458.69999999999965 -114.27887651064293
  endloop
endfacet
facet normal -4.276986917035068e-15 1.0 3.1990896054048937e-15
  outer loop
    vertex -116.49999999998532 -458.69999999999953 -110.55671097724404
    vertex -138.30621051037227 -458.69999999999965 -114.27887651064293
    vertex -138.43533060277775 -458.69999999999965 -112.8921038677458
  endloop
endfacet
facet normal -4.276986917035068e-15 1.0 3.1990896054048937e-15
  outer loop
    vertex -116.49999999998532 -458.69999999999953 -110.55671097724404
    vertex -138.43533060277775 -458.69999999999965 -112.8921038677458
    vertex -138.47842564608527 -458.69999999999965 -111.49999999999991
  endloop
endfacet
facet normal -4.276986917035068e-15 1.0 3.1990896054048937e-15
  outer loop
    vertex -116.49999999998532 -458.69999999999953 -110.55671097724404
    vertex -138.47842564608527 -458.69999999999965 -111.49999999999991
    vertex -138.43533060277775 -458.69999999999965 -110.10789613225407
  endloop
endfacet
facet normal -4.276986917035068e-15 1.0 3.1990896054048937e-15
  outer loop
    vertex -116.49999999998532 -458.69999999999953 -110.55671097724404
    vertex -138.43533060277775 -458.69999999999965 -110.10789613225407
    vertex -116.49999999998538 -458.69999999999965 -88.99999999999993
  endloop
endfacet
facet normal -4.276986917035068e-15 1.0 3.1990896054048937e-15
  outer loop
    vertex -116.49999999998538 -458.69999999999965 -88.99999999999993
    vertex -138.43533060277775 -458.69999999999965 -110.10789613225407
    vertex -138.30621051037227 -458.69999999999965 -108.72112348935694
  endloop
endfacet
facet normal -4.276986917035068e-15 1.0 3.1990896054048937e-15
  outer loop
    vertex -116.49999999998538 -458.69999999999965 -88.99999999999993
    vertex -138.30621051037227 -458.69999999999965 -108.72112348935694
    vertex -138.09155984938917 -458.69999999999965 -107.34499287960718
  endloop
endfacet
facet normal -4.276986917035068e-15 1.0 3.1990896054048937e-15
  outer loop
    vertex -116.49999999998538 -458.69999999999965 -88.99999999999993
    vertex -138.09155984938917 -458.69999999999965 -107.34499287960718
    vertex -137.7922006496815 -458.69999999999965 -105.98477435639077
  endloop
endfacet
facet normal -4.276986917035068e-15 1.0 3.1990896054048937e-15
  outer loop
    vertex -116.49999999998538 -458.69999999999965 -88.99999999999993
    vertex -137.7922006496815 -458.69999999999965 -105.98477435639077
    vertex -137.4092793423749 -458.69999999999965 -104.64567703589411
  endloop
endfacet
facet normal -4.276986917035068e-15 1.0 3.1990896054048937e-15
  outer loop
    vertex -116.49999999998538 -458.69999999999965 -88.99999999999993
    vertex -137.4092793423749 -458.69999999999965 -104.64567703589411
    vertex -136.94426236947555 -458.69999999999965 -103.33282914818352
  endloop
endfacet
facet normal -4.276986917035068e-15 1.0 3.1990896054048937e-15
  outer loop
    vertex -116.49999999998538 -458.69999999999965 -88.99999999999993
    vertex -136.94426236947555 -458.69999999999965 -103.33282914818352
    vertex -136.39893056795862 -458.69999999999965 -102.05125839804718
  endloop
endfacet
facet normal -4.276986917035068e-15 1.0 3.1990896054048937e-15
  outer loop
    vertex -116.49999999998538 -458.69999999999965 -88.99999999999993
    vertex -136.39893056795862 -458.69999999999965 -102.05125839804718
    vertex -135.7753723498446 -458.69999999999965 -100.80587271081085
  endloop
endfacet
facet normal -4.276986917035068e-15 1.0 3.1990896054048937e-15
  outer loop
    vertex -116.49999999998538 -458.69999999999965 -88.99999999999993
    vertex -135.7753723498446 -458.69999999999965 -100.80587271081085
    vertex -135.07597570438057 -458.69999999999965 -99.60144143686273
  endloop
endfacet
facet normal -4.276986917035068e-15 1.0 3.1990896054048937e-15
  outer loop
    vertex -116.49999999998538 -458.69999999999965 -88.99999999999993
    vertex -135.07597570438057 -458.69999999999965 -99.60144143686273
    vertex -134.30341905295577 -458.69999999999965 -98.44257708686746
  endloop
endfacet
facet normal -4.276986917035068e-15 1.0 3.1990896054048937e-15
  outer loop
    vertex -116.49999999998538 -458.69999999999965 -88.99999999999993
    vertex -134.30341905295577 -458.69999999999965 -98.44257708686746
    vertex -133.46066099177307 -458.69999999999965 -97.33371766761618
  endloop
endfacet
facet normal -4.276986917035068e-15 1.0 3.1990896054048937e-15
  outer loop
    vertex -116.49999999998538 -458.69999999999965 -88.99999999999993
    vertex -133.46066099177307 -458.69999999999965 -97.33371766761618
    vertex -132.55092896155824 -458.69999999999965 -96.2791096861596
  endloop
endfacet
facet normal -4.276986917035068e-15 1.0 3.1990896054048937e-15
  outer loop
    vertex -116.49999999998538 -458.69999999999965 -88.99999999999993
    vertex -132.55092896155824 -458.69999999999965 -96.2791096861596
    vertex -131.57770688769764 -458.69999999999965 -95.28279188731172
  endloop
endfacet
facet normal -4.276986917035068e-15 1.0 3.1990896054048937e-15
  outer loop
    vertex -116.49999999998538 -458.69999999999965 -88.99999999999993
    vertex -131.57770688769764 -458.69999999999965 -95.28279188731172
    vertex -130.54472183813758 -458.69999999999965 -94.34857978680347
  endloop
endfacet
facet normal -4.276986917035068e-15 1.0 3.1990896054048937e-15
  outer loop
    vertex -116.49999999998538 -458.69999999999965 -88.99999999999993
    vertex -130.54472183813758 -458.69999999999965 -94.34857978680347
    vertex -129.4559297501412 -458.69999999999965 -93.48005105931819
  endloop
endfacet
facet normal -4.276986917035068e-15 1.0 3.1990896054048937e-15
  outer loop
    vertex -116.49999999998538 -458.69999999999965 -88.99999999999993
    vertex -129.4559297501412 -458.69999999999965 -93.48005105931819
    vertex -128.3155002805633 -458.69999999999965 -92.68053183736734
  endloop
endfacet
facet normal -4.276986917035068e-15 1.0 3.1990896054048937e-15
  outer loop
    vertex -116.49999999998538 -458.69999999999965 -88.99999999999993
    vertex -128.3155002805633 -458.69999999999965 -92.68053183736734
    vertex -127.1278008376607 -458.69999999999965 -91.95308397347632
  endloop
endfacet
facet normal -4.276986917035068e-15 1.0 3.1990896054048937e-15
  outer loop
    vertex -116.49999999998538 -458.69999999999965 -88.99999999999993
    vertex -127.1278008376607 -458.69999999999965 -91.95308397347632
    vertex -125.89737985559096 -458.69999999999965 -91.30049331446162
  endloop
endfacet
facet normal -4.276986917035068e-15 1.0 3.1990896054048937e-15
  outer loop
    vertex -116.49999999998538 -458.69999999999965 -88.99999999999993
    vertex -125.89737985559096 -458.69999999999965 -91.30049331446162
    vertex -124.62894937565073 -458.69999999999965 -90.725259032704
  endloop
endfacet
facet normal -4.276986917035068e-15 1.0 3.1990896054048937e-15
  outer loop
    vertex -116.49999999998538 -458.69999999999965 -88.99999999999993
    vertex -124.62894937565073 -458.69999999999965 -90.725259032704
    vertex -123.32736700096154 -458.69999999999965 -90.22958405527503
  endloop
endfacet
facet normal -4.276986917035068e-15 1.0 3.1990896054048937e-15
  outer loop
    vertex -116.49999999998538 -458.69999999999965 -88.99999999999993
    vertex -123.32736700096154 -458.69999999999965 -90.22958405527503
    vertex -121.99761729370985 -458.69999999999965 -89.81536662756993
  endloop
endfacet
facet normal -4.276986917035068e-15 1.0 3.1990896054048937e-15
  outer loop
    vertex -116.49999999998538 -458.69999999999965 -88.99999999999993
    vertex -121.99761729370985 -458.69999999999965 -89.81536662756993
    vertex -120.64479268618182 -458.69999999999965 -89.48419304375432
  endloop
endfacet
facet normal -4.276986917035068e-15 1.0 3.1990896054048937e-15
  outer loop
    vertex -116.49999999998538 -458.69999999999965 -88.99999999999993
    vertex -120.64479268618182 -458.69999999999965 -89.48419304375432
    vertex -119.27407397869757 -458.69999999999965 -89.23733157186494
  endloop
endfacet
facet normal -4.276986917035068e-15 1.0 3.1990896054048937e-15
  outer loop
    vertex -116.49999999998538 -458.69999999999965 -88.99999999999993
    vertex -119.27407397869757 -458.69999999999965 -89.23733157186494
    vertex -117.8907104991293 -458.69999999999965 -89.07572759682863
  endloop
endfacet
facet normal -0.11603056358389573 0.0 -0.9932456434912783
  outer loop
    vertex -117.8907104991293 -458.6999999999995 -133.92427240317113
    vertex -119.27407397869749 -466.69999999999953 -133.76266842813484
    vertex -119.27407397869749 -458.6999999999995 -133.76266842813484
  endloop
endfacet
facet normal -0.11603056358389573 0.0 -0.9932456434912783
  outer loop
    vertex -119.27407397869749 -466.69999999999953 -133.76266842813484
    vertex -117.8907104991293 -458.6999999999995 -133.92427240317113
    vertex -117.8907104991293 -466.69999999999953 -133.92427240317113
  endloop
endfacet
facet normal -0.29740531798241154 1.3435008138920526e-15 -0.9547513167499593
  outer loop
    vertex -121.99761729370981 -458.6999999999995 -133.18463337242983
    vertex -123.32736700096154 -466.69999999999953 -132.77041594472476
    vertex -123.32736700096154 -458.6999999999995 -132.77041594472476
  endloop
endfacet
facet normal -0.29740531798241154 1.3435008138920526e-15 -0.9547513167499593
  outer loop
    vertex -123.32736700096154 -466.69999999999953 -132.77041594472476
    vertex -121.99761729370981 -458.6999999999995 -133.18463337242983
    vertex -121.99761729370981 -466.69999999999953 -133.18463337242986
  endloop
endfacet
facet normal -0.41301433266178406 1.2840279424859928e-15 -0.9107245253181344
  outer loop
    vertex -124.62894937565065 -458.69999999999953 -132.27474096729577
    vertex -125.89737985559096 -466.6999999999996 -131.69950668553818
    vertex -125.89737985559096 -458.69999999999953 -131.69950668553818
  endloop
endfacet
facet normal -0.41301433266178406 1.2840279424859928e-15 -0.9107245253181344
  outer loop
    vertex -125.89737985559096 -466.6999999999996 -131.69950668553818
    vertex -124.62894937565065 -458.69999999999953 -132.27474096729577
    vertex -124.62894937565065 -466.6999999999996 -132.2747409672958
  endloop
endfacet
facet normal -0.2377803984437298 1.3673807918190328e-15 -0.9713189394405636
  outer loop
    vertex -120.64479268618173 -458.6999999999995 -133.51580695624546
    vertex -121.99761729370981 -466.69999999999953 -133.18463337242986
    vertex -121.99761729370981 -458.6999999999995 -133.18463337242983
  endloop
endfacet
facet normal -0.2377803984437298 1.3673807918190328e-15 -0.9713189394405636
  outer loop
    vertex -121.99761729370981 -466.69999999999953 -133.18463337242986
    vertex -120.64479268618173 -458.6999999999995 -133.51580695624546
    vertex -120.64479268618173 -466.69999999999953 -133.51580695624546
  endloop
endfacet
facet normal -0.05437190351855206 0.0 -0.9985207539694754
  outer loop
    vertex -116.49999999998532 -458.6999999999995 -133.99999999999986
    vertex -117.8907104991293 -466.69999999999953 -133.92427240317113
    vertex -117.8907104991293 -458.6999999999995 -133.92427240317113
  endloop
endfacet
facet normal -0.05437190351855206 0.0 -0.9985207539694754
  outer loop
    vertex -117.8907104991293 -466.69999999999953 -133.92427240317113
    vertex -116.49999999998532 -458.6999999999995 -133.99999999999986
    vertex -116.49999999998532 -466.69999999999953 -133.99999999999986
  endloop
endfacet
facet normal -0.5223026575071074 0.0 -0.8527601854923889
  outer loop
    vertex -127.12780083766066 -458.69999999999953 -131.04691602652346
    vertex -128.3155002805632 -466.6999999999996 -130.3194681626325
    vertex -128.3155002805632 -458.69999999999953 -130.3194681626325
  endloop
endfacet
facet normal -0.5223026575071074 0.0 -0.8527601854923889
  outer loop
    vertex -128.3155002805632 -466.6999999999996 -130.3194681626325
    vertex -127.12780083766066 -458.69999999999953 -131.04691602652346
    vertex -127.12780083766066 -466.6999999999996 -131.04691602652346
  endloop
endfacet
facet normal -0.17724487101286296 2.2551817701594698e-29 -0.9841667824609982
  outer loop
    vertex -119.27407397869749 -458.6999999999995 -133.76266842813484
    vertex -120.64479268618173 -466.69999999999953 -133.51580695624546
    vertex -120.64479268618173 -458.6999999999995 -133.51580695624546
  endloop
endfacet
facet normal -0.17724487101286296 2.2551817701594698e-29 -0.9841667824609982
  outer loop
    vertex -120.64479268618173 -466.69999999999953 -133.51580695624546
    vertex -119.27407397869749 -458.6999999999995 -133.76266842813484
    vertex -119.27407397869749 -466.69999999999953 -133.76266842813484
  endloop
endfacet
facet normal -0.46855568953704857 0.0 -0.8834339623324773
  outer loop
    vertex -125.89737985559096 -458.69999999999953 -131.69950668553818
    vertex -127.12780083766066 -466.6999999999996 -131.04691602652346
    vertex -127.12780083766066 -458.69999999999953 -131.04691602652346
  endloop
endfacet
facet normal -0.46855568953704857 0.0 -0.8834339623324773
  outer loop
    vertex -127.12780083766066 -466.6999999999996 -131.04691602652346
    vertex -125.89737985559096 -458.69999999999953 -131.69950668553818
    vertex -125.89737985559096 -466.6999999999996 -131.69950668553818
  endloop
endfacet
facet normal -0.35589128901440065 1.3173687464651853e-15 -0.9345273620411917
  outer loop
    vertex -123.32736700096154 -458.6999999999995 -132.77041594472476
    vertex -124.62894937565065 -466.6999999999996 -132.2747409672958
    vertex -124.62894937565065 -458.69999999999953 -132.27474096729577
  endloop
endfacet
facet normal -0.35589128901440065 1.3173687464651853e-15 -0.9345273620411917
  outer loop
    vertex -124.62894937565065 -466.6999999999996 -132.2747409672958
    vertex -123.32736700096154 -458.6999999999995 -132.77041594472476
    vertex -123.32736700096154 -466.69999999999953 -132.77041594472476
  endloop
endfacet
facet normal 0.23696095547419896 -3.014981612563568e-29 0.971519174067478
  outer loop
    vertex 124.00169452591432 -466.6999999999997 -89.81089804621196
    vertex 122.64776406693879 -458.69999999999965 -89.48066405416296
    vertex 122.64776406693879 -466.6999999999997 -89.48066405416296
  endloop
endfacet
facet normal 0.23696095547419896 -3.014981612563568e-29 0.971519174067478
  outer loop
    vertex 122.64776406693879 -458.69999999999965 -89.48066405416296
    vertex 124.00169452591432 -466.6999999999997 -89.81089804621196
    vertex 124.00169452591432 -458.69999999999965 -89.81089804621196
  endloop
endfacet
facet normal 0.9956879419730135 -5.441153581145843e-19 -0.09276595393540243
  outer loop
    vertex 140.3275706213417 -458.69999999999965 -114.2805664125167
    vertex 140.4568512922143 -466.6999999999997 -112.89295382775651
    vertex 140.3275706213417 -466.6999999999997 -114.2805664125167
  endloop
endfacet
facet normal 0.9956879419730135 -5.441153581145843e-19 -0.09276595393540243
  outer loop
    vertex 140.4568512922143 -466.6999999999997 -112.89295382775651
    vertex 140.3275706213417 -458.69999999999965 -114.2805664125167
    vertex 140.4568512922143 -458.69999999999965 -112.89295382775651
  endloop
endfacet
facet normal 0.29663729872292455 -1.518856733280008e-29 0.954990216183583
  outer loop
    vertex 125.33258986614841 -466.6999999999997 -90.2242983009158
    vertex 124.00169452591432 -458.69999999999965 -89.81089804621196
    vertex 124.00169452591432 -466.6999999999997 -89.81089804621196
  endloop
endfacet
facet normal 0.29663729872292455 -1.518856733280008e-29 0.954990216183583
  outer loop
    vertex 124.00169452591432 -458.69999999999965 -89.81089804621196
    vertex 125.33258986614841 -466.6999999999997 -90.2242983009158
    vertex 125.33258986614841 -458.69999999999965 -90.2242983009158
  endloop
endfacet
facet normal 0.9956879419730195 0.0 0.09276595393533822
  outer loop
    vertex 140.4568512922143 -458.69999999999965 -110.10704617224363
    vertex 140.3275706213418 -466.6999999999997 -108.71943358748342
    vertex 140.4568512922143 -466.6999999999997 -110.10704617224363
  endloop
endfacet
facet normal 0.9956879419730195 0.0 0.09276595393533822
  outer loop
    vertex 140.3275706213418 -466.6999999999997 -108.71943358748342
    vertex 140.4568512922143 -458.69999999999965 -110.10704617224363
    vertex 140.3275706213418 -458.69999999999965 -108.71943358748342
  endloop
endfacet
facet normal 0.5735513405266803 -1.302841920134499e-29 0.8191696160015018
  outer loop
    vertex 131.46710005922415 -466.6999999999997 -93.4725247861638
    vertex 130.3254872905042 -458.69999999999965 -92.67321104079107
    vertex 130.3254872905042 -466.6999999999997 -92.67321104079107
  endloop
endfacet
facet normal 0.5735513405266803 -1.302841920134499e-29 0.8191696160015018
  outer loop
    vertex 130.3254872905042 -458.69999999999965 -92.67321104079107
    vertex 131.46710005922415 -466.6999999999997 -93.4725247861638
    vertex 131.46710005922415 -458.69999999999965 -93.4725247861638
  endloop
endfacet
facet normal 0.9614142831793324 -1.2232590723821941e-28 0.27510466389861615
  outer loop
    vertex 139.81292465283119 -458.69999999999965 -105.98147431237705
    vertex 139.42953275095127 -466.6999999999997 -104.64162625128242
    vertex 139.81292465283119 -466.6999999999997 -105.98147431237705
  endloop
endfacet
facet normal 0.9614142831793324 -1.2232590723821941e-28 0.27510466389861615
  outer loop
    vertex 139.42953275095127 -466.6999999999997 -104.64162625128242
    vertex 139.81292465283119 -458.69999999999965 -105.98147431237705
    vertex 139.42953275095127 -458.69999999999965 -104.64162625128242
  endloop
endfacet
facet normal 0.9200592661050383 1.414394778818422e-18 0.3917792067660795
  outer loop
    vertex 138.96394811058383 -458.69999999999965 -103.32807643498307
    vertex 138.41795600317843 -466.6999999999997 -102.0458616339855
    vertex 138.96394811058383 -466.6999999999997 -103.32807643498307
  endloop
endfacet
facet normal 0.9200592661050383 1.414394778818422e-18 0.3917792067660795
  outer loop
    vertex 138.41795600317843 -466.6999999999997 -102.0458616339855
    vertex 138.96394811058383 -458.69999999999965 -103.32807643498307
    vertex 138.41795600317843 -458.69999999999965 -102.0458616339855
  endloop
endfacet
facet normal 0.623152923896074 3.4191646751438502e-18 0.7821000149851512
  outer loop
    vertex 132.55705181778828 -466.6999999999997 -94.34096438754622
    vertex 131.46710005922415 -458.69999999999965 -93.4725247861638
    vertex 131.46710005922415 -466.6999999999997 -93.4725247861638
  endloop
endfacet
facet normal 0.623152923896074 3.4191646751438502e-18 0.7821000149851512
  outer loop
    vertex 131.46710005922415 -458.69999999999965 -93.4725247861638
    vertex 132.55705181778828 -466.6999999999997 -94.34096438754622
    vertex 132.55705181778828 -458.69999999999965 -94.34096438754622
  endloop
endfacet
facet normal 0.9765981959970694 1.8804924132151942e-18 0.2150719962600196
  outer loop
    vertex 140.11265371056038 -458.69999999999965 -107.34248300786687
    vertex 139.81292465283119 -466.6999999999997 -105.98147431237705
    vertex 140.11265371056038 -466.6999999999997 -107.34248300786687
  endloop
endfacet
facet normal 0.9765981959970694 1.8804924132151942e-18 0.2150719962600196
  outer loop
    vertex 139.81292465283119 -466.6999999999997 -105.98147431237705
    vertex 140.11265371056038 -458.69999999999965 -107.34248300786687
    vertex 139.81292465283119 -458.69999999999965 -105.98147431237705
  endloop
endfacet
facet normal 0.17637599198367282 -3.8096351763564504e-29 0.9843228684998514
  outer loop
    vertex 122.64776406693879 -466.6999999999997 -89.48066405416296
    vertex 121.27599009818798 -458.69999999999965 -89.23486259789429
    vertex 121.27599009818798 -466.6999999999997 -89.23486259789429
  endloop
endfacet
facet normal 0.17637599198367282 -3.8096351763564504e-29 0.9843228684998514
  outer loop
    vertex 121.27599009818798 -458.69999999999965 -89.23486259789429
    vertex 122.64776406693879 -466.6999999999997 -89.48066405416296
    vertex 122.64776406693879 -458.69999999999965 -89.48066405416296
  endloop
endfacet
facet normal 0.9880373699939284 1.0798690730442474e-18 -0.15421464098937238
  outer loop
    vertex 140.1126537105603 -458.69999999999965 -115.65751699213327
    vertex 140.3275706213417 -466.6999999999997 -114.2805664125167
    vertex 140.1126537105603 -466.6999999999997 -115.65751699213327
  endloop
endfacet
facet normal 0.9880373699939284 1.0798690730442474e-18 -0.15421464098937238
  outer loop
    vertex 140.3275706213417 -466.6999999999997 -114.2805664125167
    vertex 140.1126537105603 -458.69999999999965 -115.65751699213327
    vertex 140.3275706213417 -458.69999999999965 -114.2805664125167
  endloop
endfacet
facet normal 0.5217504903764759 1.356803266277256e-29 0.8530981337407246
  outer loop
    vertex 130.3254872905042 -466.6999999999997 -92.67321104079107
    vertex 129.13659099427275 -458.69999999999965 -91.94608809791745
    vertex 129.13659099427275 -466.6999999999997 -91.94608809791745
  endloop
endfacet
facet normal 0.5217504903764759 1.356803266277256e-29 0.8530981337407246
  outer loop
    vertex 129.13659099427275 -458.69999999999965 -91.94608809791745
    vertex 130.3254872905042 -466.6999999999997 -92.67321104079107
    vertex 130.3254872905042 -458.69999999999965 -92.67321104079107
  endloop
endfacet
facet normal 0.999520576027294 -2.731048921631418e-19 0.030961558392082828
  outer loop
    vertex 140.50000000001478 -458.69999999999965 -111.50000000000007
    vertex 140.4568512922143 -466.6999999999997 -110.10704617224363
    vertex 140.50000000001478 -466.6999999999997 -111.50000000000007
  endloop
endfacet
facet normal 0.999520576027294 -2.731048921631418e-19 0.030961558392082828
  outer loop
    vertex 140.4568512922143 -466.6999999999997 -110.10704617224363
    vertex 140.50000000001478 -458.69999999999965 -111.50000000000007
    vertex 140.4568512922143 -458.69999999999965 -110.10704617224363
  endloop
endfacet
facet normal 0.9880373699939284 -1.0798690730442474e-18 0.15421464098937238
  outer loop
    vertex 140.3275706213418 -458.69999999999965 -108.71943358748342
    vertex 140.11265371056038 -466.6999999999997 -107.34248300786687
    vertex 140.3275706213418 -466.6999999999997 -108.71943358748342
  endloop
endfacet
facet normal 0.9880373699939284 -1.0798690730442474e-18 0.15421464098937238
  outer loop
    vertex 140.11265371056038 -466.6999999999997 -107.34248300786687
    vertex 140.3275706213418 -458.69999999999965 -108.71943358748342
    vertex 140.11265371056038 -458.69999999999965 -107.34248300786687
  endloop
endfacet
facet normal 0.8940467365197591 -1.4249525366991416e-29 -0.44797369668136644
  outer loop
    vertex 137.79365002039737 -458.69999999999965 -122.20010153445504
    vertex 138.41795600317835 -466.6999999999997 -120.95413836601462
    vertex 137.79365002039737 -466.6999999999997 -122.20010153445504
  endloop
endfacet
facet normal 0.8940467365197591 -1.4249525366991416e-29 -0.44797369668136644
  outer loop
    vertex 138.41795600317835 -466.6999999999997 -120.95413836601462
    vertex 137.79365002039737 -458.69999999999965 -122.20010153445504
    vertex 138.41795600317835 -458.69999999999965 -120.95413836601462
  endloop
endfacet
facet normal 0.942543853835226 -1.199249210766045e-28 0.334082450298486
  outer loop
    vertex 139.42953275095127 -458.69999999999965 -104.64162625128242
    vertex 138.96394811058383 -466.6999999999997 -103.32807643498307
    vertex 139.42953275095127 -466.6999999999997 -104.64162625128242
  endloop
endfacet
facet normal 0.942543853835226 -1.199249210766045e-28 0.334082450298486
  outer loop
    vertex 138.96394811058383 -466.6999999999997 -103.32807643498307
    vertex 139.42953275095127 -458.69999999999965 -104.64162625128242
    vertex 138.96394811058383 -458.69999999999965 -103.32807643498307
  endloop
endfacet
facet normal 0.7569066201108138 1.7182278346505802e-28 0.6535230435358987
  outer loop
    vertex 135.47623293036045 -458.69999999999965 -97.3264905254041
    vertex 134.5654688632128 -466.6999999999997 -96.27164883527288
    vertex 135.47623293036045 -466.6999999999997 -97.3264905254041
  endloop
endfacet
facet normal 0.7569066201108138 1.7182278346505802e-28 0.6535230435358987
  outer loop
    vertex 134.5654688632128 -466.6999999999997 -96.27164883527288
    vertex 135.47623293036045 -458.69999999999965 -97.3264905254041
    vertex 134.5654688632128 -458.69999999999965 -96.27164883527288
  endloop
endfacet
facet normal 0.9614142831793152 0.0 -0.27510466389867594
  outer loop
    vertex 139.42953275095118 -458.69999999999965 -118.35837374871772
    vertex 139.81292465283119 -466.6999999999997 -117.01852568762308
    vertex 139.42953275095118 -466.6999999999997 -118.35837374871772
  endloop
endfacet
facet normal 0.9614142831793152 0.0 -0.27510466389867594
  outer loop
    vertex 139.81292465283119 -466.6999999999997 -117.01852568762308
    vertex 139.42953275095118 -458.69999999999965 -118.35837374871772
    vertex 139.81292465283119 -458.69999999999965 -117.01852568762308
  endloop
endfacet
facet normal 0.4123531768434443 -1.991395768687056e-18 0.9110240707835986
  outer loop
    vertex 127.90496996055487 -466.6999999999997 -91.29394409039318
    vertex 126.6353468062021 -458.69999999999965 -90.71927964641087
    vertex 126.6353468062021 -466.6999999999997 -90.71927964641087
  endloop
endfacet
facet normal 0.4123531768434443 -1.991395768687056e-18 0.9110240707835986
  outer loop
    vertex 126.6353468062021 -458.69999999999965 -90.71927964641087
    vertex 127.90496996055487 -466.6999999999997 -91.29394409039318
    vertex 127.90496996055487 -458.69999999999965 -91.29394409039318
  endloop
endfacet
facet normal 0.8318499744187964 0.0 0.5550005586118343
  outer loop
    vertex 137.0934240462963 -458.69999999999965 -99.59496454103295
    vertex 136.31996307804084 -466.6999999999997 -98.43568014631718
    vertex 137.0934240462963 -466.6999999999997 -99.59496454103295
  endloop
endfacet
facet normal 0.8318499744187964 0.0 0.5550005586118343
  outer loop
    vertex 136.31996307804084 -466.6999999999997 -98.43568014631718
    vertex 137.0934240462963 -458.69999999999965 -99.59496454103295
    vertex 136.31996307804084 -458.69999999999965 -98.43568014631718
  endloop
endfacet
facet normal 0.999520576027294 2.7310489216412667e-19 -0.03096155839208282
  outer loop
    vertex 140.4568512922143 -458.69999999999965 -112.89295382775651
    vertex 140.50000000001478 -466.6999999999997 -111.50000000000007
    vertex 140.4568512922143 -466.6999999999997 -112.89295382775651
  endloop
endfacet
facet normal 0.999520576027294 2.7310489216412667e-19 -0.03096155839208282
  outer loop
    vertex 140.50000000001478 -466.6999999999997 -111.50000000000007
    vertex 140.4568512922143 -458.69999999999965 -112.89295382775651
    vertex 140.50000000001478 -458.69999999999965 -111.50000000000007
  endloop
endfacet
facet normal 0.8646060094059214 2.2001694036506784e-28 -0.5024504438242321
  outer loop
    vertex 137.0934240462962 -458.69999999999965 -123.40503545896713
    vertex 137.79365002039737 -466.6999999999997 -122.20010153445504
    vertex 137.0934240462962 -466.6999999999997 -123.40503545896713
  endloop
endfacet
facet normal 0.8646060094059214 2.2001694036506784e-28 -0.5024504438242321
  outer loop
    vertex 137.79365002039737 -466.6999999999997 -122.20010153445504
    vertex 137.0934240462962 -458.69999999999965 -123.40503545896713
    vertex 137.79365002039737 -458.69999999999965 -122.20010153445504
  endloop
endfacet
facet normal 0.9425438538352037 -1.0626776494830376e-29 -0.33408245029854855
  outer loop
    vertex 138.96394811058363 -458.69999999999965 -119.67192356501704
    vertex 139.42953275095118 -466.6999999999997 -118.35837374871772
    vertex 138.96394811058363 -466.6999999999997 -119.67192356501704
  endloop
endfacet
facet normal 0.9425438538352037 -1.0626776494830376e-29 -0.33408245029854855
  outer loop
    vertex 139.42953275095118 -466.6999999999997 -118.35837374871772
    vertex 138.96394811058363 -458.69999999999965 -119.67192356501704
    vertex 139.42953275095118 -458.69999999999965 -118.35837374871772
  endloop
endfacet
facet normal 0.4679490023752519 -5.953966698671876e-29 0.8837554702382366
  outer loop
    vertex 129.13659099427275 -466.6999999999997 -91.94608809791745
    vertex 127.90496996055487 -458.69999999999965 -91.29394409039318
    vertex 127.90496996055487 -466.6999999999997 -91.29394409039318
  endloop
endfacet
facet normal 0.4679490023752519 -5.953966698671876e-29 0.8837554702382366
  outer loop
    vertex 127.90496996055487 -458.69999999999965 -91.29394409039318
    vertex 129.13659099427275 -466.6999999999997 -91.94608809791745
    vertex 129.13659099427275 -458.69999999999965 -91.94608809791745
  endloop
endfacet
facet normal 0.7959042336702685 -1.012671739559489e-28 0.6054225390797263
  outer loop
    vertex 136.31996307804084 -458.69999999999965 -98.43568014631718
    vertex 135.47623293036045 -466.6999999999997 -97.3264905254041
    vertex 136.31996307804084 -466.6999999999997 -98.43568014631718
  endloop
endfacet
facet normal 0.7959042336702685 -1.012671739559489e-28 0.6054225390797263
  outer loop
    vertex 135.47623293036045 -466.6999999999997 -97.3264905254041
    vertex 136.31996307804084 -458.69999999999965 -98.43568014631718
    vertex 135.47623293036045 -458.69999999999965 -97.3264905254041
  endloop
endfacet
facet normal 0.35517619443916437 -2.043365898819027e-18 0.9347993746808525
  outer loop
    vertex 126.6353468062021 -466.6999999999997 -90.71927964641087
    vertex 125.33258986614841 -458.69999999999965 -90.2242983009158
    vertex 125.33258986614841 -466.6999999999997 -90.2242983009158
  endloop
endfacet
facet normal 0.35517619443916437 -2.043365898819027e-18 0.9347993746808525
  outer loop
    vertex 125.33258986614841 -458.69999999999965 -90.2242983009158
    vertex 126.6353468062021 -466.6999999999997 -90.71927964641087
    vertex 126.6353468062021 -458.69999999999965 -90.71927964641087
  endloop
endfacet
facet normal 0.11511471962122101 -1.5798692574008616e-29 0.9933522040678865
  outer loop
    vertex 121.27599009818798 -466.6999999999997 -89.23486259789429
    vertex 119.89163264907339 -458.69999999999965 -89.07443619630402
    vertex 119.89163264907339 -466.6999999999997 -89.07443619630402
  endloop
endfacet
facet normal 0.11511471962122101 -1.5798692574008616e-29 0.9933522040678865
  outer loop
    vertex 119.89163264907339 -458.69999999999965 -89.07443619630402
    vertex 121.27599009818798 -466.6999999999997 -89.23486259789429
    vertex 121.27599009818798 -458.69999999999965 -89.23486259789429
  endloop
endfacet
facet normal 0.920059266105063 3.4255404643239638e-18 -0.39177920676602185
  outer loop
    vertex 138.41795600317835 -458.69999999999965 -120.95413836601462
    vertex 138.96394811058363 -466.6999999999997 -119.67192356501704
    vertex 138.41795600317835 -466.6999999999997 -120.95413836601462
  endloop
endfacet
facet normal 0.920059266105063 3.4255404643239638e-18 -0.39177920676602185
  outer loop
    vertex 138.96394811058363 -466.6999999999997 -119.67192356501704
    vertex 138.41795600317835 -458.69999999999965 -120.95413836601462
    vertex 138.96394811058363 -458.69999999999965 -119.67192356501704
  endloop
endfacet
facet normal 0.9765981959970825 -2.9478591150416106e-18 -0.2150719962599595
  outer loop
    vertex 139.81292465283119 -458.69999999999965 -117.01852568762308
    vertex 140.1126537105603 -466.6999999999997 -115.65751699213327
    vertex 139.81292465283119 -466.6999999999997 -117.01852568762308
  endloop
endfacet
facet normal 0.9765981959970825 -2.9478591150416106e-18 -0.2150719962599595
  outer loop
    vertex 140.1126537105603 -466.6999999999997 -115.65751699213327
    vertex 139.81292465283119 -458.69999999999965 -117.01852568762308
    vertex 140.1126537105603 -458.69999999999965 -115.65751699213327
  endloop
endfacet
facet normal 0.8940467365197865 1.2087913483250145e-28 0.4479736966813113
  outer loop
    vertex 138.41795600317843 -458.69999999999965 -102.0458616339855
    vertex 137.79365002039756 -466.6999999999997 -100.79989846554506
    vertex 138.41795600317843 -466.6999999999997 -102.0458616339855
  endloop
endfacet
facet normal 0.8940467365197865 1.2087913483250145e-28 0.4479736966813113
  outer loop
    vertex 137.79365002039756 -466.6999999999997 -100.79989846554506
    vertex 138.41795600317843 -458.69999999999965 -102.0458616339855
    vertex 137.79365002039756 -458.69999999999965 -100.79989846554506
  endloop
endfacet
facet normal 0.7150066690130487 -1.0209320374118625e-28 0.6991176319238879
  outer loop
    vertex 134.5654688632128 -458.69999999999965 -96.27164883527288
    vertex 133.5911631762693 -466.6999999999997 -95.27519983726253
    vertex 134.5654688632128 -466.6999999999997 -96.27164883527288
  endloop
endfacet
facet normal 0.7150066690130487 -1.0209320374118625e-28 0.6991176319238879
  outer loop
    vertex 133.5911631762693 -466.6999999999997 -95.27519983726253
    vertex 134.5654688632128 -458.69999999999965 -96.27164883527288
    vertex 133.5911631762693 -458.69999999999965 -95.27519983726253
  endloop
endfacet
facet normal 0.8646060094058954 -1.0201728632735144e-28 0.502450443824277
  outer loop
    vertex 137.79365002039756 -458.69999999999965 -100.79989846554506
    vertex 137.0934240462963 -466.6999999999997 -99.59496454103295
    vertex 137.79365002039756 -466.6999999999997 -100.79989846554506
  endloop
endfacet
facet normal 0.8646060094058954 -1.0201728632735144e-28 0.502450443824277
  outer loop
    vertex 137.0934240462963 -466.6999999999997 -99.59496454103295
    vertex 137.79365002039756 -458.69999999999965 -100.79989846554506
    vertex 137.0934240462963 -458.69999999999965 -99.59496454103295
  endloop
endfacet
facet normal 0.6703650445826842 -3.243994056832658e-18 0.7420314730533037
  outer loop
    vertex 133.5911631762693 -466.6999999999997 -95.27519983726253
    vertex 132.55705181778828 -458.69999999999965 -94.34096438754622
    vertex 132.55705181778828 -466.6999999999997 -94.34096438754622
  endloop
endfacet
facet normal 0.6703650445826842 -3.243994056832658e-18 0.7420314730533037
  outer loop
    vertex 132.55705181778828 -458.69999999999965 -94.34096438754622
    vertex 133.5911631762693 -466.6999999999997 -95.27519983726253
    vertex 133.5911631762693 -458.69999999999965 -95.27519983726253
  endloop
endfacet
facet normal -9.165827576366924e-31 1.0 1.0041768427311738e-29
  outer loop
    vertex 118.50000000001465 -458.69999999999965 -132.11342195448884
    vertex 119.8916326490732 -458.69999999999965 -133.92556380369587
    vertex 118.50000000001465 -458.69999999999965 -133.99999999999986
  endloop
endfacet
facet normal -9.165827576366924e-31 1.0 1.0041768427311738e-29
  outer loop
    vertex 119.8916326490732 -458.69999999999965 -133.92556380369587
    vertex 118.50000000001465 -458.69999999999965 -132.11342195448884
    vertex 121.27599009818779 -458.69999999999965 -133.7651374021056
  endloop
endfacet
facet normal -9.165827576366924e-31 1.0 1.0041768427311738e-29
  outer loop
    vertex 121.27599009818779 -458.69999999999965 -133.7651374021056
    vertex 118.50000000001465 -458.69999999999965 -132.11342195448884
    vertex 122.64776406693852 -458.69999999999965 -133.51933594583696
  endloop
endfacet
facet normal -9.165827576366924e-31 1.0 1.0041768427311738e-29
  outer loop
    vertex 122.64776406693852 -458.69999999999965 -133.51933594583696
    vertex 118.50000000001465 -458.69999999999965 -132.11342195448884
    vertex 124.00169452591405 -458.69999999999965 -133.18910195378797
  endloop
endfacet
facet normal -9.165827576366924e-31 1.0 1.0041768427311738e-29
  outer loop
    vertex 124.00169452591405 -458.69999999999965 -133.18910195378797
    vertex 118.50000000001465 -458.69999999999965 -132.11342195448884
    vertex 125.33258986614823 -458.69999999999965 -132.77570169908412
  endloop
endfacet
facet normal -9.165827576366924e-31 1.0 1.0041768427311738e-29
  outer loop
    vertex 125.33258986614823 -458.69999999999965 -132.77570169908412
    vertex 118.50000000001465 -458.69999999999965 -132.11342195448884
    vertex 126.63534680620191 -458.69999999999965 -132.2807203535891
  endloop
endfacet
facet normal -9.165827576366924e-31 1.0 1.0041768427311738e-29
  outer loop
    vertex 126.63534680620191 -458.69999999999965 -132.2807203535891
    vertex 118.50000000001465 -458.69999999999965 -132.11342195448884
    vertex 127.90496996055468 -458.69999999999965 -131.7060559096068
  endloop
endfacet
facet normal -9.165827576366924e-31 1.0 1.0041768427311738e-29
  outer loop
    vertex 127.90496996055468 -458.69999999999965 -131.7060559096068
    vertex 118.50000000001465 -458.69999999999965 -132.11342195448884
    vertex 118.50000000001474 -458.69999999999965 -110.55671097724442
  endloop
endfacet
facet normal -9.165827576366924e-31 1.0 1.0041768427311738e-29
  outer loop
    vertex 127.90496996055468 -458.69999999999965 -131.7060559096068
    vertex 118.50000000001474 -458.69999999999965 -110.55671097724442
    vertex 129.13659099427255 -458.69999999999965 -131.05391190208252
  endloop
endfacet
facet normal -9.165827576366924e-31 1.0 1.0041768427311738e-29
  outer loop
    vertex 129.13659099427255 -458.69999999999965 -131.05391190208252
    vertex 118.50000000001474 -458.69999999999965 -110.55671097724442
    vertex 130.32548729050404 -458.69999999999965 -130.32678895920893
  endloop
endfacet
facet normal -9.165827576366924e-31 1.0 1.0041768427311738e-29
  outer loop
    vertex 130.32548729050404 -458.69999999999965 -130.32678895920893
    vertex 118.50000000001474 -458.69999999999965 -110.55671097724442
    vertex 131.46710005922398 -458.69999999999965 -129.5274752138362
  endloop
endfacet
facet normal -9.165827576366924e-31 1.0 1.0041768427311738e-29
  outer loop
    vertex 131.46710005922398 -458.69999999999965 -129.5274752138362
    vertex 118.50000000001474 -458.69999999999965 -110.55671097724442
    vertex 132.55705181778808 -458.69999999999965 -128.6590356124538
  endloop
endfacet
facet normal -9.165827576366924e-31 1.0 1.0041768427311738e-29
  outer loop
    vertex 132.55705181778808 -458.69999999999965 -128.6590356124538
    vertex 118.50000000001474 -458.69999999999965 -110.55671097724442
    vertex 133.59116317626913 -458.69999999999965 -127.72480016273751
  endloop
endfacet
facet normal -9.165827576366924e-31 1.0 1.0041768427311738e-29
  outer loop
    vertex 133.59116317626913 -458.69999999999965 -127.72480016273751
    vertex 118.50000000001474 -458.69999999999965 -110.55671097724442
    vertex 134.5654688632126 -458.69999999999965 -126.72835116472719
  endloop
endfacet
facet normal -9.165827576366924e-31 1.0 1.0041768427311738e-29
  outer loop
    vertex 134.5654688632126 -458.69999999999965 -126.72835116472719
    vertex 118.50000000001474 -458.69999999999965 -110.55671097724442
    vertex 135.47623293036025 -458.69999999999965 -125.67350947459596
  endloop
endfacet
facet normal -9.165827576366924e-31 1.0 1.0041768427311738e-29
  outer loop
    vertex 135.47623293036025 -458.69999999999965 -125.67350947459596
    vertex 118.50000000001474 -458.69999999999965 -110.55671097724442
    vertex 136.31996307804067 -458.69999999999965 -124.5643198536829
  endloop
endfacet
facet normal -9.165827576366924e-31 1.0 1.0041768427311738e-29
  outer loop
    vertex 136.31996307804067 -458.69999999999965 -124.5643198536829
    vertex 118.50000000001474 -458.69999999999965 -110.55671097724442
    vertex 137.0934240462962 -458.69999999999965 -123.40503545896713
  endloop
endfacet
facet normal -9.165827576366924e-31 1.0 1.0041768427311738e-29
  outer loop
    vertex 137.0934240462962 -458.69999999999965 -123.40503545896713
    vertex 118.50000000001474 -458.69999999999965 -110.55671097724442
    vertex 137.79365002039737 -458.69999999999965 -122.20010153445504
  endloop
endfacet
facet normal -9.165827576366924e-31 1.0 1.0041768427311738e-29
  outer loop
    vertex 137.79365002039737 -458.69999999999965 -122.20010153445504
    vertex 118.50000000001474 -458.69999999999965 -110.55671097724442
    vertex 138.41795600317835 -458.69999999999965 -120.95413836601462
  endloop
endfacet
facet normal -9.165827576366924e-31 1.0 1.0041768427311738e-29
  outer loop
    vertex 138.41795600317835 -458.69999999999965 -120.95413836601462
    vertex 118.50000000001474 -458.69999999999965 -110.55671097724442
    vertex 138.96394811058363 -458.69999999999965 -119.67192356501704
  endloop
endfacet
facet normal -9.165827576366924e-31 1.0 1.0041768427311738e-29
  outer loop
    vertex 138.96394811058363 -458.69999999999965 -119.67192356501704
    vertex 118.50000000001474 -458.69999999999965 -110.55671097724442
    vertex 139.42953275095118 -458.69999999999965 -118.35837374871772
  endloop
endfacet
facet normal -9.165827576366924e-31 1.0 1.0041768427311738e-29
  outer loop
    vertex 139.42953275095118 -458.69999999999965 -118.35837374871772
    vertex 118.50000000001474 -458.69999999999965 -110.55671097724442
    vertex 139.81292465283119 -458.69999999999965 -117.01852568762308
  endloop
endfacet
facet normal -9.165827576366924e-31 1.0 1.0041768427311738e-29
  outer loop
    vertex 139.81292465283119 -458.69999999999965 -117.01852568762308
    vertex 118.50000000001474 -458.69999999999965 -110.55671097724442
    vertex 140.1126537105603 -458.69999999999965 -115.65751699213327
  endloop
endfacet
facet normal -9.165827576366924e-31 1.0 1.0041768427311738e-29
  outer loop
    vertex 140.1126537105603 -458.69999999999965 -115.65751699213327
    vertex 118.50000000001474 -458.69999999999965 -110.55671097724442
    vertex 140.3275706213417 -458.69999999999965 -114.2805664125167
  endloop
endfacet
facet normal -9.165827576366924e-31 1.0 1.0041768427311738e-29
  outer loop
    vertex 140.3275706213417 -458.69999999999965 -114.2805664125167
    vertex 118.50000000001474 -458.69999999999965 -110.55671097724442
    vertex 140.4568512922143 -458.69999999999965 -112.89295382775651
  endloop
endfacet
facet normal -9.165827576366924e-31 1.0 1.0041768427311738e-29
  outer loop
    vertex 140.4568512922143 -458.69999999999965 -112.89295382775651
    vertex 118.50000000001474 -458.69999999999965 -110.55671097724442
    vertex 140.50000000001478 -458.69999999999965 -111.50000000000007
  endloop
endfacet
facet normal -9.165827576366924e-31 1.0 1.0041768427311738e-29
  outer loop
    vertex 140.50000000001478 -458.69999999999965 -111.50000000000007
    vertex 118.50000000001474 -458.69999999999965 -110.55671097724442
    vertex 140.4568512922143 -458.69999999999965 -110.10704617224363
  endloop
endfacet
facet normal -9.165827576366924e-31 1.0 1.0041768427311738e-29
  outer loop
    vertex 140.4568512922143 -458.69999999999965 -110.10704617224363
    vertex 118.50000000001474 -458.69999999999965 -110.55671097724442
    vertex 118.50000000001484 -458.69999999999965 -89.00000000000001
  endloop
endfacet
facet normal -9.165827576366924e-31 1.0 1.0041768427311738e-29
  outer loop
    vertex 140.4568512922143 -458.69999999999965 -110.10704617224363
    vertex 118.50000000001484 -458.69999999999965 -89.00000000000001
    vertex 140.3275706213418 -458.69999999999965 -108.71943358748342
  endloop
endfacet
facet normal -9.165827576366924e-31 1.0 1.0041768427311738e-29
  outer loop
    vertex 140.3275706213418 -458.69999999999965 -108.71943358748342
    vertex 118.50000000001484 -458.69999999999965 -89.00000000000001
    vertex 140.11265371056038 -458.69999999999965 -107.34248300786687
  endloop
endfacet
facet normal -9.165827576366924e-31 1.0 1.0041768427311738e-29
  outer loop
    vertex 140.11265371056038 -458.69999999999965 -107.34248300786687
    vertex 118.50000000001484 -458.69999999999965 -89.00000000000001
    vertex 139.81292465283119 -458.69999999999965 -105.98147431237705
  endloop
endfacet
facet normal -9.165827576366924e-31 1.0 1.0041768427311738e-29
  outer loop
    vertex 139.81292465283119 -458.69999999999965 -105.98147431237705
    vertex 118.50000000001484 -458.69999999999965 -89.00000000000001
    vertex 139.42953275095127 -458.69999999999965 -104.64162625128242
  endloop
endfacet
facet normal -9.165827576366924e-31 1.0 1.0041768427311738e-29
  outer loop
    vertex 139.42953275095127 -458.69999999999965 -104.64162625128242
    vertex 118.50000000001484 -458.69999999999965 -89.00000000000001
    vertex 138.96394811058383 -458.69999999999965 -103.32807643498307
  endloop
endfacet
facet normal -9.165827576366924e-31 1.0 1.0041768427311738e-29
  outer loop
    vertex 138.96394811058383 -458.69999999999965 -103.32807643498307
    vertex 118.50000000001484 -458.69999999999965 -89.00000000000001
    vertex 138.41795600317843 -458.69999999999965 -102.0458616339855
  endloop
endfacet
facet normal -9.165827576366924e-31 1.0 1.0041768427311738e-29
  outer loop
    vertex 138.41795600317843 -458.69999999999965 -102.0458616339855
    vertex 118.50000000001484 -458.69999999999965 -89.00000000000001
    vertex 137.79365002039756 -458.69999999999965 -100.79989846554506
  endloop
endfacet
facet normal -9.165827576366924e-31 1.0 1.0041768427311738e-29
  outer loop
    vertex 137.79365002039756 -458.69999999999965 -100.79989846554506
    vertex 118.50000000001484 -458.69999999999965 -89.00000000000001
    vertex 137.0934240462963 -458.69999999999965 -99.59496454103295
  endloop
endfacet
facet normal -9.165827576366924e-31 1.0 1.0041768427311738e-29
  outer loop
    vertex 137.0934240462963 -458.69999999999965 -99.59496454103295
    vertex 118.50000000001484 -458.69999999999965 -89.00000000000001
    vertex 136.31996307804084 -458.69999999999965 -98.43568014631718
  endloop
endfacet
facet normal -9.165827576366924e-31 1.0 1.0041768427311738e-29
  outer loop
    vertex 136.31996307804084 -458.69999999999965 -98.43568014631718
    vertex 118.50000000001484 -458.69999999999965 -89.00000000000001
    vertex 135.47623293036045 -458.69999999999965 -97.3264905254041
  endloop
endfacet
facet normal -9.165827576366924e-31 1.0 1.0041768427311738e-29
  outer loop
    vertex 135.47623293036045 -458.69999999999965 -97.3264905254041
    vertex 118.50000000001484 -458.69999999999965 -89.00000000000001
    vertex 134.5654688632128 -458.69999999999965 -96.27164883527288
  endloop
endfacet
facet normal -9.165827576366924e-31 1.0 1.0041768427311738e-29
  outer loop
    vertex 134.5654688632128 -458.69999999999965 -96.27164883527288
    vertex 118.50000000001484 -458.69999999999965 -89.00000000000001
    vertex 133.5911631762693 -458.69999999999965 -95.27519983726253
  endloop
endfacet
facet normal -9.165827576366924e-31 1.0 1.0041768427311738e-29
  outer loop
    vertex 133.5911631762693 -458.69999999999965 -95.27519983726253
    vertex 118.50000000001484 -458.69999999999965 -89.00000000000001
    vertex 132.55705181778828 -458.69999999999965 -94.34096438754622
  endloop
endfacet
facet normal -9.165827576366924e-31 1.0 1.0041768427311738e-29
  outer loop
    vertex 132.55705181778828 -458.69999999999965 -94.34096438754622
    vertex 118.50000000001484 -458.69999999999965 -89.00000000000001
    vertex 131.46710005922415 -458.69999999999965 -93.4725247861638
  endloop
endfacet
facet normal -9.165827576366924e-31 1.0 1.0041768427311738e-29
  outer loop
    vertex 131.46710005922415 -458.69999999999965 -93.4725247861638
    vertex 118.50000000001484 -458.69999999999965 -89.00000000000001
    vertex 130.3254872905042 -458.69999999999965 -92.67321104079107
  endloop
endfacet
facet normal -9.165827576366924e-31 1.0 1.0041768427311738e-29
  outer loop
    vertex 130.3254872905042 -458.69999999999965 -92.67321104079107
    vertex 118.50000000001484 -458.69999999999965 -89.00000000000001
    vertex 129.13659099427275 -458.69999999999965 -91.94608809791745
  endloop
endfacet
facet normal -9.165827576366924e-31 1.0 1.0041768427311738e-29
  outer loop
    vertex 129.13659099427275 -458.69999999999965 -91.94608809791745
    vertex 118.50000000001484 -458.69999999999965 -89.00000000000001
    vertex 127.90496996055487 -458.69999999999965 -91.29394409039318
  endloop
endfacet
facet normal -9.165827576366924e-31 1.0 1.0041768427311738e-29
  outer loop
    vertex 127.90496996055487 -458.69999999999965 -91.29394409039318
    vertex 118.50000000001484 -458.69999999999965 -89.00000000000001
    vertex 126.6353468062021 -458.69999999999965 -90.71927964641087
  endloop
endfacet
facet normal -9.165827576366924e-31 1.0 1.0041768427311738e-29
  outer loop
    vertex 126.6353468062021 -458.69999999999965 -90.71927964641087
    vertex 118.50000000001484 -458.69999999999965 -89.00000000000001
    vertex 125.33258986614841 -458.69999999999965 -90.2242983009158
  endloop
endfacet
facet normal -9.165827576366924e-31 1.0 1.0041768427311738e-29
  outer loop
    vertex 125.33258986614841 -458.69999999999965 -90.2242983009158
    vertex 118.50000000001484 -458.69999999999965 -89.00000000000001
    vertex 124.00169452591432 -458.69999999999965 -89.81089804621196
  endloop
endfacet
facet normal -9.165827576366924e-31 1.0 1.0041768427311738e-29
  outer loop
    vertex 124.00169452591432 -458.69999999999965 -89.81089804621196
    vertex 118.50000000001484 -458.69999999999965 -89.00000000000001
    vertex 122.64776406693879 -458.69999999999965 -89.48066405416296
  endloop
endfacet
facet normal -9.165827576366924e-31 1.0 1.0041768427311738e-29
  outer loop
    vertex 122.64776406693879 -458.69999999999965 -89.48066405416296
    vertex 118.50000000001484 -458.69999999999965 -89.00000000000001
    vertex 121.27599009818798 -458.69999999999965 -89.23486259789429
  endloop
endfacet
facet normal -9.165827576366924e-31 1.0 1.0041768427311738e-29
  outer loop
    vertex 121.27599009818798 -458.69999999999965 -89.23486259789429
    vertex 118.50000000001484 -458.69999999999965 -89.00000000000001
    vertex 119.89163264907339 -458.69999999999965 -89.07443619630402
  endloop
endfacet
facet normal 0.053412043044441505 0.0 -0.9985725580336257
  outer loop
    vertex 119.8916326490732 -458.69999999999965 -133.92556380369587
    vertex 118.50000000001465 -466.6999999999997 -133.99999999999986
    vertex 118.50000000001465 -458.69999999999965 -133.99999999999986
  endloop
endfacet
facet normal 0.053412043044441505 0.0 -0.9985725580336257
  outer loop
    vertex 118.50000000001465 -466.6999999999997 -133.99999999999986
    vertex 119.8916326490732 -458.69999999999965 -133.92556380369587
    vertex 119.8916326490732 -466.6999999999997 -133.92556380369587
  endloop
endfacet
facet normal 0.053412043044457666 0.0 0.998572558033625
  outer loop
    vertex 119.89163264907339 -466.6999999999997 -89.07443619630402
    vertex 118.50000000001484 -458.69999999999965 -89.00000000000001
    vertex 118.50000000001484 -466.6999999999997 -89.00000000000001
  endloop
endfacet
facet normal 0.053412043044457666 0.0 0.998572558033625
  outer loop
    vertex 118.50000000001484 -458.69999999999965 -89.00000000000001
    vertex 119.89163264907339 -466.6999999999997 -89.07443619630402
    vertex 119.89163264907339 -458.69999999999965 -89.07443619630402
  endloop
endfacet
facet normal 0.11511471962121302 3.159738514801726e-29 -0.9933522040678874
  outer loop
    vertex 121.27599009818779 -458.69999999999965 -133.7651374021056
    vertex 119.8916326490732 -466.6999999999997 -133.92556380369587
    vertex 119.8916326490732 -458.69999999999965 -133.92556380369587
  endloop
endfacet
facet normal 0.11511471962121302 3.159738514801726e-29 -0.9933522040678874
  outer loop
    vertex 119.8916326490732 -466.6999999999997 -133.92556380369587
    vertex 121.27599009818779 -458.69999999999965 -133.7651374021056
    vertex 121.27599009818779 -466.6999999999997 -133.7651374021056
  endloop
endfacet
facet normal 0.2966372987228988 6.811989272716834e-29 -0.9549902161835909
  outer loop
    vertex 125.33258986614823 -458.69999999999965 -132.77570169908412
    vertex 124.00169452591405 -466.6999999999997 -133.18910195378797
    vertex 124.00169452591405 -458.69999999999965 -133.18910195378797
  endloop
endfacet
facet normal 0.2966372987228988 6.811989272716834e-29 -0.9549902161835909
  outer loop
    vertex 124.00169452591405 -466.6999999999997 -133.18910195378797
    vertex 125.33258986614823 -458.69999999999965 -132.77570169908412
    vertex 125.33258986614823 -466.6999999999997 -132.77570169908412
  endloop
endfacet
facet normal 0.7150066690130369 9.097414194758993e-29 -0.6991176319239
  outer loop
    vertex 133.59116317626913 -458.69999999999965 -127.72480016273751
    vertex 134.5654688632126 -466.6999999999997 -126.72835116472719
    vertex 133.59116317626913 -466.6999999999997 -127.72480016273751
  endloop
endfacet
facet normal 0.7150066690130369 9.097414194758993e-29 -0.6991176319239
  outer loop
    vertex 134.5654688632126 -466.6999999999997 -126.72835116472719
    vertex 133.59116317626913 -458.69999999999965 -127.72480016273751
    vertex 134.5654688632126 -458.69999999999965 -126.72835116472719
  endloop
endfacet
facet normal 0.7569066201108138 2.133984083544895e-28 -0.6535230435358987
  outer loop
    vertex 134.5654688632126 -458.69999999999965 -126.72835116472719
    vertex 135.47623293036025 -466.6999999999997 -125.67350947459596
    vertex 134.5654688632126 -466.6999999999997 -126.72835116472719
  endloop
endfacet
facet normal 0.7569066201108138 2.133984083544895e-28 -0.6535230435358987
  outer loop
    vertex 135.47623293036025 -466.6999999999997 -125.67350947459596
    vertex 134.5654688632126 -458.69999999999965 -126.72835116472719
    vertex 135.47623293036025 -458.69999999999965 -125.67350947459596
  endloop
endfacet
facet normal 0.7959042336702625 1.2052496496527433e-28 -0.6054225390797342
  outer loop
    vertex 135.47623293036025 -458.69999999999965 -125.67350947459596
    vertex 136.31996307804067 -466.6999999999997 -124.5643198536829
    vertex 135.47623293036025 -466.6999999999997 -125.67350947459596
  endloop
endfacet
facet normal 0.7959042336702625 1.2052496496527433e-28 -0.6054225390797342
  outer loop
    vertex 136.31996307804067 -466.6999999999997 -124.5643198536829
    vertex 135.47623293036025 -458.69999999999965 -125.67350947459596
    vertex 136.31996307804067 -458.69999999999965 -124.5643198536829
  endloop
endfacet
facet normal 0.6231529238960691 0.0 -0.7821000149851554
  outer loop
    vertex 132.55705181778808 -458.69999999999965 -128.6590356124538
    vertex 131.46710005922398 -466.6999999999997 -129.5274752138362
    vertex 131.46710005922398 -458.69999999999965 -129.5274752138362
  endloop
endfacet
facet normal 0.6231529238960691 0.0 -0.7821000149851554
  outer loop
    vertex 131.46710005922398 -466.6999999999997 -129.5274752138362
    vertex 132.55705181778808 -458.69999999999965 -128.6590356124538
    vertex 132.55705181778808 -466.6999999999997 -128.6590356124538
  endloop
endfacet
facet normal 0.3551761944391573 7.492586377473287e-29 -0.9347993746808553
  outer loop
    vertex 126.63534680620191 -458.69999999999965 -132.2807203535891
    vertex 125.33258986614823 -466.6999999999997 -132.77570169908412
    vertex 125.33258986614823 -458.69999999999965 -132.77570169908412
  endloop
endfacet
facet normal 0.3551761944391573 7.492586377473287e-29 -0.9347993746808553
  outer loop
    vertex 125.33258986614823 -466.6999999999997 -132.77570169908412
    vertex 126.63534680620191 -458.69999999999965 -132.2807203535891
    vertex 126.63534680620191 -466.6999999999997 -132.2807203535891
  endloop
endfacet
facet normal 0.8318499744187665 8.818681766824898e-29 -0.555000558611879
  outer loop
    vertex 136.31996307804067 -458.69999999999965 -124.5643198536829
    vertex 137.0934240462962 -466.6999999999997 -123.40503545896713
    vertex 136.31996307804067 -466.6999999999997 -124.5643198536829
  endloop
endfacet
facet normal 0.8318499744187665 8.818681766824898e-29 -0.555000558611879
  outer loop
    vertex 137.0934240462962 -466.6999999999997 -123.40503545896713
    vertex 136.31996307804067 -458.69999999999965 -124.5643198536829
    vertex 137.0934240462962 -458.69999999999965 -123.40503545896713
  endloop
endfacet
facet normal 0.52175049037647 -2.713606532554523e-29 -0.8530981337407282
  outer loop
    vertex 130.32548729050404 -458.69999999999965 -130.32678895920893
    vertex 129.13659099427255 -466.6999999999997 -131.05391190208252
    vertex 129.13659099427255 -458.69999999999965 -131.05391190208252
  endloop
endfacet
facet normal 0.52175049037647 -2.713606532554523e-29 -0.8530981337407282
  outer loop
    vertex 129.13659099427255 -466.6999999999997 -131.05391190208252
    vertex 130.32548729050404 -458.69999999999965 -130.32678895920893
    vertex 130.32548729050404 -466.6999999999997 -130.32678895920893
  endloop
endfacet
facet normal 0.23696095547418364 6.105271783157884e-29 -0.9715191740674818
  outer loop
    vertex 124.00169452591405 -458.69999999999965 -133.18910195378797
    vertex 122.64776406693852 -466.6999999999997 -133.51933594583696
    vertex 122.64776406693852 -458.69999999999965 -133.51933594583696
  endloop
endfacet
facet normal 0.23696095547418364 6.105271783157884e-29 -0.9715191740674818
  outer loop
    vertex 122.64776406693852 -466.6999999999997 -133.51933594583696
    vertex 124.00169452591405 -458.69999999999965 -133.18910195378797
    vertex 124.00169452591405 -466.6999999999997 -133.18910195378797
  endloop
endfacet
facet normal 0.4123531768434242 0.0 -0.9110240707836078
  outer loop
    vertex 127.90496996055468 -458.69999999999965 -131.7060559096068
    vertex 126.63534680620191 -466.6999999999997 -132.2807203535891
    vertex 126.63534680620191 -458.69999999999965 -132.2807203535891
  endloop
endfacet
facet normal 0.4123531768434242 0.0 -0.9110240707836078
  outer loop
    vertex 126.63534680620191 -466.6999999999997 -132.2807203535891
    vertex 127.90496996055468 -458.69999999999965 -131.7060559096068
    vertex 127.90496996055468 -466.6999999999997 -131.7060559096068
  endloop
endfacet
facet normal 0.467949002375252 -8.765090674179387e-29 -0.8837554702382366
  outer loop
    vertex 129.13659099427255 -458.69999999999965 -131.05391190208252
    vertex 127.90496996055468 -466.6999999999997 -131.7060559096068
    vertex 127.90496996055468 -458.69999999999965 -131.7060559096068
  endloop
endfacet
facet normal 0.467949002375252 -8.765090674179387e-29 -0.8837554702382366
  outer loop
    vertex 127.90496996055468 -466.6999999999997 -131.7060559096068
    vertex 129.13659099427255 -458.69999999999965 -131.05391190208252
    vertex 129.13659099427255 -466.6999999999997 -131.05391190208252
  endloop
endfacet
facet normal 0.1763759919836762 0.0 -0.9843228684998507
  outer loop
    vertex 122.64776406693852 -458.69999999999965 -133.51933594583696
    vertex 121.27599009818779 -466.6999999999997 -133.7651374021056
    vertex 121.27599009818779 -458.69999999999965 -133.7651374021056
  endloop
endfacet
facet normal 0.1763759919836762 0.0 -0.9843228684998507
  outer loop
    vertex 121.27599009818779 -466.6999999999997 -133.7651374021056
    vertex 122.64776406693852 -458.69999999999965 -133.51933594583696
    vertex 122.64776406693852 -466.6999999999997 -133.51933594583696
  endloop
endfacet
facet normal 0.5735513405266749 2.60568384026901e-29 -0.8191696160015058
  outer loop
    vertex 131.46710005922398 -458.69999999999965 -129.5274752138362
    vertex 130.32548729050404 -466.6999999999997 -130.32678895920893
    vertex 130.32548729050404 -458.69999999999965 -130.32678895920893
  endloop
endfacet
facet normal 0.5735513405266749 2.60568384026901e-29 -0.8191696160015058
  outer loop
    vertex 130.32548729050404 -466.6999999999997 -130.32678895920893
    vertex 131.46710005922398 -458.69999999999965 -129.5274752138362
    vertex 131.46710005922398 -466.6999999999997 -129.5274752138362
  endloop
endfacet
facet normal 0.6703650445826798 -3.2439940568444772e-18 -0.7420314730533077
  outer loop
    vertex 133.59116317626913 -458.69999999999965 -127.72480016273751
    vertex 132.55705181778808 -466.6999999999997 -128.6590356124538
    vertex 132.55705181778808 -458.69999999999965 -128.6590356124538
  endloop
endfacet
facet normal 0.6703650445826798 -3.2439940568444772e-18 -0.7420314730533077
  outer loop
    vertex 132.55705181778808 -466.6999999999997 -128.6590356124538
    vertex 133.59116317626913 -458.69999999999965 -127.72480016273751
    vertex 133.59116317626913 -466.6999999999997 -127.72480016273751
  endloop
endfacet
facet normal 6.085001818959672e-17 0.7071067811865441 0.707106781186551
  outer loop
    vertex -41.49999999998533 -488.11421356237275 -130.69920839211565
    vertex -46.49999999998527 -486.9121320343555 -131.90128992013285
    vertex -46.49999999998527 -488.11421356237275 -130.69920839211565
  endloop
endfacet
facet normal 6.085001818959672e-17 0.7071067811865441 0.707106781186551
  outer loop
    vertex -46.49999999998527 -486.9121320343555 -131.90128992013285
    vertex -41.49999999998533 -488.11421356237275 -130.69920839211565
    vertex 48.50000000001469 -486.9121320343555 -131.90128992013288
  endloop
endfacet
facet normal 6.085001818959672e-17 0.7071067811865441 0.707106781186551
  outer loop
    vertex 48.50000000001469 -486.9121320343555 -131.90128992013288
    vertex -41.49999999998533 -488.11421356237275 -130.69920839211565
    vertex 41.50000000001466 -488.11421356237275 -130.69920839211565
  endloop
endfacet
facet normal 6.085001818959672e-17 0.7071067811865441 0.707106781186551
  outer loop
    vertex 48.50000000001469 -486.9121320343555 -131.90128992013288
    vertex 41.50000000001466 -488.11421356237275 -130.69920839211565
    vertex 48.50000000001469 -488.11421356237275 -130.69920839211565
  endloop
endfacet
facet normal 8.396035444009795e-17 0.7071067811865663 0.7071067811865288
  outer loop
    vertex -46.49999999998527 -484.08370490960925 -129.07286279538675
    vertex 48.50000000001469 -483.8715728752533 -129.28499482974271
    vertex -46.49999999998527 -483.8715728752533 -129.28499482974271
  endloop
endfacet
facet normal 8.396035444009795e-17 0.7071067811865663 0.7071067811865288
  outer loop
    vertex 48.50000000001469 -483.8715728752533 -129.28499482974271
    vertex -46.49999999998527 -484.08370490960925 -129.07286279538675
    vertex 48.50000000001469 -484.08370490960925 -129.07286279538675
  endloop
endfacet
facet normal 2.2161826767364432e-16 -0.7071067811865245 0.7071067811865706
  outer loop
    vertex 48.50000000001469 -486.9121320343555 -131.90128992013288
    vertex -46.49999999998527 -484.08370490960925 -129.07286279538675
    vertex -46.49999999998527 -486.9121320343555 -131.90128992013285
  endloop
endfacet
facet normal 2.2161826767364432e-16 -0.7071067811865245 0.7071067811865706
  outer loop
    vertex -46.49999999998527 -484.08370490960925 -129.07286279538675
    vertex 48.50000000001469 -486.9121320343555 -131.90128992013288
    vertex 48.50000000001469 -484.08370490960925 -129.07286279538675
  endloop
endfacet
facet normal -0.017242603833821108 0.05029092784864496 0.9985857575537278
  outer loop
    vertex 118.50000000001465 -458.69999999999965 -132.11342195448884
    vertex 48.50000000001469 -482.6999999999996 -132.11342195448884
    vertex 48.50000000001469 -486.9121320343555 -131.90128992013288
  endloop
endfacet
facet normal -0.27216552697590785 0.6804138174397706 0.6804138174397731
  outer loop
    vertex 118.50000000001465 -458.69999999999965 -132.11342195448884
    vertex 48.50000000001469 -486.9121320343555 -131.90128992013288
    vertex 48.50000000001469 -488.11421356237275 -130.69920839211565
  endloop
endfacet
facet normal 0.2721655269759207 0.6804138174397812 0.6804138174397575
  outer loop
    vertex -46.49999999998527 -488.11421356237275 -130.69920839211565
    vertex -81.49999999998535 -472.69999999999953 -132.1134219544885
    vertex -116.49999999998532 -458.6999999999995 -132.11342195448816
  endloop
endfacet
facet normal -1.0 0.0 0.0
  outer loop
    vertex -46.49999999998527 -484.08370490960925 -129.07286279538675
    vertex -46.49999999998527 -482.6999999999996 -132.11342195448884
    vertex -46.49999999998527 -486.9121320343555 -131.90128992013285
  endloop
endfacet
facet normal -1.0 0.0 0.0
  outer loop
    vertex -46.49999999998527 -482.6999999999996 -132.11342195448884
    vertex -46.49999999998527 -484.08370490960925 -129.07286279538675
    vertex -46.49999999998527 -483.8715728752533 -129.28499482974271
  endloop
endfacet
facet normal 2.59041618284394e-15 -7.430566741730292e-15 1.0
  outer loop
    vertex -50.4285714285568 -466.6999999999998 -132.11342195448853
    vertex 48.50000000001469 -458.69999999999965 -132.11342195448884
    vertex -51.99999999998547 -458.69999999999953 -132.11342195448842
  endloop
endfacet
facet normal 2.59041618284394e-15 -7.430566741730292e-15 1.0
  outer loop
    vertex 48.50000000001469 -458.69999999999965 -132.11342195448884
    vertex -50.4285714285568 -466.6999999999998 -132.11342195448853
    vertex -46.49999999998527 -482.6999999999996 -132.11342195448884
  endloop
endfacet
facet normal 2.59041618284394e-15 -7.430566741730292e-15 1.0
  outer loop
    vertex 48.50000000001469 -458.69999999999965 -132.11342195448884
    vertex -46.49999999998527 -482.6999999999996 -132.11342195448884
    vertex 48.50000000001469 -482.6999999999996 -132.11342195448884
  endloop
endfacet
facet normal 2.59041618284394e-15 -7.430566741730292e-15 1.0
  outer loop
    vertex 48.50000000001469 -458.69999999999965 -132.11342195448884
    vertex 48.50000000001469 -482.6999999999996 -132.11342195448884
    vertex 54.000000000014516 -458.69999999999965 -132.11342195448884
  endloop
endfacet
facet normal 1.0 0.0 0.0
  outer loop
    vertex 48.50000000001469 -482.6999999999996 -132.11342195448884
    vertex 48.50000000001469 -484.08370490960925 -129.07286279538675
    vertex 48.50000000001469 -486.9121320343555 -131.90128992013288
  endloop
endfacet
facet normal 1.0 0.0 0.0
  outer loop
    vertex 48.50000000001469 -484.08370490960925 -129.07286279538675
    vertex 48.50000000001469 -482.6999999999996 -132.11342195448884
    vertex 48.50000000001469 -483.8715728752533 -129.28499482974271
  endloop
endfacet
facet normal 0.0 0.9238795325112948 0.3826834323650702
  outer loop
    vertex -46.49999999998527 -483.8715728752533 -129.28499482974271
    vertex 48.50000000001469 -482.6999999999996 -132.11342195448884
    vertex -46.49999999998527 -482.6999999999996 -132.11342195448884
  endloop
endfacet
facet normal 0.0 0.9238795325112948 0.3826834323650702
  outer loop
    vertex 48.50000000001469 -482.6999999999996 -132.11342195448884
    vertex -46.49999999998527 -483.8715728752533 -129.28499482974271
    vertex 48.50000000001469 -483.8715728752533 -129.28499482974271
  endloop
endfacet
facet normal 0.014369489233411817 0.050293212316907296 0.9986311183685482
  outer loop
    vertex -46.49999999998527 -482.6999999999996 -132.11342195448884
    vertex -81.49999999998535 -472.69999999999953 -132.1134219544885
    vertex -46.49999999998527 -486.9121320343555 -131.90128992013285
  endloop
endfacet
facet normal 0.27216552697591107 0.680413817439762 0.6804138174397804
  outer loop
    vertex -46.49999999998527 -486.9121320343555 -131.90128992013285
    vertex -81.49999999998535 -472.69999999999953 -132.1134219544885
    vertex -46.49999999998527 -488.11421356237275 -130.69920839211565
  endloop
endfacet
facet normal 6.323750695185144e-15 0.7071067811865265 -0.7071067811865687
  outer loop
    vertex 43.54770384321006 -454.48255570771875 -101.3101912245808
    vertex 43.54770384321006 -454.9949912730169 -101.822626789879
    vertex 43.500000000014744 -454.73877349036786 -101.56640900722991
  endloop
endfacet
facet normal 6.323750695185144e-15 0.7071067811865265 -0.7071067811865687
  outer loop
    vertex 43.54770384321006 -454.9949912730169 -101.822626789879
    vertex 43.54770384321006 -454.48255570771875 -101.3101912245808
    vertex 43.68756443471652 -454.2437987435372 -101.07143426039934
  endloop
endfacet
facet normal 6.323750695185144e-15 0.7071067811865265 -0.7071067811865687
  outer loop
    vertex 43.54770384321006 -454.9949912730169 -101.822626789879
    vertex 43.68756443471652 -454.2437987435372 -101.07143426039934
    vertex 43.68756443471652 -455.23374823719837 -102.06138375406047
  endloop
endfacet
facet normal 6.323750695185144e-15 0.7071067811865265 -0.7071067811865687
  outer loop
    vertex 43.68756443471652 -455.23374823719837 -102.06138375406047
    vertex 43.68756443471652 -454.2437987435372 -101.07143426039934
    vertex 43.91005050635356 -454.0387734903678 -100.86640900722993
  endloop
endfacet
facet normal 6.323750695185144e-15 0.7071067811865265 -0.7071067811865687
  outer loop
    vertex 43.68756443471652 -455.23374823719837 -102.06138375406047
    vertex 43.91005050635356 -454.0387734903678 -100.86640900722993
    vertex 43.91005050635356 -455.43877349036785 -102.26640900722988
  endloop
endfacet
facet normal 6.323750695185144e-15 0.7071067811865265 -0.7071067811865687
  outer loop
    vertex 43.91005050635356 -455.43877349036785 -102.26640900722988
    vertex 43.91005050635356 -454.0387734903678 -100.86640900722993
    vertex 44.20000000001472 -453.88145208039373 -100.70908759725583
  endloop
endfacet
facet normal 6.323750695185144e-15 0.7071067811865265 -0.7071067811865687
  outer loop
    vertex 43.91005050635356 -455.43877349036785 -102.26640900722988
    vertex 44.20000000001472 -453.88145208039373 -100.70908759725583
    vertex 44.20000000001472 -455.59609490034194 -102.42373041720397
  endloop
endfacet
facet normal 6.323750695185144e-15 0.7071067811865265 -0.7071067811865687
  outer loop
    vertex 44.20000000001472 -455.59609490034194 -102.42373041720397
    vertex 44.20000000001472 -453.88145208039373 -100.70908759725583
    vertex 44.537653336871195 -453.7825557077187 -100.61019122458084
  endloop
endfacet
facet normal 6.323750695185144e-15 0.7071067811865265 -0.7071067811865687
  outer loop
    vertex 44.20000000001472 -455.59609490034194 -102.42373041720397
    vertex 44.537653336871195 -453.7825557077187 -100.61019122458084
    vertex 44.537653336871195 -455.69499127301697 -102.52262678987896
  endloop
endfacet
facet normal 6.323750695185144e-15 0.7071067811865265 -0.7071067811865687
  outer loop
    vertex 44.537653336871195 -455.69499127301697 -102.52262678987896
    vertex 44.537653336871195 -453.7825557077187 -100.61019122458084
    vertex 44.900000000014714 -453.7488239967067 -100.57645951356879
  endloop
endfacet
facet normal 6.323750695185144e-15 0.7071067811865265 -0.7071067811865687
  outer loop
    vertex 44.537653336871195 -455.69499127301697 -102.52262678987896
    vertex 44.900000000014714 -453.7488239967067 -100.57645951356879
    vertex 44.900000000014714 -455.72872298402905 -102.55635850089101
  endloop
endfacet
facet normal 6.323750695185144e-15 0.7071067811865265 -0.7071067811865687
  outer loop
    vertex 44.900000000014714 -455.72872298402905 -102.55635850089101
    vertex 44.900000000014714 -453.7488239967067 -100.57645951356879
    vertex 45.26234666315824 -453.7825557077187 -100.61019122458084
  endloop
endfacet
facet normal 6.323750695185144e-15 0.7071067811865265 -0.7071067811865687
  outer loop
    vertex 44.900000000014714 -455.72872298402905 -102.55635850089101
    vertex 45.26234666315824 -453.7825557077187 -100.61019122458084
    vertex 45.26234666315824 -455.69499127301697 -102.52262678987896
  endloop
endfacet
facet normal 6.323750695185144e-15 0.7071067811865265 -0.7071067811865687
  outer loop
    vertex 45.26234666315824 -455.69499127301697 -102.52262678987896
    vertex 45.26234666315824 -453.7825557077187 -100.61019122458084
    vertex 45.600000000014695 -453.88145208039373 -100.70908759725585
  endloop
endfacet
facet normal 6.323750695185144e-15 0.7071067811865265 -0.7071067811865687
  outer loop
    vertex 45.26234666315824 -455.69499127301697 -102.52262678987896
    vertex 45.600000000014695 -453.88145208039373 -100.70908759725585
    vertex 45.600000000014695 -455.59609490034194 -102.42373041720397
  endloop
endfacet
facet normal 6.323750695185144e-15 0.7071067811865265 -0.7071067811865687
  outer loop
    vertex 45.600000000014695 -455.59609490034194 -102.42373041720397
    vertex 45.600000000014695 -453.88145208039373 -100.70908759725585
    vertex 45.88994949367585 -454.0387734903678 -100.86640900722993
  endloop
endfacet
facet normal 6.323750695185144e-15 0.7071067811865265 -0.7071067811865687
  outer loop
    vertex 45.600000000014695 -455.59609490034194 -102.42373041720397
    vertex 45.88994949367585 -454.0387734903678 -100.86640900722993
    vertex 45.88994949367585 -455.43877349036785 -102.26640900722988
  endloop
endfacet
facet normal 6.323750695185144e-15 0.7071067811865265 -0.7071067811865687
  outer loop
    vertex 45.88994949367585 -455.43877349036785 -102.26640900722988
    vertex 45.88994949367585 -454.0387734903678 -100.86640900722993
    vertex 46.11243556531291 -454.2437987435373 -101.07143426039934
  endloop
endfacet
facet normal 6.323750695185144e-15 0.7071067811865265 -0.7071067811865687
  outer loop
    vertex 45.88994949367585 -455.43877349036785 -102.26640900722988
    vertex 46.11243556531291 -454.2437987435373 -101.07143426039934
    vertex 46.11243556531291 -455.2337482371985 -102.06138375406047
  endloop
endfacet
facet normal 6.323750695185144e-15 0.7071067811865265 -0.7071067811865687
  outer loop
    vertex 46.11243556531291 -455.2337482371985 -102.06138375406047
    vertex 46.11243556531291 -454.2437987435373 -101.07143426039934
    vertex 46.25229615681938 -454.48255570771875 -101.3101912245808
  endloop
endfacet
facet normal 6.323750695185144e-15 0.7071067811865265 -0.7071067811865687
  outer loop
    vertex 46.11243556531291 -455.2337482371985 -102.06138375406047
    vertex 46.25229615681938 -454.48255570771875 -101.3101912245808
    vertex 46.25229615681938 -454.9949912730169 -101.822626789879
  endloop
endfacet
facet normal 6.323750695185144e-15 0.7071067811865265 -0.7071067811865687
  outer loop
    vertex 46.25229615681938 -454.9949912730169 -101.822626789879
    vertex 46.25229615681938 -454.48255570771875 -101.3101912245808
    vertex 46.30000000001469 -454.73877349036786 -101.56640900722991
  endloop
endfacet
facet normal 0.9238795325112785 0.27059805007311644 0.27059805007310855
  outer loop
    vertex 46.25229615681938 -454.48255570771875 -101.3101912245808
    vertex 46.112435565312886 -456.3651190870969 -98.95011391683964
    vertex 46.252296156819355 -456.60387605127835 -99.1888708810211
  endloop
endfacet
facet normal 0.9238795325112785 0.27059805007311644 0.27059805007310855
  outer loop
    vertex 46.112435565312886 -456.3651190870969 -98.95011391683964
    vertex 46.25229615681938 -454.48255570771875 -101.3101912245808
    vertex 46.11243556531291 -454.2437987435373 -101.07143426039934
  endloop
endfacet
facet normal 0.9914448613738094 0.09229595564126128 0.09229595564126464
  outer loop
    vertex 46.30000000001469 -454.73877349036786 -101.56640900722991
    vertex 46.252296156819355 -456.60387605127835 -99.1888708810211
    vertex 46.30000000001467 -456.86009383392746 -99.44508866367019
  endloop
endfacet
facet normal 0.9914448613738094 0.09229595564126128 0.09229595564126464
  outer loop
    vertex 46.252296156819355 -456.60387605127835 -99.1888708810211
    vertex 46.30000000001469 -454.73877349036786 -101.56640900722991
    vertex 46.25229615681938 -454.48255570771875 -101.3101912245808
  endloop
endfacet
facet normal 0.9914448613738094 -0.09229595564127013 -0.09229595564125577
  outer loop
    vertex 46.25229615681938 -454.9949912730169 -101.822626789879
    vertex 46.30000000001467 -456.86009383392746 -99.44508866367019
    vertex 46.252296156819355 -457.1163116165765 -99.7013064463193
  endloop
endfacet
facet normal 0.9914448613738094 -0.09229595564127013 -0.09229595564125577
  outer loop
    vertex 46.30000000001467 -456.86009383392746 -99.44508866367019
    vertex 46.25229615681938 -454.9949912730169 -101.822626789879
    vertex 46.30000000001469 -454.73877349036786 -101.56640900722991
  endloop
endfacet
facet normal 0.9238795325113043 -0.270598050073081 -0.27059805007305665
  outer loop
    vertex 46.11243556531291 -455.2337482371985 -102.06138375406047
    vertex 46.252296156819355 -457.1163116165765 -99.7013064463193
    vertex 46.112435565312886 -457.3550685807581 -99.94006341050076
  endloop
endfacet
facet normal 0.9238795325113043 -0.270598050073081 -0.27059805007305665
  outer loop
    vertex 46.252296156819355 -457.1163116165765 -99.7013064463193
    vertex 46.11243556531291 -455.2337482371985 -102.06138375406047
    vertex 46.25229615681938 -454.9949912730169 -101.822626789879
  endloop
endfacet
facet normal 0.7933533402912142 -0.4304593345769151 -0.4304593345768823
  outer loop
    vertex 45.88994949367585 -455.43877349036785 -102.26640900722988
    vertex 46.112435565312886 -457.3550685807581 -99.94006341050076
    vertex 45.88994949367583 -457.56009383392745 -100.14508866367017
  endloop
endfacet
facet normal 0.7933533402912142 -0.4304593345769151 -0.4304593345768823
  outer loop
    vertex 46.112435565312886 -457.3550685807581 -99.94006341050076
    vertex 45.88994949367585 -455.43877349036785 -102.26640900722988
    vertex 46.11243556531291 -455.2337482371985 -102.06138375406047
  endloop
endfacet
facet normal 0.6087614290086649 -0.5609855267969808 -0.5609855267969418
  outer loop
    vertex 45.600000000014695 -455.59609490034194 -102.42373041720397
    vertex 45.88994949367583 -457.56009383392745 -100.14508866367017
    vertex 45.60000000001467 -457.71741524390154 -100.30241007364427
  endloop
endfacet
facet normal 0.6087614290086649 -0.5609855267969808 -0.5609855267969418
  outer loop
    vertex 45.88994949367583 -457.56009383392745 -100.14508866367017
    vertex 45.600000000014695 -455.59609490034194 -102.42373041720397
    vertex 45.88994949367585 -455.43877349036785 -102.26640900722988
  endloop
endfacet
facet normal 0.38268343236513047 -0.6532814824381976 -0.6532814824381552
  outer loop
    vertex 45.600000000014695 -455.59609490034194 -102.42373041720397
    vertex 45.26234666315822 -457.81631161657657 -100.40130644631925
    vertex 45.26234666315824 -455.69499127301697 -102.52262678987896
  endloop
endfacet
facet normal 0.38268343236513047 -0.6532814824381976 -0.6532814824381552
  outer loop
    vertex 45.26234666315822 -457.81631161657657 -100.40130644631925
    vertex 45.600000000014695 -455.59609490034194 -102.42373041720397
    vertex 45.60000000001467 -457.71741524390154 -100.30241007364427
  endloop
endfacet
facet normal 0.1305261922200547 -0.7010573846499992 -0.7010573846499562
  outer loop
    vertex 45.26234666315824 -455.69499127301697 -102.52262678987896
    vertex 44.90000000001469 -457.85004332758865 -100.4350381573313
    vertex 44.900000000014714 -455.72872298402905 -102.55635850089101
  endloop
endfacet
facet normal 0.1305261922200547 -0.7010573846499992 -0.7010573846499562
  outer loop
    vertex 44.90000000001469 -457.85004332758865 -100.4350381573313
    vertex 45.26234666315824 -455.69499127301697 -102.52262678987896
    vertex 45.26234666315822 -457.81631161657657 -100.40130644631925
  endloop
endfacet
facet normal -0.1305261922200547 -0.701057384649998 -0.7010573846499574
  outer loop
    vertex 44.90000000001469 -457.85004332758865 -100.4350381573313
    vertex 44.537653336871195 -455.69499127301697 -102.52262678987896
    vertex 44.900000000014714 -455.72872298402905 -102.55635850089101
  endloop
endfacet
facet normal -0.1305261922200547 -0.701057384649998 -0.7010573846499574
  outer loop
    vertex 44.537653336871195 -455.69499127301697 -102.52262678987896
    vertex 44.90000000001469 -457.85004332758865 -100.4350381573313
    vertex 44.537653336871166 -457.81631161657657 -100.40130644631925
  endloop
endfacet
facet normal -0.382683432365125 -0.6532814824381958 -0.6532814824381602
  outer loop
    vertex 44.537653336871166 -457.81631161657657 -100.40130644631925
    vertex 44.20000000001472 -455.59609490034194 -102.42373041720397
    vertex 44.537653336871195 -455.69499127301697 -102.52262678987896
  endloop
endfacet
facet normal -0.382683432365125 -0.6532814824381958 -0.6532814824381602
  outer loop
    vertex 44.20000000001472 -455.59609490034194 -102.42373041720397
    vertex 44.537653336871166 -457.81631161657657 -100.40130644631925
    vertex 44.20000000001472 -457.71741524390154 -100.30241007364427
  endloop
endfacet
facet normal -0.6087614290086723 -0.5609855267969712 -0.5609855267969432
  outer loop
    vertex 43.91005050635356 -457.56009383392745 -100.14508866367017
    vertex 44.20000000001472 -455.59609490034194 -102.42373041720397
    vertex 44.20000000001472 -457.71741524390154 -100.30241007364427
  endloop
endfacet
facet normal -0.6087614290086723 -0.5609855267969712 -0.5609855267969432
  outer loop
    vertex 44.20000000001472 -455.59609490034194 -102.42373041720397
    vertex 43.91005050635356 -457.56009383392745 -100.14508866367017
    vertex 43.91005050635356 -455.43877349036785 -102.26640900722988
  endloop
endfacet
facet normal -0.7933533402912789 -0.43045933457684843 -0.43045933457682983
  outer loop
    vertex 43.6875644347165 -457.355068580758 -99.94006341050076
    vertex 43.91005050635356 -455.43877349036785 -102.26640900722988
    vertex 43.91005050635356 -457.56009383392745 -100.14508866367017
  endloop
endfacet
facet normal -0.7933533402912789 -0.43045933457684843 -0.43045933457682983
  outer loop
    vertex 43.91005050635356 -455.43877349036785 -102.26640900722988
    vertex 43.6875644347165 -457.355068580758 -99.94006341050076
    vertex 43.68756443471652 -455.23374823719837 -102.06138375406047
  endloop
endfacet
facet normal -0.9238795325112785 -0.27059805007311644 -0.27059805007310855
  outer loop
    vertex 43.54770384321004 -457.1163116165765 -99.7013064463193
    vertex 43.68756443471652 -455.23374823719837 -102.06138375406047
    vertex 43.6875644347165 -457.355068580758 -99.94006341050076
  endloop
endfacet
facet normal -0.9238795325112785 -0.27059805007311644 -0.27059805007310855
  outer loop
    vertex 43.68756443471652 -455.23374823719837 -102.06138375406047
    vertex 43.54770384321004 -457.1163116165765 -99.7013064463193
    vertex 43.54770384321006 -454.9949912730169 -101.822626789879
  endloop
endfacet
facet normal -0.9914448613738094 -0.09229595564126128 -0.09229595564126464
  outer loop
    vertex 43.50000000001472 -456.86009383392746 -99.44508866367019
    vertex 43.54770384321006 -454.9949912730169 -101.822626789879
    vertex 43.54770384321004 -457.1163116165765 -99.7013064463193
  endloop
endfacet
facet normal -0.9914448613738094 -0.09229595564126128 -0.09229595564126464
  outer loop
    vertex 43.54770384321006 -454.9949912730169 -101.822626789879
    vertex 43.50000000001472 -456.86009383392746 -99.44508866367019
    vertex 43.500000000014744 -454.73877349036786 -101.56640900722991
  endloop
endfacet
facet normal -0.9914448613738094 0.09229595564127013 0.09229595564125577
  outer loop
    vertex 43.54770384321004 -456.60387605127835 -99.1888708810211
    vertex 43.500000000014744 -454.73877349036786 -101.56640900722991
    vertex 43.50000000001472 -456.86009383392746 -99.44508866367019
  endloop
endfacet
facet normal -0.9914448613738094 0.09229595564127013 0.09229595564125577
  outer loop
    vertex 43.500000000014744 -454.73877349036786 -101.56640900722991
    vertex 43.54770384321004 -456.60387605127835 -99.1888708810211
    vertex 43.54770384321006 -454.48255570771875 -101.3101912245808
  endloop
endfacet
facet normal -0.9238795325113043 0.270598050073081 0.27059805007305665
  outer loop
    vertex 43.6875644347165 -456.3651190870968 -98.95011391683964
    vertex 43.54770384321006 -454.48255570771875 -101.3101912245808
    vertex 43.54770384321004 -456.60387605127835 -99.1888708810211
  endloop
endfacet
facet normal -0.9238795325113043 0.270598050073081 0.27059805007305665
  outer loop
    vertex 43.54770384321006 -454.48255570771875 -101.3101912245808
    vertex 43.6875644347165 -456.3651190870968 -98.95011391683964
    vertex 43.68756443471652 -454.2437987435372 -101.07143426039934
  endloop
endfacet
facet normal -0.7933533402912142 0.4304593345769151 0.4304593345768823
  outer loop
    vertex 43.91005050635356 -456.1600938339274 -98.74508866367023
    vertex 43.68756443471652 -454.2437987435372 -101.07143426039934
    vertex 43.6875644347165 -456.3651190870968 -98.95011391683964
  endloop
endfacet
facet normal -0.7933533402912142 0.4304593345769151 0.4304593345768823
  outer loop
    vertex 43.68756443471652 -454.2437987435372 -101.07143426039934
    vertex 43.91005050635356 -456.1600938339274 -98.74508866367023
    vertex 43.91005050635356 -454.0387734903678 -100.86640900722993
  endloop
endfacet
facet normal -0.6087614290086649 0.5609855267969808 0.5609855267969418
  outer loop
    vertex 44.20000000001472 -456.00277242395333 -98.58776725369613
    vertex 43.91005050635356 -454.0387734903678 -100.86640900722993
    vertex 43.91005050635356 -456.1600938339274 -98.74508866367023
  endloop
endfacet
facet normal -0.6087614290086649 0.5609855267969808 0.5609855267969418
  outer loop
    vertex 43.91005050635356 -454.0387734903678 -100.86640900722993
    vertex 44.20000000001472 -456.00277242395333 -98.58776725369613
    vertex 44.20000000001472 -453.88145208039373 -100.70908759725583
  endloop
endfacet
facet normal -0.38268343236513047 0.6532814824381976 0.6532814824381552
  outer loop
    vertex 44.20000000001472 -456.00277242395333 -98.58776725369613
    vertex 44.537653336871195 -453.7825557077187 -100.61019122458084
    vertex 44.20000000001472 -453.88145208039373 -100.70908759725583
  endloop
endfacet
facet normal -0.38268343236513047 0.6532814824381976 0.6532814824381552
  outer loop
    vertex 44.537653336871195 -453.7825557077187 -100.61019122458084
    vertex 44.20000000001472 -456.00277242395333 -98.58776725369613
    vertex 44.537653336871166 -455.9038760512783 -98.48887088102114
  endloop
endfacet
facet normal -0.1305261922200547 0.7010573846499992 0.7010573846499562
  outer loop
    vertex 44.537653336871166 -455.9038760512783 -98.48887088102114
    vertex 44.900000000014714 -453.7488239967067 -100.57645951356879
    vertex 44.537653336871195 -453.7825557077187 -100.61019122458084
  endloop
endfacet
facet normal -0.1305261922200547 0.7010573846499992 0.7010573846499562
  outer loop
    vertex 44.900000000014714 -453.7488239967067 -100.57645951356879
    vertex 44.537653336871166 -455.9038760512783 -98.48887088102114
    vertex 44.90000000001469 -455.8701443402663 -98.45513917000909
  endloop
endfacet
facet normal 0.1305261922200547 0.701057384649998 0.7010573846499574
  outer loop
    vertex 44.900000000014714 -453.7488239967067 -100.57645951356879
    vertex 45.26234666315822 -455.9038760512783 -98.48887088102114
    vertex 45.26234666315824 -453.7825557077187 -100.61019122458084
  endloop
endfacet
facet normal 0.1305261922200547 0.701057384649998 0.7010573846499574
  outer loop
    vertex 45.26234666315822 -455.9038760512783 -98.48887088102114
    vertex 44.900000000014714 -453.7488239967067 -100.57645951356879
    vertex 44.90000000001469 -455.8701443402663 -98.45513917000909
  endloop
endfacet
facet normal 0.3826834323651436 0.6532814824381904 0.6532814824381546
  outer loop
    vertex 45.26234666315824 -453.7825557077187 -100.61019122458084
    vertex 45.60000000001467 -456.00277242395333 -98.58776725369614
    vertex 45.600000000014695 -453.88145208039373 -100.70908759725585
  endloop
endfacet
facet normal 0.3826834323651436 0.6532814824381904 0.6532814824381546
  outer loop
    vertex 45.60000000001467 -456.00277242395333 -98.58776725369614
    vertex 45.26234666315824 -453.7825557077187 -100.61019122458084
    vertex 45.26234666315822 -455.9038760512783 -98.48887088102114
  endloop
endfacet
facet normal 0.6087614290086587 0.5609855267969787 0.5609855267969507
  outer loop
    vertex 45.88994949367585 -454.0387734903678 -100.86640900722993
    vertex 45.60000000001467 -456.00277242395333 -98.58776725369614
    vertex 45.88994949367583 -456.1600938339274 -98.74508866367023
  endloop
endfacet
facet normal 0.6087614290086587 0.5609855267969787 0.5609855267969507
  outer loop
    vertex 45.60000000001467 -456.00277242395333 -98.58776725369614
    vertex 45.88994949367585 -454.0387734903678 -100.86640900722993
    vertex 45.600000000014695 -453.88145208039373 -100.70908759725585
  endloop
endfacet
facet normal 0.7933533402912789 0.43045933457684843 0.43045933457682983
  outer loop
    vertex 46.11243556531291 -454.2437987435373 -101.07143426039934
    vertex 45.88994949367583 -456.1600938339274 -98.74508866367023
    vertex 46.112435565312886 -456.3651190870969 -98.95011391683964
  endloop
endfacet
facet normal 0.7933533402912789 0.43045933457684843 0.43045933457682983
  outer loop
    vertex 45.88994949367583 -456.1600938339274 -98.74508866367023
    vertex 46.11243556531291 -454.2437987435373 -101.07143426039934
    vertex 45.88994949367585 -454.0387734903678 -100.86640900722993
  endloop
endfacet
facet normal 1.0682898533150683e-15 0.7071067811865421 -0.7071067811865529
  outer loop
    vertex -45.02856780638521 -454.426597591396 -101.25423310825812
    vertex -45.07131516606375 -454.93814088399466 -101.76577640085684
    vertex -45.09756226563611 -454.68037951110216 -101.5080150279643
  endloop
endfacet
facet normal 1.0682898533150683e-15 0.7071067811865421 -0.7071067811865529
  outer loop
    vertex -45.07131516606375 -454.93814088399466 -101.76577640085684
    vertex -45.02856780638521 -454.426597591396 -101.25423310825812
    vertex -44.9516152041286 -455.1823156984817 -102.00995121534389
  endloop
endfacet
facet normal 1.0682898533150683e-15 0.7071067811865421 -0.7071067811865529
  outer loop
    vertex -44.9516152041286 -455.1823156984817 -102.00995121534389
    vertex -45.02856780638521 -454.426597591396 -101.25423310825812
    vertex -44.86903364669027 -454.1940899433096 -101.02172546017178
  endloop
endfacet
facet normal 1.0682898533150683e-15 0.7071067811865421 -0.7071067811865529
  outer loop
    vertex -44.9516152041286 -455.1823156984817 -102.00995121534389
    vertex -44.86903364669027 -454.1940899433096 -101.02172546017178
    vertex -44.74661973442301 -455.39626384447405 -102.22389936133611
  endloop
endfacet
facet normal 1.0682898533150683e-15 0.7071067811865421 -0.7071067811865529
  outer loop
    vertex -44.74661973442301 -455.39626384447405 -102.22389936133611
    vertex -44.86903364669027 -454.1940899433096 -101.02172546017178
    vertex -44.62983177589185 -453.99870157882316 -100.82633709568533
  endloop
endfacet
facet normal 1.0682898533150683e-15 0.7071067811865421 -0.7071067811865529
  outer loop
    vertex -44.74661973442301 -455.39626384447405 -102.22389936133611
    vertex -44.62983177589185 -453.99870157882316 -100.82633709568533
    vertex -44.47029885943639 -455.5654051093881 -102.39304062625021
  endloop
endfacet
facet normal 1.0682898533150683e-15 0.7071067811865421 -0.7071067811865529
  outer loop
    vertex -44.47029885943639 -455.5654051093881 -102.39304062625021
    vertex -44.62983177589185 -453.99870157882316 -100.82633709568533
    vertex -44.32726340618504 -453.85374789208186 -100.68138340894399
  endloop
endfacet
facet normal 1.0682898533150683e-15 0.7071067811865421 -0.7071067811865529
  outer loop
    vertex -44.47029885943639 -455.5654051093881 -102.39304062625021
    vertex -44.32726340618504 -453.85374789208186 -100.68138340894399
    vertex -44.14148339015722 -455.67821279553925 -102.5058483124014
  endloop
endfacet
facet normal 1.0682898533150683e-15 0.7071067811865421 -0.7071067811865529
  outer loop
    vertex -44.14148339015722 -455.67821279553925 -102.5058483124014
    vertex -44.32726340618504 -453.85374789208186 -100.68138340894399
    vertex -43.98194807194753 -453.76910723728975 -100.59674275415188
  endloop
endfacet
facet normal 1.0682898533150683e-15 0.7071067811865421 -0.7071067811865529
  outer loop
    vertex -44.14148339015722 -455.67821279553925 -102.5058483124014
    vertex -43.98194807194753 -453.76910723728975 -100.59674275415188
    vertex -43.78258155742364 -455.7269992455399 -102.55463476240199
  endloop
endfacet
facet normal 1.0682898533150683e-15 0.7071067811865421 -0.7071067811865529
  outer loop
    vertex -43.78258155742364 -455.7269992455399 -102.55463476240199
    vertex -43.98194807194753 -453.76910723728975 -100.59674275415188
    vertex -43.617418442547 -453.7505477351956 -100.57818325205778
  endloop
endfacet
facet normal 1.0682898533150683e-15 0.7071067811865421 -0.7071067811865529
  outer loop
    vertex -43.78258155742364 -455.7269992455399 -102.55463476240199
    vertex -43.617418442547 -453.7505477351956 -100.57818325205778
    vertex -43.41805192802312 -455.7084397434458 -102.53607526030788
  endloop
endfacet
facet normal 1.0682898533150683e-15 0.7071067811865421 -0.7071067811865529
  outer loop
    vertex -43.41805192802312 -455.7084397434458 -102.53607526030788
    vertex -43.617418442547 -453.7505477351956 -100.57818325205778
    vertex -43.25851660981342 -453.79933418519624 -100.62696970205839
  endloop
endfacet
facet normal 1.0682898533150683e-15 0.7071067811865421 -0.7071067811865529
  outer loop
    vertex -43.41805192802312 -455.7084397434458 -102.53607526030788
    vertex -43.25851660981342 -453.79933418519624 -100.62696970205839
    vertex -43.072736593785585 -455.62379908865364 -102.45143460551577
  endloop
endfacet
facet normal 1.0682898533150683e-15 0.7071067811865421 -0.7071067811865529
  outer loop
    vertex -43.072736593785585 -455.62379908865364 -102.45143460551577
    vertex -43.25851660981342 -453.79933418519624 -100.62696970205839
    vertex -42.929701140534256 -453.91214187134744 -100.73977738820957
  endloop
endfacet
facet normal 1.0682898533150683e-15 0.7071067811865421 -0.7071067811865529
  outer loop
    vertex -43.072736593785585 -455.62379908865364 -102.45143460551577
    vertex -42.929701140534256 -453.91214187134744 -100.73977738820957
    vertex -42.770168224078795 -455.47884540191234 -102.30648091877445
  endloop
endfacet
facet normal 1.0682898533150683e-15 0.7071067811865421 -0.7071067811865529
  outer loop
    vertex -42.770168224078795 -455.47884540191234 -102.30648091877445
    vertex -42.929701140534256 -453.91214187134744 -100.73977738820957
    vertex -42.653380265547625 -454.08128313626145 -100.90891865312365
  endloop
endfacet
facet normal 1.0682898533150683e-15 0.7071067811865421 -0.7071067811865529
  outer loop
    vertex -42.770168224078795 -455.47884540191234 -102.30648091877445
    vertex -42.653380265547625 -454.08128313626145 -100.90891865312365
    vertex -42.530966353280355 -455.2834570374259 -102.111092554288
  endloop
endfacet
facet normal 1.0682898533150683e-15 0.7071067811865421 -0.7071067811865529
  outer loop
    vertex -42.530966353280355 -455.2834570374259 -102.111092554288
    vertex -42.653380265547625 -454.08128313626145 -100.90891865312365
    vertex -42.44838479584204 -454.2952312822538 -101.12286679911588
  endloop
endfacet
facet normal 1.0682898533150683e-15 0.7071067811865421 -0.7071067811865529
  outer loop
    vertex -42.530966353280355 -455.2834570374259 -102.111092554288
    vertex -42.44838479584204 -454.2952312822538 -101.12286679911588
    vertex -42.37143219358542 -455.0509493893395 -101.87858490620165
  endloop
endfacet
facet normal 1.0682898533150683e-15 0.7071067811865421 -0.7071067811865529
  outer loop
    vertex -42.37143219358542 -455.0509493893395 -101.87858490620165
    vertex -42.44838479584204 -454.2952312822538 -101.12286679911588
    vertex -42.32868483390689 -454.53940609674083 -101.36704161360294
  endloop
endfacet
facet normal 1.0682898533150683e-15 0.7071067811865421 -0.7071067811865529
  outer loop
    vertex -42.37143219358542 -455.0509493893395 -101.87858490620165
    vertex -42.32868483390689 -454.53940609674083 -101.36704161360294
    vertex -42.30243773433452 -454.79716746963334 -101.62480298649547
  endloop
endfacet
facet normal 0.07181672868528641 -0.7052809218605588 -0.7052809218605481
  outer loop
    vertex -43.41805192802312 -455.7084397434458 -102.53607526030788
    vertex -43.78258155742364 -457.8483195890995 -100.43331441884234
    vertex -43.78258155742364 -455.7269992455399 -102.55463476240199
  endloop
endfacet
facet normal 0.07181672868528641 -0.7052809218605588 -0.7052809218605481
  outer loop
    vertex -43.78258155742364 -457.8483195890995 -100.43331441884234
    vertex -43.41805192802312 -455.7084397434458 -102.53607526030788
    vertex -43.41805192802312 -457.8297600870054 -100.41475491674824
  endloop
endfacet
facet normal -0.1887811012088686 -0.6943924307718156 -0.6943924307718053
  outer loop
    vertex -43.78258155742364 -457.8483195890995 -100.43331441884234
    vertex -44.14148339015722 -455.67821279553925 -102.5058483124014
    vertex -43.78258155742364 -455.7269992455399 -102.55463476240199
  endloop
endfacet
facet normal -0.1887811012088686 -0.6943924307718156 -0.6943924307718053
  outer loop
    vertex -44.14148339015722 -455.67821279553925 -102.5058483124014
    vertex -43.78258155742364 -457.8483195890995 -100.43331441884234
    vertex -44.141483390157234 -457.79953313909886 -100.38452796884174
  endloop
endfacet
facet normal -0.4365138110309139 -0.636182243063762 -0.6361822430637529
  outer loop
    vertex -44.141483390157234 -457.79953313909886 -100.38452796884174
    vertex -44.47029885943639 -455.5654051093881 -102.39304062625021
    vertex -44.14148339015722 -455.67821279553925 -102.5058483124014
  endloop
endfacet
facet normal -0.4365138110309139 -0.636182243063762 -0.6361822430637529
  outer loop
    vertex -44.47029885943639 -455.5654051093881 -102.39304062625021
    vertex -44.141483390157234 -457.79953313909886 -100.38452796884174
    vertex -44.47029885943639 -457.6867254529477 -100.27172028269055
  endloop
endfacet
facet normal -0.6544988260045577 -0.5346172868317407 -0.5346172868317336
  outer loop
    vertex -44.74661973442301 -457.51758418803365 -100.10257901777646
    vertex -44.47029885943639 -455.5654051093881 -102.39304062625021
    vertex -44.47029885943639 -457.6867254529477 -100.27172028269055
  endloop
endfacet
facet normal -0.6544988260045577 -0.5346172868317407 -0.5346172868317336
  outer loop
    vertex -44.47029885943639 -455.5654051093881 -102.39304062625021
    vertex -44.74661973442301 -457.51758418803365 -100.10257901777646
    vertex -44.74661973442301 -455.39626384447405 -102.22389936133611
  endloop
endfacet
facet normal -0.8278808275964423 -0.3966190459989496 -0.39661904599894476
  outer loop
    vertex -44.95161520412861 -457.3036360420413 -99.88863087178423
    vertex -44.74661973442301 -455.39626384447405 -102.22389936133611
    vertex -44.74661973442301 -457.51758418803365 -100.10257901777646
  endloop
endfacet
facet normal -0.8278808275964423 -0.3966190459989496 -0.39661904599894476
  outer loop
    vertex -44.74661973442301 -455.39626384447405 -102.22389936133611
    vertex -44.95161520412861 -457.3036360420413 -99.88863087178423
    vertex -44.9516152041286 -455.1823156984817 -102.00995121534389
  endloop
endfacet
facet normal -0.9448441189253235 -0.2315918726253475 -0.23159187262534542
  outer loop
    vertex -45.07131516606376 -457.05946122755427 -99.64445605729718
    vertex -44.9516152041286 -455.1823156984817 -102.00995121534389
    vertex -44.95161520412861 -457.3036360420413 -99.88863087178423
  endloop
endfacet
facet normal -0.9448441189253235 -0.2315918726253475 -0.23159187262534542
  outer loop
    vertex -44.9516152041286 -455.1823156984817 -102.00995121534389
    vertex -45.07131516606376 -457.05946122755427 -99.64445605729718
    vertex -45.07131516606375 -454.93814088399466 -101.76577640085684
  endloop
endfacet
facet normal -0.9974178449781954 -0.050782095855983485 -0.05078209585598421
  outer loop
    vertex -45.097562265636114 -456.80169985466176 -99.38669468440465
    vertex -45.07131516606375 -454.93814088399466 -101.76577640085684
    vertex -45.07131516606376 -457.05946122755427 -99.64445605729718
  endloop
endfacet
facet normal -0.9974178449781954 -0.050782095855983485 -0.05078209585598421
  outer loop
    vertex -45.07131516606375 -454.93814088399466 -101.76577640085684
    vertex -45.097562265636114 -456.80169985466176 -99.38669468440465
    vertex -45.09756226563611 -454.68037951110216 -101.5080150279643
  endloop
endfacet
facet normal -0.9820191932067279 0.1334883968246087 0.1334883968246052
  outer loop
    vertex -45.02856780638521 -456.5479179349556 -99.13291276469846
    vertex -45.09756226563611 -454.68037951110216 -101.5080150279643
    vertex -45.097562265636114 -456.80169985466176 -99.38669468440465
  endloop
endfacet
facet normal -0.9820191932067279 0.1334883968246087 0.1334883968246052
  outer loop
    vertex -45.09756226563611 -454.68037951110216 -101.5080150279643
    vertex -45.02856780638521 -456.5479179349556 -99.13291276469846
    vertex -45.02856780638521 -454.426597591396 -101.25423310825812
  endloop
endfacet
facet normal -0.8996975562817017 0.30866187586154714 0.30866187586154115
  outer loop
    vertex -44.86903364669028 -456.3154102868692 -98.90040511661212
    vertex -45.02856780638521 -454.426597591396 -101.25423310825812
    vertex -45.02856780638521 -456.5479179349556 -99.13291276469846
  endloop
endfacet
facet normal -0.8996975562817017 0.30866187586154714 0.30866187586154115
  outer loop
    vertex -45.02856780638521 -454.426597591396 -101.25423310825812
    vertex -44.86903364669028 -456.3154102868692 -98.90040511661212
    vertex -44.86903364669027 -454.1940899433096 -101.02172546017178
  endloop
endfacet
facet normal -0.7560630177165205 0.462800558146485 0.46280055814647686
  outer loop
    vertex -44.62983177589185 -456.12002192238276 -98.70501675212567
    vertex -44.86903364669027 -454.1940899433096 -101.02172546017178
    vertex -44.86903364669028 -456.3154102868692 -98.90040511661212
  endloop
endfacet
facet normal -0.7560630177165205 0.462800558146485 0.46280055814647686
  outer loop
    vertex -44.86903364669027 -454.1940899433096 -101.02172546017178
    vertex -44.62983177589185 -456.12002192238276 -98.70501675212567
    vertex -44.62983177589185 -453.99870157882316 -100.82633709568533
  endloop
endfacet
facet normal -0.5609040339471952 0.5854001472077776 0.5854001472077677
  outer loop
    vertex -44.62983177589185 -456.12002192238276 -98.70501675212567
    vertex -44.32726340618504 -453.85374789208186 -100.68138340894399
    vertex -44.62983177589185 -453.99870157882316 -100.82633709568533
  endloop
endfacet
facet normal -0.5609040339471952 0.5854001472077776 0.5854001472077677
  outer loop
    vertex -44.32726340618504 -453.85374789208186 -100.68138340894399
    vertex -44.62983177589185 -456.12002192238276 -98.70501675212567
    vertex -44.327263406185054 -455.97506823564146 -98.56006306538433
  endloop
endfacet
facet normal -0.32752036720217664 0.6681056836563232 0.6681056836563124
  outer loop
    vertex -44.327263406185054 -455.97506823564146 -98.56006306538433
    vertex -43.98194807194753 -453.76910723728975 -100.59674275415188
    vertex -44.32726340618504 -453.85374789208186 -100.68138340894399
  endloop
endfacet
facet normal -0.32752036720217664 0.6681056836563232 0.6681056836563124
  outer loop
    vertex -43.98194807194753 -453.76910723728975 -100.59674275415188
    vertex -44.327263406185054 -455.97506823564146 -98.56006306538433
    vertex -43.98194807194753 -455.89042758084935 -98.47542241059222
  endloop
endfacet
facet normal -0.07181672868528641 0.7052809218605588 0.7052809218605481
  outer loop
    vertex -43.98194807194753 -455.89042758084935 -98.47542241059222
    vertex -43.617418442547 -453.7505477351956 -100.57818325205778
    vertex -43.98194807194753 -453.76910723728975 -100.59674275415188
  endloop
endfacet
facet normal -0.07181672868528641 0.7052809218605588 0.7052809218605481
  outer loop
    vertex -43.617418442547 -453.7505477351956 -100.57818325205778
    vertex -43.98194807194753 -455.89042758084935 -98.47542241059222
    vertex -43.617418442547006 -455.8718680787552 -98.45686290849812
  endloop
endfacet
facet normal 0.1887811012088686 0.6943924307718156 0.6943924307718053
  outer loop
    vertex -43.617418442547 -453.7505477351956 -100.57818325205778
    vertex -43.25851660981342 -455.92065452875585 -98.50564935849873
    vertex -43.25851660981342 -453.79933418519624 -100.62696970205839
  endloop
endfacet
facet normal 0.1887811012088686 0.6943924307718156 0.6943924307718053
  outer loop
    vertex -43.25851660981342 -455.92065452875585 -98.50564935849873
    vertex -43.617418442547 -453.7505477351956 -100.57818325205778
    vertex -43.617418442547006 -455.8718680787552 -98.45686290849812
  endloop
endfacet
facet normal 0.4365138110309139 0.636182243063762 0.6361822430637529
  outer loop
    vertex -43.25851660981342 -453.79933418519624 -100.62696970205839
    vertex -42.929701140534256 -456.03346221490705 -98.61845704464992
    vertex -42.929701140534256 -453.91214187134744 -100.73977738820957
  endloop
endfacet
facet normal 0.4365138110309139 0.636182243063762 0.6361822430637529
  outer loop
    vertex -42.929701140534256 -456.03346221490705 -98.61845704464992
    vertex -43.25851660981342 -453.79933418519624 -100.62696970205839
    vertex -43.25851660981342 -455.92065452875585 -98.50564935849873
  endloop
endfacet
facet normal 0.6544988260045577 0.5346172868317407 0.5346172868317336
  outer loop
    vertex -42.653380265547625 -454.08128313626145 -100.90891865312365
    vertex -42.929701140534256 -456.03346221490705 -98.61845704464992
    vertex -42.65338026554764 -456.20260347982105 -98.787598309564
  endloop
endfacet
facet normal 0.6544988260045577 0.5346172868317407 0.5346172868317336
  outer loop
    vertex -42.929701140534256 -456.03346221490705 -98.61845704464992
    vertex -42.653380265547625 -454.08128313626145 -100.90891865312365
    vertex -42.929701140534256 -453.91214187134744 -100.73977738820957
  endloop
endfacet
facet normal 0.8278808275964423 0.3966190459989496 0.39661904599894476
  outer loop
    vertex -42.44838479584204 -454.2952312822538 -101.12286679911588
    vertex -42.65338026554764 -456.20260347982105 -98.787598309564
    vertex -42.44838479584204 -456.4165516258134 -99.00154645555622
  endloop
endfacet
facet normal 0.8278808275964423 0.3966190459989496 0.39661904599894476
  outer loop
    vertex -42.65338026554764 -456.20260347982105 -98.787598309564
    vertex -42.44838479584204 -454.2952312822538 -101.12286679911588
    vertex -42.653380265547625 -454.08128313626145 -100.90891865312365
  endloop
endfacet
facet normal 0.9448441189253235 0.2315918726253475 0.23159187262534542
  outer loop
    vertex -42.32868483390689 -454.53940609674083 -101.36704161360294
    vertex -42.44838479584204 -456.4165516258134 -99.00154645555622
    vertex -42.32868483390689 -456.66072644030044 -99.24572127004328
  endloop
endfacet
facet normal 0.9448441189253235 0.2315918726253475 0.23159187262534542
  outer loop
    vertex -42.44838479584204 -456.4165516258134 -99.00154645555622
    vertex -42.32868483390689 -454.53940609674083 -101.36704161360294
    vertex -42.44838479584204 -454.2952312822538 -101.12286679911588
  endloop
endfacet
facet normal 0.9974178449781954 0.050782095855983485 0.05078209585598421
  outer loop
    vertex -42.30243773433452 -454.79716746963334 -101.62480298649547
    vertex -42.32868483390689 -456.66072644030044 -99.24572127004328
    vertex -42.30243773433453 -456.91848781319294 -99.50348264293581
  endloop
endfacet
facet normal 0.9974178449781954 0.050782095855983485 0.05078209585598421
  outer loop
    vertex -42.32868483390689 -456.66072644030044 -99.24572127004328
    vertex -42.30243773433452 -454.79716746963334 -101.62480298649547
    vertex -42.32868483390689 -454.53940609674083 -101.36704161360294
  endloop
endfacet
facet normal 0.9820191932067279 -0.1334883968246087 -0.1334883968246052
  outer loop
    vertex -42.37143219358542 -455.0509493893395 -101.87858490620165
    vertex -42.30243773433453 -456.91848781319294 -99.50348264293581
    vertex -42.371432193585434 -457.1722697328991 -99.757264562642
  endloop
endfacet
facet normal 0.9820191932067279 -0.1334883968246087 -0.1334883968246052
  outer loop
    vertex -42.30243773433453 -456.91848781319294 -99.50348264293581
    vertex -42.37143219358542 -455.0509493893395 -101.87858490620165
    vertex -42.30243773433452 -454.79716746963334 -101.62480298649547
  endloop
endfacet
facet normal 0.8996975562817017 -0.30866187586154714 -0.30866187586154115
  outer loop
    vertex -42.530966353280355 -455.2834570374259 -102.111092554288
    vertex -42.371432193585434 -457.1722697328991 -99.757264562642
    vertex -42.53096635328036 -457.4047773809855 -99.98977221072835
  endloop
endfacet
facet normal 0.8996975562817017 -0.30866187586154714 -0.30866187586154115
  outer loop
    vertex -42.371432193585434 -457.1722697328991 -99.757264562642
    vertex -42.530966353280355 -455.2834570374259 -102.111092554288
    vertex -42.37143219358542 -455.0509493893395 -101.87858490620165
  endloop
endfacet
facet normal 0.7560630177165205 -0.462800558146485 -0.46280055814647686
  outer loop
    vertex -42.770168224078795 -455.47884540191234 -102.30648091877445
    vertex -42.53096635328036 -457.4047773809855 -99.98977221072835
    vertex -42.770168224078795 -457.60016574547194 -100.1851605752148
  endloop
endfacet
facet normal 0.7560630177165205 -0.462800558146485 -0.46280055814647686
  outer loop
    vertex -42.53096635328036 -457.4047773809855 -99.98977221072835
    vertex -42.770168224078795 -455.47884540191234 -102.30648091877445
    vertex -42.530966353280355 -455.2834570374259 -102.111092554288
  endloop
endfacet
facet normal 0.5609040339471952 -0.5854001472077776 -0.5854001472077677
  outer loop
    vertex -42.770168224078795 -455.47884540191234 -102.30648091877445
    vertex -43.0727365937856 -457.74511943221324 -100.33011426195613
    vertex -43.072736593785585 -455.62379908865364 -102.45143460551577
  endloop
endfacet
facet normal 0.5609040339471952 -0.5854001472077776 -0.5854001472077677
  outer loop
    vertex -43.0727365937856 -457.74511943221324 -100.33011426195613
    vertex -42.770168224078795 -455.47884540191234 -102.30648091877445
    vertex -42.770168224078795 -457.60016574547194 -100.1851605752148
  endloop
endfacet
facet normal 0.32752036720217664 -0.6681056836563232 -0.6681056836563124
  outer loop
    vertex -43.072736593785585 -455.62379908865364 -102.45143460551577
    vertex -43.41805192802312 -457.8297600870054 -100.41475491674824
    vertex -43.41805192802312 -455.7084397434458 -102.53607526030788
  endloop
endfacet
facet normal 0.32752036720217664 -0.6681056836563232 -0.6681056836563124
  outer loop
    vertex -43.41805192802312 -457.8297600870054 -100.41475491674824
    vertex -43.072736593785585 -455.62379908865364 -102.45143460551577
    vertex -43.0727365937856 -457.74511943221324 -100.33011426195613
  endloop
endfacet
endsolid matrix4-final
