solid matrix4-final
facet normal -1.9046856449124413e-16 -1.0 1.132981842288824e-15
  outer loop
    vertex 118.50000000001474 -409.6999999999999 -133.8999999999995
    vertex -54.49999999998544 -409.7000000000008 -115.89999999999979
    vertex -54.49999999998544 -409.6999999999996 -133.89999999999972
  endloop
endfacet
facet normal -1.9046856449124413e-16 -1.0 1.132981842288824e-15
  outer loop
    vertex -54.49999999998544 -409.7000000000008 -115.89999999999979
    vertex 118.50000000001474 -409.6999999999999 -133.8999999999995
    vertex 119.88535266699564 -409.6999999999999 -133.82576159491373
  endloop
endfacet
facet normal -1.9046856449124413e-16 -1.0 1.132981842288824e-15
  outer loop
    vertex -54.49999999998544 -409.7000000000008 -115.89999999999979
    vertex 119.88535266699564 -409.6999999999999 -133.82576159491373
    vertex 121.26345506477782 -409.6999999999999 -133.6659268867683
  endloop
endfacet
facet normal -1.9046856449124413e-16 -1.0 1.132981842288824e-15
  outer loop
    vertex -54.49999999998544 -409.7000000000008 -115.89999999999979
    vertex 121.26345506477782 -409.6999999999999 -133.6659268867683
    vertex 122.62902358993348 -409.6999999999999 -133.4211086770598
  endloop
endfacet
facet normal -1.9046856449124413e-16 -1.0 1.132981842288824e-15
  outer loop
    vertex -54.49999999998544 -409.7000000000008 -115.89999999999979
    vertex 122.62902358993348 -409.6999999999999 -133.4211086770598
    vertex 123.97682269352839 -409.6999999999999 -133.09224559149132
  endloop
endfacet
facet normal -1.9046856449124413e-16 -1.0 1.132981842288824e-15
  outer loop
    vertex -54.49999999998544 -409.7000000000008 -115.89999999999979
    vertex 123.97682269352839 -409.6999999999999 -133.09224559149132
    vertex 125.30168495405955 -409.69999999999976 -132.68059848130935
  endloop
endfacet
facet normal -1.9046856449124413e-16 -1.0 1.132981842288824e-15
  outer loop
    vertex -54.49999999998544 -409.7000000000008 -115.89999999999979
    vertex 125.30168495405955 -409.69999999999976 -132.68059848130935
    vertex 126.59853088919515 -409.69999999999976 -132.187745589238
  endloop
endfacet
facet normal -1.9046856449124413e-16 -1.0 1.132981842288824e-15
  outer loop
    vertex -54.49999999998544 -409.7000000000008 -115.89999999999979
    vertex 126.59853088919515 -409.69999999999976 -132.187745589238
    vertex 127.86238843035822 -409.69999999999976 -131.61557649854345
  endloop
endfacet
facet normal -1.9046856449124413e-16 -1.0 1.132981842288824e-15
  outer loop
    vertex -54.49999999998544 -409.7000000000008 -115.89999999999979
    vertex 127.86238843035822 -409.69999999999976 -131.61557649854345
    vertex 129.08841198548856 -409.69999999999976 -130.96628488842802
  endloop
endfacet
facet normal -1.9046856449124413e-16 -1.0 1.132981842288824e-15
  outer loop
    vertex -54.49999999998544 -409.7000000000008 -115.89999999999979
    vertex 129.08841198548856 -409.69999999999976 -130.96628488842802
    vertex 130.27190101689874 -409.69999999999976 -130.2423601235299
  endloop
endfacet
facet normal -1.9046856449124413e-16 -1.0 1.132981842288824e-15
  outer loop
    vertex -54.49999999998544 -409.7000000000008 -115.89999999999979
    vertex 130.27190101689874 -409.69999999999976 -130.2423601235299
    vertex 131.40831806299428 -409.69999999999976 -129.44657770977327
  endloop
endfacet
facet normal -1.9046856449124413e-16 -1.0 1.132981842288824e-15
  outer loop
    vertex -54.49999999998544 -409.7000000000008 -115.89999999999979
    vertex 131.40831806299428 -409.69999999999976 -129.44657770977327
    vertex 132.49330613476647 -409.69999999999976 -128.5819886531615
  endloop
endfacet
facet normal -1.9046856449124413e-16 -1.0 1.132981842288824e-15
  outer loop
    vertex -54.49999999998544 -409.7000000000008 -115.89999999999979
    vertex 132.49330613476647 -409.69999999999976 -128.5819886531615
    vertex 133.52270542035805 -409.69999999999976 -127.65190776231148
  endloop
endfacet
facet normal -1.9046856449124413e-16 -1.0 1.132981842288824e-15
  outer loop
    vertex -54.49999999998544 -409.7000000000008 -115.89999999999979
    vertex 133.52270542035805 -409.69999999999976 -127.65190776231148
    vertex 134.49256923365735 -409.69999999999976 -126.65990093957613
  endloop
endfacet
facet normal -1.9046856449124413e-16 -1.0 1.132981842288824e-15
  outer loop
    vertex -54.49999999998544 -409.7000000000008 -115.89999999999979
    vertex 134.49256923365735 -409.69999999999976 -126.65990093957613
    vertex 135.399179145775 -409.6999999999997 -125.60977150948155
  endloop
endfacet
facet normal -1.9046856449124413e-16 -1.0 1.132981842288824e-15
  outer loop
    vertex -54.49999999998544 -409.7000000000008 -115.89999999999979
    vertex 135.399179145775 -409.6999999999997 -125.60977150948155
    vertex 136.2390592413895 -409.6999999999997 -124.5055456368941
  endloop
endfacet
facet normal -1.9046856449124413e-16 -1.0 1.132981842288824e-15
  outer loop
    vertex -54.49999999998544 -409.7000000000008 -115.89999999999979
    vertex 136.2390592413895 -409.6999999999997 -124.5055456368941
    vertex 137.00898944530235 -409.6999999999997 -123.35145689082488
  endloop
endfacet
facet normal -1.9046856449124413e-16 -1.0 1.132981842288824e-15
  outer loop
    vertex -54.49999999998544 -409.7000000000008 -115.89999999999979
    vertex 137.00898944530235 -409.6999999999997 -123.35145689082488
    vertex 137.7060178681103 -409.6999999999997 -122.15193001305241
  endloop
endfacet
facet normal -1.9046856449124413e-16 -1.0 1.132981842288824e-15
  outer loop
    vertex -54.49999999998544 -409.7000000000008 -115.89999999999979
    vertex 137.7060178681103 -409.6999999999997 -122.15193001305241
    vertex 138.32747212366155 -409.6999999999997 -120.91156395379483
  endloop
endfacet
facet normal -1.9046856449124413e-16 -1.0 1.132981842288824e-15
  outer loop
    vertex -54.49999999998544 -409.7000000000008 -115.89999999999979
    vertex 138.32747212366155 -409.6999999999997 -120.91156395379483
    vertex 138.8709695749037 -409.6999999999997 -119.63511423947226
  endloop
endfacet
facet normal -1.9046856449124413e-16 -1.0 1.132981842288824e-15
  outer loop
    vertex -54.49999999998544 -409.7000000000008 -115.89999999999979
    vertex 138.8709695749037 -409.6999999999997 -119.63511423947226
    vertex 139.33442646884356 -409.6999999999997 -118.32747474016045
  endloop
endfacet
facet normal -1.9046856449124413e-16 -1.0 1.132981842288824e-15
  outer loop
    vertex -54.49999999998544 -409.7000000000008 -115.89999999999979
    vertex 139.33442646884356 -409.6999999999997 -118.32747474016045
    vertex 139.7160659255938 -409.6999999999997 -116.99365890663911
  endloop
endfacet
facet normal -1.9046856449124413e-16 -1.0 1.132981842288824e-15
  outer loop
    vertex -54.49999999998544 -409.7000000000008 -115.89999999999979
    vertex 139.7160659255938 -409.6999999999997 -116.99365890663911
    vertex 140.0144247508772 -409.6999999999997 -115.63878054897141
  endloop
endfacet
facet normal -1.9046856449124413e-16 -1.0 1.132981842288824e-15
  outer loop
    vertex -54.49999999998544 -409.7000000000008 -115.89999999999979
    vertex 140.0144247508772 -409.6999999999997 -115.63878054897141
    vertex -87.49999999999056 -409.7000000000008 -115.89999999999979
  endloop
endfacet
facet normal -1.9046856449124413e-16 -1.0 1.132981842288824e-15
  outer loop
    vertex -87.49999999999056 -409.7000000000008 -133.89999999999972
    vertex -117.8853526669671 -409.6999999999995 -133.825761594914
    vertex -116.49999999998614 -409.6999999999995 -133.89999999999984
  endloop
endfacet
facet normal -1.9046856449124413e-16 -1.0 1.132981842288824e-15
  outer loop
    vertex -117.8853526669671 -409.6999999999995 -133.825761594914
    vertex -87.49999999999056 -409.7000000000008 -133.89999999999972
    vertex -87.49999999999056 -409.7000000000008 -115.89999999999979
  endloop
endfacet
facet normal -1.9046856449124413e-16 -1.0 1.132981842288824e-15
  outer loop
    vertex -117.8853526669671 -409.6999999999995 -133.825761594914
    vertex -87.49999999999056 -409.7000000000008 -115.89999999999979
    vertex -119.26345506474925 -409.6999999999995 -133.66592688676855
  endloop
endfacet
facet normal -1.9046856449124413e-16 -1.0 1.132981842288824e-15
  outer loop
    vertex -119.26345506474925 -409.6999999999995 -133.66592688676855
    vertex -87.49999999999056 -409.7000000000008 -115.89999999999979
    vertex -120.62902358990496 -409.6999999999995 -133.42110867706003
  endloop
endfacet
facet normal -1.9046856449124413e-16 -1.0 1.132981842288824e-15
  outer loop
    vertex -120.62902358990496 -409.6999999999995 -133.42110867706003
    vertex -87.49999999999056 -409.7000000000008 -115.89999999999979
    vertex -121.97682269349987 -409.6999999999995 -133.09224559149152
  endloop
endfacet
facet normal -1.9046856449124413e-16 -1.0 1.132981842288824e-15
  outer loop
    vertex -121.97682269349987 -409.6999999999995 -133.09224559149152
    vertex -87.49999999999056 -409.7000000000008 -115.89999999999979
    vertex -123.30168495403105 -409.6999999999995 -132.68059848130954
  endloop
endfacet
facet normal -1.9046856449124413e-16 -1.0 1.132981842288824e-15
  outer loop
    vertex -123.30168495403105 -409.6999999999995 -132.68059848130954
    vertex -87.49999999999056 -409.7000000000008 -115.89999999999979
    vertex -124.59853088916668 -409.6999999999995 -132.18774558923818
  endloop
endfacet
facet normal -1.9046856449124413e-16 -1.0 1.132981842288824e-15
  outer loop
    vertex -124.59853088916668 -409.6999999999995 -132.18774558923818
    vertex -87.49999999999056 -409.7000000000008 -115.89999999999979
    vertex -125.86238843032967 -409.6999999999995 -131.6155764985436
  endloop
endfacet
facet normal -1.9046856449124413e-16 -1.0 1.132981842288824e-15
  outer loop
    vertex -125.86238843032967 -409.6999999999995 -131.6155764985436
    vertex -87.49999999999056 -409.7000000000008 -115.89999999999979
    vertex -127.08841198546011 -409.6999999999995 -130.96628488842813
  endloop
endfacet
facet normal -1.9046856449124413e-16 -1.0 1.132981842288824e-15
  outer loop
    vertex -127.08841198546011 -409.6999999999995 -130.96628488842813
    vertex -87.49999999999056 -409.7000000000008 -115.89999999999979
    vertex -128.2719010168702 -409.6999999999995 -130.24236012353
  endloop
endfacet
facet normal -1.9046856449124413e-16 -1.0 1.132981842288824e-15
  outer loop
    vertex -128.2719010168702 -409.6999999999995 -130.24236012353
    vertex -87.49999999999056 -409.7000000000008 -115.89999999999979
    vertex -129.40831806296572 -409.6999999999995 -129.44657770977332
  endloop
endfacet
facet normal -1.9046856449124413e-16 -1.0 1.132981842288824e-15
  outer loop
    vertex -129.40831806296572 -409.6999999999995 -129.44657770977332
    vertex -87.49999999999056 -409.7000000000008 -115.89999999999979
    vertex -130.49330613473796 -409.6999999999995 -128.58198865316155
  endloop
endfacet
facet normal -1.9046856449124413e-16 -1.0 1.132981842288824e-15
  outer loop
    vertex -130.49330613473796 -409.6999999999995 -128.58198865316155
    vertex -87.49999999999056 -409.7000000000008 -115.89999999999979
    vertex -131.52270542032957 -409.6999999999995 -127.65190776231148
  endloop
endfacet
facet normal -1.9046856449124413e-16 -1.0 1.132981842288824e-15
  outer loop
    vertex -131.52270542032957 -409.6999999999995 -127.65190776231148
    vertex -87.49999999999056 -409.7000000000008 -115.89999999999979
    vertex -132.49256923362884 -409.6999999999995 -126.65990093957612
  endloop
endfacet
facet normal -1.9046856449124413e-16 -1.0 1.132981842288824e-15
  outer loop
    vertex -132.49256923362884 -409.6999999999995 -126.65990093957612
    vertex -87.49999999999056 -409.7000000000008 -115.89999999999979
    vertex -133.3991791457465 -409.6999999999995 -125.6097715094815
  endloop
endfacet
facet normal -1.9046856449124413e-16 -1.0 1.132981842288824e-15
  outer loop
    vertex -133.3991791457465 -409.6999999999995 -125.6097715094815
    vertex -87.49999999999056 -409.7000000000008 -115.89999999999979
    vertex -134.23905924136093 -409.6999999999995 -124.50554563689403
  endloop
endfacet
facet normal -1.9046856449124413e-16 -1.0 1.132981842288824e-15
  outer loop
    vertex -134.23905924136093 -409.6999999999995 -124.50554563689403
    vertex -87.49999999999056 -409.7000000000008 -115.89999999999979
    vertex -135.00898944527378 -409.6999999999995 -123.35145689082478
  endloop
endfacet
facet normal -1.9046856449124413e-16 -1.0 1.132981842288824e-15
  outer loop
    vertex -135.00898944527378 -409.6999999999995 -123.35145689082478
    vertex -87.49999999999056 -409.7000000000008 -115.89999999999979
    vertex -135.7060178680818 -409.6999999999996 -122.15193001305227
  endloop
endfacet
facet normal -1.9046856449124413e-16 -1.0 1.132981842288824e-15
  outer loop
    vertex -135.7060178680818 -409.6999999999996 -122.15193001305227
    vertex -87.49999999999056 -409.7000000000008 -115.89999999999979
    vertex -136.327472123633 -409.6999999999996 -120.91156395379468
  endloop
endfacet
facet normal -1.9046856449124413e-16 -1.0 1.132981842288824e-15
  outer loop
    vertex -136.327472123633 -409.6999999999996 -120.91156395379468
    vertex -87.49999999999056 -409.7000000000008 -115.89999999999979
    vertex -136.87096957487512 -409.6999999999996 -119.6351142394721
  endloop
endfacet
facet normal -1.9046856449124413e-16 -1.0 1.132981842288824e-15
  outer loop
    vertex -136.87096957487512 -409.6999999999996 -119.6351142394721
    vertex -87.49999999999056 -409.7000000000008 -115.89999999999979
    vertex -137.33442646881497 -409.6999999999996 -118.32747474016026
  endloop
endfacet
facet normal -1.9046856449124413e-16 -1.0 1.132981842288824e-15
  outer loop
    vertex -137.33442646881497 -409.6999999999996 -118.32747474016026
    vertex -87.49999999999056 -409.7000000000008 -115.89999999999979
    vertex -137.71606592556515 -409.6999999999996 -116.99365890663888
  endloop
endfacet
facet normal -1.9046856449124413e-16 -1.0 1.132981842288824e-15
  outer loop
    vertex -137.71606592556515 -409.6999999999996 -116.99365890663888
    vertex -87.49999999999056 -409.7000000000008 -115.89999999999979
    vertex -138.01442475084852 -409.6999999999996 -115.63878054897114
  endloop
endfacet
facet normal -1.9046856449124413e-16 -1.0 1.132981842288824e-15
  outer loop
    vertex -138.01442475084852 -409.6999999999996 -115.63878054897114
    vertex -87.49999999999056 -409.7000000000008 -115.89999999999979
    vertex 140.0144247508772 -409.6999999999997 -115.63878054897141
  endloop
endfacet
facet normal -1.9046856449124413e-16 -1.0 1.132981842288824e-15
  outer loop
    vertex -138.01442475084852 -409.6999999999996 -115.63878054897114
    vertex 140.0144247508772 -409.6999999999997 -115.63878054897141
    vertex 140.22835904586992 -409.6999999999997 -114.2680342303089
  endloop
endfacet
facet normal -1.9046856449124413e-16 -1.0 1.132981842288824e-15
  outer loop
    vertex -138.01442475084852 -409.6999999999996 -115.63878054897114
    vertex 140.22835904586992 -409.6999999999997 -114.2680342303089
    vertex -138.22835904584124 -409.6999999999996 -114.2680342303086
  endloop
endfacet
facet normal -1.9046856449124413e-16 -1.0 1.132981842288824e-15
  outer loop
    vertex -138.22835904584124 -409.6999999999996 -114.2680342303086
    vertex 140.22835904586992 -409.6999999999997 -114.2680342303089
    vertex 140.35704859287534 -409.6999999999997 -112.88667535109164
  endloop
endfacet
facet normal -1.9046856449124413e-16 -1.0 1.132981842288824e-15
  outer loop
    vertex -138.22835904584124 -409.6999999999996 -114.2680342303086
    vertex 140.35704859287534 -409.6999999999997 -112.88667535109164
    vertex -138.35704859284667 -409.6999999999996 -112.88667535109131
  endloop
endfacet
facet normal -1.9046856449124413e-16 -1.0 1.132981842288824e-15
  outer loop
    vertex -138.35704859284667 -409.6999999999996 -112.88667535109131
    vertex 140.35704859287534 -409.6999999999997 -112.88667535109164
    vertex 140.40000000001453 -409.6999999999996 -111.49999999999982
  endloop
endfacet
facet normal -1.9046856449124413e-16 -1.0 1.132981842288824e-15
  outer loop
    vertex -138.35704859284667 -409.6999999999996 -112.88667535109131
    vertex 140.40000000001453 -409.6999999999996 -111.49999999999982
    vertex -138.3999999999858 -409.6999999999996 -111.4999999999995
  endloop
endfacet
facet normal -1.9046856449124413e-16 -1.0 1.132981842288824e-15
  outer loop
    vertex -138.3999999999858 -409.6999999999996 -111.4999999999995
    vertex 140.40000000001453 -409.6999999999996 -111.49999999999982
    vertex 140.35704859287534 -409.6999999999996 -110.113324648908
  endloop
endfacet
facet normal -1.9046856449124413e-16 -1.0 1.132981842288824e-15
  outer loop
    vertex -138.3999999999858 -409.6999999999996 -111.4999999999995
    vertex 140.35704859287534 -409.6999999999996 -110.113324648908
    vertex -138.3570485928466 -409.6999999999996 -110.11332464890766
  endloop
endfacet
facet normal -1.9046856449124413e-16 -1.0 1.132981842288824e-15
  outer loop
    vertex -138.3570485928466 -409.6999999999996 -110.11332464890766
    vertex 140.35704859287534 -409.6999999999996 -110.113324648908
    vertex 140.22835904586992 -409.6999999999996 -108.73196576969075
  endloop
endfacet
facet normal -1.9046856449124413e-16 -1.0 1.132981842288824e-15
  outer loop
    vertex -138.3570485928466 -409.6999999999996 -110.11332464890766
    vertex 140.22835904586992 -409.6999999999996 -108.73196576969075
    vertex -138.2283590458411 -409.6999999999996 -108.73196576969036
  endloop
endfacet
facet normal -1.9046856449124413e-16 -1.0 1.132981842288824e-15
  outer loop
    vertex -138.2283590458411 -409.6999999999996 -108.73196576969036
    vertex 140.22835904586992 -409.6999999999996 -108.73196576969075
    vertex 140.0144247508772 -409.6999999999996 -107.36121945102823
  endloop
endfacet
facet normal -1.9046856449124413e-16 -1.0 1.132981842288824e-15
  outer loop
    vertex -138.2283590458411 -409.6999999999996 -108.73196576969036
    vertex 140.0144247508772 -409.6999999999996 -107.36121945102823
    vertex -138.01442475084838 -409.6999999999996 -107.36121945102785
  endloop
endfacet
facet normal -1.9046856449124413e-16 -1.0 1.132981842288824e-15
  outer loop
    vertex -138.01442475084838 -409.6999999999996 -107.36121945102785
    vertex 140.0144247508772 -409.6999999999996 -107.36121945102823
    vertex 139.7160659255938 -409.6999999999996 -106.00634109336053
  endloop
endfacet
facet normal -1.9046856449124413e-16 -1.0 1.132981842288824e-15
  outer loop
    vertex -138.01442475084838 -409.6999999999996 -107.36121945102785
    vertex 139.7160659255938 -409.6999999999996 -106.00634109336053
    vertex -137.71606592556498 -409.6999999999996 -106.00634109336012
  endloop
endfacet
facet normal -1.9046856449124413e-16 -1.0 1.132981842288824e-15
  outer loop
    vertex -137.71606592556498 -409.6999999999996 -106.00634109336012
    vertex 139.7160659255938 -409.6999999999996 -106.00634109336053
    vertex 139.33442646884356 -409.6999999999996 -104.67252525983918
  endloop
endfacet
facet normal -1.9046856449124413e-16 -1.0 1.132981842288824e-15
  outer loop
    vertex -137.71606592556498 -409.6999999999996 -106.00634109336012
    vertex 139.33442646884356 -409.6999999999996 -104.67252525983918
    vertex -137.33442646881468 -409.6999999999996 -104.67252525983875
  endloop
endfacet
facet normal -1.9046856449124413e-16 -1.0 1.132981842288824e-15
  outer loop
    vertex -137.33442646881468 -409.6999999999996 -104.67252525983875
    vertex 139.33442646884356 -409.6999999999996 -104.67252525983918
    vertex 138.8709695749037 -409.6999999999996 -103.36488576052736
  endloop
endfacet
facet normal -1.9046856449124413e-16 -1.0 1.132981842288824e-15
  outer loop
    vertex -137.33442646881468 -409.6999999999996 -104.67252525983875
    vertex 138.8709695749037 -409.6999999999996 -103.36488576052736
    vertex -136.87096957487478 -409.6999999999996 -103.36488576052695
  endloop
endfacet
facet normal -1.9046856449124413e-16 -1.0 1.132981842288824e-15
  outer loop
    vertex -136.87096957487478 -409.6999999999996 -103.36488576052695
    vertex 138.8709695749037 -409.6999999999996 -103.36488576052736
    vertex 138.32747212366164 -409.6999999999996 -102.08843604620482
  endloop
endfacet
facet normal -1.9046856449124413e-16 -1.0 1.132981842288824e-15
  outer loop
    vertex -136.87096957487478 -409.6999999999996 -103.36488576052695
    vertex 138.32747212366164 -409.6999999999996 -102.08843604620482
    vertex -136.32747212363262 -409.6999999999996 -102.08843604620436
  endloop
endfacet
facet normal -1.9046856449124413e-16 -1.0 1.132981842288824e-15
  outer loop
    vertex -136.32747212363262 -409.6999999999996 -102.08843604620436
    vertex 138.32747212366164 -409.6999999999996 -102.08843604620482
    vertex 137.7060178681104 -409.6999999999996 -100.84806998694724
  endloop
endfacet
facet normal -1.9046856449124413e-16 -1.0 1.132981842288824e-15
  outer loop
    vertex -136.32747212363262 -409.6999999999996 -102.08843604620436
    vertex 137.7060178681104 -409.6999999999996 -100.84806998694724
    vertex -135.7060178680814 -409.6999999999996 -100.84806998694681
  endloop
endfacet
facet normal -1.9046856449124413e-16 -1.0 1.132981842288824e-15
  outer loop
    vertex -135.7060178680814 -409.6999999999996 -100.84806998694681
    vertex 137.7060178681104 -409.6999999999996 -100.84806998694724
    vertex 137.00898944530235 -409.6999999999996 -99.64854310917475
  endloop
endfacet
facet normal -1.9046856449124413e-16 -1.0 1.132981842288824e-15
  outer loop
    vertex -135.7060178680814 -409.6999999999996 -100.84806998694681
    vertex 137.00898944530235 -409.6999999999996 -99.64854310917475
    vertex -135.00898944527333 -409.6999999999997 -99.64854310917434
  endloop
endfacet
facet normal -1.9046856449124413e-16 -1.0 1.132981842288824e-15
  outer loop
    vertex -135.00898944527333 -409.6999999999997 -99.64854310917434
    vertex 137.00898944530235 -409.6999999999996 -99.64854310917475
    vertex 136.23905924138958 -409.6999999999996 -98.49445436310553
  endloop
endfacet
facet normal -1.9046856449124413e-16 -1.0 1.132981842288824e-15
  outer loop
    vertex -135.00898944527333 -409.6999999999997 -99.64854310917434
    vertex 136.23905924138958 -409.6999999999996 -98.49445436310553
    vertex -134.23905924136045 -409.6999999999997 -98.49445436310512
  endloop
endfacet
facet normal -1.9046856449124413e-16 -1.0 1.132981842288824e-15
  outer loop
    vertex -134.23905924136045 -409.6999999999997 -98.49445436310512
    vertex 136.23905924138958 -409.6999999999996 -98.49445436310553
    vertex 135.39917914577512 -409.6999999999996 -97.3902284905181
  endloop
endfacet
facet normal -1.9046856449124413e-16 -1.0 1.132981842288824e-15
  outer loop
    vertex -134.23905924136045 -409.6999999999997 -98.49445436310512
    vertex 135.39917914577512 -409.6999999999996 -97.3902284905181
    vertex -133.39917914574596 -409.6999999999997 -97.39022849051769
  endloop
endfacet
facet normal -1.9046856449124413e-16 -1.0 1.132981842288824e-15
  outer loop
    vertex -133.39917914574596 -409.6999999999997 -97.39022849051769
    vertex 135.39917914577512 -409.6999999999996 -97.3902284905181
    vertex 134.49256923365746 -409.6999999999996 -96.34009906042347
  endloop
endfacet
facet normal -1.9046856449124413e-16 -1.0 1.132981842288824e-15
  outer loop
    vertex -133.39917914574596 -409.6999999999997 -97.39022849051769
    vertex 134.49256923365746 -409.6999999999996 -96.34009906042347
    vertex -132.49256923362827 -409.6999999999997 -96.34009906042309
  endloop
endfacet
facet normal -1.9046856449124413e-16 -1.0 1.132981842288824e-15
  outer loop
    vertex -132.49256923362827 -409.6999999999997 -96.34009906042309
    vertex 134.49256923365746 -409.6999999999996 -96.34009906042347
    vertex 133.52270542035814 -409.6999999999996 -95.34809223768815
  endloop
endfacet
facet normal -1.9046856449124413e-16 -1.0 1.132981842288824e-15
  outer loop
    vertex -132.49256923362827 -409.6999999999997 -96.34009906042309
    vertex 133.52270542035814 -409.6999999999996 -95.34809223768815
    vertex -131.52270542032895 -409.6999999999997 -95.34809223768777
  endloop
endfacet
facet normal -1.9046856449124413e-16 -1.0 1.132981842288824e-15
  outer loop
    vertex -131.52270542032895 -409.6999999999997 -95.34809223768777
    vertex 133.52270542035814 -409.6999999999996 -95.34809223768815
    vertex 132.49330613476656 -409.6999999999996 -94.41801134683811
  endloop
endfacet
facet normal -1.9046856449124413e-16 -1.0 1.132981842288824e-15
  outer loop
    vertex -131.52270542032895 -409.6999999999997 -95.34809223768777
    vertex 132.49330613476656 -409.6999999999996 -94.41801134683811
    vertex -130.49330613473734 -409.6999999999997 -94.41801134683776
  endloop
endfacet
facet normal -1.9046856449124413e-16 -1.0 1.132981842288824e-15
  outer loop
    vertex -130.49330613473734 -409.6999999999997 -94.41801134683776
    vertex 132.49330613476656 -409.6999999999996 -94.41801134683811
    vertex 131.40831806299428 -409.6999999999996 -93.55342229022637
  endloop
endfacet
facet normal -1.9046856449124413e-16 -1.0 1.132981842288824e-15
  outer loop
    vertex -130.49330613473734 -409.6999999999997 -94.41801134683776
    vertex 131.40831806299428 -409.6999999999996 -93.55342229022637
    vertex -129.40831806296504 -409.6999999999997 -93.55342229022604
  endloop
endfacet
facet normal -1.9046856449124413e-16 -1.0 1.132981842288824e-15
  outer loop
    vertex -129.40831806296504 -409.6999999999997 -93.55342229022604
    vertex 131.40831806299428 -409.6999999999996 -93.55342229022637
    vertex 130.27190101689874 -409.6999999999996 -92.75763987646971
  endloop
endfacet
facet normal -1.9046856449124413e-16 -1.0 1.132981842288824e-15
  outer loop
    vertex -129.40831806296504 -409.6999999999997 -93.55342229022604
    vertex 130.27190101689874 -409.6999999999996 -92.75763987646971
    vertex -128.27190101686952 -409.6999999999997 -92.7576398764694
  endloop
endfacet
facet normal -1.9046856449124413e-16 -1.0 1.132981842288824e-15
  outer loop
    vertex -128.27190101686952 -409.6999999999997 -92.7576398764694
    vertex 130.27190101689874 -409.6999999999996 -92.75763987646971
    vertex 129.08841198548868 -409.6999999999996 -92.03371511157158
  endloop
endfacet
facet normal -1.9046856449124413e-16 -1.0 1.132981842288824e-15
  outer loop
    vertex -128.27190101686952 -409.6999999999997 -92.7576398764694
    vertex 129.08841198548868 -409.6999999999996 -92.03371511157158
    vertex -127.08841198545935 -409.6999999999997 -92.03371511157128
  endloop
endfacet
facet normal -1.9046856449124413e-16 -1.0 1.132981842288824e-15
  outer loop
    vertex -127.08841198545935 -409.6999999999997 -92.03371511157128
    vertex 129.08841198548868 -409.6999999999996 -92.03371511157158
    vertex 127.86238843035832 -409.6999999999996 -91.38442350145617
  endloop
endfacet
facet normal -1.9046856449124413e-16 -1.0 1.132981842288824e-15
  outer loop
    vertex -127.08841198545935 -409.6999999999997 -92.03371511157128
    vertex 127.86238843035832 -409.6999999999996 -91.38442350145617
    vertex -125.86238843032895 -409.6999999999997 -91.3844235014559
  endloop
endfacet
facet normal -1.9046856449124413e-16 -1.0 1.132981842288824e-15
  outer loop
    vertex -125.86238843032895 -409.6999999999997 -91.3844235014559
    vertex 127.86238843035832 -409.6999999999996 -91.38442350145617
    vertex 126.59853088919525 -409.6999999999997 -90.8122544107616
  endloop
endfacet
facet normal -1.9046856449124413e-16 -1.0 1.132981842288824e-15
  outer loop
    vertex -125.86238843032895 -409.6999999999997 -91.3844235014559
    vertex 126.59853088919525 -409.6999999999997 -90.8122544107616
    vertex -124.59853088916591 -409.6999999999997 -90.81225441076135
  endloop
endfacet
facet normal -1.9046856449124413e-16 -1.0 1.132981842288824e-15
  outer loop
    vertex -124.59853088916591 -409.6999999999997 -90.81225441076135
    vertex 126.59853088919525 -409.6999999999997 -90.8122544107616
    vertex 125.30168495405964 -409.6999999999997 -90.31940151869027
  endloop
endfacet
facet normal -1.9046856449124413e-16 -1.0 1.132981842288824e-15
  outer loop
    vertex -124.59853088916591 -409.6999999999997 -90.81225441076135
    vertex 125.30168495405964 -409.6999999999997 -90.31940151869027
    vertex -123.30168495403028 -409.6999999999997 -90.31940151869004
  endloop
endfacet
facet normal -1.9046856449124413e-16 -1.0 1.132981842288824e-15
  outer loop
    vertex -123.30168495403028 -409.6999999999997 -90.31940151869004
    vertex 125.30168495405964 -409.6999999999997 -90.31940151869027
    vertex 123.97682269352856 -409.6999999999997 -89.90775440850831
  endloop
endfacet
facet normal -1.9046856449124413e-16 -1.0 1.132981842288824e-15
  outer loop
    vertex -123.30168495403028 -409.6999999999997 -90.31940151869004
    vertex 123.97682269352856 -409.6999999999997 -89.90775440850831
    vertex -121.9768226934991 -409.6999999999997 -89.9077544085081
  endloop
endfacet
facet normal -1.9046856449124413e-16 -1.0 1.132981842288824e-15
  outer loop
    vertex -121.9768226934991 -409.6999999999997 -89.9077544085081
    vertex 123.97682269352856 -409.6999999999997 -89.90775440850831
    vertex 122.62902358993365 -409.6999999999997 -89.5788913229398
  endloop
endfacet
facet normal -1.9046856449124413e-16 -1.0 1.132981842288824e-15
  outer loop
    vertex -121.9768226934991 -409.6999999999997 -89.9077544085081
    vertex 122.62902358993365 -409.6999999999997 -89.5788913229398
    vertex -120.6290235899042 -409.6999999999997 -89.57889132293963
  endloop
endfacet
facet normal -1.9046856449124413e-16 -1.0 1.132981842288824e-15
  outer loop
    vertex -120.6290235899042 -409.6999999999997 -89.57889132293963
    vertex 122.62902358993365 -409.6999999999997 -89.5788913229398
    vertex 121.2634550647779 -409.6999999999997 -89.33407311323128
  endloop
endfacet
facet normal -1.9046856449124413e-16 -1.0 1.132981842288824e-15
  outer loop
    vertex -120.6290235899042 -409.6999999999997 -89.57889132293963
    vertex 121.2634550647779 -409.6999999999997 -89.33407311323128
    vertex -119.26345506474844 -409.6999999999997 -89.33407311323117
  endloop
endfacet
facet normal -1.9046856449124413e-16 -1.0 1.132981842288824e-15
  outer loop
    vertex -119.26345506474844 -409.6999999999997 -89.33407311323117
    vertex 121.2634550647779 -409.6999999999997 -89.33407311323128
    vertex 119.88535266699573 -409.6999999999997 -89.17423840508586
  endloop
endfacet
facet normal -1.9046856449124413e-16 -1.0 1.132981842288824e-15
  outer loop
    vertex -119.26345506474844 -409.6999999999997 -89.33407311323117
    vertex 119.88535266699573 -409.6999999999997 -89.17423840508586
    vertex -117.88535266696627 -409.6999999999997 -89.17423840508576
  endloop
endfacet
facet normal -1.9046856449124413e-16 -1.0 1.132981842288824e-15
  outer loop
    vertex -117.88535266696627 -409.6999999999997 -89.17423840508576
    vertex 119.88535266699573 -409.6999999999997 -89.17423840508586
    vertex 118.50000000001484 -409.6999999999997 -89.10000000000007
  endloop
endfacet
facet normal -1.9046856449124413e-16 -1.0 1.132981842288824e-15
  outer loop
    vertex -117.88535266696627 -409.6999999999997 -89.17423840508576
    vertex 118.50000000001484 -409.6999999999997 -89.10000000000007
    vertex -116.49999999998532 -409.6999999999997 -89.10000000000001
  endloop
endfacet
facet normal 6.223374306313969e-15 1.1279865930191202e-14 -1.0
  outer loop
    vertex -87.49999999998984 -401.7000000000005 -133.89999999999955
    vertex -116.49999999998614 -409.6999999999995 -133.89999999999984
    vertex -116.49999999998614 -401.6999999999994 -133.89999999999984
  endloop
endfacet
facet normal 6.223374306313969e-15 1.1279865930191202e-14 -1.0
  outer loop
    vertex -116.49999999998614 -409.6999999999995 -133.89999999999984
    vertex -87.49999999998984 -401.7000000000005 -133.89999999999955
    vertex -87.49999999999056 -409.7000000000008 -133.89999999999972
  endloop
endfacet
facet normal 0.05351131252128023 9.429892980121024e-17 -0.9985672433202735
  outer loop
    vertex 119.88535266699564 -401.69999999999976 -133.82576159491373
    vertex 118.50000000001474 -409.6999999999999 -133.8999999999995
    vertex 118.50000000001474 -401.69999999999976 -133.8999999999995
  endloop
endfacet
facet normal 0.05351131252128023 9.429892980121024e-17 -0.9985672433202735
  outer loop
    vertex 118.50000000001474 -409.6999999999999 -133.8999999999995
    vertex 119.88535266699564 -401.69999999999976 -133.82576159491373
    vertex 119.88535266699564 -409.6999999999999 -133.82576159491373
  endloop
endfacet
facet normal 0.11520943923073337 7.318122085959761e-17 -0.9933412228998352
  outer loop
    vertex 121.26345506477782 -401.69999999999976 -133.6659268867683
    vertex 119.88535266699564 -409.6999999999999 -133.82576159491373
    vertex 119.88535266699564 -401.69999999999976 -133.82576159491373
  endloop
endfacet
facet normal 0.11520943923073337 7.318122085959761e-17 -0.9933412228998352
  outer loop
    vertex 119.88535266699564 -409.6999999999999 -133.82576159491373
    vertex 121.26345506477782 -401.69999999999976 -133.6659268867683
    vertex 121.26345506477782 -409.6999999999999 -133.6659268867683
  endloop
endfacet
facet normal 0.23704570873032152 3.01861195120191e-17 -0.9714984981833681
  outer loop
    vertex 123.97682269352839 -401.69999999999976 -133.09224559149132
    vertex 122.62902358993348 -409.6999999999999 -133.4211086770598
    vertex 122.62902358993348 -401.69999999999976 -133.4211086770598
  endloop
endfacet
facet normal 0.23704570873032152 3.01861195120191e-17 -0.9714984981833681
  outer loop
    vertex 122.62902358993348 -409.6999999999999 -133.4211086770598
    vertex 123.97682269352839 -401.69999999999976 -133.09224559149132
    vertex 123.97682269352839 -409.6999999999999 -133.09224559149132
  endloop
endfacet
facet normal 0.29671673490258055 8.473569040307986e-18 -0.954965538241434
  outer loop
    vertex 125.30168495405955 -401.6999999999997 -132.68059848130935
    vertex 123.97682269352839 -409.6999999999999 -133.09224559149132
    vertex 123.97682269352839 -401.69999999999976 -133.09224559149132
  endloop
endfacet
facet normal 0.29671673490258055 8.473569040307986e-18 -0.954965538241434
  outer loop
    vertex 123.97682269352839 -409.6999999999999 -133.09224559149132
    vertex 125.30168495405955 -401.6999999999997 -132.68059848130935
    vertex 125.30168495405955 -409.69999999999976 -132.68059848130935
  endloop
endfacet
facet normal 0.1764658563916322 5.17829373032056e-17 -0.9843067619029995
  outer loop
    vertex 122.62902358993348 -401.69999999999976 -133.4211086770598
    vertex 121.26345506477782 -409.6999999999999 -133.6659268867683
    vertex 121.26345506477782 -401.69999999999976 -133.6659268867683
  endloop
endfacet
facet normal 0.1764658563916322 5.17829373032056e-17 -0.9843067619029995
  outer loop
    vertex 121.26345506477782 -409.6999999999999 -133.6659268867683
    vertex 122.62902358993348 -401.69999999999976 -133.4211086770598
    vertex 122.62902358993348 -409.6999999999999 -133.4211086770598
  endloop
endfacet
facet normal 0.8646233382840968 -3.441217347711403e-16 0.5024206234764498
  outer loop
    vertex 137.7060178681104 -401.69999999999953 -100.84806998694724
    vertex 137.00898944530235 -409.6999999999996 -99.64854310917475
    vertex 137.7060178681104 -409.6999999999996 -100.84806998694724
  endloop
endfacet
facet normal 0.8646233382840968 -3.441217347711403e-16 0.5024206234764498
  outer loop
    vertex 137.00898944530235 -409.6999999999996 -99.64854310917475
    vertex 137.7060178681104 -401.69999999999953 -100.84806998694724
    vertex 137.00898944530235 -401.69999999999953 -99.64854310917475
  endloop
endfacet
facet normal 0.6231989380344473 -1.1957953504136232e-16 -0.7820633501403434
  outer loop
    vertex 132.49330613476647 -401.6999999999997 -128.5819886531615
    vertex 131.40831806299428 -409.69999999999976 -129.44657770977327
    vertex 131.40831806299428 -401.6999999999997 -129.44657770977327
  endloop
endfacet
facet normal 0.6231989380344473 -1.1957953504136232e-16 -0.7820633501403434
  outer loop
    vertex 131.40831806299428 -409.69999999999976 -129.44657770977327
    vertex 132.49330613476647 -401.6999999999997 -128.5819886531615
    vertex 132.49330613476647 -409.69999999999976 -128.5819886531615
  endloop
endfacet
facet normal 0.756937114377029 -1.7851770787008116e-16 -0.6534877235867378
  outer loop
    vertex 134.49256923365735 -401.6999999999997 -126.65990093957613
    vertex 135.399179145775 -409.6999999999997 -125.60977150948155
    vertex 134.49256923365735 -409.69999999999976 -126.65990093957613
  endloop
endfacet
facet normal 0.756937114377029 -1.7851770787008116e-16 -0.6534877235867378
  outer loop
    vertex 135.399179145775 -409.6999999999997 -125.60977150948155
    vertex 134.49256923365735 -401.6999999999997 -126.65990093957613
    vertex 135.399179145775 -401.6999999999996 -125.60977150948155
  endloop
endfacet
facet normal 0.4124215625563644 -3.4965624309159496e-17 -0.9109931145396033
  outer loop
    vertex 127.86238843035822 -401.6999999999997 -131.61557649854345
    vertex 126.59853088919515 -409.69999999999976 -132.187745589238
    vertex 126.59853088919515 -401.6999999999997 -132.187745589238
  endloop
endfacet
facet normal 0.4124215625563644 -3.4965624309159496e-17 -0.9109931145396033
  outer loop
    vertex 126.59853088919515 -409.69999999999976 -132.187745589238
    vertex 127.86238843035822 -401.6999999999997 -131.61557649854345
    vertex 127.86238843035822 -409.69999999999976 -131.61557649854345
  endloop
endfacet
facet normal 0.9880389343034176 -3.460971852342879e-16 0.15420461828546847
  outer loop
    vertex 140.22835904586992 -401.69999999999953 -108.73196576969075
    vertex 140.0144247508772 -409.6999999999996 -107.36121945102823
    vertex 140.22835904586992 -409.6999999999996 -108.73196576969075
  endloop
endfacet
facet normal 0.9880389343034176 -3.460971852342879e-16 0.15420461828546847
  outer loop
    vertex 140.0144247508772 -409.6999999999996 -107.36121945102823
    vertex 140.22835904586992 -401.69999999999953 -108.73196576969075
    vertex 140.0144247508772 -401.69999999999953 -107.36121945102823
  endloop
endfacet
facet normal 0.670405690462184 -1.3978667016291093e-16 -0.74199475078731
  outer loop
    vertex 133.52270542035805 -401.6999999999997 -127.65190776231148
    vertex 132.49330613476647 -409.69999999999976 -128.5819886531615
    vertex 132.49330613476647 -401.6999999999997 -128.5819886531615
  endloop
endfacet
facet normal 0.670405690462184 -1.3978667016291093e-16 -0.74199475078731
  outer loop
    vertex 132.49330613476647 -409.69999999999976 -128.5819886531615
    vertex 133.52270542035805 -401.6999999999997 -127.65190776231148
    vertex 133.52270542035805 -409.69999999999976 -127.65190776231148
  endloop
endfacet
facet normal 0.8318713676141412 -3.3912237709667055e-16 0.5549684925685229
  outer loop
    vertex 137.00898944530235 -401.69999999999953 -99.64854310917475
    vertex 136.23905924138958 -409.6999999999996 -98.49445436310553
    vertex 137.00898944530235 -409.6999999999996 -99.64854310917475
  endloop
endfacet
facet normal 0.8318713676141412 -3.3912237709667055e-16 0.5549684925685229
  outer loop
    vertex 136.23905924138958 -409.6999999999996 -98.49445436310553
    vertex 137.00898944530235 -401.69999999999953 -99.64854310917475
    vertex 136.23905924138958 -401.69999999999953 -98.49445436310553
  endloop
endfacet
facet normal 0.7959300269696132 -3.328228343583639e-16 0.605388629037704
  outer loop
    vertex 136.23905924138958 -401.69999999999953 -98.49445436310553
    vertex 135.39917914577512 -409.6999999999996 -97.3902284905181
    vertex 136.23905924138958 -409.6999999999996 -98.49445436310553
  endloop
endfacet
facet normal 0.7959300269696132 -3.328228343583639e-16 0.605388629037704
  outer loop
    vertex 135.39917914577512 -409.6999999999996 -97.3902284905181
    vertex 136.23905924138958 -401.69999999999953 -98.49445436310553
    vertex 135.39917914577512 -401.69999999999953 -97.3902284905181
  endloop
endfacet
facet normal 0.9995206388403272 -3.2913016949402945e-16 -0.03095953055561992
  outer loop
    vertex 140.35704859287534 -401.6999999999996 -112.88667535109164
    vertex 140.40000000001453 -409.6999999999996 -111.49999999999982
    vertex 140.35704859287534 -409.6999999999997 -112.88667535109164
  endloop
endfacet
facet normal 0.9995206388403272 -3.2913016949402945e-16 -0.03095953055561992
  outer loop
    vertex 140.40000000001453 -409.6999999999996 -111.49999999999982
    vertex 140.35704859287534 -401.6999999999996 -112.88667535109164
    vertex 140.40000000001453 -401.69999999999953 -111.49999999999982
  endloop
endfacet
facet normal 0.9766012502787297 -3.008352860116669e-16 -0.21505812691926376
  outer loop
    vertex 139.7160659255938 -401.6999999999996 -116.99365890663911
    vertex 140.0144247508772 -409.6999999999997 -115.63878054897141
    vertex 139.7160659255938 -409.6999999999997 -116.99365890663911
  endloop
endfacet
facet normal 0.9766012502787297 -3.008352860116669e-16 -0.21505812691926376
  outer loop
    vertex 140.0144247508772 -409.6999999999997 -115.63878054897141
    vertex 139.7160659255938 -401.6999999999996 -116.99365890663911
    vertex 140.0144247508772 -401.6999999999996 -115.63878054897141
  endloop
endfacet
facet normal 0.894060368902373 -2.4722297659070183e-16 -0.447946488721759
  outer loop
    vertex 137.7060178681103 -401.6999999999996 -122.15193001305241
    vertex 138.32747212366155 -409.6999999999997 -120.91156395379483
    vertex 137.7060178681103 -409.6999999999997 -122.15193001305241
  endloop
endfacet
facet normal 0.894060368902373 -2.4722297659070183e-16 -0.447946488721759
  outer loop
    vertex 138.32747212366155 -409.6999999999997 -120.91156395379483
    vertex 137.7060178681103 -401.6999999999996 -122.15193001305241
    vertex 138.32747212366155 -401.6999999999996 -120.91156395379483
  endloop
endfacet
facet normal 0.9614193062326397 -3.508101473999785e-16 0.2750871091184568
  outer loop
    vertex 139.7160659255938 -401.69999999999953 -106.00634109336053
    vertex 139.33442646884356 -409.6999999999996 -104.67252525983918
    vertex 139.7160659255938 -409.6999999999996 -106.00634109336053
  endloop
endfacet
facet normal 0.9614193062326397 -3.508101473999785e-16 0.2750871091184568
  outer loop
    vertex 139.33442646884356 -409.6999999999996 -104.67252525983918
    vertex 139.7160659255938 -401.69999999999953 -106.00634109336053
    vertex 139.33442646884356 -401.69999999999953 -104.67252525983918
  endloop
endfacet
facet normal 0.46801175518499216 -5.652572261722767e-17 -0.8837222397386313
  outer loop
    vertex 129.08841198548856 -401.6999999999997 -130.96628488842802
    vertex 127.86238843035822 -409.69999999999976 -131.61557649854345
    vertex 127.86238843035822 -401.6999999999997 -131.61557649854345
  endloop
endfacet
facet normal 0.46801175518499216 -5.652572261722767e-17 -0.8837222397386313
  outer loop
    vertex 127.86238843035822 -409.69999999999976 -131.61557649854345
    vertex 129.08841198548856 -401.6999999999997 -130.96628488842802
    vertex 129.08841198548856 -409.69999999999976 -130.96628488842802
  endloop
endfacet
facet normal 0.756937114377036 -3.2524725881492154e-16 0.6534877235867298
  outer loop
    vertex 135.39917914577512 -401.69999999999953 -97.3902284905181
    vertex 134.49256923365746 -409.6999999999996 -96.34009906042347
    vertex 135.39917914577512 -409.6999999999996 -97.3902284905181
  endloop
endfacet
facet normal 0.756937114377036 -3.2524725881492154e-16 0.6534877235867298
  outer loop
    vertex 134.49256923365746 -409.6999999999996 -96.34009906042347
    vertex 135.39917914577512 -401.69999999999953 -97.3902284905181
    vertex 134.49256923365746 -401.69999999999953 -96.34009906042347
  endloop
endfacet
facet normal 0.5736028594938782 -9.891393555441678e-17 -0.8191335419700785
  outer loop
    vertex 131.40831806299428 -401.6999999999997 -129.44657770977327
    vertex 130.27190101689874 -409.69999999999976 -130.2423601235299
    vertex 130.27190101689874 -401.6999999999997 -130.2423601235299
  endloop
endfacet
facet normal 0.5736028594938782 -9.891393555441678e-17 -0.8191335419700785
  outer loop
    vertex 130.27190101689874 -409.69999999999976 -130.2423601235299
    vertex 131.40831806299428 -401.6999999999997 -129.44657770977327
    vertex 131.40831806299428 -409.69999999999976 -129.44657770977327
  endloop
endfacet
facet normal 0.5218076047241755 -7.786910299323008e-17 -0.8530632002683146
  outer loop
    vertex 130.27190101689874 -401.6999999999997 -130.2423601235299
    vertex 129.08841198548856 -409.69999999999976 -130.96628488842802
    vertex 129.08841198548856 -401.6999999999997 -130.96628488842802
  endloop
endfacet
facet normal 0.5218076047241755 -7.786910299323008e-17 -0.8530632002683146
  outer loop
    vertex 129.08841198548856 -409.69999999999976 -130.96628488842802
    vertex 130.27190101689874 -401.6999999999997 -130.2423601235299
    vertex 130.27190101689874 -409.69999999999976 -130.2423601235299
  endloop
endfacet
facet normal 0.8318713676141111 -2.1451364342959482e-16 -0.5549684925685678
  outer loop
    vertex 136.2390592413895 -401.6999999999996 -124.5055456368941
    vertex 137.00898944530235 -409.6999999999997 -123.35145689082488
    vertex 136.2390592413895 -409.6999999999997 -124.5055456368941
  endloop
endfacet
facet normal 0.8318713676141111 -2.1451364342959482e-16 -0.5549684925685678
  outer loop
    vertex 137.00898944530235 -409.6999999999997 -123.35145689082488
    vertex 136.2390592413895 -401.6999999999996 -124.5055456368941
    vertex 137.00898944530235 -401.6999999999996 -123.35145689082488
  endloop
endfacet
facet normal 0.9425513092851187 -2.7614456173347303e-16 -0.33406141555843977
  outer loop
    vertex 138.8709695749037 -401.6999999999996 -119.63511423947226
    vertex 139.33442646884356 -409.6999999999997 -118.32747474016045
    vertex 138.8709695749037 -409.6999999999997 -119.63511423947226
  endloop
endfacet
facet normal 0.9425513092851187 -2.7614456173347303e-16 -0.33406141555843977
  outer loop
    vertex 139.33442646884356 -409.6999999999997 -118.32747474016045
    vertex 138.8709695749037 -401.6999999999996 -119.63511423947226
    vertex 139.33442646884356 -401.6999999999996 -118.32747474016045
  endloop
endfacet
facet normal 0.9956885065678084 -3.2091685836496283e-16 -0.09275989375138191
  outer loop
    vertex 140.22835904586992 -401.6999999999996 -114.2680342303089
    vertex 140.35704859287534 -409.6999999999997 -112.88667535109164
    vertex 140.22835904586992 -409.6999999999997 -114.2680342303089
  endloop
endfacet
facet normal 0.9956885065678084 -3.2091685836496283e-16 -0.09275989375138191
  outer loop
    vertex 140.35704859287534 -409.6999999999997 -112.88667535109164
    vertex 140.22835904586992 -401.6999999999996 -114.2680342303089
    vertex 140.35704859287534 -401.6999999999996 -112.88667535109164
  endloop
endfacet
facet normal 0.7959300269696132 -1.9689311681406218e-16 -0.605388629037704
  outer loop
    vertex 135.399179145775 -401.6999999999996 -125.60977150948155
    vertex 136.2390592413895 -409.6999999999997 -124.5055456368941
    vertex 135.399179145775 -409.6999999999997 -125.60977150948155
  endloop
endfacet
facet normal 0.7959300269696132 -1.9689311681406218e-16 -0.605388629037704
  outer loop
    vertex 136.2390592413895 -409.6999999999997 -124.5055456368941
    vertex 135.399179145775 -401.6999999999996 -125.60977150948155
    vertex 136.2390592413895 -401.6999999999996 -124.5055456368941
  endloop
endfacet
facet normal 0.97660125027873 -3.491229297591372e-16 0.21505812691926204
  outer loop
    vertex 140.0144247508772 -401.69999999999953 -107.36121945102823
    vertex 139.7160659255938 -409.6999999999996 -106.00634109336053
    vertex 140.0144247508772 -409.6999999999996 -107.36121945102823
  endloop
endfacet
facet normal 0.97660125027873 -3.491229297591372e-16 0.21505812691926204
  outer loop
    vertex 139.7160659255938 -409.6999999999996 -106.00634109336053
    vertex 140.0144247508772 -401.69999999999953 -107.36121945102823
    vertex 139.7160659255938 -401.69999999999953 -106.00634109336053
  endloop
endfacet
facet normal 0.9614193062326404 -2.8904401693600303e-16 -0.2750871091184547
  outer loop
    vertex 139.33442646884356 -401.6999999999996 -118.32747474016045
    vertex 139.7160659255938 -409.6999999999997 -116.99365890663911
    vertex 139.33442646884356 -409.6999999999997 -118.32747474016045
  endloop
endfacet
facet normal 0.9614193062326404 -2.8904401693600303e-16 -0.2750871091184547
  outer loop
    vertex 139.7160659255938 -409.6999999999997 -116.99365890663911
    vertex 139.33442646884356 -401.6999999999996 -118.32747474016045
    vertex 139.7160659255938 -401.6999999999996 -116.99365890663911
  endloop
endfacet
facet normal 0.7150421274984583 -1.594578673666409e-16 -0.6990813657239611
  outer loop
    vertex 133.52270542035805 -401.6999999999997 -127.65190776231148
    vertex 134.49256923365735 -409.69999999999976 -126.65990093957613
    vertex 133.52270542035805 -409.69999999999976 -127.65190776231148
  endloop
endfacet
facet normal 0.7150421274984583 -1.594578673666409e-16 -0.6990813657239611
  outer loop
    vertex 134.49256923365735 -409.69999999999976 -126.65990093957613
    vertex 133.52270542035805 -401.6999999999997 -127.65190776231148
    vertex 134.49256923365735 -401.6999999999997 -126.65990093957613
  endloop
endfacet
facet normal 0.9880389343034176 -3.1147316158704963e-16 -0.15420461828546847
  outer loop
    vertex 140.0144247508772 -401.6999999999996 -115.63878054897141
    vertex 140.22835904586992 -409.6999999999997 -114.2680342303089
    vertex 140.0144247508772 -409.6999999999997 -115.63878054897141
  endloop
endfacet
facet normal 0.9880389343034176 -3.1147316158704963e-16 -0.15420461828546847
  outer loop
    vertex 140.22835904586992 -409.6999999999997 -114.2680342303089
    vertex 140.0144247508772 -401.6999999999996 -115.63878054897141
    vertex 140.22835904586992 -401.6999999999996 -114.2680342303089
  endloop
endfacet
facet normal 0.9200695987728357 -2.6218637652999157e-16 -0.39175494050999965
  outer loop
    vertex 138.32747212366155 -401.6999999999996 -120.91156395379483
    vertex 138.8709695749037 -409.6999999999997 -119.63511423947226
    vertex 138.32747212366155 -409.6999999999997 -120.91156395379483
  endloop
endfacet
facet normal 0.9200695987728357 -2.6218637652999157e-16 -0.39175494050999965
  outer loop
    vertex 138.8709695749037 -409.6999999999997 -119.63511423947226
    vertex 138.32747212366155 -401.6999999999996 -120.91156395379483
    vertex 138.8709695749037 -401.6999999999996 -119.63511423947226
  endloop
endfacet
facet normal 0.9956885065678084 -3.417445144395528e-16 0.09275989375138191
  outer loop
    vertex 140.35704859287534 -401.69999999999953 -110.113324648908
    vertex 140.22835904586992 -409.6999999999996 -108.73196576969075
    vertex 140.35704859287534 -409.6999999999996 -110.113324648908
  endloop
endfacet
facet normal 0.9956885065678084 -3.417445144395528e-16 0.09275989375138191
  outer loop
    vertex 140.22835904586992 -409.6999999999996 -108.73196576969075
    vertex 140.35704859287534 -401.69999999999953 -110.113324648908
    vertex 140.22835904586992 -401.69999999999953 -108.73196576969075
  endloop
endfacet
facet normal 0.3552501579764785 -1.327146884198797e-17 -0.9347712689517619
  outer loop
    vertex 126.59853088919515 -401.6999999999997 -132.187745589238
    vertex 125.30168495405955 -409.69999999999976 -132.68059848130935
    vertex 125.30168495405955 -401.6999999999997 -132.68059848130935
  endloop
endfacet
facet normal 0.3552501579764785 -1.327146884198797e-17 -0.9347712689517619
  outer loop
    vertex 125.30168495405955 -409.69999999999976 -132.68059848130935
    vertex 126.59853088919515 -401.6999999999997 -132.187745589238
    vertex 126.59853088919515 -409.69999999999976 -132.187745589238
  endloop
endfacet
facet normal 0.9425513092851204 -3.5115236941477694e-16 0.33406141555843466
  outer loop
    vertex 139.33442646884356 -401.69999999999953 -104.67252525983918
    vertex 138.8709695749037 -409.6999999999996 -103.36488576052736
    vertex 139.33442646884356 -409.6999999999996 -104.67252525983918
  endloop
endfacet
facet normal 0.9425513092851204 -3.5115236941477694e-16 0.33406141555843466
  outer loop
    vertex 138.8709695749037 -409.6999999999996 -103.36488576052736
    vertex 139.33442646884356 -401.69999999999953 -104.67252525983918
    vertex 138.8709695749037 -401.69999999999953 -103.36488576052736
  endloop
endfacet
facet normal 0.9995206388403272 -3.360816053847546e-16 0.03095953055561992
  outer loop
    vertex 140.40000000001453 -401.69999999999953 -111.49999999999982
    vertex 140.35704859287534 -409.6999999999996 -110.113324648908
    vertex 140.40000000001453 -409.6999999999996 -111.49999999999982
  endloop
endfacet
facet normal 0.9995206388403272 -3.360816053847546e-16 0.03095953055561992
  outer loop
    vertex 140.35704859287534 -409.6999999999996 -110.113324648908
    vertex 140.40000000001453 -401.69999999999953 -111.49999999999982
    vertex 140.35704859287534 -401.69999999999953 -110.113324648908
  endloop
endfacet
facet normal 0.9200695987728579 -3.5014828373455094e-16 0.3917549405099475
  outer loop
    vertex 138.8709695749037 -401.69999999999953 -103.36488576052736
    vertex 138.32747212366164 -409.6999999999996 -102.08843604620482
    vertex 138.8709695749037 -409.6999999999996 -103.36488576052736
  endloop
endfacet
facet normal 0.9200695987728579 -3.5014828373455094e-16 0.3917549405099475
  outer loop
    vertex 138.32747212366164 -409.6999999999996 -102.08843604620482
    vertex 138.8709695749037 -401.69999999999953 -103.36488576052736
    vertex 138.32747212366164 -401.69999999999953 -102.08843604620482
  endloop
endfacet
facet normal 0.8646233382841251 -2.3131173114399355e-16 -0.5024206234764013
  outer loop
    vertex 137.00898944530235 -401.6999999999996 -123.35145689082488
    vertex 137.7060178681103 -409.6999999999997 -122.15193001305241
    vertex 137.00898944530235 -409.6999999999997 -123.35145689082488
  endloop
endfacet
facet normal 0.8646233382841251 -2.3131173114399355e-16 -0.5024206234764013
  outer loop
    vertex 137.7060178681103 -409.6999999999997 -122.15193001305241
    vertex 137.00898944530235 -401.6999999999996 -123.35145689082488
    vertex 137.7060178681103 -401.6999999999996 -122.15193001305241
  endloop
endfacet
facet normal 0.8940603689023713 -3.4780173999380185e-16 0.44794648872176224
  outer loop
    vertex 138.32747212366164 -401.69999999999953 -102.08843604620482
    vertex 137.7060178681104 -409.6999999999996 -100.84806998694724
    vertex 138.32747212366164 -409.6999999999996 -102.08843604620482
  endloop
endfacet
facet normal 0.8940603689023713 -3.4780173999380185e-16 0.44794648872176224
  outer loop
    vertex 137.7060178681104 -409.6999999999996 -100.84806998694724
    vertex 138.32747212366164 -401.69999999999953 -102.08843604620482
    vertex 137.7060178681104 -401.69999999999953 -100.84806998694724
  endloop
endfacet
facet normal -0.6231989380343956 1.195795350413405e-16 0.7820633501403844
  outer loop
    vertex -129.40831806296504 -409.6999999999997 -93.55342229022604
    vertex -130.49330613473734 -401.6999999999996 -94.41801134683776
    vertex -130.49330613473734 -409.6999999999997 -94.41801134683776
  endloop
endfacet
facet normal -0.6231989380343956 1.195795350413405e-16 0.7820633501403844
  outer loop
    vertex -130.49330613473734 -401.6999999999996 -94.41801134683776
    vertex -129.40831806296504 -409.6999999999997 -93.55342229022604
    vertex -129.40831806296504 -401.6999999999996 -93.55342229022604
  endloop
endfacet
facet normal 0.6704056904621886 -3.0638896834977154e-16 0.741994750787306
  outer loop
    vertex 133.52270542035814 -409.6999999999996 -95.34809223768815
    vertex 132.49330613476656 -401.69999999999953 -94.41801134683811
    vertex 132.49330613476656 -409.6999999999996 -94.41801134683811
  endloop
endfacet
facet normal 0.6704056904621886 -3.0638896834977154e-16 0.741994750787306
  outer loop
    vertex 132.49330613476656 -401.69999999999953 -94.41801134683811
    vertex 133.52270542035814 -409.6999999999996 -95.34809223768815
    vertex 133.52270542035814 -401.69999999999953 -95.34809223768815
  endloop
endfacet
facet normal 0.41242156255637796 -2.39513630010902e-16 0.9109931145395973
  outer loop
    vertex 127.86238843035832 -409.6999999999996 -91.38442350145617
    vertex 126.59853088919525 -401.6999999999996 -90.8122544107616
    vertex 126.59853088919525 -409.6999999999997 -90.8122544107616
  endloop
endfacet
facet normal 0.41242156255637796 -2.39513630010902e-16 0.9109931145395973
  outer loop
    vertex 126.59853088919525 -401.6999999999996 -90.8122544107616
    vertex 127.86238843035832 -409.6999999999996 -91.38442350145617
    vertex 127.86238843035832 -401.69999999999953 -91.38442350145617
  endloop
endfacet
facet normal 0.5218076047242045 -2.6940993197152417e-16 0.853063200268297
  outer loop
    vertex 130.27190101689874 -409.6999999999996 -92.75763987646971
    vertex 129.08841198548868 -401.69999999999953 -92.03371511157158
    vertex 129.08841198548868 -409.6999999999996 -92.03371511157158
  endloop
endfacet
facet normal 0.5218076047242045 -2.6940993197152417e-16 0.853063200268297
  outer loop
    vertex 129.08841198548868 -401.69999999999953 -92.03371511157158
    vertex 130.27190101689874 -409.6999999999996 -92.75763987646971
    vertex 130.27190101689874 -401.69999999999953 -92.75763987646971
  endloop
endfacet
facet normal 0.35525015797647147 -2.2315845459379126e-16 0.9347712689517645
  outer loop
    vertex 126.59853088919525 -409.6999999999997 -90.8122544107616
    vertex 125.30168495405964 -401.6999999999996 -90.31940151869027
    vertex 125.30168495405964 -409.6999999999997 -90.31940151869027
  endloop
endfacet
facet normal 0.35525015797647147 -2.2315845459379126e-16 0.9347712689517645
  outer loop
    vertex 125.30168495405964 -401.6999999999996 -90.31940151869027
    vertex 126.59853088919525 -409.6999999999997 -90.8122544107616
    vertex 126.59853088919525 -401.6999999999996 -90.8122544107616
  endloop
endfacet
facet normal 0.2370457087303292 -1.8794734074587998e-16 0.9714984981833662
  outer loop
    vertex 123.97682269352856 -409.6999999999997 -89.90775440850831
    vertex 122.62902358993365 -401.6999999999996 -89.5788913229398
    vertex 122.62902358993365 -409.6999999999997 -89.5788913229398
  endloop
endfacet
facet normal 0.2370457087303292 -1.8794734074587998e-16 0.9714984981833662
  outer loop
    vertex 122.62902358993365 -401.6999999999996 -89.5788913229398
    vertex 123.97682269352856 -409.6999999999997 -89.90775440850831
    vertex 123.97682269352856 -401.6999999999996 -89.90775440850831
  endloop
endfacet
facet normal -0.35525015797644643 1.3271468841975905e-17 0.9347712689517741
  outer loop
    vertex -123.30168495403028 -409.6999999999997 -90.31940151869004
    vertex -124.59853088916591 -401.6999999999996 -90.81225441076135
    vertex -124.59853088916591 -409.6999999999997 -90.81225441076135
  endloop
endfacet
facet normal -0.35525015797644643 1.3271468841975905e-17 0.9347712689517741
  outer loop
    vertex -124.59853088916591 -401.6999999999996 -90.81225441076135
    vertex -123.30168495403028 -409.6999999999997 -90.31940151869004
    vertex -123.30168495403028 -401.6999999999996 -90.31940151869004
  endloop
endfacet
facet normal -0.5218076047241696 7.78691029932277e-17 0.8530632002683183
  outer loop
    vertex -127.08841198545935 -409.6999999999997 -92.03371511157128
    vertex -128.27190101686952 -401.6999999999996 -92.7576398764694
    vertex -128.27190101686952 -409.6999999999997 -92.7576398764694
  endloop
endfacet
facet normal -0.5218076047241696 7.78691029932277e-17 0.8530632002683183
  outer loop
    vertex -128.27190101686952 -401.6999999999996 -92.7576398764694
    vertex -127.08841198545935 -409.6999999999997 -92.03371511157128
    vertex -127.08841198545935 -401.6999999999996 -92.03371511157128
  endloop
endfacet
facet normal 0.11520943923074138 -1.4985665163648134e-16 0.9933412228998342
  outer loop
    vertex 121.2634550647779 -409.6999999999997 -89.33407311323128
    vertex 119.88535266699573 -401.6999999999996 -89.17423840508586
    vertex 119.88535266699573 -409.6999999999997 -89.17423840508586
  endloop
endfacet
facet normal 0.11520943923074138 -1.4985665163648134e-16 0.9933412228998342
  outer loop
    vertex 119.88535266699573 -401.6999999999996 -89.17423840508586
    vertex 121.2634550647779 -409.6999999999997 -89.33407311323128
    vertex 121.2634550647779 -401.6999999999996 -89.33407311323128
  endloop
endfacet
facet normal 0.2967167349025916 -2.0594769632775646e-16 0.9549655382414307
  outer loop
    vertex 125.30168495405964 -409.6999999999997 -90.31940151869027
    vertex 123.97682269352856 -401.6999999999996 -89.90775440850831
    vertex 123.97682269352856 -409.6999999999997 -89.90775440850831
  endloop
endfacet
facet normal 0.2967167349025916 -2.0594769632775646e-16 0.9549655382414307
  outer loop
    vertex 123.97682269352856 -401.6999999999996 -89.90775440850831
    vertex 125.30168495405964 -409.6999999999997 -90.31940151869027
    vertex 125.30168495405964 -401.6999999999996 -90.31940151869027
  endloop
endfacet
facet normal 0.17646585639162876 -1.692264006737841e-16 0.984306761903
  outer loop
    vertex 122.62902358993365 -409.6999999999997 -89.5788913229398
    vertex 121.2634550647779 -401.6999999999996 -89.33407311323128
    vertex 121.2634550647779 -409.6999999999997 -89.33407311323128
  endloop
endfacet
facet normal 0.17646585639162876 -1.692264006737841e-16 0.984306761903
  outer loop
    vertex 121.2634550647779 -401.6999999999996 -89.33407311323128
    vertex 122.62902358993365 -409.6999999999997 -89.5788913229398
    vertex 122.62902358993365 -401.6999999999996 -89.5788913229398
  endloop
endfacet
facet normal -0.2370457087303062 -3.0186119512024633e-17 0.9714984981833719
  outer loop
    vertex -120.6290235899042 -409.6999999999997 -89.57889132293963
    vertex -121.9768226934991 -401.6999999999996 -89.9077544085081
    vertex -121.9768226934991 -409.6999999999997 -89.9077544085081
  endloop
endfacet
facet normal -0.2370457087303062 -3.0186119512024633e-17 0.9714984981833719
  outer loop
    vertex -121.9768226934991 -401.6999999999996 -89.9077544085081
    vertex -120.6290235899042 -409.6999999999997 -89.57889132293963
    vertex -120.6290235899042 -401.6999999999996 -89.57889132293963
  endloop
endfacet
facet normal -0.4680117551849597 5.652572261721492e-17 0.8837222397386485
  outer loop
    vertex -125.86238843032895 -409.6999999999997 -91.3844235014559
    vertex -127.08841198545935 -401.6999999999996 -92.03371511157128
    vertex -127.08841198545935 -409.6999999999997 -92.03371511157128
  endloop
endfacet
facet normal -0.4680117551849597 5.652572261721492e-17 0.8837222397386485
  outer loop
    vertex -127.08841198545935 -401.6999999999996 -92.03371511157128
    vertex -125.86238843032895 -409.6999999999997 -91.3844235014559
    vertex -125.86238843032895 -401.6999999999996 -91.3844235014559
  endloop
endfacet
facet normal 2.3999714745088476e-16 -1.1226649380611019e-16 1.0
  outer loop
    vertex 118.50000000001484 -409.6999999999997 -89.10000000000007
    vertex -116.49999999998532 -401.6999999999996 -89.10000000000001
    vertex -116.49999999998532 -409.6999999999997 -89.10000000000001
  endloop
endfacet
facet normal 2.3999714745088476e-16 -1.1226649380611019e-16 1.0
  outer loop
    vertex -116.49999999998532 -401.6999999999996 -89.10000000000001
    vertex 118.50000000001484 -409.6999999999997 -89.10000000000007
    vertex 118.50000000001484 -401.6999999999996 -89.10000000000007
  endloop
endfacet
facet normal -0.5736028594938782 9.891393555441678e-17 0.8191335419700785
  outer loop
    vertex -128.27190101686952 -409.6999999999997 -92.7576398764694
    vertex -129.40831806296504 -401.6999999999996 -93.55342229022604
    vertex -129.40831806296504 -409.6999999999997 -93.55342229022604
  endloop
endfacet
facet normal -0.5736028594938782 9.891393555441678e-17 0.8191335419700785
  outer loop
    vertex -129.40831806296504 -401.6999999999996 -93.55342229022604
    vertex -128.27190101686952 -409.6999999999997 -92.7576398764694
    vertex -128.27190101686952 -401.6999999999996 -92.7576398764694
  endloop
endfacet
facet normal -0.2967167349025583 -8.473569040316156e-18 0.9549655382414409
  outer loop
    vertex -121.9768226934991 -409.6999999999997 -89.9077544085081
    vertex -123.30168495403028 -401.6999999999996 -90.31940151869004
    vertex -123.30168495403028 -409.6999999999997 -90.31940151869004
  endloop
endfacet
facet normal -0.2967167349025583 -8.473569040316156e-18 0.9549655382414409
  outer loop
    vertex -123.30168495403028 -401.6999999999996 -90.31940151869004
    vertex -121.9768226934991 -409.6999999999997 -89.9077544085081
    vertex -121.9768226934991 -401.6999999999996 -89.9077544085081
  endloop
endfacet
facet normal 0.5736028594938891 -2.828364369863412e-16 0.8191335419700709
  outer loop
    vertex 131.40831806299428 -409.6999999999996 -93.55342229022637
    vertex 130.27190101689874 -401.69999999999953 -92.75763987646971
    vertex 130.27190101689874 -409.6999999999996 -92.75763987646971
  endloop
endfacet
facet normal 0.5736028594938891 -2.828364369863412e-16 0.8191335419700709
  outer loop
    vertex 130.27190101689874 -401.69999999999953 -92.75763987646971
    vertex 131.40831806299428 -409.6999999999996 -93.55342229022637
    vertex 131.40831806299428 -401.69999999999953 -93.55342229022637
  endloop
endfacet
facet normal 0.05351131252128833 -1.2991235667319224e-16 0.9985672433202729
  outer loop
    vertex 119.88535266699573 -409.6999999999997 -89.17423840508586
    vertex 118.50000000001484 -401.6999999999996 -89.10000000000007
    vertex 118.50000000001484 -409.6999999999997 -89.10000000000007
  endloop
endfacet
facet normal 0.05351131252128833 -1.2991235667319224e-16 0.9985672433202729
  outer loop
    vertex 118.50000000001484 -401.6999999999996 -89.10000000000007
    vertex 119.88535266699573 -409.6999999999997 -89.17423840508586
    vertex 119.88535266699573 -401.6999999999996 -89.17423840508586
  endloop
endfacet
facet normal -0.7150421274984544 1.594578673666391e-16 0.6990813657239651
  outer loop
    vertex -131.52270542032895 -401.6999999999996 -95.34809223768777
    vertex -132.49256923362827 -409.6999999999997 -96.34009906042309
    vertex -131.52270542032895 -409.6999999999997 -95.34809223768777
  endloop
endfacet
facet normal -0.7150421274984544 1.594578673666391e-16 0.6990813657239651
  outer loop
    vertex -132.49256923362827 -409.6999999999997 -96.34009906042309
    vertex -131.52270542032895 -401.6999999999996 -95.34809223768777
    vertex -132.49256923362827 -401.6999999999996 -96.34009906042309
  endloop
endfacet
facet normal 0.6231989380344055 -2.9517855555038535e-16 0.7820633501403766
  outer loop
    vertex 132.49330613476656 -409.6999999999996 -94.41801134683811
    vertex 131.40831806299428 -401.69999999999953 -93.55342229022637
    vertex 131.40831806299428 -409.6999999999996 -93.55342229022637
  endloop
endfacet
facet normal 0.6231989380344055 -2.9517855555038535e-16 0.7820633501403766
  outer loop
    vertex 131.40831806299428 -401.69999999999953 -93.55342229022637
    vertex 132.49330613476656 -409.6999999999996 -94.41801134683811
    vertex 132.49330613476656 -401.69999999999953 -94.41801134683811
  endloop
endfacet
facet normal -0.6704056904621634 1.3978667016290198e-16 0.7419947507873288
  outer loop
    vertex -130.49330613473734 -409.6999999999997 -94.41801134683776
    vertex -131.52270542032895 -401.6999999999996 -95.34809223768777
    vertex -131.52270542032895 -409.6999999999997 -95.34809223768777
  endloop
endfacet
facet normal -0.6704056904621634 1.3978667016290198e-16 0.7419947507873288
  outer loop
    vertex -131.52270542032895 -401.6999999999996 -95.34809223768777
    vertex -130.49330613473734 -409.6999999999997 -94.41801134683776
    vertex -130.49330613473734 -401.6999999999996 -94.41801134683776
  endloop
endfacet
facet normal -0.7569371143770128 1.7851770787007371e-16 0.6534877235867564
  outer loop
    vertex -132.49256923362827 -401.6999999999996 -96.34009906042309
    vertex -133.39917914574596 -409.6999999999997 -97.39022849051769
    vertex -132.49256923362827 -409.6999999999997 -96.34009906042309
  endloop
endfacet
facet normal -0.7569371143770128 1.7851770787007371e-16 0.6534877235867564
  outer loop
    vertex -133.39917914574596 -409.6999999999997 -97.39022849051769
    vertex -132.49256923362827 -401.6999999999996 -96.34009906042309
    vertex -133.39917914574596 -401.6999999999996 -97.39022849051769
  endloop
endfacet
facet normal -0.05351131252126227 -9.42989298012163e-17 0.9985672433202742
  outer loop
    vertex -116.49999999998532 -409.6999999999997 -89.10000000000001
    vertex -117.88535266696627 -401.6999999999996 -89.17423840508576
    vertex -117.88535266696627 -409.6999999999997 -89.17423840508576
  endloop
endfacet
facet normal -0.05351131252126227 -9.42989298012163e-17 0.9985672433202742
  outer loop
    vertex -117.88535266696627 -401.6999999999996 -89.17423840508576
    vertex -116.49999999998532 -409.6999999999997 -89.10000000000001
    vertex -116.49999999998532 -401.6999999999996 -89.10000000000001
  endloop
endfacet
facet normal -0.11520943923071733 -7.318122085960314e-17 0.9933412228998371
  outer loop
    vertex -117.88535266696627 -409.6999999999997 -89.17423840508576
    vertex -119.26345506474844 -401.6999999999996 -89.33407311323117
    vertex -119.26345506474844 -409.6999999999997 -89.33407311323117
  endloop
endfacet
facet normal -0.11520943923071733 -7.318122085960314e-17 0.9933412228998371
  outer loop
    vertex -119.26345506474844 -401.6999999999996 -89.33407311323117
    vertex -117.88535266696627 -409.6999999999997 -89.17423840508576
    vertex -117.88535266696627 -401.6999999999996 -89.17423840508576
  endloop
endfacet
facet normal 0.7150421274984544 -3.164246949966721e-16 0.6990813657239651
  outer loop
    vertex 134.49256923365746 -401.69999999999953 -96.34009906042347
    vertex 133.52270542035814 -409.6999999999996 -95.34809223768815
    vertex 134.49256923365746 -409.6999999999996 -96.34009906042347
  endloop
endfacet
facet normal 0.7150421274984544 -3.164246949966721e-16 0.6990813657239651
  outer loop
    vertex 133.52270542035814 -409.6999999999996 -95.34809223768815
    vertex 134.49256923365746 -401.69999999999953 -96.34009906042347
    vertex 133.52270542035814 -401.69999999999953 -95.34809223768815
  endloop
endfacet
facet normal 0.46801175518499216 -2.5495051732510523e-16 0.8837222397386313
  outer loop
    vertex 129.08841198548868 -409.6999999999996 -92.03371511157158
    vertex 127.86238843035832 -401.69999999999953 -91.38442350145617
    vertex 127.86238843035832 -409.6999999999996 -91.38442350145617
  endloop
endfacet
facet normal 0.46801175518499216 -2.5495051732510523e-16 0.8837222397386313
  outer loop
    vertex 127.86238843035832 -401.69999999999953 -91.38442350145617
    vertex 129.08841198548868 -409.6999999999996 -92.03371511157158
    vertex 129.08841198548868 -401.69999999999953 -92.03371511157158
  endloop
endfacet
facet normal -0.7959300269696103 1.9689311681406078e-16 0.605388629037708
  outer loop
    vertex -133.39917914574596 -401.6999999999996 -97.39022849051769
    vertex -134.23905924136045 -409.6999999999997 -98.49445436310512
    vertex -133.39917914574596 -409.6999999999997 -97.39022849051769
  endloop
endfacet
facet normal -0.7959300269696103 1.9689311681406078e-16 0.605388629037708
  outer loop
    vertex -134.23905924136045 -409.6999999999997 -98.49445436310512
    vertex -133.39917914574596 -401.6999999999996 -97.39022849051769
    vertex -134.23905924136045 -401.6999999999996 -98.49445436310512
  endloop
endfacet
facet normal -0.8318713676140961 2.145136434295873e-16 0.5549684925685904
  outer loop
    vertex -134.23905924136045 -401.6999999999996 -98.49445436310512
    vertex -135.00898944527333 -409.6999999999997 -99.64854310917434
    vertex -134.23905924136045 -409.6999999999997 -98.49445436310512
  endloop
endfacet
facet normal -0.8318713676140961 2.145136434295873e-16 0.5549684925685904
  outer loop
    vertex -135.00898944527333 -409.6999999999997 -99.64854310917434
    vertex -134.23905924136045 -401.6999999999996 -98.49445436310512
    vertex -135.00898944527333 -401.6999999999996 -99.64854310917434
  endloop
endfacet
facet normal -0.8646233382840947 2.3131173114397753e-16 0.5024206234764533
  outer loop
    vertex -135.00898944527333 -401.6999999999996 -99.64854310917434
    vertex -135.7060178680814 -409.6999999999996 -100.84806998694681
    vertex -135.00898944527333 -409.6999999999997 -99.64854310917434
  endloop
endfacet
facet normal -0.8646233382840947 2.3131173114397753e-16 0.5024206234764533
  outer loop
    vertex -135.7060178680814 -409.6999999999996 -100.84806998694681
    vertex -135.00898944527333 -401.6999999999996 -99.64854310917434
    vertex -135.7060178680814 -401.69999999999953 -100.84806998694681
  endloop
endfacet
facet normal -0.17646585639159726 -5.1782937303217915e-17 0.9843067619030057
  outer loop
    vertex -119.26345506474844 -409.6999999999997 -89.33407311323117
    vertex -120.6290235899042 -401.6999999999996 -89.57889132293963
    vertex -120.6290235899042 -409.6999999999997 -89.57889132293963
  endloop
endfacet
facet normal -0.17646585639159726 -5.1782937303217915e-17 0.9843067619030057
  outer loop
    vertex -120.6290235899042 -401.6999999999996 -89.57889132293963
    vertex -119.26345506474844 -409.6999999999997 -89.33407311323117
    vertex -119.26345506474844 -401.6999999999996 -89.33407311323117
  endloop
endfacet
facet normal -0.41242156255637663 3.4965624309164186e-17 0.9109931145395977
  outer loop
    vertex -124.59853088916591 -409.6999999999997 -90.81225441076135
    vertex -125.86238843032895 -401.6999999999996 -91.3844235014559
    vertex -125.86238843032895 -409.6999999999997 -91.3844235014559
  endloop
endfacet
facet normal -0.41242156255637663 3.4965624309164186e-17 0.9109931145395977
  outer loop
    vertex -125.86238843032895 -401.6999999999996 -91.3844235014559
    vertex -124.59853088916591 -409.6999999999997 -90.81225441076135
    vertex -124.59853088916591 -401.6999999999996 -90.81225441076135
  endloop
endfacet
facet normal -0.8940603689023713 2.472229765907009e-16 0.44794648872176224
  outer loop
    vertex -135.7060178680814 -401.69999999999953 -100.84806998694681
    vertex -136.32747212363262 -409.6999999999996 -102.08843604620436
    vertex -135.7060178680814 -409.6999999999996 -100.84806998694681
  endloop
endfacet
facet normal -0.8940603689023713 2.472229765907009e-16 0.44794648872176224
  outer loop
    vertex -136.32747212363262 -409.6999999999996 -102.08843604620436
    vertex -135.7060178680814 -401.69999999999953 -100.84806998694681
    vertex -136.32747212363262 -401.69999999999953 -102.08843604620436
  endloop
endfacet
facet normal -0.9425513092851093 2.7614456173346697e-16 0.33406141555846613
  outer loop
    vertex -136.87096957487478 -401.69999999999953 -103.36488576052695
    vertex -137.33442646881468 -409.6999999999996 -104.67252525983875
    vertex -136.87096957487478 -409.6999999999996 -103.36488576052695
  endloop
endfacet
facet normal -0.9425513092851093 2.7614456173346697e-16 0.33406141555846613
  outer loop
    vertex -137.33442646881468 -409.6999999999996 -104.67252525983875
    vertex -136.87096957487478 -401.69999999999953 -103.36488576052695
    vertex -137.33442646881468 -401.69999999999953 -104.67252525983875
  endloop
endfacet
facet normal -0.756937114377036 3.2524725881492154e-16 -0.6534877235867298
  outer loop
    vertex -133.3991791457465 -401.6999999999994 -125.6097715094815
    vertex -132.49256923362884 -409.6999999999995 -126.65990093957612
    vertex -133.3991791457465 -409.6999999999995 -125.6097715094815
  endloop
endfacet
facet normal -0.756937114377036 3.2524725881492154e-16 -0.6534877235867298
  outer loop
    vertex -132.49256923362884 -409.6999999999995 -126.65990093957612
    vertex -133.3991791457465 -401.6999999999994 -125.6097715094815
    vertex -132.49256923362884 -401.6999999999994 -126.65990093957612
  endloop
endfacet
facet normal -0.894060368902386 3.478017399938036e-16 -0.44794648872173304
  outer loop
    vertex -136.327472123633 -401.69999999999953 -120.91156395379468
    vertex -135.7060178680818 -409.6999999999996 -122.15193001305227
    vertex -136.327472123633 -409.6999999999996 -120.91156395379468
  endloop
endfacet
facet normal -0.894060368902386 3.478017399938036e-16 -0.44794648872173304
  outer loop
    vertex -135.7060178680818 -409.6999999999996 -122.15193001305227
    vertex -136.327472123633 -401.69999999999953 -120.91156395379468
    vertex -135.7060178680818 -401.69999999999953 -122.15193001305227
  endloop
endfacet
facet normal -0.5736028594939001 2.82836436986344e-16 -0.8191335419700633
  outer loop
    vertex -128.2719010168702 -401.6999999999994 -130.24236012353
    vertex -129.40831806296572 -409.6999999999995 -129.44657770977332
    vertex -129.40831806296572 -401.6999999999994 -129.44657770977332
  endloop
endfacet
facet normal -0.5736028594939001 2.82836436986344e-16 -0.8191335419700633
  outer loop
    vertex -129.40831806296572 -409.6999999999995 -129.44657770977332
    vertex -128.2719010168702 -401.6999999999994 -130.24236012353
    vertex -128.2719010168702 -409.6999999999995 -130.24236012353
  endloop
endfacet
facet normal -0.9614193062326318 2.8904401693599677e-16 0.2750871091184848
  outer loop
    vertex -137.33442646881468 -401.69999999999953 -104.67252525983875
    vertex -137.71606592556498 -409.6999999999996 -106.00634109336012
    vertex -137.33442646881468 -409.6999999999996 -104.67252525983875
  endloop
endfacet
facet normal -0.9614193062326318 2.8904401693599677e-16 0.2750871091184848
  outer loop
    vertex -137.71606592556498 -409.6999999999996 -106.00634109336012
    vertex -137.33442646881468 -401.69999999999953 -104.67252525983875
    vertex -137.71606592556498 -401.69999999999953 -106.00634109336012
  endloop
endfacet
facet normal -0.9995206388403282 3.3608160538475126e-16 -0.030959530555587176
  outer loop
    vertex -138.3999999999858 -401.69999999999953 -111.4999999999995
    vertex -138.35704859284667 -409.6999999999996 -112.88667535109131
    vertex -138.3999999999858 -409.6999999999996 -111.4999999999995
  endloop
endfacet
facet normal -0.9995206388403282 3.3608160538475126e-16 -0.030959530555587176
  outer loop
    vertex -138.35704859284667 -409.6999999999996 -112.88667535109131
    vertex -138.3999999999858 -401.69999999999953 -111.4999999999995
    vertex -138.35704859284667 -401.69999999999953 -112.88667535109131
  endloop
endfacet
facet normal -0.9200695987728369 2.621863765299923e-16 0.39175494050999665
  outer loop
    vertex -136.32747212363262 -401.69999999999953 -102.08843604620436
    vertex -136.87096957487478 -409.6999999999996 -103.36488576052695
    vertex -136.32747212363262 -409.6999999999996 -102.08843604620436
  endloop
endfacet
facet normal -0.9200695987728369 2.621863765299923e-16 0.39175494050999665
  outer loop
    vertex -136.87096957487478 -409.6999999999996 -103.36488576052695
    vertex -136.32747212363262 -401.69999999999953 -102.08843604620436
    vertex -136.87096957487478 -401.69999999999953 -103.36488576052695
  endloop
endfacet
facet normal -0.9766012502787381 3.4912292975913587e-16 -0.21505812691922596
  outer loop
    vertex -138.01442475084852 -401.69999999999953 -115.63878054897114
    vertex -137.71606592556515 -409.6999999999996 -116.99365890663888
    vertex -138.01442475084852 -409.6999999999996 -115.63878054897114
  endloop
endfacet
facet normal -0.9766012502787381 3.4912292975913587e-16 -0.21505812691922596
  outer loop
    vertex -137.71606592556515 -409.6999999999996 -116.99365890663888
    vertex -138.01442475084852 -401.69999999999953 -115.63878054897114
    vertex -137.71606592556515 -401.69999999999953 -116.99365890663888
  endloop
endfacet
facet normal -0.9614193062326502 3.5081014739997786e-16 -0.27508710911842027
  outer loop
    vertex -137.71606592556515 -401.69999999999953 -116.99365890663888
    vertex -137.33442646881497 -409.6999999999996 -118.32747474016026
    vertex -137.71606592556515 -409.6999999999996 -116.99365890663888
  endloop
endfacet
facet normal -0.9614193062326502 3.5081014739997786e-16 -0.27508710911842027
  outer loop
    vertex -137.33442646881497 -409.6999999999996 -118.32747474016026
    vertex -137.71606592556515 -401.69999999999953 -116.99365890663888
    vertex -137.33442646881497 -401.69999999999953 -118.32747474016026
  endloop
endfacet
facet normal -0.7959300269696349 3.32822834358368e-16 -0.6053886290376755
  outer loop
    vertex -134.23905924136093 -401.6999999999994 -124.50554563689403
    vertex -133.3991791457465 -409.6999999999995 -125.6097715094815
    vertex -134.23905924136093 -409.6999999999995 -124.50554563689403
  endloop
endfacet
facet normal -0.7959300269696349 3.32822834358368e-16 -0.6053886290376755
  outer loop
    vertex -133.3991791457465 -409.6999999999995 -125.6097715094815
    vertex -134.23905924136093 -401.6999999999994 -124.50554563689403
    vertex -133.3991791457465 -401.6999999999994 -125.6097715094815
  endloop
endfacet
facet normal -0.7150421274984825 3.1642469499667827e-16 -0.6990813657239362
  outer loop
    vertex -132.49256923362884 -401.6999999999994 -126.65990093957612
    vertex -131.52270542032957 -409.6999999999995 -127.65190776231148
    vertex -132.49256923362884 -409.6999999999995 -126.65990093957612
  endloop
endfacet
facet normal -0.7150421274984825 3.1642469499667827e-16 -0.6990813657239362
  outer loop
    vertex -131.52270542032957 -409.6999999999995 -127.65190776231148
    vertex -132.49256923362884 -401.6999999999994 -126.65990093957612
    vertex -131.52270542032957 -401.6999999999994 -127.65190776231148
  endloop
endfacet
facet normal -0.6231989380344314 2.951785555503916e-16 -0.782063350140356
  outer loop
    vertex -129.40831806296572 -401.6999999999994 -129.44657770977332
    vertex -130.49330613473796 -409.6999999999995 -128.58198865316155
    vertex -130.49330613473796 -401.6999999999994 -128.58198865316155
  endloop
endfacet
facet normal -0.6231989380344314 2.951785555503916e-16 -0.782063350140356
  outer loop
    vertex -130.49330613473796 -409.6999999999995 -128.58198865316155
    vertex -129.40831806296572 -401.6999999999994 -129.44657770977332
    vertex -129.40831806296572 -409.6999999999995 -129.44657770977332
  endloop
endfacet
facet normal -0.9880389343034179 3.4609718523428775e-16 -0.154204618285466
  outer loop
    vertex -138.22835904584124 -401.69999999999953 -114.2680342303086
    vertex -138.01442475084852 -409.6999999999996 -115.63878054897114
    vertex -138.22835904584124 -409.6999999999996 -114.2680342303086
  endloop
endfacet
facet normal -0.9880389343034179 3.4609718523428775e-16 -0.154204618285466
  outer loop
    vertex -138.01442475084852 -409.6999999999996 -115.63878054897114
    vertex -138.22835904584124 -401.69999999999953 -114.2680342303086
    vertex -138.01442475084852 -401.69999999999953 -115.63878054897114
  endloop
endfacet
facet normal -0.9956885065678024 3.209168583649538e-16 0.09275989375144489
  outer loop
    vertex -138.2283590458411 -401.69999999999953 -108.73196576969036
    vertex -138.3570485928466 -409.6999999999996 -110.11332464890766
    vertex -138.2283590458411 -409.6999999999996 -108.73196576969036
  endloop
endfacet
facet normal -0.9956885065678024 3.209168583649538e-16 0.09275989375144489
  outer loop
    vertex -138.3570485928466 -409.6999999999996 -110.11332464890766
    vertex -138.2283590458411 -401.69999999999953 -108.73196576969036
    vertex -138.3570485928466 -401.69999999999953 -110.11332464890766
  endloop
endfacet
facet normal -0.35525015797648196 2.231584545937943e-16 -0.9347712689517607
  outer loop
    vertex -123.30168495403105 -401.6999999999994 -132.68059848130954
    vertex -124.59853088916668 -409.6999999999995 -132.18774558923818
    vertex -124.59853088916668 -401.6999999999994 -132.18774558923818
  endloop
endfacet
facet normal -0.35525015797648196 2.231584545937943e-16 -0.9347712689517607
  outer loop
    vertex -124.59853088916668 -409.6999999999995 -132.18774558923818
    vertex -123.30168495403105 -401.6999999999994 -132.68059848130954
    vertex -123.30168495403105 -409.6999999999995 -132.68059848130954
  endloop
endfacet
facet normal -0.41242156255641593 2.3951363001091267e-16 -0.9109931145395802
  outer loop
    vertex -124.59853088916668 -401.6999999999994 -132.18774558923818
    vertex -125.86238843032967 -409.6999999999995 -131.6155764985436
    vertex -125.86238843032967 -401.6999999999994 -131.6155764985436
  endloop
endfacet
facet normal -0.41242156255641593 2.3951363001091267e-16 -0.9109931145395802
  outer loop
    vertex -125.86238843032967 -409.6999999999995 -131.6155764985436
    vertex -124.59853088916668 -401.6999999999994 -132.18774558923818
    vertex -124.59853088916668 -409.6999999999995 -132.18774558923818
  endloop
endfacet
facet normal -0.29671673490258055 2.0594769632775313e-16 -0.954965538241434
  outer loop
    vertex -121.97682269349987 -401.6999999999994 -133.09224559149152
    vertex -123.30168495403105 -409.6999999999995 -132.68059848130954
    vertex -123.30168495403105 -401.6999999999994 -132.68059848130954
  endloop
endfacet
facet normal -0.29671673490258055 2.0594769632775313e-16 -0.954965538241434
  outer loop
    vertex -123.30168495403105 -409.6999999999995 -132.68059848130954
    vertex -121.97682269349987 -401.6999999999994 -133.09224559149152
    vertex -121.97682269349987 -409.6999999999995 -133.09224559149152
  endloop
endfacet
facet normal -0.6704056904621857 3.0638896834977085e-16 -0.7419947507873085
  outer loop
    vertex -130.49330613473796 -401.6999999999994 -128.58198865316155
    vertex -131.52270542032957 -409.6999999999995 -127.65190776231148
    vertex -131.52270542032957 -401.6999999999994 -127.65190776231148
  endloop
endfacet
facet normal -0.6704056904621857 3.0638896834977085e-16 -0.7419947507873085
  outer loop
    vertex -131.52270542032957 -409.6999999999995 -127.65190776231148
    vertex -130.49330613473796 -401.6999999999994 -128.58198865316155
    vertex -130.49330613473796 -409.6999999999995 -128.58198865316155
  endloop
endfacet
facet normal -0.5218076047242163 2.6940993197152727e-16 -0.8530632002682896
  outer loop
    vertex -127.08841198546011 -401.6999999999994 -130.96628488842813
    vertex -128.2719010168702 -409.6999999999995 -130.24236012353
    vertex -128.2719010168702 -401.6999999999994 -130.24236012353
  endloop
endfacet
facet normal -0.5218076047242163 2.6940993197152727e-16 -0.8530632002682896
  outer loop
    vertex -128.2719010168702 -409.6999999999995 -130.24236012353
    vertex -127.08841198546011 -401.6999999999994 -130.96628488842813
    vertex -127.08841198546011 -409.6999999999995 -130.96628488842813
  endloop
endfacet
facet normal -0.864623338284115 3.441217347711428e-16 -0.5024206234764185
  outer loop
    vertex -135.7060178680818 -401.69999999999953 -122.15193001305227
    vertex -135.00898944527378 -409.6999999999995 -123.35145689082478
    vertex -135.7060178680818 -409.6999999999996 -122.15193001305227
  endloop
endfacet
facet normal -0.864623338284115 3.441217347711428e-16 -0.5024206234764185
  outer loop
    vertex -135.00898944527378 -409.6999999999995 -123.35145689082478
    vertex -135.7060178680818 -401.69999999999953 -122.15193001305227
    vertex -135.00898944527378 -401.6999999999994 -123.35145689082478
  endloop
endfacet
facet normal -0.8318713676141211 3.3912237709666724e-16 -0.5549684925685529
  outer loop
    vertex -135.00898944527378 -401.6999999999994 -123.35145689082478
    vertex -134.23905924136093 -409.6999999999995 -124.50554563689403
    vertex -135.00898944527378 -409.6999999999995 -123.35145689082478
  endloop
endfacet
facet normal -0.8318713676141211 3.3912237709666724e-16 -0.5549684925685529
  outer loop
    vertex -134.23905924136093 -409.6999999999995 -124.50554563689403
    vertex -135.00898944527378 -401.6999999999994 -123.35145689082478
    vertex -134.23905924136093 -401.6999999999994 -124.50554563689403
  endloop
endfacet
facet normal -0.92006959877285 3.5014828373455045e-16 -0.3917549405099663
  outer loop
    vertex -136.87096957487512 -401.69999999999953 -119.6351142394721
    vertex -136.327472123633 -409.6999999999996 -120.91156395379468
    vertex -136.87096957487512 -409.6999999999996 -119.6351142394721
  endloop
endfacet
facet normal -0.92006959877285 3.5014828373455045e-16 -0.3917549405099663
  outer loop
    vertex -136.327472123633 -409.6999999999996 -120.91156395379468
    vertex -136.87096957487512 -401.69999999999953 -119.6351142394721
    vertex -136.327472123633 -401.69999999999953 -120.91156395379468
  endloop
endfacet
facet normal -0.23704570873033687 1.8794734074588232e-16 -0.9714984981833643
  outer loop
    vertex -120.62902358990496 -401.6999999999994 -133.42110867706003
    vertex -121.97682269349987 -409.6999999999995 -133.09224559149152
    vertex -121.97682269349987 -401.6999999999994 -133.09224559149152
  endloop
endfacet
facet normal -0.23704570873033687 1.8794734074588232e-16 -0.9714984981833643
  outer loop
    vertex -121.97682269349987 -409.6999999999995 -133.09224559149152
    vertex -120.62902358990496 -401.6999999999994 -133.42110867706003
    vertex -120.62902358990496 -409.6999999999995 -133.42110867706003
  endloop
endfacet
facet normal -0.9995206388403272 3.291301694940295e-16 0.030959530555619418
  outer loop
    vertex -138.3570485928466 -401.69999999999953 -110.11332464890766
    vertex -138.3999999999858 -409.6999999999996 -111.4999999999995
    vertex -138.3570485928466 -409.6999999999996 -110.11332464890766
  endloop
endfacet
facet normal -0.9995206388403272 3.291301694940295e-16 0.030959530555619418
  outer loop
    vertex -138.3999999999858 -409.6999999999996 -111.4999999999995
    vertex -138.3570485928466 -401.69999999999953 -110.11332464890766
    vertex -138.3999999999858 -401.69999999999953 -111.4999999999995
  endloop
endfacet
facet normal -0.9956885065678084 3.417445144395526e-16 -0.0927598937513804
  outer loop
    vertex -138.35704859284667 -401.69999999999953 -112.88667535109131
    vertex -138.22835904584124 -409.6999999999996 -114.2680342303086
    vertex -138.35704859284667 -409.6999999999996 -112.88667535109131
  endloop
endfacet
facet normal -0.9956885065678084 3.417445144395526e-16 -0.0927598937513804
  outer loop
    vertex -138.22835904584124 -409.6999999999996 -114.2680342303086
    vertex -138.35704859284667 -401.69999999999953 -112.88667535109131
    vertex -138.22835904584124 -401.69999999999953 -114.2680342303086
  endloop
endfacet
facet normal -0.9766012502787308 3.0083528601166785e-16 0.21505812691925863
  outer loop
    vertex -137.71606592556498 -401.69999999999953 -106.00634109336012
    vertex -138.01442475084838 -409.6999999999996 -107.36121945102785
    vertex -137.71606592556498 -409.6999999999996 -106.00634109336012
  endloop
endfacet
facet normal -0.9766012502787308 3.0083528601166785e-16 0.21505812691925863
  outer loop
    vertex -138.01442475084838 -409.6999999999996 -107.36121945102785
    vertex -137.71606592556498 -401.69999999999953 -106.00634109336012
    vertex -138.01442475084838 -401.69999999999953 -107.36121945102785
  endloop
endfacet
facet normal -0.9880389343034177 3.114731615870498e-16 0.15420461828546722
  outer loop
    vertex -138.01442475084838 -401.69999999999953 -107.36121945102785
    vertex -138.2283590458411 -409.6999999999996 -108.73196576969036
    vertex -138.01442475084838 -409.6999999999996 -107.36121945102785
  endloop
endfacet
facet normal -0.9880389343034177 3.114731615870498e-16 0.15420461828546722
  outer loop
    vertex -138.2283590458411 -409.6999999999996 -108.73196576969036
    vertex -138.01442475084838 -401.69999999999953 -107.36121945102785
    vertex -138.2283590458411 -401.69999999999953 -108.73196576969036
  endloop
endfacet
facet normal -0.9425513092851224 3.511523694147771e-16 -0.3340614155584296
  outer loop
    vertex -137.33442646881497 -401.69999999999953 -118.32747474016026
    vertex -136.87096957487512 -409.6999999999996 -119.6351142394721
    vertex -137.33442646881497 -409.6999999999996 -118.32747474016026
  endloop
endfacet
facet normal -0.9425513092851224 3.511523694147771e-16 -0.3340614155584296
  outer loop
    vertex -136.87096957487512 -409.6999999999996 -119.6351142394721
    vertex -137.33442646881497 -401.69999999999953 -118.32747474016026
    vertex -136.87096957487512 -401.69999999999953 -119.6351142394721
  endloop
endfacet
facet normal -0.468011755184978 2.549505173251014e-16 -0.8837222397386388
  outer loop
    vertex -125.86238843032967 -401.6999999999994 -131.6155764985436
    vertex -127.08841198546011 -409.6999999999995 -130.96628488842813
    vertex -127.08841198546011 -401.6999999999994 -130.96628488842813
  endloop
endfacet
facet normal -0.468011755184978 2.549505173251014e-16 -0.8837222397386388
  outer loop
    vertex -127.08841198546011 -409.6999999999995 -130.96628488842813
    vertex -125.86238843032967 -401.6999999999994 -131.6155764985436
    vertex -125.86238843032967 -409.6999999999995 -131.6155764985436
  endloop
endfacet
facet normal -0.1764658563916423 1.6922640067378836e-16 -0.9843067619029976
  outer loop
    vertex -119.26345506474925 -401.6999999999994 -133.66592688676855
    vertex -120.62902358990496 -409.6999999999995 -133.42110867706003
    vertex -120.62902358990496 -401.6999999999994 -133.42110867706003
  endloop
endfacet
facet normal -0.1764658563916423 1.6922640067378836e-16 -0.9843067619029976
  outer loop
    vertex -120.62902358990496 -409.6999999999995 -133.42110867706003
    vertex -119.26345506474925 -401.6999999999994 -133.66592688676855
    vertex -119.26345506474925 -409.6999999999995 -133.66592688676855
  endloop
endfacet
facet normal -0.11520943923076547 1.4985665163648906e-16 -0.9933412228998315
  outer loop
    vertex -117.8853526669671 -401.6999999999994 -133.825761594914
    vertex -119.26345506474925 -409.6999999999995 -133.66592688676855
    vertex -119.26345506474925 -401.6999999999994 -133.66592688676855
  endloop
endfacet
facet normal -0.11520943923076547 1.4985665163648906e-16 -0.9933412228998315
  outer loop
    vertex -119.26345506474925 -409.6999999999995 -133.66592688676855
    vertex -117.8853526669671 -401.6999999999994 -133.825761594914
    vertex -117.8853526669671 -409.6999999999995 -133.825761594914
  endloop
endfacet
facet normal -0.05351131252129471 1.2991235667319436e-16 -0.9985672433202727
  outer loop
    vertex -116.49999999998614 -401.6999999999994 -133.89999999999984
    vertex -117.8853526669671 -409.6999999999995 -133.825761594914
    vertex -117.8853526669671 -401.6999999999994 -133.825761594914
  endloop
endfacet
facet normal -0.05351131252129471 1.2991235667319436e-16 -0.9985672433202727
  outer loop
    vertex -117.8853526669671 -409.6999999999995 -133.825761594914
    vertex -116.49999999998614 -401.6999999999994 -133.89999999999984
    vertex -116.49999999998614 -409.6999999999995 -133.89999999999984
  endloop
endfacet
facet normal -0.891006524188363 4.499529707497777e-16 -0.45399049973955635
  outer loop
    vertex -145.45446567889792 -397.69999999999925 -123.62493733008218
    vertex -144.5418137613889 -401.69999999999925 -125.41611757125472
    vertex -145.45446567889792 -401.69999999999925 -123.62493733008218
  endloop
endfacet
facet normal -0.891006524188363 4.499529707497777e-16 -0.45399049973955635
  outer loop
    vertex -144.5418137613889 -401.69999999999925 -125.41611757125472
    vertex -145.45446567889792 -397.69999999999925 -123.62493733008218
    vertex -144.5418137613889 -397.69999999999925 -125.41611757125472
  endloop
endfacet
facet normal -0.9995065603657322 -2.7715675424695865e-16 0.03141075907811027
  outer loop
    vertex -148.43685530969 -397.69999999999936 -107.99070337506187
    vertex -148.49999999998528 -401.6999999999993 -109.99999999999989
    vertex -148.43685530969 -401.6999999999993 -107.99070337506187
  endloop
endfacet
facet normal -0.9995065603657322 -2.7715675424695865e-16 0.03141075907811027
  outer loop
    vertex -148.49999999998528 -401.6999999999993 -109.99999999999989
    vertex -148.43685530969 -397.69999999999936 -107.99070337506187
    vertex -148.49999999998528 -397.69999999999936 -109.99999999999989
  endloop
endfacet
facet normal -0.6129070536529795 -1.2847691714925561e-15 0.7901550123756883
  outer loop
    vertex -135.30912807334448 -401.6999999999994 -84.11145618000165
    vertex -136.89756767194342 -397.69999999999936 -85.3435762311747
    vertex -136.89756767194342 -401.6999999999993 -85.34357623117471
  endloop
endfacet
facet normal -0.6129070536529795 -1.2847691714925561e-15 0.7901550123756883
  outer loop
    vertex -136.89756767194342 -397.69999999999936 -85.3435762311747
    vertex -135.30912807334448 -401.6999999999994 -84.11145618000165
    vertex -135.30912807334448 -397.6999999999994 -84.11145618000164
  endloop
endfacet
facet normal -0.9177546256839797 3.6154958414792467e-16 -0.397147890634784
  outer loop
    vertex -146.25284754840933 -397.69999999999925 -121.77998568590955
    vertex -145.45446567889792 -401.69999999999925 -123.62493733008218
    vertex -146.25284754840933 -401.69999999999925 -121.77998568590955
  endloop
endfacet
facet normal -0.9177546256839797 3.6154958414792467e-16 -0.397147890634784
  outer loop
    vertex -145.45446567889792 -401.69999999999925 -123.62493733008218
    vertex -146.25284754840933 -397.69999999999925 -121.77998568590955
    vertex -145.45446567889792 -397.69999999999925 -123.62493733008218
  endloop
endfacet
facet normal -0.9955619646030793 -3.6691115321886377e-16 0.09410831331852344
  outer loop
    vertex -148.2476704420486 -397.69999999999936 -105.98933652594215
    vertex -148.43685530969 -401.6999999999993 -107.99070337506187
    vertex -148.2476704420486 -401.6999999999993 -105.98933652594216
  endloop
endfacet
facet normal -0.9955619646030793 -3.6691115321886377e-16 0.09410831331852344
  outer loop
    vertex -148.43685530969 -401.6999999999993 -107.99070337506187
    vertex -148.2476704420486 -397.69999999999936 -105.98933652594215
    vertex -148.43685530969 -397.69999999999936 -107.99070337506187
  endloop
endfacet
facet normal -0.9759167619387492 8.920050618132047e-17 -0.21814324139653446
  outer loop
    vertex -147.9331920233033 -397.69999999999925 -115.99620206674307
    vertex -147.49466115610147 -401.69999999999925 -117.95807638927522
    vertex -147.9331920233033 -401.69999999999925 -115.99620206674307
  endloop
endfacet
facet normal -0.9759167619387492 8.920050618132047e-17 -0.21814324139653446
  outer loop
    vertex -147.49466115610147 -401.69999999999925 -117.95807638927522
    vertex -147.9331920233033 -397.69999999999925 -115.99620206674307
    vertex -147.49466115610147 -397.69999999999925 -117.95807638927522
  endloop
endfacet
facet normal -0.9759167619387492 -5.417273541823478e-16 0.21814324139653446
  outer loop
    vertex -147.49466115610147 -397.69999999999936 -102.04192361072455
    vertex -147.9331920233033 -401.6999999999993 -104.00379793325672
    vertex -147.49466115610147 -401.6999999999993 -102.04192361072455
  endloop
endfacet
facet normal -0.9759167619387492 -5.417273541823478e-16 0.21814324139653446
  outer loop
    vertex -147.9331920233033 -401.6999999999993 -104.00379793325672
    vertex -147.49466115610147 -397.69999999999936 -102.04192361072455
    vertex -147.9331920233033 -397.69999999999936 -104.00379793325669
  endloop
endfacet
facet normal -0.9995065603657322 -1.8630854418700849e-16 -0.03141075907811027
  outer loop
    vertex -148.49999999998528 -397.69999999999936 -109.99999999999989
    vertex -148.43685530969 -401.69999999999925 -112.0092966249379
    vertex -148.49999999998528 -401.6999999999993 -109.99999999999989
  endloop
endfacet
facet normal -0.9995065603657322 -1.8630854418700849e-16 -0.03141075907811027
  outer loop
    vertex -148.43685530969 -401.69999999999925 -112.0092966249379
    vertex -148.49999999998528 -397.69999999999936 -109.99999999999989
    vertex -148.43685530969 -397.69999999999925 -112.0092966249379
  endloop
endfacet
facet normal -0.9408807689542297 -7.080001911581605e-16 0.3387379202452798
  outer loop
    vertex -146.25284754840933 -397.69999999999936 -98.22001431409022
    vertex -146.9338085214302 -401.6999999999993 -100.1114561800016
    vertex -146.25284754840933 -401.6999999999993 -98.22001431409022
  endloop
endfacet
facet normal -0.9408807689542297 -7.080001911581605e-16 0.3387379202452798
  outer loop
    vertex -146.9338085214302 -401.6999999999993 -100.1114561800016
    vertex -146.25284754840933 -397.69999999999936 -98.22001431409022
    vertex -146.9338085214302 -397.69999999999936 -100.11145618000158
  endloop
endfacet
facet normal -0.9602936856769413 1.8081671683456752e-16 -0.2789911060392356
  outer loop
    vertex -147.49466115610147 -397.69999999999925 -117.95807638927522
    vertex -146.9338085214302 -401.69999999999925 -119.88854381999818
    vertex -147.49466115610147 -401.69999999999925 -117.95807638927522
  endloop
endfacet
facet normal -0.9602936856769413 1.8081671683456752e-16 -0.2789911060392356
  outer loop
    vertex -146.9338085214302 -401.69999999999925 -119.88854381999818
    vertex -147.49466115610147 -397.69999999999925 -117.95807638927522
    vertex -146.9338085214302 -397.69999999999925 -119.88854381999818
  endloop
endfacet
facet normal -0.9177546256839806 -7.871069925216493e-16 0.3971478906347819
  outer loop
    vertex -145.45446567889792 -397.69999999999936 -96.37506266991758
    vertex -146.25284754840933 -401.6999999999993 -98.22001431409022
    vertex -145.45446567889792 -401.6999999999993 -96.3750626699176
  endloop
endfacet
facet normal -0.9177546256839806 -7.871069925216493e-16 0.3971478906347819
  outer loop
    vertex -146.25284754840933 -401.6999999999993 -98.22001431409022
    vertex -145.45446567889792 -397.69999999999936 -96.37506266991758
    vertex -146.25284754840933 -397.69999999999936 -98.22001431409022
  endloop
endfacet
facet normal -0.82708057427456 -1.004602973244476e-15 0.5620833778521336
  outer loop
    vertex -142.3885438199836 -397.69999999999936 -91.19087192664078
    vertex -143.51849361604977 -401.6999999999993 -92.85354256067204
    vertex -142.3885438199836 -401.6999999999993 -91.1908719266408
  endloop
endfacet
facet normal -0.82708057427456 -1.004602973244476e-15 0.5620833778521336
  outer loop
    vertex -143.51849361604977 -401.6999999999993 -92.85354256067204
    vertex -142.3885438199836 -397.69999999999936 -91.19087192664078
    vertex -143.51849361604977 -397.69999999999936 -92.85354256067203
  endloop
endfacet
facet normal -0.790155012375693 -1.0695396364314073e-15 0.6129070536529733
  outer loop
    vertex -141.15642376881055 -397.69999999999936 -89.60243232804186
    vertex -142.3885438199836 -401.6999999999993 -91.1908719266408
    vertex -141.15642376881055 -401.6999999999993 -89.60243232804187
  endloop
endfacet
facet normal -0.790155012375693 -1.0695396364314073e-15 0.6129070536529733
  outer loop
    vertex -142.3885438199836 -401.6999999999993 -91.1908719266408
    vertex -141.15642376881055 -397.69999999999936 -89.60243232804186
    vertex -142.3885438199836 -397.69999999999936 -91.19087192664078
  endloop
endfacet
facet normal -0.7501110696304614 -1.130255315299534e-15 0.66131186532365
  outer loop
    vertex -139.82699607747048 -397.69999999999936 -88.0944926102819
    vertex -141.15642376881055 -401.6999999999993 -89.60243232804187
    vertex -139.82699607747048 -401.6999999999993 -88.09449261028192
  endloop
endfacet
facet normal -0.7501110696304614 -1.130255315299534e-15 0.66131186532365
  outer loop
    vertex -141.15642376881055 -401.6999999999993 -89.60243232804187
    vertex -139.82699607747048 -397.69999999999936 -88.0944926102819
    vertex -141.15642376881055 -397.69999999999936 -89.60243232804186
  endloop
endfacet
facet normal -0.7071067811865447 -1.186510392802714e-15 0.7071067811865503
  outer loop
    vertex -138.40550738970336 -401.6999999999993 -86.6730039225148
    vertex -139.82699607747048 -397.69999999999936 -88.0944926102819
    vertex -139.82699607747048 -401.6999999999993 -88.09449261028192
  endloop
endfacet
facet normal -0.7071067811865447 -1.186510392802714e-15 0.7071067811865503
  outer loop
    vertex -139.82699607747048 -397.69999999999936 -88.0944926102819
    vertex -138.40550738970336 -401.6999999999993 -86.6730039225148
    vertex -138.40550738970336 -397.69999999999936 -86.67300392251478
  endloop
endfacet
facet normal -0.987688340595136 -4.552175214947391e-16 0.15643446504024228
  outer loop
    vertex -147.9331920233033 -397.69999999999936 -104.00379793325669
    vertex -148.2476704420486 -401.6999999999993 -105.98933652594216
    vertex -147.9331920233033 -401.6999999999993 -104.00379793325672
  endloop
endfacet
facet normal -0.987688340595136 -4.552175214947391e-16 0.15643446504024228
  outer loop
    vertex -148.2476704420486 -401.6999999999993 -105.98933652594216
    vertex -147.9331920233033 -397.69999999999936 -104.00379793325669
    vertex -148.2476704420486 -397.69999999999936 -105.98933652594215
  endloop
endfacet
facet normal -0.987688340595136 -2.767738117938666e-18 -0.15643446504024228
  outer loop
    vertex -148.2476704420486 -397.69999999999925 -114.01066347405761
    vertex -147.9331920233033 -401.69999999999925 -115.99620206674307
    vertex -148.2476704420486 -401.69999999999925 -114.01066347405761
  endloop
endfacet
facet normal -0.987688340595136 -2.767738117938666e-18 -0.15643446504024228
  outer loop
    vertex -147.9331920233033 -401.69999999999925 -115.99620206674307
    vertex -148.2476704420486 -397.69999999999925 -114.01066347405761
    vertex -147.9331920233033 -397.69999999999925 -115.99620206674307
  endloop
endfacet
facet normal -0.8607420270039483 5.365805985400036e-16 -0.5090414157503637
  outer loop
    vertex -144.5418137613889 -397.69999999999925 -125.41611757125472
    vertex -143.51849361604977 -401.69999999999925 -127.14645743932773
    vertex -144.5418137613889 -401.69999999999925 -125.41611757125472
  endloop
endfacet
facet normal -0.8607420270039483 5.365805985400036e-16 -0.5090414157503637
  outer loop
    vertex -143.51849361604977 -401.69999999999925 -127.14645743932773
    vertex -144.5418137613889 -397.69999999999925 -125.41611757125472
    vertex -143.51849361604977 -397.69999999999925 -127.14645743932773
  endloop
endfacet
facet normal -0.9602936856769413 -6.260992364947324e-16 0.2789911060392356
  outer loop
    vertex -146.9338085214302 -397.69999999999936 -100.11145618000158
    vertex -147.49466115610147 -401.6999999999993 -102.04192361072455
    vertex -146.9338085214302 -401.6999999999993 -100.1114561800016
  endloop
endfacet
facet normal -0.9602936856769413 -6.260992364947324e-16 0.2789911060392356
  outer loop
    vertex -147.49466115610147 -401.6999999999993 -102.04192361072455
    vertex -146.9338085214302 -397.69999999999936 -100.11145618000158
    vertex -147.49466115610147 -397.69999999999936 -102.04192361072455
  endloop
endfacet
facet normal -0.8910065241883722 -8.631074421806047e-16 0.4539904997395386
  outer loop
    vertex -144.54181376138897 -397.69999999999936 -94.58388242874503
    vertex -145.45446567889792 -401.6999999999993 -96.3750626699176
    vertex -144.54181376138897 -401.6999999999993 -94.58388242874504
  endloop
endfacet
facet normal -0.8910065241883722 -8.631074421806047e-16 0.4539904997395386
  outer loop
    vertex -145.45446567889792 -401.6999999999993 -96.3750626699176
    vertex -144.54181376138897 -397.69999999999936 -94.58388242874503
    vertex -145.45446567889792 -397.69999999999936 -96.37506266991758
  endloop
endfacet
facet normal -0.9955619646030793 -9.472505941933807e-17 -0.09410831331852344
  outer loop
    vertex -148.43685530969 -397.69999999999925 -112.0092966249379
    vertex -148.2476704420486 -401.69999999999925 -114.01066347405761
    vertex -148.43685530969 -401.69999999999925 -112.0092966249379
  endloop
endfacet
facet normal -0.9955619646030793 -9.472505941933807e-17 -0.09410831331852344
  outer loop
    vertex -148.2476704420486 -401.69999999999925 -114.01066347405761
    vertex -148.43685530969 -397.69999999999925 -112.0092966249379
    vertex -148.2476704420486 -397.69999999999925 -114.01066347405761
  endloop
endfacet
facet normal -0.8607420270039383 -9.357016010815905e-16 0.5090414157503802
  outer loop
    vertex -143.51849361604977 -397.69999999999936 -92.85354256067203
    vertex -144.54181376138897 -401.6999999999993 -94.58388242874504
    vertex -143.51849361604977 -401.6999999999993 -92.85354256067204
  endloop
endfacet
facet normal -0.8607420270039383 -9.357016010815905e-16 0.5090414157503802
  outer loop
    vertex -144.54181376138897 -401.6999999999993 -94.58388242874504
    vertex -143.51849361604977 -397.69999999999936 -92.85354256067203
    vertex -144.54181376138897 -397.69999999999936 -94.58388242874503
  endloop
endfacet
facet normal -0.6613118653236559 -1.2380828558505249e-15 0.7501110696304559
  outer loop
    vertex -136.89756767194342 -401.6999999999993 -85.34357623117471
    vertex -138.40550738970336 -397.69999999999936 -86.67300392251478
    vertex -138.40550738970336 -401.6999999999993 -86.6730039225148
  endloop
endfacet
facet normal -0.6613118653236559 -1.2380828558505249e-15 0.7501110696304559
  outer loop
    vertex -138.40550738970336 -397.69999999999936 -86.67300392251478
    vertex -136.89756767194342 -401.6999999999993 -85.34357623117471
    vertex -136.89756767194342 -397.69999999999936 -85.3435762311747
  endloop
endfacet
facet normal -0.9408807689542297 2.7171932651371973e-16 -0.3387379202452798
  outer loop
    vertex -146.9338085214302 -397.69999999999925 -119.88854381999818
    vertex -146.25284754840933 -401.69999999999925 -121.77998568590955
    vertex -146.9338085214302 -401.69999999999925 -119.88854381999818
  endloop
endfacet
facet normal -0.9408807689542297 2.7171932651371973e-16 -0.3387379202452798
  outer loop
    vertex -146.25284754840933 -401.69999999999925 -121.77998568590955
    vertex -146.9338085214302 -397.69999999999925 -119.88854381999818
    vertex -146.25284754840933 -397.69999999999925 -121.77998568590955
  endloop
endfacet
facet normal -2.3184705174140093e-16 1.0 1.4461320376568207e-15
  outer loop
    vertex -143.51849361604977 -397.69999999999925 -127.14645743932773
    vertex -79.99999999998542 -397.69999999999936 -127.49999998882393
    vertex -142.3885438199836 -397.69999999999925 -128.80912807335898
  endloop
endfacet
facet normal -2.3184705174140093e-16 1.0 1.4461320376568207e-15
  outer loop
    vertex -79.99999999998542 -397.69999999999936 -127.49999998882393
    vertex -143.51849361604977 -397.69999999999925 -127.14645743932773
    vertex -80.46930339510611 -397.69999999999936 -127.46306501060934
  endloop
endfacet
facet normal -2.3184705174140093e-16 1.0 1.4461320376568207e-15
  outer loop
    vertex -80.46930339510611 -397.69999999999936 -127.46306501060934
    vertex -143.51849361604977 -397.69999999999925 -127.14645743932773
    vertex -80.92705098311028 -397.69999999999936 -127.35316953770938
  endloop
endfacet
facet normal -2.3184705174140093e-16 1.0 1.4461320376568207e-15
  outer loop
    vertex -80.92705098311028 -397.69999999999936 -127.35316953770938
    vertex -143.51849361604977 -397.69999999999925 -127.14645743932773
    vertex -81.361971499204 -397.69999999999936 -127.17301956138903
  endloop
endfacet
facet normal -2.3184705174140093e-16 1.0 1.4461320376568207e-15
  outer loop
    vertex -81.361971499204 -397.69999999999936 -127.17301956138903
    vertex -143.51849361604977 -397.69999999999925 -127.14645743932773
    vertex -81.76335575686285 -397.69999999999936 -126.92705097194876
  endloop
endfacet
facet normal -2.3184705174140093e-16 1.0 1.4461320376568207e-15
  outer loop
    vertex -81.76335575686285 -397.69999999999936 -126.92705097194876
    vertex -143.51849361604977 -397.69999999999925 -127.14645743932773
    vertex -144.5418137613889 -397.69999999999925 -125.41611757125472
  endloop
endfacet
facet normal -2.3184705174140093e-16 1.0 1.4461320376568207e-15
  outer loop
    vertex -81.76335575686285 -397.69999999999936 -126.92705097194876
    vertex -144.5418137613889 -397.69999999999925 -125.41611757125472
    vertex -82.12132034354502 -397.69999999999936 -126.62132033238358
  endloop
endfacet
facet normal -2.3184705174140093e-16 1.0 1.4461320376568207e-15
  outer loop
    vertex -82.12132034354502 -397.69999999999936 -126.62132033238358
    vertex -144.5418137613889 -397.69999999999925 -125.41611757125472
    vertex -82.42705098311029 -397.69999999999936 -126.26335574570133
  endloop
endfacet
facet normal -2.3184705174140093e-16 1.0 1.4461320376568207e-15
  outer loop
    vertex -82.42705098311029 -397.69999999999936 -126.26335574570133
    vertex -144.5418137613889 -397.69999999999925 -125.41611757125472
    vertex -82.67301957255053 -397.69999999999936 -125.86197148804257
  endloop
endfacet
facet normal -2.3184705174140093e-16 1.0 1.4461320376568207e-15
  outer loop
    vertex -82.67301957255053 -397.69999999999936 -125.86197148804257
    vertex -144.5418137613889 -397.69999999999925 -125.41611757125472
    vertex -82.85316954887091 -397.69999999999936 -125.42705097194876
  endloop
endfacet
facet normal -2.3184705174140093e-16 1.0 1.4461320376568207e-15
  outer loop
    vertex -82.85316954887091 -397.69999999999936 -125.42705097194876
    vertex -144.5418137613889 -397.69999999999925 -125.41611757125472
    vertex -82.96306502177086 -397.69999999999936 -124.96930338394462
  endloop
endfacet
facet normal -2.3184705174140093e-16 1.0 1.4461320376568207e-15
  outer loop
    vertex -82.96306502177086 -397.69999999999936 -124.96930338394462
    vertex -144.5418137613889 -397.69999999999925 -125.41611757125472
    vertex -145.45446567889792 -397.69999999999925 -123.62493733008218
  endloop
endfacet
facet normal -2.3184705174140093e-16 1.0 1.4461320376568207e-15
  outer loop
    vertex -82.96306502177086 -397.69999999999936 -124.96930338394462
    vertex -145.45446567889792 -397.69999999999925 -123.62493733008218
    vertex -82.99999999998536 -397.69999999999936 -124.49999998882393
  endloop
endfacet
facet normal -2.3184705174140093e-16 1.0 1.4461320376568207e-15
  outer loop
    vertex -82.99999999998536 -397.69999999999936 -124.49999998882393
    vertex -145.45446567889792 -397.69999999999925 -123.62493733008218
    vertex -82.96306502177086 -397.69999999999936 -124.03069659370324
  endloop
endfacet
facet normal -2.3184705174140093e-16 1.0 1.4461320376568207e-15
  outer loop
    vertex -82.96306502177086 -397.69999999999936 -124.03069659370324
    vertex -145.45446567889792 -397.69999999999925 -123.62493733008218
    vertex -82.85316954887091 -397.69999999999936 -123.57294900569909
  endloop
endfacet
facet normal -2.3184705174140093e-16 1.0 1.4461320376568207e-15
  outer loop
    vertex -82.85316954887091 -397.69999999999936 -123.57294900569909
    vertex -145.45446567889792 -397.69999999999925 -123.62493733008218
    vertex -146.25284754840933 -397.69999999999925 -121.77998568590955
  endloop
endfacet
facet normal -2.3184705174140093e-16 1.0 1.4461320376568207e-15
  outer loop
    vertex -82.85316954887091 -397.69999999999936 -123.57294900569909
    vertex -146.25284754840933 -397.69999999999925 -121.77998568590955
    vertex -82.67301957255053 -397.69999999999936 -123.13802848960529
  endloop
endfacet
facet normal -2.3184705174140093e-16 1.0 1.4461320376568207e-15
  outer loop
    vertex -82.67301957255053 -397.69999999999936 -123.13802848960529
    vertex -146.25284754840933 -397.69999999999925 -121.77998568590955
    vertex -82.42705098311029 -397.69999999999936 -122.73664423194653
  endloop
endfacet
facet normal -2.3184705174140093e-16 1.0 1.4461320376568207e-15
  outer loop
    vertex -82.42705098311029 -397.69999999999936 -122.73664423194653
    vertex -146.25284754840933 -397.69999999999925 -121.77998568590955
    vertex -82.12132034354502 -397.69999999999936 -122.37867964526428
  endloop
endfacet
facet normal -2.3184705174140093e-16 1.0 1.4461320376568207e-15
  outer loop
    vertex -82.12132034354502 -397.69999999999936 -122.37867964526428
    vertex -146.25284754840933 -397.69999999999925 -121.77998568590955
    vertex -81.76335575686285 -397.69999999999936 -122.0729490056991
  endloop
endfacet
facet normal -2.3184705174140093e-16 1.0 1.4461320376568207e-15
  outer loop
    vertex -81.76335575686285 -397.69999999999936 -122.0729490056991
    vertex -146.25284754840933 -397.69999999999925 -121.77998568590955
    vertex -81.361971499204 -397.69999999999936 -121.82698041625883
  endloop
endfacet
facet normal -2.3184705174140093e-16 1.0 1.4461320376568207e-15
  outer loop
    vertex -81.361971499204 -397.69999999999936 -121.82698041625883
    vertex -146.25284754840933 -397.69999999999925 -121.77998568590955
    vertex -80.92705098311028 -397.69999999999936 -121.64683043993848
  endloop
endfacet
facet normal -2.3184705174140093e-16 1.0 1.4461320376568207e-15
  outer loop
    vertex -80.92705098311028 -397.69999999999936 -121.64683043993848
    vertex -146.25284754840933 -397.69999999999925 -121.77998568590955
    vertex -146.9338085214302 -397.69999999999925 -119.88854381999818
  endloop
endfacet
facet normal -2.3184705174140093e-16 1.0 1.4461320376568207e-15
  outer loop
    vertex -80.92705098311028 -397.69999999999936 -121.64683043993848
    vertex -146.9338085214302 -397.69999999999925 -119.88854381999818
    vertex -80.46930339510611 -397.69999999999936 -121.53693496703852
  endloop
endfacet
facet normal -2.3184705174140093e-16 1.0 1.4461320376568207e-15
  outer loop
    vertex -80.46930339510611 -397.69999999999936 -121.53693496703852
    vertex -146.9338085214302 -397.69999999999925 -119.88854381999818
    vertex -79.99999999998542 -397.69999999999936 -121.49999998882393
  endloop
endfacet
facet normal -2.3184705174140093e-16 1.0 1.4461320376568207e-15
  outer loop
    vertex -79.99999999998542 -397.69999999999936 -121.49999998882393
    vertex -146.9338085214302 -397.69999999999925 -119.88854381999818
    vertex -73.99999999998552 -397.69999999999936 -121.49999998882393
  endloop
endfacet
facet normal -2.3184705174140093e-16 1.0 1.4461320376568207e-15
  outer loop
    vertex -73.99999999998552 -397.69999999999936 -121.49999998882393
    vertex -146.9338085214302 -397.69999999999925 -119.88854381999818
    vertex 148.9338085214594 -397.69999999999925 -119.88854381999832
  endloop
endfacet
facet normal -2.3184705174140093e-16 1.0 1.4461320376568207e-15
  outer loop
    vertex 148.9338085214594 -397.69999999999925 -119.88854381999832
    vertex -146.9338085214302 -397.69999999999925 -119.88854381999818
    vertex 149.49466115613072 -397.69999999999925 -117.95807638927536
  endloop
endfacet
facet normal -2.3184705174140093e-16 1.0 1.4461320376568207e-15
  outer loop
    vertex 149.49466115613072 -397.69999999999925 -117.95807638927536
    vertex -146.9338085214302 -397.69999999999925 -119.88854381999818
    vertex -147.49466115610147 -397.69999999999925 -117.95807638927522
  endloop
endfacet
facet normal -2.3184705174140093e-16 1.0 1.4461320376568207e-15
  outer loop
    vertex 149.49466115613072 -397.69999999999925 -117.95807638927536
    vertex -147.49466115610147 -397.69999999999925 -117.95807638927522
    vertex 149.93319202333254 -397.69999999999925 -115.9962020667432
  endloop
endfacet
facet normal -2.3184705174140093e-16 1.0 1.4461320376568207e-15
  outer loop
    vertex 149.93319202333254 -397.69999999999925 -115.9962020667432
    vertex -147.49466115610147 -397.69999999999925 -117.95807638927522
    vertex -147.9331920233033 -397.69999999999925 -115.99620206674307
  endloop
endfacet
facet normal -2.3184705174140093e-16 1.0 1.4461320376568207e-15
  outer loop
    vertex 149.93319202333254 -397.69999999999925 -115.9962020667432
    vertex -147.9331920233033 -397.69999999999925 -115.99620206674307
    vertex 150.2476704420778 -397.69999999999925 -114.01066347405775
  endloop
endfacet
facet normal -2.3184705174140093e-16 1.0 1.4461320376568207e-15
  outer loop
    vertex 150.2476704420778 -397.69999999999925 -114.01066347405775
    vertex -147.9331920233033 -397.69999999999925 -115.99620206674307
    vertex -148.2476704420486 -397.69999999999925 -114.01066347405761
  endloop
endfacet
facet normal -2.3184705174140093e-16 1.0 1.4461320376568207e-15
  outer loop
    vertex 150.2476704420778 -397.69999999999925 -114.01066347405775
    vertex -148.2476704420486 -397.69999999999925 -114.01066347405761
    vertex 150.43685530971928 -397.69999999999925 -112.00929662493805
  endloop
endfacet
facet normal -2.3184705174140093e-16 1.0 1.4461320376568207e-15
  outer loop
    vertex 150.43685530971928 -397.69999999999925 -112.00929662493805
    vertex -148.2476704420486 -397.69999999999925 -114.01066347405761
    vertex -148.43685530969 -397.69999999999925 -112.0092966249379
  endloop
endfacet
facet normal -2.3184705174140093e-16 1.0 1.4461320376568207e-15
  outer loop
    vertex 150.43685530971928 -397.69999999999925 -112.00929662493805
    vertex -148.43685530969 -397.69999999999925 -112.0092966249379
    vertex 150.50000000001458 -397.69999999999925 -110.00000000000003
  endloop
endfacet
facet normal -2.3184705174140093e-16 1.0 1.4461320376568207e-15
  outer loop
    vertex 150.50000000001458 -397.69999999999925 -110.00000000000003
    vertex -148.43685530969 -397.69999999999925 -112.0092966249379
    vertex -148.49999999998528 -397.69999999999936 -109.99999999999989
  endloop
endfacet
facet normal -2.3184705174140093e-16 1.0 1.4461320376568207e-15
  outer loop
    vertex 150.50000000001458 -397.69999999999925 -110.00000000000003
    vertex -148.49999999998528 -397.69999999999936 -109.99999999999989
    vertex 150.43685530971928 -397.69999999999925 -107.99070337506198
  endloop
endfacet
facet normal -2.3184705174140093e-16 1.0 1.4461320376568207e-15
  outer loop
    vertex 150.43685530971928 -397.69999999999925 -107.99070337506198
    vertex -148.49999999998528 -397.69999999999936 -109.99999999999989
    vertex -148.43685530969 -397.69999999999936 -107.99070337506187
  endloop
endfacet
facet normal -2.3184705174140093e-16 1.0 1.4461320376568207e-15
  outer loop
    vertex 150.43685530971928 -397.69999999999925 -107.99070337506198
    vertex -148.43685530969 -397.69999999999936 -107.99070337506187
    vertex 150.2476704420779 -397.69999999999925 -105.98933652594228
  endloop
endfacet
facet normal -2.3184705174140093e-16 1.0 1.4461320376568207e-15
  outer loop
    vertex 150.2476704420779 -397.69999999999925 -105.98933652594228
    vertex -148.43685530969 -397.69999999999936 -107.99070337506187
    vertex -148.2476704420486 -397.69999999999936 -105.98933652594215
  endloop
endfacet
facet normal -2.3184705174140093e-16 1.0 1.4461320376568207e-15
  outer loop
    vertex 150.2476704420779 -397.69999999999925 -105.98933652594228
    vertex -148.2476704420486 -397.69999999999936 -105.98933652594215
    vertex 149.93319202333262 -397.69999999999925 -104.00379793325683
  endloop
endfacet
facet normal -2.3184705174140093e-16 1.0 1.4461320376568207e-15
  outer loop
    vertex 149.93319202333262 -397.69999999999925 -104.00379793325683
    vertex -148.2476704420486 -397.69999999999936 -105.98933652594215
    vertex -147.9331920233033 -397.69999999999936 -104.00379793325669
  endloop
endfacet
facet normal -2.3184705174140093e-16 1.0 1.4461320376568207e-15
  outer loop
    vertex 149.93319202333262 -397.69999999999925 -104.00379793325683
    vertex -147.9331920233033 -397.69999999999936 -104.00379793325669
    vertex 149.4946611561308 -397.69999999999925 -102.04192361072467
  endloop
endfacet
facet normal -2.3184705174140093e-16 1.0 1.4461320376568207e-15
  outer loop
    vertex 149.4946611561308 -397.69999999999925 -102.04192361072467
    vertex -147.9331920233033 -397.69999999999936 -104.00379793325669
    vertex -147.49466115610147 -397.69999999999936 -102.04192361072455
  endloop
endfacet
facet normal -2.3184705174140093e-16 1.0 1.4461320376568207e-15
  outer loop
    vertex 149.4946611561308 -397.69999999999925 -102.04192361072467
    vertex -147.49466115610147 -397.69999999999936 -102.04192361072455
    vertex 148.9338085214595 -397.69999999999925 -100.1114561800017
  endloop
endfacet
facet normal -2.3184705174140093e-16 1.0 1.4461320376568207e-15
  outer loop
    vertex 148.9338085214595 -397.69999999999925 -100.1114561800017
    vertex -147.49466115610147 -397.69999999999936 -102.04192361072455
    vertex -146.9338085214302 -397.69999999999936 -100.11145618000158
  endloop
endfacet
facet normal -2.3184705174140093e-16 1.0 1.4461320376568207e-15
  outer loop
    vertex 148.9338085214595 -397.69999999999925 -100.1114561800017
    vertex -146.9338085214302 -397.69999999999936 -100.11145618000158
    vertex 148.25284754843867 -397.69999999999925 -98.22001431409034
  endloop
endfacet
facet normal -2.3184705174140093e-16 1.0 1.4461320376568207e-15
  outer loop
    vertex 148.25284754843867 -397.69999999999925 -98.22001431409034
    vertex -146.9338085214302 -397.69999999999936 -100.11145618000158
    vertex -146.25284754840933 -397.69999999999936 -98.22001431409022
  endloop
endfacet
facet normal -2.3184705174140093e-16 1.0 1.4461320376568207e-15
  outer loop
    vertex 148.25284754843867 -397.69999999999925 -98.22001431409034
    vertex -146.25284754840933 -397.69999999999936 -98.22001431409022
    vertex 147.4544656789272 -397.69999999999925 -96.3750626699177
  endloop
endfacet
facet normal -2.3184705174140093e-16 1.0 1.4461320376568207e-15
  outer loop
    vertex 147.4544656789272 -397.69999999999925 -96.3750626699177
    vertex -146.25284754840933 -397.69999999999936 -98.22001431409022
    vertex -145.45446567889792 -397.69999999999936 -96.37506266991758
  endloop
endfacet
facet normal -2.3184705174140093e-16 1.0 1.4461320376568207e-15
  outer loop
    vertex 147.4544656789272 -397.69999999999925 -96.3750626699177
    vertex -145.45446567889792 -397.69999999999936 -96.37506266991758
    vertex 146.54181376141827 -397.69999999999925 -94.58388242874513
  endloop
endfacet
facet normal -2.3184705174140093e-16 1.0 1.4461320376568207e-15
  outer loop
    vertex 146.54181376141827 -397.69999999999925 -94.58388242874513
    vertex -145.45446567889792 -397.69999999999936 -96.37506266991758
    vertex -144.54181376138897 -397.69999999999936 -94.58388242874503
  endloop
endfacet
facet normal -2.3184705174140093e-16 1.0 1.4461320376568207e-15
  outer loop
    vertex 146.54181376141827 -397.69999999999925 -94.58388242874513
    vertex -144.54181376138897 -397.69999999999936 -94.58388242874503
    vertex 145.51849361607916 -397.69999999999925 -92.85354256067212
  endloop
endfacet
facet normal -2.3184705174140093e-16 1.0 1.4461320376568207e-15
  outer loop
    vertex 145.51849361607916 -397.69999999999925 -92.85354256067212
    vertex -144.54181376138897 -397.69999999999936 -94.58388242874503
    vertex -143.51849361604977 -397.69999999999936 -92.85354256067203
  endloop
endfacet
facet normal -2.3184705174140093e-16 1.0 1.4461320376568207e-15
  outer loop
    vertex 145.51849361607916 -397.69999999999925 -92.85354256067212
    vertex -143.51849361604977 -397.69999999999936 -92.85354256067203
    vertex 144.38854382001293 -397.69999999999925 -91.19087192664088
  endloop
endfacet
facet normal -2.3184705174140093e-16 1.0 1.4461320376568207e-15
  outer loop
    vertex 144.38854382001293 -397.69999999999925 -91.19087192664088
    vertex -143.51849361604977 -397.69999999999936 -92.85354256067203
    vertex -142.3885438199836 -397.69999999999936 -91.19087192664078
  endloop
endfacet
facet normal -2.3184705174140093e-16 1.0 1.4461320376568207e-15
  outer loop
    vertex 144.38854382001293 -397.69999999999925 -91.19087192664088
    vertex -142.3885438199836 -397.69999999999936 -91.19087192664078
    vertex 143.1564237688399 -397.69999999999925 -89.60243232804196
  endloop
endfacet
facet normal -2.3184705174140093e-16 1.0 1.4461320376568207e-15
  outer loop
    vertex 143.1564237688399 -397.69999999999925 -89.60243232804196
    vertex -142.3885438199836 -397.69999999999936 -91.19087192664078
    vertex -141.15642376881055 -397.69999999999936 -89.60243232804186
  endloop
endfacet
facet normal -2.3184705174140093e-16 1.0 1.4461320376568207e-15
  outer loop
    vertex 143.1564237688399 -397.69999999999925 -89.60243232804196
    vertex -141.15642376881055 -397.69999999999936 -89.60243232804186
    vertex 141.82699607749976 -397.69999999999925 -88.09449261028199
  endloop
endfacet
facet normal -2.3184705174140093e-16 1.0 1.4461320376568207e-15
  outer loop
    vertex 141.82699607749976 -397.69999999999925 -88.09449261028199
    vertex -141.15642376881055 -397.69999999999936 -89.60243232804186
    vertex -139.82699607747048 -397.69999999999936 -88.0944926102819
  endloop
endfacet
facet normal -2.3184705174140093e-16 1.0 1.4461320376568207e-15
  outer loop
    vertex 141.82699607749976 -397.69999999999925 -88.09449261028199
    vertex -139.82699607747048 -397.69999999999936 -88.0944926102819
    vertex 140.4055073897327 -397.69999999999925 -86.67300392251485
  endloop
endfacet
facet normal -2.3184705174140093e-16 1.0 1.4461320376568207e-15
  outer loop
    vertex 140.4055073897327 -397.69999999999925 -86.67300392251485
    vertex -139.82699607747048 -397.69999999999936 -88.0944926102819
    vertex -138.40550738970336 -397.69999999999936 -86.67300392251478
  endloop
endfacet
facet normal -2.3184705174140093e-16 1.0 1.4461320376568207e-15
  outer loop
    vertex 140.4055073897327 -397.69999999999925 -86.67300392251485
    vertex -138.40550738970336 -397.69999999999936 -86.67300392251478
    vertex 138.8975676719727 -397.69999999999925 -85.34357623117477
  endloop
endfacet
facet normal -2.3184705174140093e-16 1.0 1.4461320376568207e-15
  outer loop
    vertex 138.8975676719727 -397.69999999999925 -85.34357623117477
    vertex -138.40550738970336 -397.69999999999936 -86.67300392251478
    vertex -136.89756767194342 -397.69999999999936 -85.3435762311747
  endloop
endfacet
facet normal -2.3184705174140093e-16 1.0 1.4461320376568207e-15
  outer loop
    vertex 138.8975676719727 -397.69999999999925 -85.34357623117477
    vertex -136.89756767194342 -397.69999999999936 -85.3435762311747
    vertex 137.3091280733738 -397.69999999999925 -84.11145618000171
  endloop
endfacet
facet normal -2.3184705174140093e-16 1.0 1.4461320376568207e-15
  outer loop
    vertex 137.3091280733738 -397.69999999999925 -84.11145618000171
    vertex -136.89756767194342 -397.69999999999936 -85.3435762311747
    vertex -135.30912807334448 -397.6999999999994 -84.11145618000164
  endloop
endfacet
facet normal -2.3184705174140093e-16 1.0 1.4461320376568207e-15
  outer loop
    vertex 137.3091280733738 -397.69999999999925 -84.11145618000171
    vertex -135.30912807334448 -397.6999999999994 -84.11145618000164
    vertex 135.64645743934253 -397.69999999999925 -82.98150638393554
  endloop
endfacet
facet normal -2.3184705174140093e-16 1.0 1.4461320376568207e-15
  outer loop
    vertex 135.64645743934253 -397.69999999999925 -82.98150638393554
    vertex -135.30912807334448 -397.6999999999994 -84.11145618000164
    vertex -133.64645743931322 -397.6999999999994 -82.98150638393548
  endloop
endfacet
facet normal -2.3184705174140093e-16 1.0 1.4461320376568207e-15
  outer loop
    vertex 135.64645743934253 -397.69999999999925 -82.98150638393554
    vertex -133.64645743931322 -397.6999999999994 -82.98150638393548
    vertex 133.91611757126955 -397.69999999999925 -81.95818623859638
  endloop
endfacet
facet normal -2.3184705174140093e-16 1.0 1.4461320376568207e-15
  outer loop
    vertex 133.91611757126955 -397.69999999999925 -81.95818623859638
    vertex -133.64645743931322 -397.6999999999994 -82.98150638393548
    vertex -131.91611757124022 -397.6999999999994 -81.95818623859634
  endloop
endfacet
facet normal -2.3184705174140093e-16 1.0 1.4461320376568207e-15
  outer loop
    vertex 133.91611757126955 -397.69999999999925 -81.95818623859638
    vertex -131.91611757124022 -397.6999999999994 -81.95818623859634
    vertex 132.12493733009705 -397.69999999999925 -81.0455343210874
  endloop
endfacet
facet normal -2.3184705174140093e-16 1.0 1.4461320376568207e-15
  outer loop
    vertex 132.12493733009705 -397.69999999999925 -81.0455343210874
    vertex -131.91611757124022 -397.6999999999994 -81.95818623859634
    vertex -130.12493733006767 -397.6999999999994 -81.04553432108736
  endloop
endfacet
facet normal -2.3184705174140093e-16 1.0 1.4461320376568207e-15
  outer loop
    vertex 132.12493733009705 -397.69999999999925 -81.0455343210874
    vertex -130.12493733006767 -397.6999999999994 -81.04553432108736
    vertex 130.27998568592443 -397.69999999999925 -80.24715245157597
  endloop
endfacet
facet normal -2.3184705174140093e-16 1.0 1.4461320376568207e-15
  outer loop
    vertex 130.27998568592443 -397.69999999999925 -80.24715245157597
    vertex -130.12493733006767 -397.6999999999994 -81.04553432108736
    vertex -128.27998568589504 -397.6999999999994 -80.24715245157593
  endloop
endfacet
facet normal -2.3184705174140093e-16 1.0 1.4461320376568207e-15
  outer loop
    vertex 130.27998568592443 -397.69999999999925 -80.24715245157597
    vertex -128.27998568589504 -397.6999999999994 -80.24715245157593
    vertex 128.38854382001304 -397.69999999999925 -79.5661914785551
  endloop
endfacet
facet normal -2.3184705174140093e-16 1.0 1.4461320376568207e-15
  outer loop
    vertex 128.38854382001304 -397.69999999999925 -79.5661914785551
    vertex -128.27998568589504 -397.6999999999994 -80.24715245157593
    vertex -126.38854381998368 -397.6999999999994 -79.56619147855507
  endloop
endfacet
facet normal -2.3184705174140093e-16 1.0 1.4461320376568207e-15
  outer loop
    vertex 128.38854382001304 -397.69999999999925 -79.5661914785551
    vertex -126.38854381998368 -397.6999999999994 -79.56619147855507
    vertex 126.45807638929007 -397.69999999999925 -79.00533884388382
  endloop
endfacet
facet normal -2.3184705174140093e-16 1.0 1.4461320376568207e-15
  outer loop
    vertex 126.45807638929007 -397.69999999999925 -79.00533884388382
    vertex -126.38854381998368 -397.6999999999994 -79.56619147855507
    vertex -124.45807638926075 -397.6999999999994 -79.00533884388379
  endloop
endfacet
facet normal -2.3184705174140093e-16 1.0 1.4461320376568207e-15
  outer loop
    vertex 126.45807638929007 -397.69999999999925 -79.00533884388382
    vertex -124.45807638926075 -397.6999999999994 -79.00533884388379
    vertex 124.49620206675793 -397.69999999999925 -78.56680797668197
  endloop
endfacet
facet normal -2.3184705174140093e-16 1.0 1.4461320376568207e-15
  outer loop
    vertex 124.49620206675793 -397.69999999999925 -78.56680797668197
    vertex -124.45807638926075 -397.6999999999994 -79.00533884388379
    vertex -122.49620206672857 -397.6999999999994 -78.56680797668194
  endloop
endfacet
facet normal -2.3184705174140093e-16 1.0 1.4461320376568207e-15
  outer loop
    vertex 124.49620206675793 -397.69999999999925 -78.56680797668197
    vertex -122.49620206672857 -397.6999999999994 -78.56680797668194
    vertex 122.51066347407244 -397.69999999999925 -78.2523295579367
  endloop
endfacet
facet normal -2.3184705174140093e-16 1.0 1.4461320376568207e-15
  outer loop
    vertex 122.51066347407244 -397.69999999999925 -78.2523295579367
    vertex -122.49620206672857 -397.6999999999994 -78.56680797668194
    vertex -120.51066347404311 -397.6999999999994 -78.25232955793669
  endloop
endfacet
facet normal -2.3184705174140093e-16 1.0 1.4461320376568207e-15
  outer loop
    vertex 122.51066347407244 -397.69999999999925 -78.2523295579367
    vertex -120.51066347404311 -397.6999999999994 -78.25232955793669
    vertex 120.50929662495275 -397.69999999999925 -78.0631446902953
  endloop
endfacet
facet normal -2.3184705174140093e-16 1.0 1.4461320376568207e-15
  outer loop
    vertex 120.50929662495275 -397.69999999999925 -78.0631446902953
    vertex -120.51066347404311 -397.6999999999994 -78.25232955793669
    vertex -118.50929662492344 -397.6999999999994 -78.0631446902953
  endloop
endfacet
facet normal -2.3184705174140093e-16 1.0 1.4461320376568207e-15
  outer loop
    vertex 120.50929662495275 -397.69999999999925 -78.0631446902953
    vertex -118.50929662492344 -397.6999999999994 -78.0631446902953
    vertex -116.49999999998542 -397.6999999999994 -77.99999999999999
  endloop
endfacet
facet normal -2.3184705174140093e-16 1.0 1.4461320376568207e-15
  outer loop
    vertex 120.50929662495275 -397.69999999999925 -78.0631446902953
    vertex -116.49999999998542 -397.6999999999994 -77.99999999999999
    vertex 118.50000000001474 -397.69999999999925 -77.99999999999999
  endloop
endfacet
facet normal -2.3184705174140093e-16 1.0 1.4461320376568207e-15
  outer loop
    vertex -116.49999999998532 -397.69999999999925 -141.99999999999974
    vertex 120.50929662495248 -397.69999999999925 -141.9368553097045
    vertex 118.50000000001447 -397.69999999999925 -141.99999999999983
  endloop
endfacet
facet normal -2.3184705174140093e-16 1.0 1.4461320376568207e-15
  outer loop
    vertex 120.50929662495248 -397.69999999999925 -141.9368553097045
    vertex -116.49999999998532 -397.69999999999925 -141.99999999999974
    vertex -118.50929662492335 -397.69999999999925 -141.9368553097044
  endloop
endfacet
facet normal -2.3184705174140093e-16 1.0 1.4461320376568207e-15
  outer loop
    vertex 120.50929662495248 -397.69999999999925 -141.9368553097045
    vertex -118.50929662492335 -397.69999999999925 -141.9368553097044
    vertex 122.51066347407217 -397.69999999999925 -141.74767044206314
  endloop
endfacet
facet normal -2.3184705174140093e-16 1.0 1.4461320376568207e-15
  outer loop
    vertex 122.51066347407217 -397.69999999999925 -141.74767044206314
    vertex -118.50929662492335 -397.69999999999925 -141.9368553097044
    vertex -120.51066347404307 -397.69999999999925 -141.74767044206303
  endloop
endfacet
facet normal -2.3184705174140093e-16 1.0 1.4461320376568207e-15
  outer loop
    vertex 122.51066347407217 -397.69999999999925 -141.74767044206314
    vertex -120.51066347404307 -397.69999999999925 -141.74767044206303
    vertex 124.49620206675766 -397.69999999999925 -141.4331920233179
  endloop
endfacet
facet normal -2.3184705174140093e-16 1.0 1.4461320376568207e-15
  outer loop
    vertex 124.49620206675766 -397.69999999999925 -141.4331920233179
    vertex -120.51066347404307 -397.69999999999925 -141.74767044206303
    vertex -122.49620206672851 -397.69999999999925 -141.4331920233178
  endloop
endfacet
facet normal -2.3184705174140093e-16 1.0 1.4461320376568207e-15
  outer loop
    vertex 124.49620206675766 -397.69999999999925 -141.4331920233179
    vertex -122.49620206672851 -397.69999999999925 -141.4331920233178
    vertex 126.4580763892898 -397.69999999999925 -140.99466115611605
  endloop
endfacet
facet normal -2.3184705174140093e-16 1.0 1.4461320376568207e-15
  outer loop
    vertex 126.4580763892898 -397.69999999999925 -140.99466115611605
    vertex -122.49620206672851 -397.69999999999925 -141.4331920233178
    vertex -124.45807638926067 -397.69999999999925 -140.99466115611594
  endloop
endfacet
facet normal -2.3184705174140093e-16 1.0 1.4461320376568207e-15
  outer loop
    vertex 126.4580763892898 -397.69999999999925 -140.99466115611605
    vertex -124.45807638926067 -397.69999999999925 -140.99466115611594
    vertex 128.38854382001279 -397.69999999999925 -140.4338085214448
  endloop
endfacet
facet normal -2.3184705174140093e-16 1.0 1.4461320376568207e-15
  outer loop
    vertex 128.38854382001279 -397.69999999999925 -140.4338085214448
    vertex -124.45807638926067 -397.69999999999925 -140.99466115611594
    vertex -126.38854381998364 -397.69999999999925 -140.4338085214447
  endloop
endfacet
facet normal -2.3184705174140093e-16 1.0 1.4461320376568207e-15
  outer loop
    vertex 128.38854382001279 -397.69999999999925 -140.4338085214448
    vertex -126.38854381998364 -397.69999999999925 -140.4338085214447
    vertex 130.27998568592415 -397.69999999999925 -139.75284754842392
  endloop
endfacet
facet normal -2.3184705174140093e-16 1.0 1.4461320376568207e-15
  outer loop
    vertex 130.27998568592415 -397.69999999999925 -139.75284754842392
    vertex -126.38854381998364 -397.69999999999925 -140.4338085214447
    vertex -128.279985685895 -397.69999999999925 -139.7528475484238
  endloop
endfacet
facet normal -2.3184705174140093e-16 1.0 1.4461320376568207e-15
  outer loop
    vertex 130.27998568592415 -397.69999999999925 -139.75284754842392
    vertex -128.279985685895 -397.69999999999925 -139.7528475484238
    vertex 132.12493733009677 -397.69999999999925 -138.95446567891253
  endloop
endfacet
facet normal -2.3184705174140093e-16 1.0 1.4461320376568207e-15
  outer loop
    vertex 132.12493733009677 -397.69999999999925 -138.95446567891253
    vertex -128.279985685895 -397.69999999999925 -139.7528475484238
    vertex -130.12493733006764 -397.69999999999925 -138.95446567891238
  endloop
endfacet
facet normal -2.3184705174140093e-16 1.0 1.4461320376568207e-15
  outer loop
    vertex 132.12493733009677 -397.69999999999925 -138.95446567891253
    vertex -130.12493733006764 -397.69999999999925 -138.95446567891238
    vertex 133.91611757126938 -397.69999999999925 -138.04181376140355
  endloop
endfacet
facet normal -2.3184705174140093e-16 1.0 1.4461320376568207e-15
  outer loop
    vertex 133.91611757126938 -397.69999999999925 -138.04181376140355
    vertex -130.12493733006764 -397.69999999999925 -138.95446567891238
    vertex -131.9161175712402 -397.69999999999925 -138.0418137614034
  endloop
endfacet
facet normal -2.3184705174140093e-16 1.0 1.4461320376568207e-15
  outer loop
    vertex 133.91611757126938 -397.69999999999925 -138.04181376140355
    vertex -131.9161175712402 -397.69999999999925 -138.0418137614034
    vertex 135.64645743934236 -397.69999999999925 -137.0184936160644
  endloop
endfacet
facet normal -2.3184705174140093e-16 1.0 1.4461320376568207e-15
  outer loop
    vertex 135.64645743934236 -397.69999999999925 -137.0184936160644
    vertex -131.9161175712402 -397.69999999999925 -138.0418137614034
    vertex -133.64645743931322 -397.69999999999925 -137.01849361606426
  endloop
endfacet
facet normal -2.3184705174140093e-16 1.0 1.4461320376568207e-15
  outer loop
    vertex 135.64645743934236 -397.69999999999925 -137.0184936160644
    vertex -133.64645743931322 -397.69999999999925 -137.01849361606426
    vertex 137.30912807337364 -397.69999999999925 -135.88854381999823
  endloop
endfacet
facet normal -2.3184705174140093e-16 1.0 1.4461320376568207e-15
  outer loop
    vertex 137.30912807337364 -397.69999999999925 -135.88854381999823
    vertex -133.64645743931322 -397.69999999999925 -137.01849361606426
    vertex -135.30912807334445 -397.69999999999925 -135.88854381999812
  endloop
endfacet
facet normal -2.3184705174140093e-16 1.0 1.4461320376568207e-15
  outer loop
    vertex 137.30912807337364 -397.69999999999925 -135.88854381999823
    vertex -135.30912807334445 -397.69999999999925 -135.88854381999812
    vertex 138.8975676719726 -397.69999999999925 -134.6564237688252
  endloop
endfacet
facet normal -2.3184705174140093e-16 1.0 1.4461320376568207e-15
  outer loop
    vertex 138.8975676719726 -397.69999999999925 -134.6564237688252
    vertex -135.30912807334445 -397.69999999999925 -135.88854381999812
    vertex -136.89756767194336 -397.69999999999925 -134.65642376882505
  endloop
endfacet
facet normal -2.3184705174140093e-16 1.0 1.4461320376568207e-15
  outer loop
    vertex 138.8975676719726 -397.69999999999925 -134.6564237688252
    vertex -136.89756767194336 -397.69999999999925 -134.65642376882505
    vertex 140.4055073897325 -397.69999999999925 -133.3269960774851
  endloop
endfacet
facet normal -2.3184705174140093e-16 1.0 1.4461320376568207e-15
  outer loop
    vertex 140.4055073897325 -397.69999999999925 -133.3269960774851
    vertex -136.89756767194336 -397.69999999999925 -134.65642376882505
    vertex -138.4055073897033 -397.69999999999925 -133.32699607748498
  endloop
endfacet
facet normal -2.3184705174140093e-16 1.0 1.4461320376568207e-15
  outer loop
    vertex 140.4055073897325 -397.69999999999925 -133.3269960774851
    vertex -138.4055073897033 -397.69999999999925 -133.32699607748498
    vertex 141.82699607749967 -397.69999999999925 -131.905507389718
  endloop
endfacet
facet normal -2.3184705174140093e-16 1.0 1.4461320376568207e-15
  outer loop
    vertex 141.82699607749967 -397.69999999999925 -131.905507389718
    vertex -138.4055073897033 -397.69999999999925 -133.32699607748498
    vertex -139.82699607747045 -397.69999999999925 -131.90550738971785
  endloop
endfacet
facet normal -2.3184705174140093e-16 1.0 1.4461320376568207e-15
  outer loop
    vertex 141.82699607749967 -397.69999999999925 -131.905507389718
    vertex -139.82699607747045 -397.69999999999925 -131.90550738971785
    vertex 143.1564237688398 -397.69999999999925 -130.39756767195803
  endloop
endfacet
facet normal -2.3184705174140093e-16 1.0 1.4461320376568207e-15
  outer loop
    vertex 143.1564237688398 -397.69999999999925 -130.39756767195803
    vertex -139.82699607747045 -397.69999999999925 -131.90550738971785
    vertex -141.15642376881055 -397.69999999999925 -130.3975676719579
  endloop
endfacet
facet normal -2.3184705174140093e-16 1.0 1.4461320376568207e-15
  outer loop
    vertex 143.1564237688398 -397.69999999999925 -130.39756767195803
    vertex -141.15642376881055 -397.69999999999925 -130.3975676719579
    vertex 144.38854382001284 -397.69999999999925 -128.8091280733591
  endloop
endfacet
facet normal -2.3184705174140093e-16 1.0 1.4461320376568207e-15
  outer loop
    vertex 144.38854382001284 -397.69999999999925 -128.8091280733591
    vertex -141.15642376881055 -397.69999999999925 -130.3975676719579
    vertex -142.3885438199836 -397.69999999999925 -128.80912807335898
  endloop
endfacet
facet normal -2.3184705174140093e-16 1.0 1.4461320376568207e-15
  outer loop
    vertex 144.38854382001284 -397.69999999999925 -128.8091280733591
    vertex -142.3885438199836 -397.69999999999925 -128.80912807335898
    vertex 145.51849361607896 -397.69999999999925 -127.14645743932786
  endloop
endfacet
facet normal -2.3184705174140093e-16 1.0 1.4461320376568207e-15
  outer loop
    vertex 145.51849361607896 -397.69999999999925 -127.14645743932786
    vertex -142.3885438199836 -397.69999999999925 -128.80912807335898
    vertex -73.99999999998552 -397.69999999999936 -127.49999998882393
  endloop
endfacet
facet normal -2.3184705174140093e-16 1.0 1.4461320376568207e-15
  outer loop
    vertex -73.99999999998552 -397.69999999999936 -127.49999998882393
    vertex -142.3885438199836 -397.69999999999925 -128.80912807335898
    vertex -79.99999999998542 -397.69999999999936 -127.49999998882393
  endloop
endfacet
facet normal -2.3184705174140093e-16 1.0 1.4461320376568207e-15
  outer loop
    vertex 145.51849361607896 -397.69999999999925 -127.14645743932786
    vertex -73.99999999998552 -397.69999999999936 -127.49999998882393
    vertex -73.53069660486483 -397.69999999999936 -127.46306501060934
  endloop
endfacet
facet normal -2.3184705174140093e-16 1.0 1.4461320376568207e-15
  outer loop
    vertex 145.51849361607896 -397.69999999999925 -127.14645743932786
    vertex -73.53069660486483 -397.69999999999936 -127.46306501060934
    vertex -73.07294901686066 -397.69999999999936 -127.35316953770938
  endloop
endfacet
facet normal -2.3184705174140093e-16 1.0 1.4461320376568207e-15
  outer loop
    vertex 145.51849361607896 -397.69999999999925 -127.14645743932786
    vertex -73.07294901686066 -397.69999999999936 -127.35316953770938
    vertex -72.63802850076692 -397.69999999999936 -127.17301956138903
  endloop
endfacet
facet normal -2.3184705174140093e-16 1.0 1.4461320376568207e-15
  outer loop
    vertex 145.51849361607896 -397.69999999999925 -127.14645743932786
    vertex -72.63802850076692 -397.69999999999936 -127.17301956138903
    vertex -72.23664424310809 -397.69999999999936 -126.92705097194876
  endloop
endfacet
facet normal -2.3184705174140093e-16 1.0 1.4461320376568207e-15
  outer loop
    vertex 145.51849361607896 -397.69999999999925 -127.14645743932786
    vertex -72.23664424310809 -397.69999999999936 -126.92705097194876
    vertex 146.5418137614181 -397.69999999999925 -125.41611757125486
  endloop
endfacet
facet normal -2.3184705174140093e-16 1.0 1.4461320376568207e-15
  outer loop
    vertex 146.5418137614181 -397.69999999999925 -125.41611757125486
    vertex -72.23664424310809 -397.69999999999936 -126.92705097194876
    vertex -71.87867965642592 -397.69999999999936 -126.62132033238358
  endloop
endfacet
facet normal -2.3184705174140093e-16 1.0 1.4461320376568207e-15
  outer loop
    vertex 146.5418137614181 -397.69999999999925 -125.41611757125486
    vertex -71.87867965642592 -397.69999999999936 -126.62132033238358
    vertex -71.57294901686063 -397.69999999999936 -126.26335574570133
  endloop
endfacet
facet normal -2.3184705174140093e-16 1.0 1.4461320376568207e-15
  outer loop
    vertex 146.5418137614181 -397.69999999999925 -125.41611757125486
    vertex -71.57294901686063 -397.69999999999936 -126.26335574570133
    vertex -71.3269804274204 -397.69999999999936 -125.86197148804257
  endloop
endfacet
facet normal -2.3184705174140093e-16 1.0 1.4461320376568207e-15
  outer loop
    vertex 146.5418137614181 -397.69999999999925 -125.41611757125486
    vertex -71.3269804274204 -397.69999999999936 -125.86197148804257
    vertex -71.14683045110003 -397.69999999999936 -125.42705097194876
  endloop
endfacet
facet normal -2.3184705174140093e-16 1.0 1.4461320376568207e-15
  outer loop
    vertex 146.5418137614181 -397.69999999999925 -125.41611757125486
    vertex -71.14683045110003 -397.69999999999936 -125.42705097194876
    vertex -71.03693497820008 -397.69999999999936 -124.96930338394462
  endloop
endfacet
facet normal -2.3184705174140093e-16 1.0 1.4461320376568207e-15
  outer loop
    vertex 146.5418137614181 -397.69999999999925 -125.41611757125486
    vertex -71.03693497820008 -397.69999999999936 -124.96930338394462
    vertex 147.4544656789271 -397.69999999999925 -123.6249373300823
  endloop
endfacet
facet normal -2.3184705174140093e-16 1.0 1.4461320376568207e-15
  outer loop
    vertex 147.4544656789271 -397.69999999999925 -123.6249373300823
    vertex -71.03693497820008 -397.69999999999936 -124.96930338394462
    vertex -70.99999999998556 -397.69999999999936 -124.49999998882393
  endloop
endfacet
facet normal -2.3184705174140093e-16 1.0 1.4461320376568207e-15
  outer loop
    vertex 147.4544656789271 -397.69999999999925 -123.6249373300823
    vertex -70.99999999998556 -397.69999999999936 -124.49999998882393
    vertex -71.03693497820008 -397.69999999999936 -124.03069659370324
  endloop
endfacet
facet normal -2.3184705174140093e-16 1.0 1.4461320376568207e-15
  outer loop
    vertex 147.4544656789271 -397.69999999999925 -123.6249373300823
    vertex -71.03693497820008 -397.69999999999936 -124.03069659370324
    vertex -71.14683045110003 -397.69999999999936 -123.57294900569909
  endloop
endfacet
facet normal -2.3184705174140093e-16 1.0 1.4461320376568207e-15
  outer loop
    vertex 147.4544656789271 -397.69999999999925 -123.6249373300823
    vertex -71.14683045110003 -397.69999999999936 -123.57294900569909
    vertex 148.25284754843858 -397.69999999999925 -121.77998568590968
  endloop
endfacet
facet normal -2.3184705174140093e-16 1.0 1.4461320376568207e-15
  outer loop
    vertex 148.25284754843858 -397.69999999999925 -121.77998568590968
    vertex -71.14683045110003 -397.69999999999936 -123.57294900569909
    vertex -71.3269804274204 -397.69999999999936 -123.13802848960529
  endloop
endfacet
facet normal -2.3184705174140093e-16 1.0 1.4461320376568207e-15
  outer loop
    vertex 148.25284754843858 -397.69999999999925 -121.77998568590968
    vertex -71.3269804274204 -397.69999999999936 -123.13802848960529
    vertex -71.57294901686063 -397.69999999999936 -122.73664423194653
  endloop
endfacet
facet normal -2.3184705174140093e-16 1.0 1.4461320376568207e-15
  outer loop
    vertex 148.25284754843858 -397.69999999999925 -121.77998568590968
    vertex -71.57294901686063 -397.69999999999936 -122.73664423194653
    vertex -71.87867965642592 -397.69999999999936 -122.37867964526428
  endloop
endfacet
facet normal -2.3184705174140093e-16 1.0 1.4461320376568207e-15
  outer loop
    vertex 148.25284754843858 -397.69999999999925 -121.77998568590968
    vertex -71.87867965642592 -397.69999999999936 -122.37867964526428
    vertex -72.23664424310809 -397.69999999999936 -122.0729490056991
  endloop
endfacet
facet normal -2.3184705174140093e-16 1.0 1.4461320376568207e-15
  outer loop
    vertex 148.25284754843858 -397.69999999999925 -121.77998568590968
    vertex -72.23664424310809 -397.69999999999936 -122.0729490056991
    vertex -72.63802850076692 -397.69999999999936 -121.82698041625883
  endloop
endfacet
facet normal -2.3184705174140093e-16 1.0 1.4461320376568207e-15
  outer loop
    vertex 148.25284754843858 -397.69999999999925 -121.77998568590968
    vertex -72.63802850076692 -397.69999999999936 -121.82698041625883
    vertex -73.07294901686066 -397.69999999999936 -121.64683043993848
  endloop
endfacet
facet normal -2.3184705174140093e-16 1.0 1.4461320376568207e-15
  outer loop
    vertex 148.25284754843858 -397.69999999999925 -121.77998568590968
    vertex -73.07294901686066 -397.69999999999936 -121.64683043993848
    vertex 148.9338085214594 -397.69999999999925 -119.88854381999832
  endloop
endfacet
facet normal -2.3184705174140093e-16 1.0 1.4461320376568207e-15
  outer loop
    vertex 148.9338085214594 -397.69999999999925 -119.88854381999832
    vertex -73.07294901686066 -397.69999999999936 -121.64683043993848
    vertex -73.53069660486483 -397.69999999999936 -121.53693496703852
  endloop
endfacet
facet normal -2.3184705174140093e-16 1.0 1.4461320376568207e-15
  outer loop
    vertex 148.9338085214594 -397.69999999999925 -119.88854381999832
    vertex -73.53069660486483 -397.69999999999936 -121.53693496703852
    vertex -73.99999999998552 -397.69999999999936 -121.49999998882393
  endloop
endfacet
facet normal -0.09410831331851127 1.4178953174978278e-15 -0.9955619646030804
  outer loop
    vertex -118.50929662492335 -397.69999999999925 -141.9368553097044
    vertex -120.51066347404307 -401.69999999999925 -141.74767044206303
    vertex -120.51066347404307 -397.69999999999925 -141.74767044206303
  endloop
endfacet
facet normal -0.09410831331851127 1.4178953174978278e-15 -0.9955619646030804
  outer loop
    vertex -120.51066347404307 -401.69999999999925 -141.74767044206303
    vertex -118.50929662492335 -397.69999999999925 -141.9368553097044
    vertex -118.50929662492335 -401.69999999999925 -141.9368553097044
  endloop
endfacet
facet normal -3.8399543592141617e-16 1.4461320376568205e-15 -1.0
  outer loop
    vertex 118.50000000001447 -397.69999999999925 -141.99999999999983
    vertex -116.49999999998532 -401.69999999999925 -141.99999999999974
    vertex -116.49999999998532 -397.69999999999925 -141.99999999999974
  endloop
endfacet
facet normal -3.8399543592141617e-16 1.4461320376568205e-15 -1.0
  outer loop
    vertex -116.49999999998532 -401.69999999999925 -141.99999999999974
    vertex 118.50000000001447 -397.69999999999925 -141.99999999999983
    vertex 118.50000000001447 -401.69999999999925 -141.99999999999983
  endloop
endfacet
facet normal -0.031410759078132705 1.4381359669078312e-15 -0.9995065603657316
  outer loop
    vertex -116.49999999998532 -397.69999999999925 -141.99999999999974
    vertex -118.50929662492335 -401.69999999999925 -141.9368553097044
    vertex -118.50929662492335 -397.69999999999925 -141.9368553097044
  endloop
endfacet
facet normal -0.031410759078132705 1.4381359669078312e-15 -0.9995065603657316
  outer loop
    vertex -118.50929662492335 -401.69999999999925 -141.9368553097044
    vertex -116.49999999998532 -397.69999999999925 -141.99999999999974
    vertex -116.49999999998532 -401.69999999999925 -141.99999999999974
  endloop
endfacet
facet normal -0.21814324139654756 1.3607286281508234e-15 -0.9759167619387463
  outer loop
    vertex -122.49620206672851 -397.69999999999925 -141.4331920233178
    vertex -124.45807638926067 -401.69999999999925 -140.99466115611594
    vertex -124.45807638926067 -397.69999999999925 -140.99466115611594
  endloop
endfacet
facet normal -0.21814324139654756 1.3607286281508234e-15 -0.9759167619387463
  outer loop
    vertex -124.45807638926067 -401.69999999999925 -140.99466115611594
    vertex -122.49620206672851 -397.69999999999925 -141.4331920233178
    vertex -122.49620206672851 -401.69999999999925 -141.4331920233178
  endloop
endfacet
facet normal -0.15643446504022038 1.3920588830444146e-15 -0.9876883405951394
  outer loop
    vertex -120.51066347404307 -397.69999999999925 -141.74767044206303
    vertex -122.49620206672851 -401.69999999999925 -141.4331920233178
    vertex -122.49620206672851 -397.69999999999925 -141.4331920233178
  endloop
endfacet
facet normal -0.15643446504022038 1.3920588830444146e-15 -0.9876883405951394
  outer loop
    vertex -122.49620206672851 -401.69999999999925 -141.4331920233178
    vertex -120.51066347404307 -397.69999999999925 -141.74767044206303
    vertex -120.51066347404307 -401.69999999999925 -141.74767044206303
  endloop
endfacet
facet normal -0.4539904997395474 1.183256721506826e-15 -0.8910065241883676
  outer loop
    vertex -130.12493733006764 -397.69999999999925 -138.95446567891238
    vertex -131.9161175712402 -401.69999999999925 -138.0418137614034
    vertex -131.9161175712402 -397.69999999999925 -138.0418137614034
  endloop
endfacet
facet normal -0.4539904997395474 1.183256721506826e-15 -0.8910065241883676
  outer loop
    vertex -131.9161175712402 -401.69999999999925 -138.0418137614034
    vertex -130.12493733006764 -397.69999999999925 -138.95446567891238
    vertex -130.12493733006764 -401.69999999999925 -138.95446567891238
  endloop
endfacet
facet normal -0.397147890634784 1.2351167993603555e-15 -0.9177546256839797
  outer loop
    vertex -128.279985685895 -397.69999999999925 -139.7528475484238
    vertex -130.12493733006764 -401.69999999999925 -138.95446567891238
    vertex -130.12493733006764 -397.69999999999925 -138.95446567891238
  endloop
endfacet
facet normal -0.397147890634784 1.2351167993603555e-15 -0.9177546256839797
  outer loop
    vertex -130.12493733006764 -401.69999999999925 -138.95446567891238
    vertex -128.279985685895 -397.69999999999925 -139.7528475484238
    vertex -128.279985685895 -401.69999999999925 -139.7528475484238
  endloop
endfacet
facet normal -0.33873792024528976 1.2821024354780071e-15 -0.9408807689542261
  outer loop
    vertex -126.38854381998364 -397.69999999999925 -140.4338085214447
    vertex -128.279985685895 -401.69999999999925 -139.7528475484238
    vertex -128.279985685895 -397.69999999999925 -139.7528475484238
  endloop
endfacet
facet normal -0.33873792024528976 1.2821024354780071e-15 -0.9408807689542261
  outer loop
    vertex -128.279985685895 -401.69999999999925 -139.7528475484238
    vertex -126.38854381998364 -397.69999999999925 -140.4338085214447
    vertex -126.38854381998364 -401.69999999999925 -140.4338085214447
  endloop
endfacet
facet normal -0.5090414157503587 1.1267268699520967e-15 -0.8607420270039512
  outer loop
    vertex -131.9161175712402 -397.69999999999925 -138.0418137614034
    vertex -133.64645743931322 -401.69999999999925 -137.01849361606426
    vertex -133.64645743931322 -397.69999999999925 -137.01849361606426
  endloop
endfacet
facet normal -0.5090414157503587 1.1267268699520967e-15 -0.8607420270039512
  outer loop
    vertex -133.64645743931322 -401.69999999999925 -137.01849361606426
    vertex -131.9161175712402 -397.69999999999925 -138.0418137614034
    vertex -131.9161175712402 -401.69999999999925 -138.0418137614034
  endloop
endfacet
facet normal -0.5620833778521336 1.065750342194178e-15 -0.82708057427456
  outer loop
    vertex -133.64645743931322 -397.69999999999925 -137.01849361606426
    vertex -135.30912807334445 -401.69999999999925 -135.88854381999812
    vertex -135.30912807334445 -397.69999999999925 -135.88854381999812
  endloop
endfacet
facet normal -0.5620833778521336 1.065750342194178e-15 -0.82708057427456
  outer loop
    vertex -135.30912807334445 -401.69999999999925 -135.88854381999812
    vertex -133.64645743931322 -397.69999999999925 -137.01849361606426
    vertex -133.64645743931322 -401.69999999999925 -137.01849361606426
  endloop
endfacet
facet normal -0.2789911060392223 1.324028199019713e-15 -0.9602936856769452
  outer loop
    vertex -124.45807638926067 -397.69999999999925 -140.99466115611594
    vertex -126.38854381998364 -401.69999999999925 -140.4338085214447
    vertex -126.38854381998364 -397.69999999999925 -140.4338085214447
  endloop
endfacet
facet normal -0.2789911060392223 1.324028199019713e-15 -0.9602936856769452
  outer loop
    vertex -126.38854381998364 -401.69999999999925 -140.4338085214447
    vertex -124.45807638926067 -397.69999999999925 -140.99466115611594
    vertex -124.45807638926067 -401.69999999999925 -140.99466115611594
  endloop
endfacet
facet normal -0.6129070536529759 1.000567784730657e-15 -0.7901550123756909
  outer loop
    vertex -135.30912807334445 -397.69999999999925 -135.88854381999812
    vertex -136.89756767194336 -401.69999999999925 -134.65642376882505
    vertex -136.89756767194336 -397.69999999999925 -134.65642376882505
  endloop
endfacet
facet normal -0.6129070536529759 1.000567784730657e-15 -0.7901550123756909
  outer loop
    vertex -136.89756767194336 -401.69999999999925 -134.65642376882505
    vertex -135.30912807334445 -397.69999999999925 -135.88854381999812
    vertex -135.30912807334445 -401.69999999999925 -135.88854381999812
  endloop
endfacet
facet normal -0.6613118653236592 9.314364433367279e-16 -0.7501110696304533
  outer loop
    vertex -136.89756767194336 -397.69999999999925 -134.65642376882505
    vertex -138.4055073897033 -401.69999999999925 -133.32699607748498
    vertex -138.4055073897033 -397.69999999999925 -133.32699607748498
  endloop
endfacet
facet normal -0.6613118653236592 9.314364433367279e-16 -0.7501110696304533
  outer loop
    vertex -138.4055073897033 -401.69999999999925 -133.32699607748498
    vertex -136.89756767194336 -397.69999999999925 -134.65642376882505
    vertex -136.89756767194336 -401.69999999999925 -134.65642376882505
  endloop
endfacet
facet normal -0.7901550123756909 7.031494163554225e-16 -0.6129070536529759
  outer loop
    vertex -142.3885438199836 -397.69999999999925 -128.80912807335898
    vertex -141.15642376881055 -401.69999999999925 -130.3975676719579
    vertex -142.3885438199836 -401.69999999999925 -128.80912807335898
  endloop
endfacet
facet normal -0.7901550123756909 7.031494163554225e-16 -0.6129070536529759
  outer loop
    vertex -141.15642376881055 -401.69999999999925 -130.3975676719579
    vertex -142.3885438199836 -397.69999999999925 -128.80912807335898
    vertex -141.15642376881055 -397.69999999999925 -130.3975676719579
  endloop
endfacet
facet normal -0.82708057427456 6.21090587848193e-16 -0.5620833778521336
  outer loop
    vertex -143.51849361604977 -397.69999999999925 -127.14645743932773
    vertex -142.3885438199836 -401.69999999999925 -128.80912807335898
    vertex -143.51849361604977 -401.69999999999925 -127.14645743932773
  endloop
endfacet
facet normal -0.82708057427456 6.21090587848193e-16 -0.5620833778521336
  outer loop
    vertex -142.3885438199836 -401.69999999999925 -128.80912807335898
    vertex -143.51849361604977 -397.69999999999925 -127.14645743932773
    vertex -142.3885438199836 -397.69999999999925 -128.80912807335898
  endloop
endfacet
facet normal -0.7501110696304526 7.824332353547282e-16 -0.6613118653236599
  outer loop
    vertex -141.15642376881055 -397.69999999999925 -130.3975676719579
    vertex -139.82699607747045 -401.69999999999925 -131.90550738971785
    vertex -141.15642376881055 -401.69999999999925 -130.3975676719579
  endloop
endfacet
facet normal -0.7501110696304526 7.824332353547282e-16 -0.6613118653236599
  outer loop
    vertex -139.82699607747045 -401.69999999999925 -131.90550738971785
    vertex -141.15642376881055 -397.69999999999925 -130.3975676719579
    vertex -139.82699607747045 -397.69999999999925 -131.90550738971785
  endloop
endfacet
facet normal -0.7071067811865419 8.586291478338142e-16 -0.7071067811865531
  outer loop
    vertex -138.4055073897033 -397.69999999999925 -133.32699607748498
    vertex -139.82699607747045 -401.69999999999925 -131.90550738971785
    vertex -139.82699607747045 -397.69999999999925 -131.90550738971785
  endloop
endfacet
facet normal -0.7071067811865419 8.586291478338142e-16 -0.7071067811865531
  outer loop
    vertex -139.82699607747045 -401.69999999999925 -131.90550738971785
    vertex -138.4055073897033 -397.69999999999925 -133.32699607748498
    vertex -138.4055073897033 -401.69999999999925 -133.32699607748498
  endloop
endfacet
facet normal 1.6407077716639764e-14 -1.0 -3.0079642480511e-14
  outer loop
    vertex -54.499999999984716 -401.6999999999994 -133.89999999999955
    vertex -72.24999999998474 -401.69999999999925 -125.79903810567625
    vertex -87.49999999998984 -401.7000000000005 -133.89999999999955
  endloop
endfacet
facet normal 1.6407077716639764e-14 -1.0 -3.0079642480511e-14
  outer loop
    vertex -72.24999999998474 -401.69999999999925 -125.79903810567625
    vertex -54.499999999984716 -401.6999999999994 -133.89999999999955
    vertex -54.499999999984716 -401.7000000000005 -115.89999999999961
  endloop
endfacet
facet normal 1.6407077716639764e-14 -1.0 -3.0079642480511e-14
  outer loop
    vertex -87.49999999998984 -401.7000000000005 -133.89999999999955
    vertex -72.24999999998474 -401.69999999999925 -125.79903810567625
    vertex -72.61177143233095 -401.69999999999925 -125.94888873943319
  endloop
endfacet
facet normal 1.6407077716639764e-14 -1.0 -3.0079642480511e-14
  outer loop
    vertex -87.49999999998984 -401.7000000000005 -133.89999999999955
    vertex -72.61177143233095 -401.69999999999925 -125.94888873943319
    vertex -72.99999999998475 -401.69999999999925 -125.99999999999959
  endloop
endfacet
facet normal 1.6407077716639764e-14 -1.0 -3.0079642480511e-14
  outer loop
    vertex -87.49999999998984 -401.7000000000005 -133.89999999999955
    vertex -72.99999999998475 -401.69999999999925 -125.99999999999959
    vertex -81.00000002233638 -401.69999999999925 -125.99999999999962
  endloop
endfacet
facet normal 1.6407077716639764e-14 -1.0 -3.0079642480511e-14
  outer loop
    vertex -72.24999999998474 -401.69999999999925 -125.79903810567625
    vertex -54.499999999984716 -401.7000000000005 -115.89999999999961
    vertex -71.93933982820495 -401.69999999999925 -125.56066017177942
  endloop
endfacet
facet normal 1.6407077716639764e-14 -1.0 -3.0079642480511e-14
  outer loop
    vertex -71.93933982820495 -401.69999999999925 -125.56066017177942
    vertex -54.499999999984716 -401.7000000000005 -115.89999999999961
    vertex -71.70096189430808 -401.69999999999925 -125.24999999999957
  endloop
endfacet
facet normal 1.6407077716639764e-14 -1.0 -3.0079642480511e-14
  outer loop
    vertex -71.70096189430808 -401.69999999999925 -125.24999999999957
    vertex -54.499999999984716 -401.7000000000005 -115.89999999999961
    vertex -71.55111126055115 -401.69999999999925 -124.88822856765337
  endloop
endfacet
facet normal 1.6407077716639764e-14 -1.0 -3.0079642480511e-14
  outer loop
    vertex -71.55111126055115 -401.69999999999925 -124.88822856765337
    vertex -54.499999999984716 -401.7000000000005 -115.89999999999961
    vertex -71.49999999998474 -401.69999999999925 -124.49999999999959
  endloop
endfacet
facet normal 1.6407077716639764e-14 -1.0 -3.0079642480511e-14
  outer loop
    vertex -71.49999999998474 -401.69999999999925 -124.49999999999959
    vertex -54.499999999984716 -401.7000000000005 -115.89999999999961
    vertex -71.55111126055115 -401.69999999999925 -124.11177143234582
  endloop
endfacet
facet normal 1.6407077716639764e-14 -1.0 -3.0079642480511e-14
  outer loop
    vertex -71.55111126055115 -401.69999999999925 -124.11177143234582
    vertex -54.499999999984716 -401.7000000000005 -115.89999999999961
    vertex -71.70096189430808 -401.69999999999925 -123.74999999999959
  endloop
endfacet
facet normal 1.6407077716639764e-14 -1.0 -3.0079642480511e-14
  outer loop
    vertex -71.70096189430808 -401.69999999999925 -123.74999999999959
    vertex -54.499999999984716 -401.7000000000005 -115.89999999999961
    vertex -71.93933982820495 -401.69999999999925 -123.43933982821977
  endloop
endfacet
facet normal 1.6407077716639764e-14 -1.0 -3.0079642480511e-14
  outer loop
    vertex -71.93933982820495 -401.69999999999925 -123.43933982821977
    vertex -54.499999999984716 -401.7000000000005 -115.89999999999961
    vertex -72.24999999998474 -401.69999999999925 -123.20096189432294
  endloop
endfacet
facet normal 1.6407077716639764e-14 -1.0 -3.0079642480511e-14
  outer loop
    vertex -72.24999999998474 -401.69999999999925 -123.20096189432294
    vertex -54.499999999984716 -401.7000000000005 -115.89999999999961
    vertex -72.61177143233095 -401.69999999999925 -123.05111126056599
  endloop
endfacet
facet normal 1.6407077716639764e-14 -1.0 -3.0079642480511e-14
  outer loop
    vertex -72.61177143233095 -401.69999999999925 -123.05111126056599
    vertex -54.499999999984716 -401.7000000000005 -115.89999999999961
    vertex -72.99999999998475 -401.69999999999925 -122.99999999999959
  endloop
endfacet
facet normal 1.6407077716639764e-14 -1.0 -3.0079642480511e-14
  outer loop
    vertex -72.99999999998475 -401.69999999999925 -122.99999999999959
    vertex -54.499999999984716 -401.7000000000005 -115.89999999999961
    vertex -80.99999999998465 -401.69999999999925 -122.99999999999959
  endloop
endfacet
facet normal 1.6407077716639764e-14 -1.0 -3.0079642480511e-14
  outer loop
    vertex -87.49999999998984 -401.7000000000005 -133.89999999999955
    vertex -82.29903811311189 -401.69999999999925 -125.24999998709482
    vertex -87.49999999998984 -401.7000000000005 -115.89999999999961
  endloop
endfacet
facet normal 1.6407077716639764e-14 -1.0 -3.0079642480511e-14
  outer loop
    vertex -82.29903811311189 -401.69999999999925 -125.24999998709482
    vertex -87.49999999998984 -401.7000000000005 -133.89999999999955
    vertex -82.06066018361824 -401.69999999999925 -125.56066015992563
  endloop
endfacet
facet normal 1.6407077716639764e-14 -1.0 -3.0079642480511e-14
  outer loop
    vertex -82.06066018361824 -401.69999999999925 -125.56066015992563
    vertex -87.49999999998984 -401.7000000000005 -133.89999999999955
    vertex -81.75000001611559 -401.69999999999925 -125.79903809636305
  endloop
endfacet
facet normal 1.6407077716639764e-14 -1.0 -3.0079642480511e-14
  outer loop
    vertex -81.75000001611559 -401.69999999999925 -125.79903809636305
    vertex -87.49999999998984 -401.7000000000005 -133.89999999999955
    vertex -81.38822858742938 -401.69999999999925 -125.94888873413026
  endloop
endfacet
facet normal 1.6407077716639764e-14 -1.0 -3.0079642480511e-14
  outer loop
    vertex -81.38822858742938 -401.69999999999925 -125.94888873413026
    vertex -87.49999999998984 -401.7000000000005 -133.89999999999955
    vertex -81.00000002233638 -401.69999999999925 -125.99999999999962
  endloop
endfacet
facet normal 1.6407077716639764e-14 -1.0 -3.0079642480511e-14
  outer loop
    vertex -87.49999999998984 -401.7000000000005 -115.89999999999961
    vertex -82.29903811311189 -401.69999999999925 -125.24999998709482
    vertex -82.44888874279292 -401.69999999999925 -124.88822855505916
  endloop
endfacet
facet normal 1.6407077716639764e-14 -1.0 -3.0079642480511e-14
  outer loop
    vertex -87.49999999998984 -401.7000000000005 -115.89999999999961
    vertex -82.44888874279292 -401.69999999999925 -124.88822855505916
    vertex -82.49999999998467 -401.69999999999925 -124.49999998882375
  endloop
endfacet
facet normal 1.6407077716639764e-14 -1.0 -3.0079642480511e-14
  outer loop
    vertex -87.49999999998984 -401.7000000000005 -115.89999999999961
    vertex -82.49999999998467 -401.69999999999925 -124.49999998882375
    vertex -82.44888873700779 -401.69999999999925 -124.11177142334994
  endloop
endfacet
facet normal 1.6407077716639764e-14 -1.0 -3.0079642480511e-14
  outer loop
    vertex -87.49999999998984 -401.7000000000005 -115.89999999999961
    vertex -82.44888873700779 -401.69999999999925 -124.11177142334994
    vertex -82.29903810193599 -401.69999999999925 -123.74999999354723
  endloop
endfacet
facet normal 1.6407077716639764e-14 -1.0 -3.0079642480511e-14
  outer loop
    vertex -87.49999999998984 -401.7000000000005 -115.89999999999961
    vertex -82.29903810193599 -401.69999999999925 -123.74999999354723
    vertex -82.06066016781324 -401.69999999999925 -123.43933982426852
  endloop
endfacet
facet normal 1.6407077716639764e-14 -1.0 -3.0079642480511e-14
  outer loop
    vertex -87.49999999998984 -401.7000000000005 -115.89999999999961
    vertex -82.06066016781324 -401.69999999999925 -123.43933982426852
    vertex -81.74999999675843 -401.69999999999925 -123.2009618924603
  endloop
endfacet
facet normal 1.6407077716639764e-14 -1.0 -3.0079642480511e-14
  outer loop
    vertex -87.49999999998984 -401.7000000000005 -115.89999999999961
    vertex -81.74999999675843 -401.69999999999925 -123.2009618924603
    vertex -81.38822856583927 -401.69999999999925 -123.05111126008391
  endloop
endfacet
facet normal 1.6407077716639764e-14 -1.0 -3.0079642480511e-14
  outer loop
    vertex -87.49999999998984 -401.7000000000005 -115.89999999999961
    vertex -81.38822856583927 -401.69999999999925 -123.05111126008391
    vertex -80.99999999998465 -401.69999999999925 -122.99999999999959
  endloop
endfacet
facet normal 1.6407077716639764e-14 -1.0 -3.0079642480511e-14
  outer loop
    vertex -87.49999999998984 -401.7000000000005 -115.89999999999961
    vertex -80.99999999998465 -401.69999999999925 -122.99999999999959
    vertex -54.499999999984716 -401.7000000000005 -115.89999999999961
  endloop
endfacet
facet normal 0.0 3.258627935388692e-14 -1.0
  outer loop
    vertex -87.49999999998984 -401.7000000000005 -115.89999999999961
    vertex -54.49999999998544 -409.7000000000008 -115.89999999999979
    vertex -87.49999999999056 -409.7000000000008 -115.89999999999979
  endloop
endfacet
facet normal 0.0 3.258627935388692e-14 -1.0
  outer loop
    vertex -54.49999999998544 -409.7000000000008 -115.89999999999979
    vertex -87.49999999998984 -401.7000000000005 -115.89999999999961
    vertex -54.499999999984716 -401.7000000000005 -115.89999999999961
  endloop
endfacet
facet normal -1.0 9.023892744153035e-14 5.655013566459255e-27
  outer loop
    vertex -54.499999999984716 -401.7000000000005 -115.89999999999961
    vertex -54.49999999998544 -409.6999999999996 -133.89999999999972
    vertex -54.49999999998544 -409.7000000000008 -115.89999999999979
  endloop
endfacet
facet normal -1.0 9.023892744153035e-14 5.655013566459255e-27
  outer loop
    vertex -54.49999999998544 -409.6999999999996 -133.89999999999972
    vertex -54.499999999984716 -401.7000000000005 -115.89999999999961
    vertex -54.499999999984716 -401.6999999999994 -133.89999999999955
  endloop
endfacet
facet normal 1.0 -9.023892744152983e-14 -6.479579303058202e-31
  outer loop
    vertex -87.49999999998984 -401.7000000000005 -133.89999999999955
    vertex -87.49999999999056 -409.7000000000008 -115.89999999999979
    vertex -87.49999999999056 -409.7000000000008 -133.89999999999972
  endloop
endfacet
facet normal 1.0 -9.023892744152983e-14 -6.479579303058202e-31
  outer loop
    vertex -87.49999999999056 -409.7000000000008 -115.89999999999979
    vertex -87.49999999998984 -401.7000000000005 -133.89999999999955
    vertex -87.49999999998984 -401.7000000000005 -115.89999999999961
  endloop
endfacet
facet normal 7.824184460248727e-16 1.1279865930191446e-14 -1.0
  outer loop
    vertex -54.499999999984716 -401.6999999999994 -133.89999999999955
    vertex 118.50000000001474 -409.6999999999999 -133.8999999999995
    vertex -54.49999999998544 -409.6999999999996 -133.89999999999972
  endloop
endfacet
facet normal 7.824184460248727e-16 1.1279865930191446e-14 -1.0
  outer loop
    vertex 118.50000000001474 -409.6999999999999 -133.8999999999995
    vertex -54.499999999984716 -401.6999999999994 -133.89999999999955
    vertex 118.50000000001474 -401.69999999999976 -133.8999999999995
  endloop
endfacet
facet normal 0.7501110696304526 -7.824332353547282e-16 0.6613118653236599
  outer loop
    vertex 143.1564237688399 -397.69999999999925 -89.60243232804196
    vertex 141.82699607749976 -401.69999999999925 -88.09449261028199
    vertex 143.1564237688399 -401.69999999999925 -89.60243232804196
  endloop
endfacet
facet normal 0.7501110696304526 -7.824332353547282e-16 0.6613118653236599
  outer loop
    vertex 141.82699607749976 -401.69999999999925 -88.09449261028199
    vertex 143.1564237688399 -397.69999999999925 -89.60243232804196
    vertex 141.82699607749976 -397.69999999999925 -88.09449261028199
  endloop
endfacet
facet normal -0.09410831331851338 -1.4615327874723335e-15 0.9955619646030802
  outer loop
    vertex -118.50929662492344 -401.6999999999994 -78.06314469029532
    vertex -120.51066347404311 -397.6999999999994 -78.25232955793669
    vertex -120.51066347404311 -401.6999999999994 -78.2523295579367
  endloop
endfacet
facet normal -0.09410831331851338 -1.4615327874723335e-15 0.9955619646030802
  outer loop
    vertex -120.51066347404311 -397.6999999999994 -78.25232955793669
    vertex -118.50929662492344 -401.6999999999994 -78.06314469029532
    vertex -118.50929662492344 -397.6999999999994 -78.0631446902953
  endloop
endfacet
facet normal 0.5090414157503769 -1.1267268699520771e-15 0.8607420270039405
  outer loop
    vertex 135.64645743934253 -401.69999999999925 -82.98150638393555
    vertex 133.91611757126955 -397.69999999999925 -81.95818623859638
    vertex 133.91611757126955 -401.69999999999925 -81.9581862385964
  endloop
endfacet
facet normal 0.5090414157503769 -1.1267268699520771e-15 0.8607420270039405
  outer loop
    vertex 133.91611757126955 -397.69999999999925 -81.95818623859638
    vertex 135.64645743934253 -401.69999999999925 -82.98150638393555
    vertex 135.64645743934253 -397.69999999999925 -82.98150638393554
  endloop
endfacet
facet normal -0.4539904997395474 -1.3937694392732647e-15 0.8910065241883676
  outer loop
    vertex -130.12493733006767 -401.6999999999994 -81.04553432108736
    vertex -131.91611757124022 -397.6999999999994 -81.95818623859634
    vertex -131.91611757124022 -401.6999999999994 -81.95818623859635
  endloop
endfacet
facet normal -0.4539904997395474 -1.3937694392732647e-15 0.8910065241883676
  outer loop
    vertex -131.91611757124022 -397.6999999999994 -81.95818623859634
    vertex -130.12493733006767 -401.6999999999994 -81.04553432108736
    vertex -130.12493733006767 -397.6999999999994 -81.04553432108736
  endloop
endfacet
facet normal -0.031410759078132705 -1.4527009506782801e-15 0.9995065603657316
  outer loop
    vertex -116.49999999998542 -401.6999999999994 -77.99999999999999
    vertex -118.50929662492344 -397.6999999999994 -78.0631446902953
    vertex -118.50929662492344 -401.6999999999994 -78.06314469029532
  endloop
endfacet
facet normal -0.031410759078132705 -1.4527009506782801e-15 0.9995065603657316
  outer loop
    vertex -118.50929662492344 -397.6999999999994 -78.0631446902953
    vertex -116.49999999998542 -401.6999999999994 -77.99999999999999
    vertex -116.49999999998542 -397.6999999999994 -77.99999999999999
  endloop
endfacet
facet normal 0.031410759078132705 -1.4381359669078312e-15 0.9995065603657316
  outer loop
    vertex 120.50929662495275 -401.69999999999925 -78.06314469029532
    vertex 118.50000000001474 -397.69999999999925 -77.99999999999999
    vertex 118.50000000001474 -401.69999999999925 -77.99999999999999
  endloop
endfacet
facet normal 0.031410759078132705 -1.4381359669078312e-15 0.9995065603657316
  outer loop
    vertex 118.50000000001474 -397.69999999999925 -77.99999999999999
    vertex 120.50929662495275 -401.69999999999925 -78.06314469029532
    vertex 120.50929662495275 -397.69999999999925 -78.0631446902953
  endloop
endfacet
facet normal -0.33873792024528976 -1.4391732117217756e-15 0.9408807689542261
  outer loop
    vertex -126.38854381998368 -401.6999999999994 -79.56619147855508
    vertex -128.27998568589504 -397.6999999999994 -80.24715245157593
    vertex -128.27998568589504 -401.6999999999994 -80.24715245157594
  endloop
endfacet
facet normal -0.33873792024528976 -1.4391732117217756e-15 0.9408807689542261
  outer loop
    vertex -128.27998568589504 -397.6999999999994 -80.24715245157593
    vertex -126.38854381998368 -401.6999999999994 -79.56619147855508
    vertex -126.38854381998368 -397.6999999999994 -79.56619147855507
  endloop
endfacet
facet normal 0.15643446504023334 -1.3920588830444087e-15 0.9876883405951374
  outer loop
    vertex 124.49620206675793 -401.69999999999925 -78.56680797668199
    vertex 122.51066347407244 -397.69999999999925 -78.2523295579367
    vertex 122.51066347407244 -401.69999999999925 -78.25232955793672
  endloop
endfacet
facet normal 0.15643446504023334 -1.3920588830444087e-15 0.9876883405951374
  outer loop
    vertex 122.51066347407244 -397.69999999999925 -78.2523295579367
    vertex 124.49620206675793 -401.69999999999925 -78.56680797668199
    vertex 124.49620206675793 -397.69999999999925 -78.56680797668197
  endloop
endfacet
facet normal 0.5620833778521231 -1.0657503421941905e-15 0.8270805742745672
  outer loop
    vertex 137.3091280733738 -401.69999999999925 -84.11145618000172
    vertex 135.64645743934253 -397.69999999999925 -82.98150638393554
    vertex 135.64645743934253 -401.69999999999925 -82.98150638393555
  endloop
endfacet
facet normal 0.5620833778521231 -1.0657503421941905e-15 0.8270805742745672
  outer loop
    vertex 135.64645743934253 -397.69999999999925 -82.98150638393554
    vertex 137.3091280733738 -401.69999999999925 -84.11145618000172
    vertex 137.3091280733738 -397.69999999999925 -84.11145618000171
  endloop
endfacet
facet normal 0.6129070536529904 -1.0005677847306377e-15 0.7901550123756799
  outer loop
    vertex 138.8975676719727 -401.69999999999925 -85.34357623117478
    vertex 137.3091280733738 -397.69999999999925 -84.11145618000171
    vertex 137.3091280733738 -401.69999999999925 -84.11145618000172
  endloop
endfacet
facet normal 0.6129070536529904 -1.0005677847306377e-15 0.7901550123756799
  outer loop
    vertex 137.3091280733738 -397.69999999999925 -84.11145618000171
    vertex 138.8975676719727 -401.69999999999925 -85.34357623117478
    vertex 138.8975676719727 -397.69999999999925 -85.34357623117477
  endloop
endfacet
facet normal -0.5620833778521191 -1.3263850901699184e-15 0.8270805742745695
  outer loop
    vertex -133.64645743931322 -401.6999999999994 -82.9815063839355
    vertex -135.30912807334448 -397.6999999999994 -84.11145618000164
    vertex -135.30912807334448 -401.6999999999994 -84.11145618000165
  endloop
endfacet
facet normal -0.5620833778521191 -1.3263850901699184e-15 0.8270805742745695
  outer loop
    vertex -135.30912807334448 -397.6999999999994 -84.11145618000164
    vertex -133.64645743931322 -401.6999999999994 -82.9815063839355
    vertex -133.64645743931322 -397.6999999999994 -82.98150638393548
  endloop
endfacet
facet normal 0.09410831331851892 -1.4178953174978248e-15 0.9955619646030797
  outer loop
    vertex 122.51066347407244 -401.69999999999925 -78.25232955793672
    vertex 120.50929662495275 -397.69999999999925 -78.0631446902953
    vertex 120.50929662495275 -401.69999999999925 -78.06314469029532
  endloop
endfacet
facet normal 0.09410831331851892 -1.4178953174978248e-15 0.9955619646030797
  outer loop
    vertex 120.50929662495275 -397.69999999999925 -78.0631446902953
    vertex 122.51066347407244 -401.69999999999925 -78.25232955793672
    vertex 122.51066347407244 -397.69999999999925 -78.2523295579367
  endloop
endfacet
facet normal -0.15643446504023134 -1.4645966220650515e-15 0.9876883405951378
  outer loop
    vertex -120.51066347404311 -401.6999999999994 -78.2523295579367
    vertex -122.49620206672857 -397.6999999999994 -78.56680797668194
    vertex -122.49620206672857 -401.6999999999994 -78.56680797668196
  endloop
endfacet
facet normal -0.15643446504023134 -1.4645966220650515e-15 0.9876883405951378
  outer loop
    vertex -122.49620206672857 -397.6999999999994 -78.56680797668194
    vertex -120.51066347404311 -401.6999999999994 -78.2523295579367
    vertex -120.51066347404311 -397.6999999999994 -78.25232955793669
  endloop
endfacet
facet normal 0.21814324139654756 -1.3607286281508234e-15 0.9759167619387463
  outer loop
    vertex 126.45807638929007 -401.69999999999925 -79.00533884388383
    vertex 124.49620206675793 -397.69999999999925 -78.56680797668197
    vertex 124.49620206675793 -401.69999999999925 -78.56680797668199
  endloop
endfacet
facet normal 0.21814324139654756 -1.3607286281508234e-15 0.9759167619387463
  outer loop
    vertex 124.49620206675793 -397.69999999999925 -78.56680797668197
    vertex 126.45807638929007 -401.69999999999925 -79.00533884388383
    vertex 126.45807638929007 -397.69999999999925 -79.00533884388382
  endloop
endfacet
facet normal 0.397147890634784 -1.2351167993603555e-15 0.9177546256839797
  outer loop
    vertex 132.12493733009705 -401.69999999999925 -81.0455343210874
    vertex 130.27998568592443 -397.69999999999925 -80.24715245157597
    vertex 130.27998568592443 -401.69999999999925 -80.24715245157599
  endloop
endfacet
facet normal 0.397147890634784 -1.2351167993603555e-15 0.9177546256839797
  outer loop
    vertex 130.27998568592443 -397.69999999999925 -80.24715245157597
    vertex 132.12493733009705 -401.69999999999925 -81.0455343210874
    vertex 132.12493733009705 -397.69999999999925 -81.0455343210874
  endloop
endfacet
facet normal 0.7071067811865588 -8.58629147833786e-16 0.7071067811865364
  outer loop
    vertex 141.82699607749976 -397.69999999999925 -88.09449261028199
    vertex 140.4055073897327 -401.69999999999925 -86.67300392251487
    vertex 141.82699607749976 -401.69999999999925 -88.09449261028199
  endloop
endfacet
facet normal 0.7071067811865588 -8.58629147833786e-16 0.7071067811865364
  outer loop
    vertex 140.4055073897327 -401.69999999999925 -86.67300392251487
    vertex 141.82699607749976 -397.69999999999925 -88.09449261028199
    vertex 140.4055073897327 -397.69999999999925 -86.67300392251485
  endloop
endfacet
facet normal -0.5090414157503726 -1.362766372864067e-15 0.860742027003943
  outer loop
    vertex -131.91611757124022 -401.6999999999994 -81.95818623859635
    vertex -133.64645743931322 -397.6999999999994 -82.98150638393548
    vertex -133.64645743931322 -401.6999999999994 -82.9815063839355
  endloop
endfacet
facet normal -0.5090414157503726 -1.362766372864067e-15 0.860742027003943
  outer loop
    vertex -133.64645743931322 -397.6999999999994 -82.98150638393548
    vertex -131.91611757124022 -401.6999999999994 -81.95818623859635
    vertex -131.91611757124022 -397.6999999999994 -81.95818623859634
  endloop
endfacet
facet normal -0.397147890634784 -1.4192719344583373e-15 0.9177546256839797
  outer loop
    vertex -128.27998568589504 -401.6999999999994 -80.24715245157594
    vertex -130.12493733006767 -397.6999999999994 -81.04553432108736
    vertex -130.12493733006767 -401.6999999999994 -81.04553432108736
  endloop
endfacet
facet normal -0.397147890634784 -1.4192719344583373e-15 0.9177546256839797
  outer loop
    vertex -130.12493733006767 -397.6999999999994 -81.04553432108736
    vertex -128.27998568589504 -401.6999999999994 -80.24715245157594
    vertex -128.27998568589504 -397.6999999999994 -80.24715245157593
  endloop
endfacet
facet normal 0.33873792024529475 -1.2821024354780036e-15 0.9408807689542245
  outer loop
    vertex 130.27998568592443 -401.69999999999925 -80.24715245157599
    vertex 128.38854382001304 -397.69999999999925 -79.5661914785551
    vertex 128.38854382001304 -401.69999999999925 -79.56619147855511
  endloop
endfacet
facet normal 0.33873792024529475 -1.2821024354780036e-15 0.9408807689542245
  outer loop
    vertex 128.38854382001304 -397.69999999999925 -79.5661914785551
    vertex 130.27998568592443 -401.69999999999925 -80.24715245157599
    vertex 130.27998568592443 -397.69999999999925 -80.24715245157597
  endloop
endfacet
facet normal 0.4539904997395566 -1.1832567215068172e-15 0.8910065241883631
  outer loop
    vertex 133.91611757126955 -401.69999999999925 -81.9581862385964
    vertex 132.12493733009705 -397.69999999999925 -81.0455343210874
    vertex 132.12493733009705 -401.69999999999925 -81.0455343210874
  endloop
endfacet
facet normal 0.4539904997395566 -1.1832567215068172e-15 0.8910065241883631
  outer loop
    vertex 132.12493733009705 -397.69999999999925 -81.0455343210874
    vertex 133.91611757126955 -401.69999999999925 -81.9581862385964
    vertex 133.91611757126955 -397.69999999999925 -81.95818623859638
  endloop
endfacet
facet normal 0.27899110603922744 -1.3240281990197096e-15 0.9602936856769437
  outer loop
    vertex 128.38854382001304 -401.69999999999925 -79.56619147855511
    vertex 126.45807638929007 -397.69999999999925 -79.00533884388382
    vertex 126.45807638929007 -401.69999999999925 -79.00533884388383
  endloop
endfacet
facet normal 0.27899110603922744 -1.3240281990197096e-15 0.9602936856769437
  outer loop
    vertex 126.45807638929007 -397.69999999999925 -79.00533884388382
    vertex 128.38854382001304 -401.69999999999925 -79.56619147855511
    vertex 128.38854382001304 -397.69999999999925 -79.5661914785551
  endloop
endfacet
facet normal 0.790155012375693 -7.0314941635541805e-16 0.6129070536529733
  outer loop
    vertex 144.38854382001293 -397.69999999999925 -91.19087192664088
    vertex 143.1564237688399 -401.69999999999925 -89.60243232804196
    vertex 144.38854382001293 -401.69999999999925 -91.19087192664088
  endloop
endfacet
facet normal 0.790155012375693 -7.0314941635541805e-16 0.6129070536529733
  outer loop
    vertex 143.1564237688399 -401.69999999999925 -89.60243232804196
    vertex 144.38854382001293 -397.69999999999925 -91.19087192664088
    vertex 143.1564237688399 -397.69999999999925 -89.60243232804196
  endloop
endfacet
facet normal -0.2789911060392283 -1.4533947298142444e-15 0.9602936856769435
  outer loop
    vertex -124.45807638926075 -401.6999999999994 -79.0053388438838
    vertex -126.38854381998368 -397.6999999999994 -79.56619147855507
    vertex -126.38854381998368 -401.6999999999994 -79.56619147855508
  endloop
endfacet
facet normal -0.2789911060392283 -1.4533947298142444e-15 0.9602936856769435
  outer loop
    vertex -126.38854381998368 -397.6999999999994 -79.56619147855507
    vertex -124.45807638926075 -401.6999999999994 -79.0053388438838
    vertex -124.45807638926075 -397.6999999999994 -79.00533884388379
  endloop
endfacet
facet normal 0.6613118653236447 -9.314364433367494e-16 0.7501110696304658
  outer loop
    vertex 140.4055073897327 -401.69999999999925 -86.67300392251487
    vertex 138.8975676719727 -397.69999999999925 -85.34357623117477
    vertex 138.8975676719727 -401.69999999999925 -85.34357623117478
  endloop
endfacet
facet normal 0.6613118653236447 -9.314364433367494e-16 0.7501110696304658
  outer loop
    vertex 138.8975676719727 -397.69999999999925 -85.34357623117477
    vertex 140.4055073897327 -401.69999999999925 -86.67300392251487
    vertex 140.4055073897327 -397.69999999999925 -86.67300392251485
  endloop
endfacet
facet normal 0.8270805742745513 -6.210905878482136e-16 0.5620833778521462
  outer loop
    vertex 145.51849361607916 -397.69999999999925 -92.85354256067212
    vertex 144.38854382001293 -401.69999999999925 -91.19087192664088
    vertex 145.51849361607916 -401.69999999999925 -92.85354256067214
  endloop
endfacet
facet normal 0.8270805742745513 -6.210905878482136e-16 0.5620833778521462
  outer loop
    vertex 144.38854382001293 -401.69999999999925 -91.19087192664088
    vertex 145.51849361607916 -397.69999999999925 -92.85354256067212
    vertex 144.38854382001293 -397.69999999999925 -91.19087192664088
  endloop
endfacet
facet normal 0.8910065241883823 -4.499529707497185e-16 0.4539904997395184
  outer loop
    vertex 147.4544656789272 -397.69999999999925 -96.3750626699177
    vertex 146.54181376141827 -401.69999999999925 -94.58388242874514
    vertex 147.4544656789272 -401.69999999999925 -96.37506266991771
  endloop
endfacet
facet normal 0.8910065241883823 -4.499529707497185e-16 0.4539904997395184
  outer loop
    vertex 146.54181376141827 -401.69999999999925 -94.58388242874514
    vertex 147.4544656789272 -397.69999999999925 -96.3750626699177
    vertex 146.54181376141827 -397.69999999999925 -94.58388242874513
  endloop
endfacet
facet normal 0.9177546256839725 -3.6154958414795075e-16 0.3971478906348008
  outer loop
    vertex 148.25284754843867 -397.69999999999925 -98.22001431409034
    vertex 147.4544656789272 -401.69999999999925 -96.37506266991771
    vertex 148.25284754843867 -401.69999999999925 -98.22001431409034
  endloop
endfacet
facet normal 0.9177546256839725 -3.6154958414795075e-16 0.3971478906348008
  outer loop
    vertex 147.4544656789272 -401.69999999999925 -96.37506266991771
    vertex 148.25284754843867 -397.69999999999925 -98.22001431409034
    vertex 147.4544656789272 -397.69999999999925 -96.3750626699177
  endloop
endfacet
facet normal -0.21814324139654284 -1.4618803629010286e-15 0.9759167619387475
  outer loop
    vertex -122.49620206672857 -401.6999999999994 -78.56680797668196
    vertex -124.45807638926075 -397.6999999999994 -79.00533884388379
    vertex -124.45807638926075 -401.6999999999994 -79.0053388438838
  endloop
endfacet
facet normal -0.21814324139654284 -1.4618803629010286e-15 0.9759167619387475
  outer loop
    vertex -124.45807638926075 -397.6999999999994 -79.00533884388379
    vertex -122.49620206672857 -401.6999999999994 -78.56680797668196
    vertex -122.49620206672857 -397.6999999999994 -78.56680797668194
  endloop
endfacet
facet normal 0.8607420270039483 -5.365805985400036e-16 0.5090414157503637
  outer loop
    vertex 146.54181376141827 -397.69999999999925 -94.58388242874513
    vertex 145.51849361607916 -401.69999999999925 -92.85354256067214
    vertex 146.54181376141827 -401.69999999999925 -94.58388242874514
  endloop
endfacet
facet normal 0.8607420270039483 -5.365805985400036e-16 0.5090414157503637
  outer loop
    vertex 145.51849361607916 -401.69999999999925 -92.85354256067214
    vertex 146.54181376141827 -397.69999999999925 -94.58388242874513
    vertex 145.51849361607916 -397.69999999999925 -92.85354256067212
  endloop
endfacet
facet normal 0.9408807689542297 -2.7171932651371973e-16 0.3387379202452798
  outer loop
    vertex 148.9338085214595 -397.69999999999925 -100.1114561800017
    vertex 148.25284754843867 -401.69999999999925 -98.22001431409034
    vertex 148.9338085214595 -401.69999999999925 -100.11145618000171
  endloop
endfacet
facet normal 0.9408807689542297 -2.7171932651371973e-16 0.3387379202452798
  outer loop
    vertex 148.25284754843867 -401.69999999999925 -98.22001431409034
    vertex 148.9338085214595 -397.69999999999925 -100.1114561800017
    vertex 148.25284754843867 -397.69999999999925 -98.22001431409034
  endloop
endfacet
facet normal 0.9602936856769417 -1.8081671683456528e-16 0.2789911060392341
  outer loop
    vertex 149.4946611561308 -397.69999999999925 -102.04192361072467
    vertex 148.9338085214595 -401.69999999999925 -100.11145618000171
    vertex 149.4946611561308 -401.69999999999925 -102.0419236107247
  endloop
endfacet
facet normal 0.9602936856769417 -1.8081671683456528e-16 0.2789911060392341
  outer loop
    vertex 148.9338085214595 -401.69999999999925 -100.11145618000171
    vertex 149.4946611561308 -397.69999999999925 -102.04192361072467
    vertex 148.9338085214595 -397.69999999999925 -100.1114561800017
  endloop
endfacet
facet normal 1.1106162043999117e-30 -1.4461320376568207e-15 1.0
  outer loop
    vertex 118.50000000001474 -401.69999999999925 -77.99999999999999
    vertex -116.49999999998542 -397.6999999999994 -77.99999999999999
    vertex -116.49999999998542 -401.6999999999994 -77.99999999999999
  endloop
endfacet
facet normal 1.1106162043999117e-30 -1.4461320376568207e-15 1.0
  outer loop
    vertex -116.49999999998542 -397.6999999999994 -77.99999999999999
    vertex 118.50000000001474 -401.69999999999925 -77.99999999999999
    vertex 118.50000000001474 -397.69999999999925 -77.99999999999999
  endloop
endfacet
facet normal 0.891006524188363 8.631074421806282e-16 -0.45399049973955635
  outer loop
    vertex 146.5418137614181 -397.69999999999925 -125.41611757125486
    vertex 147.4544656789271 -401.69999999999925 -123.6249373300823
    vertex 146.5418137614181 -401.69999999999925 -125.41611757125486
  endloop
endfacet
facet normal 0.891006524188363 8.631074421806282e-16 -0.45399049973955635
  outer loop
    vertex 147.4544656789271 -401.69999999999925 -123.6249373300823
    vertex 146.5418137614181 -397.69999999999925 -125.41611757125486
    vertex 147.4544656789271 -397.69999999999925 -123.6249373300823
  endloop
endfacet
facet normal 0.7901550123756909 1.0695396364314105e-15 -0.6129070536529759
  outer loop
    vertex 143.1564237688398 -397.69999999999925 -130.39756767195803
    vertex 144.38854382001284 -401.69999999999925 -128.8091280733591
    vertex 143.1564237688398 -401.69999999999925 -130.39756767195803
  endloop
endfacet
facet normal 0.7901550123756909 1.0695396364314105e-15 -0.6129070536529759
  outer loop
    vertex 144.38854382001284 -401.69999999999925 -128.8091280733591
    vertex 143.1564237688398 -397.69999999999925 -130.39756767195803
    vertex 144.38854382001284 -397.69999999999925 -128.8091280733591
  endloop
endfacet
facet normal 0.6613118653236703 1.2380828558505099e-15 -0.7501110696304435
  outer loop
    vertex 140.4055073897325 -397.69999999999925 -133.3269960774851
    vertex 138.8975676719726 -401.69999999999925 -134.6564237688252
    vertex 138.8975676719726 -397.69999999999925 -134.6564237688252
  endloop
endfacet
facet normal 0.6613118653236703 1.2380828558505099e-15 -0.7501110696304435
  outer loop
    vertex 138.8975676719726 -401.69999999999925 -134.6564237688252
    vertex 140.4055073897325 -397.69999999999925 -133.3269960774851
    vertex 140.4055073897325 -401.69999999999925 -133.3269960774851
  endloop
endfacet
facet normal 0.9759167619387492 -8.920050618132047e-17 0.21814324139653446
  outer loop
    vertex 149.93319202333262 -397.69999999999925 -104.00379793325683
    vertex 149.4946611561308 -401.69999999999925 -102.0419236107247
    vertex 149.93319202333262 -401.69999999999925 -104.00379793325683
  endloop
endfacet
facet normal 0.9759167619387492 -8.920050618132047e-17 0.21814324139653446
  outer loop
    vertex 149.4946611561308 -401.69999999999925 -102.0419236107247
    vertex 149.93319202333262 -397.69999999999925 -104.00379793325683
    vertex 149.4946611561308 -397.69999999999925 -102.04192361072467
  endloop
endfacet
facet normal 0.8270805742745703 1.0046029732444562e-15 -0.5620833778521181
  outer loop
    vertex 144.38854382001284 -397.69999999999925 -128.8091280733591
    vertex 145.51849361607896 -401.69999999999925 -127.14645743932786
    vertex 144.38854382001284 -401.69999999999925 -128.8091280733591
  endloop
endfacet
facet normal 0.8270805742745703 1.0046029732444562e-15 -0.5620833778521181
  outer loop
    vertex 145.51849361607896 -401.69999999999925 -127.14645743932786
    vertex 144.38854382001284 -397.69999999999925 -128.8091280733591
    vertex 145.51849361607896 -397.69999999999925 -127.14645743932786
  endloop
endfacet
facet normal 0.9177546256839717 7.871069925216776e-16 -0.39714789063480294
  outer loop
    vertex 147.4544656789271 -397.69999999999925 -123.6249373300823
    vertex 148.25284754843858 -401.69999999999925 -121.77998568590968
    vertex 147.4544656789271 -401.69999999999925 -123.6249373300823
  endloop
endfacet
facet normal 0.9177546256839717 7.871069925216776e-16 -0.39714789063480294
  outer loop
    vertex 148.25284754843858 -401.69999999999925 -121.77998568590968
    vertex 147.4544656789271 -397.69999999999925 -123.6249373300823
    vertex 148.25284754843858 -397.69999999999925 -121.77998568590968
  endloop
endfacet
facet normal 0.9995065603657316 1.8630854418697617e-16 0.031410759078132525
  outer loop
    vertex 150.50000000001458 -397.69999999999925 -110.00000000000003
    vertex 150.43685530971928 -401.69999999999925 -107.990703375062
    vertex 150.50000000001458 -401.69999999999925 -110.00000000000003
  endloop
endfacet
facet normal 0.9995065603657316 1.8630854418697617e-16 0.031410759078132525
  outer loop
    vertex 150.43685530971928 -401.69999999999925 -107.990703375062
    vertex 150.50000000001458 -397.69999999999925 -110.00000000000003
    vertex 150.43685530971928 -397.69999999999925 -107.99070337506198
  endloop
endfacet
facet normal 0.7071067811865307 1.186510392802731e-15 -0.7071067811865643
  outer loop
    vertex 141.82699607749967 -397.69999999999925 -131.905507389718
    vertex 140.4055073897325 -401.69999999999925 -133.3269960774851
    vertex 140.4055073897325 -397.69999999999925 -133.3269960774851
  endloop
endfacet
facet normal 0.7071067811865307 1.186510392802731e-15 -0.7071067811865643
  outer loop
    vertex 140.4055073897325 -401.69999999999925 -133.3269960774851
    vertex 141.82699607749967 -397.69999999999925 -131.905507389718
    vertex 141.82699607749967 -401.69999999999925 -131.905507389718
  endloop
endfacet
facet normal 0.612907053652965 1.2847691714925691e-15 -0.7901550123756993
  outer loop
    vertex 138.8975676719726 -397.69999999999925 -134.6564237688252
    vertex 137.30912807337364 -401.69999999999925 -135.88854381999823
    vertex 137.30912807337364 -397.69999999999925 -135.88854381999823
  endloop
endfacet
facet normal 0.612907053652965 1.2847691714925691e-15 -0.7901550123756993
  outer loop
    vertex 137.30912807337364 -401.69999999999925 -135.88854381999823
    vertex 138.8975676719726 -397.69999999999925 -134.6564237688252
    vertex 138.8975676719726 -401.69999999999925 -134.6564237688252
  endloop
endfacet
facet normal 0.9955619646030814 9.472505941937072e-17 0.0941083133185012
  outer loop
    vertex 150.43685530971928 -397.69999999999925 -107.99070337506198
    vertex 150.2476704420779 -401.69999999999925 -105.98933652594228
    vertex 150.43685530971928 -401.69999999999925 -107.990703375062
  endloop
endfacet
facet normal 0.9955619646030814 9.472505941937072e-17 0.0941083133185012
  outer loop
    vertex 150.2476704420779 -401.69999999999925 -105.98933652594228
    vertex 150.43685530971928 -397.69999999999925 -107.99070337506198
    vertex 150.2476704420779 -397.69999999999925 -105.98933652594228
  endloop
endfacet
facet normal 0.5620833778521231 1.3263850901699156e-15 -0.8270805742745672
  outer loop
    vertex 137.30912807337364 -397.69999999999925 -135.88854381999823
    vertex 135.64645743934236 -401.69999999999925 -137.0184936160644
    vertex 135.64645743934236 -397.69999999999925 -137.0184936160644
  endloop
endfacet
facet normal 0.5620833778521231 1.3263850901699156e-15 -0.8270805742745672
  outer loop
    vertex 135.64645743934236 -401.69999999999925 -137.0184936160644
    vertex 137.30912807337364 -397.69999999999925 -135.88854381999823
    vertex 137.30912807337364 -401.69999999999925 -135.88854381999823
  endloop
endfacet
facet normal 0.4539904997395383 1.3937694392732693e-15 -0.8910065241883722
  outer loop
    vertex 133.91611757126938 -397.69999999999925 -138.04181376140355
    vertex 132.12493733009677 -401.69999999999925 -138.95446567891253
    vertex 132.12493733009677 -397.69999999999925 -138.95446567891253
  endloop
endfacet
facet normal 0.4539904997395383 1.3937694392732693e-15 -0.8910065241883722
  outer loop
    vertex 132.12493733009677 -401.69999999999925 -138.95446567891253
    vertex 133.91611757126938 -397.69999999999925 -138.04181376140355
    vertex 133.91611757126938 -401.69999999999925 -138.04181376140355
  endloop
endfacet
facet normal 0.9955619646030772 3.6691115321889537e-16 -0.09410831331854569
  outer loop
    vertex 150.2476704420778 -397.69999999999925 -114.01066347405775
    vertex 150.43685530971928 -401.69999999999925 -112.00929662493805
    vertex 150.2476704420778 -401.69999999999925 -114.01066347405775
  endloop
endfacet
facet normal 0.9955619646030772 3.6691115321889537e-16 -0.09410831331854569
  outer loop
    vertex 150.43685530971928 -401.69999999999925 -112.00929662493805
    vertex 150.2476704420778 -397.69999999999925 -114.01066347405775
    vertex 150.43685530971928 -397.69999999999925 -112.00929662493805
  endloop
endfacet
facet normal 0.7501110696304526 1.1302553152995465e-15 -0.6613118653236599
  outer loop
    vertex 141.82699607749967 -397.69999999999925 -131.905507389718
    vertex 143.1564237688398 -401.69999999999925 -130.39756767195803
    vertex 141.82699607749967 -401.69999999999925 -131.905507389718
  endloop
endfacet
facet normal 0.7501110696304526 1.1302553152995465e-15 -0.6613118653236599
  outer loop
    vertex 143.1564237688398 -401.69999999999925 -130.39756767195803
    vertex 141.82699607749967 -397.69999999999925 -131.905507389718
    vertex 143.1564237688398 -397.69999999999925 -130.39756767195803
  endloop
endfacet
facet normal 0.5090414157503685 1.3627663728640695e-15 -0.8607420270039454
  outer loop
    vertex 135.64645743934236 -397.69999999999925 -137.0184936160644
    vertex 133.91611757126938 -401.69999999999925 -138.04181376140355
    vertex 133.91611757126938 -397.69999999999925 -138.04181376140355
  endloop
endfacet
facet normal 0.5090414157503685 1.3627663728640695e-15 -0.8607420270039454
  outer loop
    vertex 133.91611757126938 -401.69999999999925 -138.04181376140355
    vertex 135.64645743934236 -397.69999999999925 -137.0184936160644
    vertex 135.64645743934236 -401.69999999999925 -137.0184936160644
  endloop
endfacet
facet normal 0.9602936856769413 6.260992364947324e-16 -0.2789911060392356
  outer loop
    vertex 148.9338085214594 -397.69999999999925 -119.88854381999832
    vertex 149.49466115613072 -401.69999999999925 -117.95807638927536
    vertex 148.9338085214594 -401.69999999999925 -119.88854381999832
  endloop
endfacet
facet normal 0.9602936856769413 6.260992364947324e-16 -0.2789911060392356
  outer loop
    vertex 149.49466115613072 -401.69999999999925 -117.95807638927536
    vertex 148.9338085214594 -397.69999999999925 -119.88854381999832
    vertex 149.49466115613072 -397.69999999999925 -117.95807638927536
  endloop
endfacet
facet normal 0.3971478906347746 1.4192719344583414e-15 -0.9177546256839839
  outer loop
    vertex 132.12493733009677 -397.69999999999925 -138.95446567891253
    vertex 130.27998568592415 -401.69999999999925 -139.75284754842392
    vertex 130.27998568592415 -397.69999999999925 -139.75284754842392
  endloop
endfacet
facet normal 0.3971478906347746 1.4192719344583414e-15 -0.9177546256839839
  outer loop
    vertex 130.27998568592415 -401.69999999999925 -139.75284754842392
    vertex 132.12493733009677 -397.69999999999925 -138.95446567891253
    vertex 132.12493733009677 -401.69999999999925 -138.95446567891253
  endloop
endfacet
facet normal 0.21814324139654756 1.4618803629010278e-15 -0.9759167619387463
  outer loop
    vertex 126.4580763892898 -397.69999999999925 -140.99466115611605
    vertex 124.49620206675766 -401.69999999999925 -141.4331920233179
    vertex 124.49620206675766 -397.69999999999925 -141.4331920233179
  endloop
endfacet
facet normal 0.21814324139654756 1.4618803629010278e-15 -0.9759167619387463
  outer loop
    vertex 124.49620206675766 -401.69999999999925 -141.4331920233179
    vertex 126.4580763892898 -397.69999999999925 -140.99466115611605
    vertex 126.4580763892898 -401.69999999999925 -140.99466115611605
  endloop
endfacet
facet normal 0.2789911060392223 1.4533947298142454e-15 -0.9602936856769452
  outer loop
    vertex 128.38854382001279 -397.69999999999925 -140.4338085214448
    vertex 126.4580763892898 -401.69999999999925 -140.99466115611605
    vertex 126.4580763892898 -397.69999999999925 -140.99466115611605
  endloop
endfacet
facet normal 0.2789911060392223 1.4533947298142454e-15 -0.9602936856769452
  outer loop
    vertex 126.4580763892898 -401.69999999999925 -140.99466115611605
    vertex 128.38854382001279 -397.69999999999925 -140.4338085214448
    vertex 128.38854382001279 -401.69999999999925 -140.4338085214448
  endloop
endfacet
facet normal 0.09410831331850227 1.4615327874723327e-15 -0.9955619646030813
  outer loop
    vertex 122.51066347407217 -397.69999999999925 -141.74767044206314
    vertex 120.50929662495248 -401.69999999999925 -141.9368553097045
    vertex 120.50929662495248 -397.69999999999925 -141.9368553097045
  endloop
endfacet
facet normal 0.09410831331850227 1.4615327874723327e-15 -0.9955619646030813
  outer loop
    vertex 120.50929662495248 -401.69999999999925 -141.9368553097045
    vertex 122.51066347407217 -397.69999999999925 -141.74767044206314
    vertex 122.51066347407217 -401.69999999999925 -141.74767044206314
  endloop
endfacet
facet normal 0.9759167619387492 5.417273541823478e-16 -0.21814324139653446
  outer loop
    vertex 149.49466115613072 -397.69999999999925 -117.95807638927536
    vertex 149.93319202333254 -401.69999999999925 -115.9962020667432
    vertex 149.49466115613072 -401.69999999999925 -117.95807638927536
  endloop
endfacet
facet normal 0.9759167619387492 5.417273541823478e-16 -0.21814324139653446
  outer loop
    vertex 149.93319202333254 -401.69999999999925 -115.9962020667432
    vertex 149.49466115613072 -397.69999999999925 -117.95807638927536
    vertex 149.93319202333254 -397.69999999999925 -115.9962020667432
  endloop
endfacet
facet normal 0.031410759078132705 1.4527009506782801e-15 -0.9995065603657316
  outer loop
    vertex 120.50929662495248 -397.69999999999925 -141.9368553097045
    vertex 118.50000000001447 -401.69999999999925 -141.99999999999983
    vertex 118.50000000001447 -397.69999999999925 -141.99999999999983
  endloop
endfacet
facet normal 0.031410759078132705 1.4527009506782801e-15 -0.9995065603657316
  outer loop
    vertex 118.50000000001447 -401.69999999999925 -141.99999999999983
    vertex 120.50929662495248 -397.69999999999925 -141.9368553097045
    vertex 120.50929662495248 -401.69999999999925 -141.9368553097045
  endloop
endfacet
facet normal 0.33873792024528976 1.4391732117217756e-15 -0.9408807689542261
  outer loop
    vertex 130.27998568592415 -397.69999999999925 -139.75284754842392
    vertex 128.38854382001279 -401.69999999999925 -140.4338085214448
    vertex 128.38854382001279 -397.69999999999925 -140.4338085214448
  endloop
endfacet
facet normal 0.33873792024528976 1.4391732117217756e-15 -0.9408807689542261
  outer loop
    vertex 128.38854382001279 -401.69999999999925 -140.4338085214448
    vertex 130.27998568592415 -397.69999999999925 -139.75284754842392
    vertex 130.27998568592415 -401.69999999999925 -139.75284754842392
  endloop
endfacet
facet normal 0.9995065603657316 2.77156754246991e-16 -0.031410759078132705
  outer loop
    vertex 150.43685530971928 -397.69999999999925 -112.00929662493805
    vertex 150.50000000001458 -401.69999999999925 -110.00000000000003
    vertex 150.43685530971928 -401.69999999999925 -112.00929662493805
  endloop
endfacet
facet normal 0.9995065603657316 2.77156754246991e-16 -0.031410759078132705
  outer loop
    vertex 150.50000000001458 -401.69999999999925 -110.00000000000003
    vertex 150.43685530971928 -397.69999999999925 -112.00929662493805
    vertex 150.50000000001458 -397.69999999999925 -110.00000000000003
  endloop
endfacet
facet normal 0.8607420270039483 9.357016010815688e-16 -0.5090414157503637
  outer loop
    vertex 145.51849361607896 -397.69999999999925 -127.14645743932786
    vertex 146.5418137614181 -401.69999999999925 -125.41611757125486
    vertex 145.51849361607896 -401.69999999999925 -127.14645743932786
  endloop
endfacet
facet normal 0.8607420270039483 9.357016010815688e-16 -0.5090414157503637
  outer loop
    vertex 146.5418137614181 -401.69999999999925 -125.41611757125486
    vertex 145.51849361607896 -397.69999999999925 -127.14645743932786
    vertex 146.5418137614181 -397.69999999999925 -125.41611757125486
  endloop
endfacet
facet normal 0.9408807689542297 7.080001911581605e-16 -0.3387379202452798
  outer loop
    vertex 148.25284754843858 -397.69999999999925 -121.77998568590968
    vertex 148.9338085214594 -401.69999999999925 -119.88854381999832
    vertex 148.25284754843858 -401.69999999999925 -121.77998568590968
  endloop
endfacet
facet normal 0.9408807689542297 7.080001911581605e-16 -0.3387379202452798
  outer loop
    vertex 148.9338085214594 -401.69999999999925 -119.88854381999832
    vertex 148.25284754843858 -397.69999999999925 -121.77998568590968
    vertex 148.9338085214594 -397.69999999999925 -119.88854381999832
  endloop
endfacet
facet normal 0.0 1.4461320376568207e-15 -1.0
  outer loop
    vertex -72.99999999998548 -399.69999999999936 -122.99999999999977
    vertex -80.99999999998465 -401.69999999999925 -122.99999999999959
    vertex -80.99999999998536 -399.69999999999936 -122.99999999999977
  endloop
endfacet
facet normal 0.0 1.4461320376568207e-15 -1.0
  outer loop
    vertex -80.99999999998465 -401.69999999999925 -122.99999999999959
    vertex -72.99999999998548 -399.69999999999936 -122.99999999999977
    vertex -72.99999999998475 -401.69999999999925 -122.99999999999959
  endloop
endfacet
facet normal 0.13052619160449322 1.464022290418622e-15 -0.9914448614548502
  outer loop
    vertex -80.99999999998536 -399.69999999999936 -122.99999999999977
    vertex -81.38822856583927 -401.69999999999925 -123.05111126008391
    vertex -81.38822856583998 -399.69999999999936 -123.05111126008408
  endloop
endfacet
facet normal 0.13052619160449322 1.464022290418622e-15 -0.9914448614548502
  outer loop
    vertex -81.38822856583927 -401.69999999999925 -123.05111126008391
    vertex -80.99999999998536 -399.69999999999936 -122.99999999999977
    vertex -80.99999999998465 -401.69999999999925 -122.99999999999959
  endloop
endfacet
facet normal 0.1564344650402169 1.464596622065051e-15 -0.9876883405951399
  outer loop
    vertex 124.49620206675766 -397.69999999999925 -141.4331920233179
    vertex 122.51066347407217 -401.69999999999925 -141.74767044206314
    vertex 122.51066347407217 -397.69999999999925 -141.74767044206314
  endloop
endfacet
facet normal 0.1564344650402169 1.464596622065051e-15 -0.9876883405951399
  outer loop
    vertex 122.51066347407217 -401.69999999999925 -141.74767044206314
    vertex 124.49620206675766 -397.69999999999925 -141.4331920233179
    vertex 124.49620206675766 -401.69999999999925 -141.4331920233179
  endloop
endfacet
facet normal 0.3826834306442554 1.4247758170759263e-15 -0.9238795332240797
  outer loop
    vertex -81.38822856583998 -399.69999999999936 -123.05111126008408
    vertex -81.74999999675843 -401.69999999999925 -123.2009618924603
    vertex -81.74999999675916 -399.69999999999936 -123.20096189246048
  endloop
endfacet
facet normal 0.3826834306442554 1.4247758170759263e-15 -0.9238795332240797
  outer loop
    vertex -81.74999999675843 -401.69999999999925 -123.2009618924603
    vertex -81.38822856583998 -399.69999999999936 -123.05111126008408
    vertex -81.38822856583927 -401.69999999999925 -123.05111126008391
  endloop
endfacet
facet normal 0.987688340595136 2.767738117938666e-18 0.15643446504024228
  outer loop
    vertex 150.2476704420779 -397.69999999999925 -105.98933652594228
    vertex 149.93319202333262 -401.69999999999925 -104.00379793325683
    vertex 150.2476704420779 -401.69999999999925 -105.98933652594228
  endloop
endfacet
facet normal 0.987688340595136 2.767738117938666e-18 0.15643446504024228
  outer loop
    vertex 149.93319202333262 -401.69999999999925 -104.00379793325683
    vertex 150.2476704420779 -397.69999999999925 -105.98933652594228
    vertex 149.93319202333262 -397.69999999999925 -104.00379793325683
  endloop
endfacet
facet normal 0.987688340595136 4.552175214947391e-16 -0.15643446504024228
  outer loop
    vertex 149.93319202333254 -397.69999999999925 -115.9962020667432
    vertex 150.2476704420778 -401.69999999999925 -114.01066347405775
    vertex 149.93319202333254 -401.69999999999925 -115.9962020667432
  endloop
endfacet
facet normal 0.987688340595136 4.552175214947391e-16 -0.15643446504024228
  outer loop
    vertex 150.2476704420778 -401.69999999999925 -114.01066347405775
    vertex 149.93319202333254 -397.69999999999925 -115.9962020667432
    vertex 150.2476704420778 -397.69999999999925 -114.01066347405775
  endloop
endfacet
facet normal 0.6087614383677098 -1.0061541274925412e-15 0.7933533331098301
  outer loop
    vertex -82.06066018361824 -401.69999999999925 -125.56066015992563
    vertex -81.7500000161163 -399.69999999999936 -125.79903809636322
    vertex -82.06066018361895 -399.69999999999936 -125.56066015992582
  endloop
endfacet
facet normal 0.6087614383677098 -1.0061541274925412e-15 0.7933533331098301
  outer loop
    vertex -81.7500000161163 -399.69999999999936 -125.79903809636322
    vertex -82.06066018361824 -401.69999999999925 -125.56066015992563
    vertex -81.75000001611559 -401.69999999999925 -125.79903809636305
  endloop
endfacet
facet normal 0.9914448604823427 4.1862168598206056e-16 -0.13052619899142204
  outer loop
    vertex -82.49999999998539 -399.69999999999936 -124.49999998882393
    vertex -82.44888873700779 -401.69999999999925 -124.11177142334994
    vertex -82.49999999998467 -401.69999999999925 -124.49999998882375
  endloop
endfacet
facet normal 0.9914448604823427 4.1862168598206056e-16 -0.13052619899142204
  outer loop
    vertex -82.44888873700779 -401.69999999999925 -124.11177142334994
    vertex -82.49999999998539 -399.69999999999936 -124.49999998882393
    vertex -82.4488887370085 -399.69999999999936 -124.11177142335012
  endloop
endfacet
facet normal 0.9914448624273569 4.110547156781478e-17 0.13052618421757184
  outer loop
    vertex -82.44888874279364 -399.69999999999936 -124.88822855505933
    vertex -82.49999999998467 -401.69999999999925 -124.49999998882375
    vertex -82.44888874279292 -401.69999999999925 -124.88822855505916
  endloop
endfacet
facet normal 0.9914448624273569 4.110547156781478e-17 0.13052618421757184
  outer loop
    vertex -82.49999999998467 -401.69999999999925 -124.49999998882375
    vertex -82.44888874279364 -399.69999999999936 -124.88822855505933
    vertex -82.49999999998539 -399.69999999999936 -124.49999998882393
  endloop
endfacet
facet normal -0.9914448613738039 -4.1862167639652064e-16 0.13052619222010217
  outer loop
    vertex -71.49999999998545 -399.69999999999936 -124.49999999999977
    vertex -71.55111126055115 -401.69999999999925 -124.88822856765337
    vertex -71.49999999998474 -401.69999999999925 -124.49999999999959
  endloop
endfacet
facet normal -0.9914448613738039 -4.1862167639652064e-16 0.13052619222010217
  outer loop
    vertex -71.55111126055115 -401.69999999999925 -124.88822856765337
    vertex -71.49999999998545 -399.69999999999936 -124.49999999999977
    vertex -71.55111126055188 -399.69999999999936 -124.88822856765356
  endloop
endfacet
facet normal -0.3826834323651156 -1.4247758164440945e-15 0.9238795325112762
  outer loop
    vertex -72.61177143233095 -401.69999999999925 -125.94888873943319
    vertex -72.24999999998546 -399.69999999999936 -125.79903810567642
    vertex -72.61177143233168 -399.69999999999936 -125.94888873943337
  endloop
endfacet
facet normal -0.3826834323651156 -1.4247758164440945e-15 0.9238795325112762
  outer loop
    vertex -72.24999999998546 -399.69999999999936 -125.79903810567642
    vertex -72.61177143233095 -401.69999999999925 -125.94888873943319
    vertex -72.24999999998474 -401.69999999999925 -125.79903810567625
  endloop
endfacet
facet normal -0.9238795325112966 -7.676095176005677e-16 0.38268343236506647
  outer loop
    vertex -71.55111126055188 -399.69999999999936 -124.88822856765356
    vertex -71.70096189430808 -401.69999999999925 -125.24999999999957
    vertex -71.55111126055115 -401.69999999999925 -124.88822856765337
  endloop
endfacet
facet normal -0.9238795325112966 -7.676095176005677e-16 0.38268343236506647
  outer loop
    vertex -71.70096189430808 -401.69999999999925 -125.24999999999957
    vertex -71.55111126055188 -399.69999999999936 -124.88822856765356
    vertex -71.7009618943088 -399.69999999999936 -125.24999999999976
  endloop
endfacet
facet normal -0.3826834323651156 1.247327765355831e-15 -0.9238795325112762
  outer loop
    vertex -72.24999999998546 -399.69999999999936 -123.20096189432311
    vertex -72.61177143233095 -401.69999999999925 -123.05111126056599
    vertex -72.61177143233168 -399.69999999999936 -123.05111126056617
  endloop
endfacet
facet normal -0.3826834323651156 1.247327765355831e-15 -0.9238795325112762
  outer loop
    vertex -72.61177143233095 -401.69999999999925 -123.05111126056599
    vertex -72.24999999998546 -399.69999999999936 -123.20096189432311
    vertex -72.24999999998474 -401.69999999999925 -123.20096189432294
  endloop
endfacet
facet normal -2.819966474669043e-15 -1.4461320376568215e-15 1.0
  outer loop
    vertex -81.00000002233638 -401.69999999999925 -125.99999999999962
    vertex -72.99999999998548 -399.69999999999936 -125.99999999999977
    vertex -81.0000000223371 -399.69999999999936 -125.99999999999979
  endloop
endfacet
facet normal -2.819966474669043e-15 -1.4461320376568215e-15 1.0
  outer loop
    vertex -72.99999999998548 -399.69999999999936 -125.99999999999977
    vertex -81.00000002233638 -401.69999999999925 -125.99999999999962
    vertex -72.99999999998475 -401.69999999999925 -125.99999999999959
  endloop
endfacet
facet normal -0.13052619222003808 -1.4640222904441424e-15 0.9914448613738123
  outer loop
    vertex -72.99999999998475 -401.69999999999925 -125.99999999999959
    vertex -72.61177143233168 -399.69999999999936 -125.94888873943337
    vertex -72.99999999998548 -399.69999999999936 -125.99999999999977
  endloop
endfacet
facet normal -0.13052619222003808 -1.4640222904441424e-15 0.9914448613738123
  outer loop
    vertex -72.61177143233168 -399.69999999999936 -125.94888873943337
    vertex -72.99999999998475 -401.69999999999925 -125.99999999999959
    vertex -72.61177143233095 -401.69999999999925 -125.94888873943319
  endloop
endfacet
facet normal -0.7933533402912069 -1.0642860387150216e-15 0.6087614290087577
  outer loop
    vertex -71.7009618943088 -399.69999999999936 -125.24999999999976
    vertex -71.93933982820495 -401.69999999999925 -125.56066017177942
    vertex -71.70096189430808 -401.69999999999925 -125.24999999999957
  endloop
endfacet
facet normal -0.7933533402912069 -1.0642860387150216e-15 0.6087614290087577
  outer loop
    vertex -71.93933982820495 -401.69999999999925 -125.56066017177942
    vertex -71.7009618943088 -399.69999999999936 -125.24999999999976
    vertex -71.93933982820568 -399.69999999999936 -125.5606601717796
  endloop
endfacet
facet normal 0.7933533376455545 1.0642860430877263e-15 -0.6087614324566389
  outer loop
    vertex -82.2990381019367 -399.69999999999936 -123.7499999935474
    vertex -82.06066016781324 -401.69999999999925 -123.43933982426852
    vertex -82.29903810193599 -401.69999999999925 -123.74999999354723
  endloop
endfacet
facet normal 0.7933533376455545 1.0642860430877263e-15 -0.6087614324566389
  outer loop
    vertex -82.06066016781324 -401.69999999999925 -123.43933982426852
    vertex -82.2990381019367 -399.69999999999936 -123.7499999935474
    vertex -82.06066016781396 -399.69999999999936 -123.4393398242687
  endloop
endfacet
facet normal -0.13052619222003808 1.403498064761648e-15 -0.9914448613738123
  outer loop
    vertex -72.61177143233168 -399.69999999999936 -123.05111126056617
    vertex -72.99999999998475 -401.69999999999925 -122.99999999999959
    vertex -72.99999999998548 -399.69999999999936 -122.99999999999977
  endloop
endfacet
facet normal -0.13052619222003808 1.403498064761648e-15 -0.9914448613738123
  outer loop
    vertex -72.99999999998475 -401.69999999999925 -122.99999999999959
    vertex -72.61177143233168 -399.69999999999936 -123.05111126056617
    vertex -72.61177143233095 -401.69999999999925 -123.05111126056599
  endloop
endfacet
facet normal -0.6087614290087409 -1.2884332251067452e-15 0.7933533402912196
  outer loop
    vertex -72.24999999998474 -401.69999999999925 -125.79903810567625
    vertex -71.93933982820568 -399.69999999999936 -125.5606601717796
    vertex -72.24999999998546 -399.69999999999936 -125.79903810567642
  endloop
endfacet
facet normal -0.6087614290087409 -1.2884332251067452e-15 0.7933533402912196
  outer loop
    vertex -71.93933982820568 -399.69999999999936 -125.5606601717796
    vertex -72.24999999998474 -401.69999999999925 -125.79903810567625
    vertex -71.93933982820495 -401.69999999999925 -125.56066017177942
  endloop
endfacet
facet normal -0.7933533402911855 6.964127728436494e-16 -0.6087614290087856
  outer loop
    vertex -71.93933982820568 -399.69999999999936 -123.43933982821994
    vertex -71.70096189430808 -401.69999999999925 -123.74999999999959
    vertex -71.93933982820495 -401.69999999999925 -123.43933982821977
  endloop
endfacet
facet normal -0.7933533402911855 6.964127728436494e-16 -0.6087614290087856
  outer loop
    vertex -71.70096189430808 -401.69999999999925 -123.74999999999959
    vertex -71.93933982820568 -399.69999999999936 -123.43933982821994
    vertex -71.7009618943088 -399.69999999999936 -123.74999999999976
  endloop
endfacet
facet normal -0.6087614290087409 1.0061541400476281e-15 -0.7933533402912196
  outer loop
    vertex -71.93933982820568 -399.69999999999936 -123.43933982821994
    vertex -72.24999999998474 -401.69999999999925 -123.20096189432294
    vertex -72.24999999998546 -399.69999999999936 -123.20096189432311
  endloop
endfacet
facet normal -0.6087614290087409 1.0061541400476281e-15 -0.7933533402912196
  outer loop
    vertex -72.24999999998474 -401.69999999999925 -123.20096189432294
    vertex -71.93933982820568 -399.69999999999936 -123.43933982821994
    vertex -71.93933982820495 -401.69999999999925 -123.43933982821977
  endloop
endfacet
facet normal 0.7933533467166476 -6.964127592442675e-16 0.6087614206349601
  outer loop
    vertex -82.06066018361895 -399.69999999999936 -125.56066015992582
    vertex -82.29903811311189 -401.69999999999925 -125.24999998709482
    vertex -82.06066018361824 -401.69999999999925 -125.56066015992563
  endloop
endfacet
facet normal 0.7933533467166476 -6.964127592442675e-16 0.6087614206349601
  outer loop
    vertex -82.29903811311189 -401.69999999999925 -125.24999998709482
    vertex -82.06066018361895 -399.69999999999936 -125.56066015992582
    vertex -82.29903811311262 -399.69999999999936 -125.24999998709501
  endloop
endfacet
facet normal 0.9238795360752701 -3.392120127775352e-16 0.382683423760873
  outer loop
    vertex -82.29903811311262 -399.69999999999936 -125.24999998709501
    vertex -82.44888874279292 -401.69999999999925 -124.88822855505916
    vertex -82.29903811311189 -401.69999999999925 -125.24999998709482
  endloop
endfacet
facet normal 0.9238795360752701 -3.392120127775352e-16 0.382683423760873
  outer loop
    vertex -82.44888874279292 -401.69999999999925 -124.88822855505916
    vertex -82.29903811311262 -399.69999999999936 -125.24999998709501
    vertex -82.44888874279364 -399.69999999999936 -124.88822855505933
  endloop
endfacet
facet normal 0.3826834444111763 -1.2473277553473064e-15 0.9238795275216345
  outer loop
    vertex -81.75000001611559 -401.69999999999925 -125.79903809636305
    vertex -81.3882285874301 -399.69999999999936 -125.94888873413043
    vertex -81.7500000161163 -399.69999999999936 -125.79903809636322
  endloop
endfacet
facet normal 0.3826834444111763 -1.2473277553473064e-15 0.9238795275216345
  outer loop
    vertex -81.3882285874301 -399.69999999999936 -125.94888873413043
    vertex -81.75000001611559 -401.69999999999925 -125.79903809636305
    vertex -81.38822858742938 -401.69999999999925 -125.94888873413026
  endloop
endfacet
facet normal -0.9914448613738039 -4.110545975083615e-17 -0.13052619222010217
  outer loop
    vertex -71.55111126055188 -399.69999999999936 -124.11177143234599
    vertex -71.49999999998474 -401.69999999999925 -124.49999999999959
    vertex -71.55111126055115 -401.69999999999925 -124.11177143234582
  endloop
endfacet
facet normal -0.9914448613738039 -4.110545975083615e-17 -0.13052619222010217
  outer loop
    vertex -71.49999999998474 -401.69999999999925 -124.49999999999959
    vertex -71.55111126055188 -399.69999999999936 -124.11177143234599
    vertex -71.49999999998545 -399.69999999999936 -124.49999999999977
  endloop
endfacet
facet normal 0.13052620637812432 -1.4034980587836234e-15 0.9914448595098647
  outer loop
    vertex -81.38822858742938 -401.69999999999925 -125.94888873413026
    vertex -81.0000000223371 -399.69999999999936 -125.99999999999979
    vertex -81.3882285874301 -399.69999999999936 -125.94888873413043
  endloop
endfacet
facet normal 0.13052620637812432 -1.4034980587836234e-15 0.9914448595098647
  outer loop
    vertex -81.0000000223371 -399.69999999999936 -125.99999999999979
    vertex -81.38822858742938 -401.69999999999925 -125.94888873413026
    vertex -81.00000002233638 -401.69999999999925 -125.99999999999962
  endloop
endfacet
facet normal 0.6087614265457663 1.2884332272687668e-15 -0.7933533421811267
  outer loop
    vertex -81.74999999675916 -399.69999999999936 -123.20096189246048
    vertex -82.06066016781324 -401.69999999999925 -123.43933982426852
    vertex -82.06066016781396 -399.69999999999936 -123.4393398242687
  endloop
endfacet
facet normal 0.6087614265457663 1.2884332272687668e-15 -0.7933533421811267
  outer loop
    vertex -82.06066016781324 -401.69999999999925 -123.43933982426852
    vertex -81.74999999675916 -399.69999999999936 -123.20096189246048
    vertex -81.74999999675843 -401.69999999999925 -123.2009618924603
  endloop
endfacet
facet normal -0.9238795325113051 3.3921202604660047e-16 -0.3826834323650461
  outer loop
    vertex -71.7009618943088 -399.69999999999936 -123.74999999999976
    vertex -71.55111126055115 -401.69999999999925 -124.11177143234582
    vertex -71.70096189430808 -401.69999999999925 -123.74999999999959
  endloop
endfacet
facet normal -0.9238795325113051 3.3921202604660047e-16 -0.3826834323650461
  outer loop
    vertex -71.55111126055115 -401.69999999999925 -124.11177143234582
    vertex -71.7009618943088 -399.69999999999936 -123.74999999999976
    vertex -71.55111126055188 -399.69999999999936 -124.11177143234599
  endloop
endfacet
facet normal 0.9238795303728656 7.67609524570622e-16 -0.3826834375276955
  outer loop
    vertex -82.4488887370085 -399.69999999999936 -124.11177142335012
    vertex -82.29903810193599 -401.69999999999925 -123.74999999354723
    vertex -82.44888873700779 -401.69999999999925 -124.11177142334994
  endloop
endfacet
facet normal 0.9238795303728656 7.67609524570622e-16 -0.3826834375276955
  outer loop
    vertex -82.29903810193599 -401.69999999999925 -123.74999999354723
    vertex -82.4488887370085 -399.69999999999936 -124.11177142335012
    vertex -82.2990381019367 -399.69999999999936 -123.7499999935474
  endloop
endfacet
facet normal 0.0 1.0 0.0
  outer loop
    vertex -80.46930339510611 -399.69999999999936 -127.46306501060934
    vertex -73.99999999998552 -399.69999999999936 -127.49999998882393
    vertex -79.99999999998542 -399.69999999999936 -127.49999998882393
  endloop
endfacet
facet normal 0.0 1.0 0.0
  outer loop
    vertex -73.99999999998552 -399.69999999999936 -127.49999998882393
    vertex -80.46930339510611 -399.69999999999936 -127.46306501060934
    vertex -73.53069660486483 -399.69999999999936 -127.46306501060934
  endloop
endfacet
facet normal 0.0 1.0 0.0
  outer loop
    vertex -73.53069660486483 -399.69999999999936 -127.46306501060934
    vertex -80.46930339510611 -399.69999999999936 -127.46306501060934
    vertex -80.92705098311028 -399.69999999999936 -127.35316953770938
  endloop
endfacet
facet normal 0.0 1.0 0.0
  outer loop
    vertex -73.53069660486483 -399.69999999999936 -127.46306501060934
    vertex -80.92705098311028 -399.69999999999936 -127.35316953770938
    vertex -73.07294901686066 -399.69999999999936 -127.35316953770938
  endloop
endfacet
facet normal 0.0 1.0 0.0
  outer loop
    vertex -73.07294901686066 -399.69999999999936 -127.35316953770938
    vertex -80.92705098311028 -399.69999999999936 -127.35316953770938
    vertex -81.361971499204 -399.69999999999936 -127.17301956138903
  endloop
endfacet
facet normal 0.0 1.0 0.0
  outer loop
    vertex -73.07294901686066 -399.69999999999936 -127.35316953770938
    vertex -81.361971499204 -399.69999999999936 -127.17301956138903
    vertex -72.63802850076692 -399.69999999999936 -127.17301956138903
  endloop
endfacet
facet normal 0.0 1.0 0.0
  outer loop
    vertex -72.63802850076692 -399.69999999999936 -127.17301956138903
    vertex -81.361971499204 -399.69999999999936 -127.17301956138903
    vertex -81.76335575686285 -399.69999999999936 -126.92705097194876
  endloop
endfacet
facet normal 0.0 1.0 0.0
  outer loop
    vertex -72.63802850076692 -399.69999999999936 -127.17301956138903
    vertex -81.76335575686285 -399.69999999999936 -126.92705097194876
    vertex -72.23664424310809 -399.69999999999936 -126.92705097194876
  endloop
endfacet
facet normal 0.0 1.0 0.0
  outer loop
    vertex -72.23664424310809 -399.69999999999936 -126.92705097194876
    vertex -81.76335575686285 -399.69999999999936 -126.92705097194876
    vertex -82.12132034354502 -399.69999999999936 -126.62132033238358
  endloop
endfacet
facet normal 0.0 1.0 0.0
  outer loop
    vertex -72.23664424310809 -399.69999999999936 -126.92705097194876
    vertex -82.12132034354502 -399.69999999999936 -126.62132033238358
    vertex -71.87867965642592 -399.69999999999936 -126.62132033238358
  endloop
endfacet
facet normal 0.0 1.0 0.0
  outer loop
    vertex -71.87867965642592 -399.69999999999936 -126.62132033238358
    vertex -82.12132034354502 -399.69999999999936 -126.62132033238358
    vertex -82.42705098311029 -399.69999999999936 -126.26335574570133
  endloop
endfacet
facet normal 0.0 1.0 0.0
  outer loop
    vertex -71.87867965642592 -399.69999999999936 -126.62132033238358
    vertex -82.42705098311029 -399.69999999999936 -126.26335574570133
    vertex -71.57294901686063 -399.69999999999936 -126.26335574570133
  endloop
endfacet
facet normal 0.0 1.0 0.0
  outer loop
    vertex -71.57294901686063 -399.69999999999936 -126.26335574570133
    vertex -82.42705098311029 -399.69999999999936 -126.26335574570133
    vertex -81.0000000223371 -399.69999999999936 -125.99999999999979
  endloop
endfacet
facet normal 0.0 1.0 0.0
  outer loop
    vertex -81.0000000223371 -399.69999999999936 -125.99999999999979
    vertex -82.42705098311029 -399.69999999999936 -126.26335574570133
    vertex -82.67301957255053 -399.69999999999936 -125.86197148804257
  endloop
endfacet
facet normal 0.0 1.0 0.0
  outer loop
    vertex -81.0000000223371 -399.69999999999936 -125.99999999999979
    vertex -82.67301957255053 -399.69999999999936 -125.86197148804257
    vertex -81.3882285874301 -399.69999999999936 -125.94888873413043
  endloop
endfacet
facet normal 0.0 1.0 0.0
  outer loop
    vertex -81.3882285874301 -399.69999999999936 -125.94888873413043
    vertex -82.67301957255053 -399.69999999999936 -125.86197148804257
    vertex -81.7500000161163 -399.69999999999936 -125.79903809636322
  endloop
endfacet
facet normal 0.0 1.0 0.0
  outer loop
    vertex -81.7500000161163 -399.69999999999936 -125.79903809636322
    vertex -82.67301957255053 -399.69999999999936 -125.86197148804257
    vertex -82.85316954887091 -399.69999999999936 -125.42705097194876
  endloop
endfacet
facet normal 0.0 1.0 0.0
  outer loop
    vertex -81.7500000161163 -399.69999999999936 -125.79903809636322
    vertex -82.85316954887091 -399.69999999999936 -125.42705097194876
    vertex -82.06066018361895 -399.69999999999936 -125.56066015992582
  endloop
endfacet
facet normal 0.0 1.0 0.0
  outer loop
    vertex -82.06066018361895 -399.69999999999936 -125.56066015992582
    vertex -82.85316954887091 -399.69999999999936 -125.42705097194876
    vertex -82.29903811311262 -399.69999999999936 -125.24999998709501
  endloop
endfacet
facet normal 0.0 1.0 0.0
  outer loop
    vertex -82.29903811311262 -399.69999999999936 -125.24999998709501
    vertex -82.85316954887091 -399.69999999999936 -125.42705097194876
    vertex -82.96306502177086 -399.69999999999936 -124.96930338394462
  endloop
endfacet
facet normal 0.0 1.0 0.0
  outer loop
    vertex -82.29903811311262 -399.69999999999936 -125.24999998709501
    vertex -82.96306502177086 -399.69999999999936 -124.96930338394462
    vertex -82.44888874279364 -399.69999999999936 -124.88822855505933
  endloop
endfacet
facet normal 0.0 1.0 0.0
  outer loop
    vertex -82.44888874279364 -399.69999999999936 -124.88822855505933
    vertex -82.96306502177086 -399.69999999999936 -124.96930338394462
    vertex -82.99999999998536 -399.69999999999936 -124.49999998882393
  endloop
endfacet
facet normal 0.0 1.0 0.0
  outer loop
    vertex -82.44888874279364 -399.69999999999936 -124.88822855505933
    vertex -82.99999999998536 -399.69999999999936 -124.49999998882393
    vertex -82.49999999998539 -399.69999999999936 -124.49999998882393
  endloop
endfacet
facet normal 0.0 1.0 0.0
  outer loop
    vertex -82.49999999998539 -399.69999999999936 -124.49999998882393
    vertex -82.99999999998536 -399.69999999999936 -124.49999998882393
    vertex -82.96306502177086 -399.69999999999936 -124.03069659370324
  endloop
endfacet
facet normal 0.0 1.0 0.0
  outer loop
    vertex -82.49999999998539 -399.69999999999936 -124.49999998882393
    vertex -82.96306502177086 -399.69999999999936 -124.03069659370324
    vertex -82.4488887370085 -399.69999999999936 -124.11177142335012
  endloop
endfacet
facet normal 0.0 1.0 0.0
  outer loop
    vertex -82.4488887370085 -399.69999999999936 -124.11177142335012
    vertex -82.96306502177086 -399.69999999999936 -124.03069659370324
    vertex -82.2990381019367 -399.69999999999936 -123.7499999935474
  endloop
endfacet
facet normal 0.0 1.0 0.0
  outer loop
    vertex -82.2990381019367 -399.69999999999936 -123.7499999935474
    vertex -82.96306502177086 -399.69999999999936 -124.03069659370324
    vertex -82.85316954887091 -399.69999999999936 -123.57294900569909
  endloop
endfacet
facet normal 0.0 1.0 0.0
  outer loop
    vertex -82.2990381019367 -399.69999999999936 -123.7499999935474
    vertex -82.85316954887091 -399.69999999999936 -123.57294900569909
    vertex -82.06066016781396 -399.69999999999936 -123.4393398242687
  endloop
endfacet
facet normal 0.0 1.0 0.0
  outer loop
    vertex -82.06066016781396 -399.69999999999936 -123.4393398242687
    vertex -82.85316954887091 -399.69999999999936 -123.57294900569909
    vertex -82.67301957255053 -399.69999999999936 -123.13802848960529
  endloop
endfacet
facet normal 0.0 1.0 0.0
  outer loop
    vertex -82.06066016781396 -399.69999999999936 -123.4393398242687
    vertex -82.67301957255053 -399.69999999999936 -123.13802848960529
    vertex -81.74999999675916 -399.69999999999936 -123.20096189246048
  endloop
endfacet
facet normal 0.0 1.0 0.0
  outer loop
    vertex -81.74999999675916 -399.69999999999936 -123.20096189246048
    vertex -82.67301957255053 -399.69999999999936 -123.13802848960529
    vertex -81.38822856583998 -399.69999999999936 -123.05111126008408
  endloop
endfacet
facet normal 0.0 1.0 0.0
  outer loop
    vertex -81.38822856583998 -399.69999999999936 -123.05111126008408
    vertex -82.67301957255053 -399.69999999999936 -123.13802848960529
    vertex -82.42705098311029 -399.69999999999936 -122.73664423194653
  endloop
endfacet
facet normal 0.0 1.0 0.0
  outer loop
    vertex -81.38822856583998 -399.69999999999936 -123.05111126008408
    vertex -82.42705098311029 -399.69999999999936 -122.73664423194653
    vertex -80.99999999998536 -399.69999999999936 -122.99999999999977
  endloop
endfacet
facet normal 0.0 1.0 0.0
  outer loop
    vertex -80.99999999998536 -399.69999999999936 -122.99999999999977
    vertex -82.42705098311029 -399.69999999999936 -122.73664423194653
    vertex -72.99999999998548 -399.69999999999936 -122.99999999999977
  endloop
endfacet
facet normal 0.0 1.0 0.0
  outer loop
    vertex -71.57294901686063 -399.69999999999936 -126.26335574570133
    vertex -72.99999999998548 -399.69999999999936 -125.99999999999977
    vertex -71.3269804274204 -399.69999999999936 -125.86197148804257
  endloop
endfacet
facet normal 0.0 1.0 0.0
  outer loop
    vertex -72.99999999998548 -399.69999999999936 -125.99999999999977
    vertex -71.57294901686063 -399.69999999999936 -126.26335574570133
    vertex -81.0000000223371 -399.69999999999936 -125.99999999999979
  endloop
endfacet
facet normal 0.0 1.0 0.0
  outer loop
    vertex -71.3269804274204 -399.69999999999936 -125.86197148804257
    vertex -72.99999999998548 -399.69999999999936 -125.99999999999977
    vertex -72.61177143233168 -399.69999999999936 -125.94888873943337
  endloop
endfacet
facet normal 0.0 1.0 0.0
  outer loop
    vertex -71.3269804274204 -399.69999999999936 -125.86197148804257
    vertex -72.61177143233168 -399.69999999999936 -125.94888873943337
    vertex -72.24999999998546 -399.69999999999936 -125.79903810567642
  endloop
endfacet
facet normal 0.0 1.0 0.0
  outer loop
    vertex -71.3269804274204 -399.69999999999936 -125.86197148804257
    vertex -72.24999999998546 -399.69999999999936 -125.79903810567642
    vertex -71.14683045110003 -399.69999999999936 -125.42705097194876
  endloop
endfacet
facet normal 0.0 1.0 0.0
  outer loop
    vertex -71.14683045110003 -399.69999999999936 -125.42705097194876
    vertex -72.24999999998546 -399.69999999999936 -125.79903810567642
    vertex -71.93933982820568 -399.69999999999936 -125.5606601717796
  endloop
endfacet
facet normal 0.0 1.0 0.0
  outer loop
    vertex -71.14683045110003 -399.69999999999936 -125.42705097194876
    vertex -71.93933982820568 -399.69999999999936 -125.5606601717796
    vertex -71.7009618943088 -399.69999999999936 -125.24999999999976
  endloop
endfacet
facet normal 0.0 1.0 0.0
  outer loop
    vertex -71.14683045110003 -399.69999999999936 -125.42705097194876
    vertex -71.7009618943088 -399.69999999999936 -125.24999999999976
    vertex -71.03693497820008 -399.69999999999936 -124.96930338394462
  endloop
endfacet
facet normal 0.0 1.0 0.0
  outer loop
    vertex -71.03693497820008 -399.69999999999936 -124.96930338394462
    vertex -71.7009618943088 -399.69999999999936 -125.24999999999976
    vertex -71.55111126055188 -399.69999999999936 -124.88822856765356
  endloop
endfacet
facet normal 0.0 1.0 0.0
  outer loop
    vertex -71.03693497820008 -399.69999999999936 -124.96930338394462
    vertex -71.55111126055188 -399.69999999999936 -124.88822856765356
    vertex -70.99999999998556 -399.69999999999936 -124.49999998882393
  endloop
endfacet
facet normal 0.0 1.0 0.0
  outer loop
    vertex -70.99999999998556 -399.69999999999936 -124.49999998882393
    vertex -71.55111126055188 -399.69999999999936 -124.88822856765356
    vertex -71.49999999998545 -399.69999999999936 -124.49999999999977
  endloop
endfacet
facet normal 0.0 1.0 0.0
  outer loop
    vertex -70.99999999998556 -399.69999999999936 -124.49999998882393
    vertex -71.49999999998545 -399.69999999999936 -124.49999999999977
    vertex -71.55111126055188 -399.69999999999936 -124.11177143234599
  endloop
endfacet
facet normal 0.0 1.0 0.0
  outer loop
    vertex -70.99999999998556 -399.69999999999936 -124.49999998882393
    vertex -71.55111126055188 -399.69999999999936 -124.11177143234599
    vertex -71.03693497820008 -399.69999999999936 -124.03069659370324
  endloop
endfacet
facet normal 0.0 1.0 0.0
  outer loop
    vertex -71.03693497820008 -399.69999999999936 -124.03069659370324
    vertex -71.55111126055188 -399.69999999999936 -124.11177143234599
    vertex -71.7009618943088 -399.69999999999936 -123.74999999999976
  endloop
endfacet
facet normal 0.0 1.0 0.0
  outer loop
    vertex -71.03693497820008 -399.69999999999936 -124.03069659370324
    vertex -71.7009618943088 -399.69999999999936 -123.74999999999976
    vertex -71.14683045110003 -399.69999999999936 -123.57294900569909
  endloop
endfacet
facet normal 0.0 1.0 0.0
  outer loop
    vertex -71.14683045110003 -399.69999999999936 -123.57294900569909
    vertex -71.7009618943088 -399.69999999999936 -123.74999999999976
    vertex -71.93933982820568 -399.69999999999936 -123.43933982821994
  endloop
endfacet
facet normal 0.0 1.0 0.0
  outer loop
    vertex -71.14683045110003 -399.69999999999936 -123.57294900569909
    vertex -71.93933982820568 -399.69999999999936 -123.43933982821994
    vertex -71.3269804274204 -399.69999999999936 -123.13802848960529
  endloop
endfacet
facet normal 0.0 1.0 0.0
  outer loop
    vertex -71.3269804274204 -399.69999999999936 -123.13802848960529
    vertex -71.93933982820568 -399.69999999999936 -123.43933982821994
    vertex -72.24999999998546 -399.69999999999936 -123.20096189432311
  endloop
endfacet
facet normal 0.0 1.0 0.0
  outer loop
    vertex -71.3269804274204 -399.69999999999936 -123.13802848960529
    vertex -72.24999999998546 -399.69999999999936 -123.20096189432311
    vertex -72.61177143233168 -399.69999999999936 -123.05111126056617
  endloop
endfacet
facet normal 0.0 1.0 0.0
  outer loop
    vertex -71.3269804274204 -399.69999999999936 -123.13802848960529
    vertex -72.61177143233168 -399.69999999999936 -123.05111126056617
    vertex -71.57294901686063 -399.69999999999936 -122.73664423194653
  endloop
endfacet
facet normal 0.0 1.0 0.0
  outer loop
    vertex -71.57294901686063 -399.69999999999936 -122.73664423194653
    vertex -72.61177143233168 -399.69999999999936 -123.05111126056617
    vertex -72.99999999998548 -399.69999999999936 -122.99999999999977
  endloop
endfacet
facet normal 0.0 1.0 0.0
  outer loop
    vertex -71.57294901686063 -399.69999999999936 -122.73664423194653
    vertex -72.99999999998548 -399.69999999999936 -122.99999999999977
    vertex -82.42705098311029 -399.69999999999936 -122.73664423194653
  endloop
endfacet
facet normal 0.0 1.0 0.0
  outer loop
    vertex -71.57294901686063 -399.69999999999936 -122.73664423194653
    vertex -82.42705098311029 -399.69999999999936 -122.73664423194653
    vertex -82.12132034354502 -399.69999999999936 -122.37867964526428
  endloop
endfacet
facet normal 0.0 1.0 0.0
  outer loop
    vertex -71.57294901686063 -399.69999999999936 -122.73664423194653
    vertex -82.12132034354502 -399.69999999999936 -122.37867964526428
    vertex -71.87867965642592 -399.69999999999936 -122.37867964526428
  endloop
endfacet
facet normal 0.0 1.0 0.0
  outer loop
    vertex -71.87867965642592 -399.69999999999936 -122.37867964526428
    vertex -82.12132034354502 -399.69999999999936 -122.37867964526428
    vertex -81.76335575686285 -399.69999999999936 -122.0729490056991
  endloop
endfacet
facet normal 0.0 1.0 0.0
  outer loop
    vertex -71.87867965642592 -399.69999999999936 -122.37867964526428
    vertex -81.76335575686285 -399.69999999999936 -122.0729490056991
    vertex -72.23664424310809 -399.69999999999936 -122.0729490056991
  endloop
endfacet
facet normal 0.0 1.0 0.0
  outer loop
    vertex -72.23664424310809 -399.69999999999936 -122.0729490056991
    vertex -81.76335575686285 -399.69999999999936 -122.0729490056991
    vertex -81.361971499204 -399.69999999999936 -121.82698041625883
  endloop
endfacet
facet normal 0.0 1.0 0.0
  outer loop
    vertex -72.23664424310809 -399.69999999999936 -122.0729490056991
    vertex -81.361971499204 -399.69999999999936 -121.82698041625883
    vertex -72.63802850076692 -399.69999999999936 -121.82698041625883
  endloop
endfacet
facet normal 0.0 1.0 0.0
  outer loop
    vertex -72.63802850076692 -399.69999999999936 -121.82698041625883
    vertex -81.361971499204 -399.69999999999936 -121.82698041625883
    vertex -80.92705098311028 -399.69999999999936 -121.64683043993848
  endloop
endfacet
facet normal 0.0 1.0 0.0
  outer loop
    vertex -72.63802850076692 -399.69999999999936 -121.82698041625883
    vertex -80.92705098311028 -399.69999999999936 -121.64683043993848
    vertex -73.07294901686066 -399.69999999999936 -121.64683043993848
  endloop
endfacet
facet normal 0.0 1.0 0.0
  outer loop
    vertex -73.07294901686066 -399.69999999999936 -121.64683043993848
    vertex -80.92705098311028 -399.69999999999936 -121.64683043993848
    vertex -80.46930339510611 -399.69999999999936 -121.53693496703852
  endloop
endfacet
facet normal 0.0 1.0 0.0
  outer loop
    vertex -73.07294901686066 -399.69999999999936 -121.64683043993848
    vertex -80.46930339510611 -399.69999999999936 -121.53693496703852
    vertex -73.53069660486483 -399.69999999999936 -121.53693496703852
  endloop
endfacet
facet normal 0.0 1.0 0.0
  outer loop
    vertex -73.53069660486483 -399.69999999999936 -121.53693496703852
    vertex -80.46930339510611 -399.69999999999936 -121.53693496703852
    vertex -79.99999999998542 -399.69999999999936 -121.49999998882393
  endloop
endfacet
facet normal 0.0 1.0 0.0
  outer loop
    vertex -73.53069660486483 -399.69999999999936 -121.53693496703852
    vertex -79.99999999998542 -399.69999999999936 -121.49999998882393
    vertex -73.99999999998552 -399.69999999999936 -121.49999998882393
  endloop
endfacet
facet normal 0.9723699203976793 0.0 0.23344536385589426
  outer loop
    vertex -82.85316954887091 -397.69999999999936 -125.42705097194876
    vertex -82.96306502177086 -399.69999999999936 -124.96930338394462
    vertex -82.85316954887091 -399.69999999999936 -125.42705097194876
  endloop
endfacet
facet normal 0.9723699203976793 0.0 0.23344536385589426
  outer loop
    vertex -82.96306502177086 -399.69999999999936 -124.96930338394462
    vertex -82.85316954887091 -397.69999999999936 -125.42705097194876
    vertex -82.96306502177086 -397.69999999999936 -124.96930338394462
  endloop
endfacet
facet normal 0.9969173337331405 0.0 -0.07845909572768514
  outer loop
    vertex -82.99999999998536 -397.69999999999936 -124.49999998882393
    vertex -82.96306502177086 -399.69999999999936 -124.03069659370324
    vertex -82.99999999998536 -399.69999999999936 -124.49999998882393
  endloop
endfacet
facet normal 0.9969173337331405 0.0 -0.07845909572768514
  outer loop
    vertex -82.96306502177086 -399.69999999999936 -124.03069659370324
    vertex -82.99999999998536 -397.69999999999936 -124.49999998882393
    vertex -82.96306502177086 -397.69999999999936 -124.03069659370324
  endloop
endfacet
facet normal 0.9723699203976793 0.0 -0.23344536385589426
  outer loop
    vertex -82.96306502177086 -397.69999999999936 -124.03069659370324
    vertex -82.85316954887091 -399.69999999999936 -123.57294900569909
    vertex -82.96306502177086 -399.69999999999936 -124.03069659370324
  endloop
endfacet
facet normal 0.9723699203976793 0.0 -0.23344536385589426
  outer loop
    vertex -82.85316954887091 -399.69999999999936 -123.57294900569909
    vertex -82.96306502177086 -397.69999999999936 -124.03069659370324
    vertex -82.85316954887091 -397.69999999999936 -123.57294900569909
  endloop
endfacet
facet normal 0.23344536385592868 0.0 0.972369920397671
  outer loop
    vertex -80.46930339510611 -399.69999999999936 -127.46306501060934
    vertex -80.92705098311028 -397.69999999999936 -127.35316953770938
    vertex -80.92705098311028 -399.69999999999936 -127.35316953770938
  endloop
endfacet
facet normal 0.23344536385592868 0.0 0.972369920397671
  outer loop
    vertex -80.92705098311028 -397.69999999999936 -127.35316953770938
    vertex -80.46930339510611 -399.69999999999936 -127.46306501060934
    vertex -80.46930339510611 -397.69999999999936 -127.46306501060934
  endloop
endfacet
facet normal 0.9238795325112762 0.0 -0.38268343236511565
  outer loop
    vertex -82.85316954887091 -397.69999999999936 -123.57294900569909
    vertex -82.67301957255053 -399.69999999999936 -123.13802848960529
    vertex -82.85316954887091 -399.69999999999936 -123.57294900569909
  endloop
endfacet
facet normal 0.9238795325112762 0.0 -0.38268343236511565
  outer loop
    vertex -82.67301957255053 -399.69999999999936 -123.13802848960529
    vertex -82.85316954887091 -397.69999999999936 -123.57294900569909
    vertex -82.67301957255053 -397.69999999999936 -123.13802848960529
  endloop
endfacet
facet normal 0.0 0.0 1.0
  outer loop
    vertex -73.99999999998552 -399.69999999999936 -127.49999998882393
    vertex -79.99999999998542 -397.69999999999936 -127.49999998882393
    vertex -79.99999999998542 -399.69999999999936 -127.49999998882393
  endloop
endfacet
facet normal 0.0 0.0 1.0
  outer loop
    vertex -79.99999999998542 -397.69999999999936 -127.49999998882393
    vertex -73.99999999998552 -399.69999999999936 -127.49999998882393
    vertex -73.99999999998552 -397.69999999999936 -127.49999998882393
  endloop
endfacet
facet normal 0.5224985647158966 0.0 0.8526401643541243
  outer loop
    vertex -81.361971499204 -399.69999999999936 -127.17301956138903
    vertex -81.76335575686285 -397.69999999999936 -126.92705097194876
    vertex -81.76335575686285 -399.69999999999936 -126.92705097194876
  endloop
endfacet
facet normal 0.5224985647158966 0.0 0.8526401643541243
  outer loop
    vertex -81.76335575686285 -397.69999999999936 -126.92705097194876
    vertex -81.361971499204 -399.69999999999936 -127.17301956138903
    vertex -81.361971499204 -397.69999999999936 -127.17301956138903
  endloop
endfacet
facet normal 0.7604059655999659 0.0 0.6494480483302598
  outer loop
    vertex -82.12132034354502 -397.69999999999936 -126.62132033238358
    vertex -82.42705098311029 -399.69999999999936 -126.26335574570133
    vertex -82.12132034354502 -399.69999999999936 -126.62132033238358
  endloop
endfacet
facet normal 0.7604059655999659 0.0 0.6494480483302598
  outer loop
    vertex -82.42705098311029 -399.69999999999936 -126.26335574570133
    vertex -82.12132034354502 -397.69999999999936 -126.62132033238358
    vertex -82.42705098311029 -397.69999999999936 -126.26335574570133
  endloop
endfacet
facet normal 0.07845909572782803 0.0 0.9969173337331294
  outer loop
    vertex -79.99999999998542 -399.69999999999936 -127.49999998882393
    vertex -80.46930339510611 -397.69999999999936 -127.46306501060934
    vertex -80.46930339510611 -399.69999999999936 -127.46306501060934
  endloop
endfacet
facet normal 0.07845909572782803 0.0 0.9969173337331294
  outer loop
    vertex -80.46930339510611 -397.69999999999936 -127.46306501060934
    vertex -79.99999999998542 -399.69999999999936 -127.49999998882393
    vertex -79.99999999998542 -397.69999999999936 -127.49999998882393
  endloop
endfacet
facet normal 0.8526401643541064 0.0 0.5224985647159258
  outer loop
    vertex -82.42705098311029 -397.69999999999936 -126.26335574570133
    vertex -82.67301957255053 -399.69999999999936 -125.86197148804257
    vertex -82.42705098311029 -399.69999999999936 -126.26335574570133
  endloop
endfacet
facet normal 0.8526401643541064 0.0 0.5224985647159258
  outer loop
    vertex -82.67301957255053 -399.69999999999936 -125.86197148804257
    vertex -82.42705098311029 -397.69999999999936 -126.26335574570133
    vertex -82.67301957255053 -397.69999999999936 -125.86197148804257
  endloop
endfacet
facet normal 0.9238795325112762 0.0 0.38268343236511565
  outer loop
    vertex -82.67301957255053 -397.69999999999936 -125.86197148804257
    vertex -82.85316954887091 -399.69999999999936 -125.42705097194876
    vertex -82.67301957255053 -399.69999999999936 -125.86197148804257
  endloop
endfacet
facet normal 0.9238795325112762 0.0 0.38268343236511565
  outer loop
    vertex -82.85316954887091 -399.69999999999936 -125.42705097194876
    vertex -82.67301957255053 -397.69999999999936 -125.86197148804257
    vertex -82.85316954887091 -397.69999999999936 -125.42705097194876
  endloop
endfacet
facet normal 0.9969173337331405 0.0 0.07845909572768514
  outer loop
    vertex -82.96306502177086 -397.69999999999936 -124.96930338394462
    vertex -82.99999999998536 -399.69999999999936 -124.49999998882393
    vertex -82.96306502177086 -399.69999999999936 -124.96930338394462
  endloop
endfacet
facet normal 0.9969173337331405 0.0 0.07845909572768514
  outer loop
    vertex -82.99999999998536 -399.69999999999936 -124.49999998882393
    vertex -82.96306502177086 -397.69999999999936 -124.96930338394462
    vertex -82.99999999998536 -397.69999999999936 -124.49999998882393
  endloop
endfacet
facet normal 0.38268343236512553 0.0 0.923879532511272
  outer loop
    vertex -80.92705098311028 -399.69999999999936 -127.35316953770938
    vertex -81.361971499204 -397.69999999999936 -127.17301956138903
    vertex -81.361971499204 -399.69999999999936 -127.17301956138903
  endloop
endfacet
facet normal 0.38268343236512553 0.0 0.923879532511272
  outer loop
    vertex -81.361971499204 -397.69999999999936 -127.17301956138903
    vertex -80.92705098311028 -399.69999999999936 -127.35316953770938
    vertex -80.92705098311028 -397.69999999999936 -127.35316953770938
  endloop
endfacet
facet normal 0.6494480483302201 0.0 0.7604059656000001
  outer loop
    vertex -81.76335575686285 -399.69999999999936 -126.92705097194876
    vertex -82.12132034354502 -397.69999999999936 -126.62132033238358
    vertex -82.12132034354502 -399.69999999999936 -126.62132033238358
  endloop
endfacet
facet normal 0.6494480483302201 0.0 0.7604059656000001
  outer loop
    vertex -82.12132034354502 -397.69999999999936 -126.62132033238358
    vertex -81.76335575686285 -399.69999999999936 -126.92705097194876
    vertex -81.76335575686285 -397.69999999999936 -126.92705097194876
  endloop
endfacet
facet normal 0.0 0.0 -1.0
  outer loop
    vertex -73.99999999998552 -397.69999999999936 -121.49999998882393
    vertex -79.99999999998542 -399.69999999999936 -121.49999998882393
    vertex -79.99999999998542 -397.69999999999936 -121.49999998882393
  endloop
endfacet
facet normal 0.0 0.0 -1.0
  outer loop
    vertex -79.99999999998542 -399.69999999999936 -121.49999998882393
    vertex -73.99999999998552 -397.69999999999936 -121.49999998882393
    vertex -73.99999999998552 -399.69999999999936 -121.49999998882393
  endloop
endfacet
facet normal -0.9238795325112762 -0.0 -0.38268343236511565
  outer loop
    vertex -71.3269804274204 -397.69999999999936 -123.13802848960529
    vertex -71.14683045110003 -399.69999999999936 -123.57294900569909
    vertex -71.3269804274204 -399.69999999999936 -123.13802848960529
  endloop
endfacet
facet normal -0.9238795325112762 -0.0 -0.38268343236511565
  outer loop
    vertex -71.14683045110003 -399.69999999999936 -123.57294900569909
    vertex -71.3269804274204 -397.69999999999936 -123.13802848960529
    vertex -71.14683045110003 -397.69999999999936 -123.57294900569909
  endloop
endfacet
facet normal -0.23344536385592868 0.0 0.972369920397671
  outer loop
    vertex -73.07294901686066 -399.69999999999936 -127.35316953770938
    vertex -73.53069660486483 -397.69999999999936 -127.46306501060934
    vertex -73.53069660486483 -399.69999999999936 -127.46306501060934
  endloop
endfacet
facet normal -0.23344536385592868 0.0 0.972369920397671
  outer loop
    vertex -73.53069660486483 -397.69999999999936 -127.46306501060934
    vertex -73.07294901686066 -399.69999999999936 -127.35316953770938
    vertex -73.07294901686066 -397.69999999999936 -127.35316953770938
  endloop
endfacet
facet normal -0.6494480483302201 -0.0 -0.7604059656000001
  outer loop
    vertex -71.87867965642592 -397.69999999999936 -122.37867964526428
    vertex -72.23664424310809 -399.69999999999936 -122.0729490056991
    vertex -72.23664424310809 -397.69999999999936 -122.0729490056991
  endloop
endfacet
facet normal -0.6494480483302201 -0.0 -0.7604059656000001
  outer loop
    vertex -72.23664424310809 -399.69999999999936 -122.0729490056991
    vertex -71.87867965642592 -397.69999999999936 -122.37867964526428
    vertex -71.87867965642592 -399.69999999999936 -122.37867964526428
  endloop
endfacet
facet normal -0.9723699203976793 -0.0 -0.23344536385589426
  outer loop
    vertex -71.14683045110003 -397.69999999999936 -123.57294900569909
    vertex -71.03693497820008 -399.69999999999936 -124.03069659370324
    vertex -71.14683045110003 -399.69999999999936 -123.57294900569909
  endloop
endfacet
facet normal -0.9723699203976793 -0.0 -0.23344536385589426
  outer loop
    vertex -71.03693497820008 -399.69999999999936 -124.03069659370324
    vertex -71.14683045110003 -397.69999999999936 -123.57294900569909
    vertex -71.03693497820008 -397.69999999999936 -124.03069659370324
  endloop
endfacet
facet normal -0.5224985647158966 0.0 0.8526401643541243
  outer loop
    vertex -72.23664424310809 -399.69999999999936 -126.92705097194876
    vertex -72.63802850076692 -397.69999999999936 -127.17301956138903
    vertex -72.63802850076692 -399.69999999999936 -127.17301956138903
  endloop
endfacet
facet normal -0.5224985647158966 0.0 0.8526401643541243
  outer loop
    vertex -72.63802850076692 -397.69999999999936 -127.17301956138903
    vertex -72.23664424310809 -399.69999999999936 -126.92705097194876
    vertex -72.23664424310809 -397.69999999999936 -126.92705097194876
  endloop
endfacet
facet normal -0.23344536385592868 -0.0 -0.972369920397671
  outer loop
    vertex -73.07294901686066 -397.69999999999936 -121.64683043993848
    vertex -73.53069660486483 -399.69999999999936 -121.53693496703852
    vertex -73.53069660486483 -397.69999999999936 -121.53693496703852
  endloop
endfacet
facet normal -0.23344536385592868 -0.0 -0.972369920397671
  outer loop
    vertex -73.53069660486483 -399.69999999999936 -121.53693496703852
    vertex -73.07294901686066 -397.69999999999936 -121.64683043993848
    vertex -73.07294901686066 -399.69999999999936 -121.64683043993848
  endloop
endfacet
facet normal -0.7604059655999659 -0.0 -0.6494480483302598
  outer loop
    vertex -71.87867965642592 -397.69999999999936 -122.37867964526428
    vertex -71.57294901686063 -399.69999999999936 -122.73664423194653
    vertex -71.87867965642592 -399.69999999999936 -122.37867964526428
  endloop
endfacet
facet normal -0.7604059655999659 -0.0 -0.6494480483302598
  outer loop
    vertex -71.57294901686063 -399.69999999999936 -122.73664423194653
    vertex -71.87867965642592 -397.69999999999936 -122.37867964526428
    vertex -71.57294901686063 -397.69999999999936 -122.73664423194653
  endloop
endfacet
facet normal -0.8526401643541064 -0.0 -0.5224985647159258
  outer loop
    vertex -71.57294901686063 -397.69999999999936 -122.73664423194653
    vertex -71.3269804274204 -399.69999999999936 -123.13802848960529
    vertex -71.57294901686063 -399.69999999999936 -122.73664423194653
  endloop
endfacet
facet normal -0.8526401643541064 -0.0 -0.5224985647159258
  outer loop
    vertex -71.3269804274204 -399.69999999999936 -123.13802848960529
    vertex -71.57294901686063 -397.69999999999936 -122.73664423194653
    vertex -71.3269804274204 -397.69999999999936 -123.13802848960529
  endloop
endfacet
facet normal -0.9238795325112762 0.0 0.38268343236511565
  outer loop
    vertex -71.14683045110003 -397.69999999999936 -125.42705097194876
    vertex -71.3269804274204 -399.69999999999936 -125.86197148804257
    vertex -71.14683045110003 -399.69999999999936 -125.42705097194876
  endloop
endfacet
facet normal -0.9238795325112762 0.0 0.38268343236511565
  outer loop
    vertex -71.3269804274204 -399.69999999999936 -125.86197148804257
    vertex -71.14683045110003 -397.69999999999936 -125.42705097194876
    vertex -71.3269804274204 -397.69999999999936 -125.86197148804257
  endloop
endfacet
facet normal 0.07845909572782803 0.0 -0.9969173337331294
  outer loop
    vertex -79.99999999998542 -397.69999999999936 -121.49999998882393
    vertex -80.46930339510611 -399.69999999999936 -121.53693496703852
    vertex -80.46930339510611 -397.69999999999936 -121.53693496703852
  endloop
endfacet
facet normal 0.07845909572782803 0.0 -0.9969173337331294
  outer loop
    vertex -80.46930339510611 -399.69999999999936 -121.53693496703852
    vertex -79.99999999998542 -397.69999999999936 -121.49999998882393
    vertex -79.99999999998542 -399.69999999999936 -121.49999998882393
  endloop
endfacet
facet normal -0.6494480483302201 0.0 0.7604059656000001
  outer loop
    vertex -71.87867965642592 -399.69999999999936 -126.62132033238358
    vertex -72.23664424310809 -397.69999999999936 -126.92705097194876
    vertex -72.23664424310809 -399.69999999999936 -126.92705097194876
  endloop
endfacet
facet normal -0.6494480483302201 0.0 0.7604059656000001
  outer loop
    vertex -72.23664424310809 -397.69999999999936 -126.92705097194876
    vertex -71.87867965642592 -399.69999999999936 -126.62132033238358
    vertex -71.87867965642592 -397.69999999999936 -126.62132033238358
  endloop
endfacet
facet normal 0.23344536385592868 0.0 -0.972369920397671
  outer loop
    vertex -80.46930339510611 -397.69999999999936 -121.53693496703852
    vertex -80.92705098311028 -399.69999999999936 -121.64683043993848
    vertex -80.92705098311028 -397.69999999999936 -121.64683043993848
  endloop
endfacet
facet normal 0.23344536385592868 0.0 -0.972369920397671
  outer loop
    vertex -80.92705098311028 -399.69999999999936 -121.64683043993848
    vertex -80.46930339510611 -397.69999999999936 -121.53693496703852
    vertex -80.46930339510611 -399.69999999999936 -121.53693496703852
  endloop
endfacet
facet normal 0.5224985647158966 0.0 -0.8526401643541243
  outer loop
    vertex -81.361971499204 -397.69999999999936 -121.82698041625883
    vertex -81.76335575686285 -399.69999999999936 -122.0729490056991
    vertex -81.76335575686285 -397.69999999999936 -122.0729490056991
  endloop
endfacet
facet normal 0.5224985647158966 0.0 -0.8526401643541243
  outer loop
    vertex -81.76335575686285 -399.69999999999936 -122.0729490056991
    vertex -81.361971499204 -397.69999999999936 -121.82698041625883
    vertex -81.361971499204 -399.69999999999936 -121.82698041625883
  endloop
endfacet
facet normal -0.38268343236512553 -0.0 -0.923879532511272
  outer loop
    vertex -72.63802850076692 -397.69999999999936 -121.82698041625883
    vertex -73.07294901686066 -399.69999999999936 -121.64683043993848
    vertex -73.07294901686066 -397.69999999999936 -121.64683043993848
  endloop
endfacet
facet normal -0.38268343236512553 -0.0 -0.923879532511272
  outer loop
    vertex -73.07294901686066 -399.69999999999936 -121.64683043993848
    vertex -72.63802850076692 -397.69999999999936 -121.82698041625883
    vertex -72.63802850076692 -399.69999999999936 -121.82698041625883
  endloop
endfacet
facet normal 0.7604059655999659 0.0 -0.6494480483302598
  outer loop
    vertex -82.42705098311029 -397.69999999999936 -122.73664423194653
    vertex -82.12132034354502 -399.69999999999936 -122.37867964526428
    vertex -82.42705098311029 -399.69999999999936 -122.73664423194653
  endloop
endfacet
facet normal 0.7604059655999659 0.0 -0.6494480483302598
  outer loop
    vertex -82.12132034354502 -399.69999999999936 -122.37867964526428
    vertex -82.42705098311029 -397.69999999999936 -122.73664423194653
    vertex -82.12132034354502 -397.69999999999936 -122.37867964526428
  endloop
endfacet
facet normal -0.07845909572782803 -0.0 -0.9969173337331294
  outer loop
    vertex -73.53069660486483 -397.69999999999936 -121.53693496703852
    vertex -73.99999999998552 -399.69999999999936 -121.49999998882393
    vertex -73.99999999998552 -397.69999999999936 -121.49999998882393
  endloop
endfacet
facet normal -0.07845909572782803 -0.0 -0.9969173337331294
  outer loop
    vertex -73.99999999998552 -399.69999999999936 -121.49999998882393
    vertex -73.53069660486483 -397.69999999999936 -121.53693496703852
    vertex -73.53069660486483 -399.69999999999936 -121.53693496703852
  endloop
endfacet
facet normal 0.6494480483302201 0.0 -0.7604059656000001
  outer loop
    vertex -81.76335575686285 -397.69999999999936 -122.0729490056991
    vertex -82.12132034354502 -399.69999999999936 -122.37867964526428
    vertex -82.12132034354502 -397.69999999999936 -122.37867964526428
  endloop
endfacet
facet normal 0.6494480483302201 0.0 -0.7604059656000001
  outer loop
    vertex -82.12132034354502 -399.69999999999936 -122.37867964526428
    vertex -81.76335575686285 -397.69999999999936 -122.0729490056991
    vertex -81.76335575686285 -399.69999999999936 -122.0729490056991
  endloop
endfacet
facet normal -0.5224985647158966 -0.0 -0.8526401643541243
  outer loop
    vertex -72.23664424310809 -397.69999999999936 -122.0729490056991
    vertex -72.63802850076692 -399.69999999999936 -121.82698041625883
    vertex -72.63802850076692 -397.69999999999936 -121.82698041625883
  endloop
endfacet
facet normal -0.5224985647158966 -0.0 -0.8526401643541243
  outer loop
    vertex -72.63802850076692 -399.69999999999936 -121.82698041625883
    vertex -72.23664424310809 -397.69999999999936 -122.0729490056991
    vertex -72.23664424310809 -399.69999999999936 -122.0729490056991
  endloop
endfacet
facet normal 0.38268343236512553 0.0 -0.923879532511272
  outer loop
    vertex -80.92705098311028 -397.69999999999936 -121.64683043993848
    vertex -81.361971499204 -399.69999999999936 -121.82698041625883
    vertex -81.361971499204 -397.69999999999936 -121.82698041625883
  endloop
endfacet
facet normal 0.38268343236512553 0.0 -0.923879532511272
  outer loop
    vertex -81.361971499204 -399.69999999999936 -121.82698041625883
    vertex -80.92705098311028 -397.69999999999936 -121.64683043993848
    vertex -80.92705098311028 -399.69999999999936 -121.64683043993848
  endloop
endfacet
facet normal -0.9969173337331405 0.0 0.07845909572768514
  outer loop
    vertex -70.99999999998556 -397.69999999999936 -124.49999998882393
    vertex -71.03693497820008 -399.69999999999936 -124.96930338394462
    vertex -70.99999999998556 -399.69999999999936 -124.49999998882393
  endloop
endfacet
facet normal -0.9969173337331405 0.0 0.07845909572768514
  outer loop
    vertex -71.03693497820008 -399.69999999999936 -124.96930338394462
    vertex -70.99999999998556 -397.69999999999936 -124.49999998882393
    vertex -71.03693497820008 -397.69999999999936 -124.96930338394462
  endloop
endfacet
facet normal -0.9723699203976793 0.0 0.23344536385589426
  outer loop
    vertex -71.03693497820008 -397.69999999999936 -124.96930338394462
    vertex -71.14683045110003 -399.69999999999936 -125.42705097194876
    vertex -71.03693497820008 -399.69999999999936 -124.96930338394462
  endloop
endfacet
facet normal -0.9723699203976793 0.0 0.23344536385589426
  outer loop
    vertex -71.14683045110003 -399.69999999999936 -125.42705097194876
    vertex -71.03693497820008 -397.69999999999936 -124.96930338394462
    vertex -71.14683045110003 -397.69999999999936 -125.42705097194876
  endloop
endfacet
facet normal -0.8526401643541064 0.0 0.5224985647159258
  outer loop
    vertex -71.3269804274204 -397.69999999999936 -125.86197148804257
    vertex -71.57294901686063 -399.69999999999936 -126.26335574570133
    vertex -71.3269804274204 -399.69999999999936 -125.86197148804257
  endloop
endfacet
facet normal -0.8526401643541064 0.0 0.5224985647159258
  outer loop
    vertex -71.57294901686063 -399.69999999999936 -126.26335574570133
    vertex -71.3269804274204 -397.69999999999936 -125.86197148804257
    vertex -71.57294901686063 -397.69999999999936 -126.26335574570133
  endloop
endfacet
facet normal -0.7604059655999659 0.0 0.6494480483302598
  outer loop
    vertex -71.57294901686063 -397.69999999999936 -126.26335574570133
    vertex -71.87867965642592 -399.69999999999936 -126.62132033238358
    vertex -71.57294901686063 -399.69999999999936 -126.26335574570133
  endloop
endfacet
facet normal -0.7604059655999659 0.0 0.6494480483302598
  outer loop
    vertex -71.87867965642592 -399.69999999999936 -126.62132033238358
    vertex -71.57294901686063 -397.69999999999936 -126.26335574570133
    vertex -71.87867965642592 -397.69999999999936 -126.62132033238358
  endloop
endfacet
facet normal 0.8526401643541064 0.0 -0.5224985647159258
  outer loop
    vertex -82.67301957255053 -397.69999999999936 -123.13802848960529
    vertex -82.42705098311029 -399.69999999999936 -122.73664423194653
    vertex -82.67301957255053 -399.69999999999936 -123.13802848960529
  endloop
endfacet
facet normal 0.8526401643541064 0.0 -0.5224985647159258
  outer loop
    vertex -82.42705098311029 -399.69999999999936 -122.73664423194653
    vertex -82.67301957255053 -397.69999999999936 -123.13802848960529
    vertex -82.42705098311029 -397.69999999999936 -122.73664423194653
  endloop
endfacet
facet normal -0.38268343236512553 0.0 0.923879532511272
  outer loop
    vertex -72.63802850076692 -399.69999999999936 -127.17301956138903
    vertex -73.07294901686066 -397.69999999999936 -127.35316953770938
    vertex -73.07294901686066 -399.69999999999936 -127.35316953770938
  endloop
endfacet
facet normal -0.38268343236512553 0.0 0.923879532511272
  outer loop
    vertex -73.07294901686066 -397.69999999999936 -127.35316953770938
    vertex -72.63802850076692 -399.69999999999936 -127.17301956138903
    vertex -72.63802850076692 -397.69999999999936 -127.17301956138903
  endloop
endfacet
facet normal -0.07845909572782803 0.0 0.9969173337331294
  outer loop
    vertex -73.53069660486483 -399.69999999999936 -127.46306501060934
    vertex -73.99999999998552 -397.69999999999936 -127.49999998882393
    vertex -73.99999999998552 -399.69999999999936 -127.49999998882393
  endloop
endfacet
facet normal -0.07845909572782803 0.0 0.9969173337331294
  outer loop
    vertex -73.99999999998552 -397.69999999999936 -127.49999998882393
    vertex -73.53069660486483 -399.69999999999936 -127.46306501060934
    vertex -73.53069660486483 -397.69999999999936 -127.46306501060934
  endloop
endfacet
facet normal -0.9969173337331405 -0.0 -0.07845909572768514
  outer loop
    vertex -71.03693497820008 -397.69999999999936 -124.03069659370324
    vertex -70.99999999998556 -399.69999999999936 -124.49999998882393
    vertex -71.03693497820008 -399.69999999999936 -124.03069659370324
  endloop
endfacet
facet normal -0.9969173337331405 -0.0 -0.07845909572768514
  outer loop
    vertex -70.99999999998556 -399.69999999999936 -124.49999998882393
    vertex -71.03693497820008 -397.69999999999936 -124.03069659370324
    vertex -70.99999999998556 -397.69999999999936 -124.49999998882393
  endloop
endfacet
facet normal 2.318470517414018e-16 -1.0 -1.4461320376568127e-15
  outer loop
    vertex 120.50929662495248 -401.69999999999925 -141.9368553097045
    vertex -116.49999999998532 -401.69999999999925 -141.99999999999974
    vertex 118.50000000001447 -401.69999999999925 -141.99999999999983
  endloop
endfacet
facet normal 2.318470517414018e-16 -1.0 -1.4461320376568127e-15
  outer loop
    vertex -116.49999999998532 -401.69999999999925 -141.99999999999974
    vertex 120.50929662495248 -401.69999999999925 -141.9368553097045
    vertex -118.50929662492335 -401.69999999999925 -141.9368553097044
  endloop
endfacet
facet normal 2.318470517414018e-16 -1.0 -1.4461320376568127e-15
  outer loop
    vertex -118.50929662492335 -401.69999999999925 -141.9368553097044
    vertex 120.50929662495248 -401.69999999999925 -141.9368553097045
    vertex 122.51066347407217 -401.69999999999925 -141.74767044206314
  endloop
endfacet
facet normal 2.318470517414018e-16 -1.0 -1.4461320376568127e-15
  outer loop
    vertex -118.50929662492335 -401.69999999999925 -141.9368553097044
    vertex 122.51066347407217 -401.69999999999925 -141.74767044206314
    vertex -120.51066347404307 -401.69999999999925 -141.74767044206303
  endloop
endfacet
facet normal 2.318470517414018e-16 -1.0 -1.4461320376568127e-15
  outer loop
    vertex -120.51066347404307 -401.69999999999925 -141.74767044206303
    vertex 122.51066347407217 -401.69999999999925 -141.74767044206314
    vertex 124.49620206675766 -401.69999999999925 -141.4331920233179
  endloop
endfacet
facet normal 2.318470517414018e-16 -1.0 -1.4461320376568127e-15
  outer loop
    vertex -120.51066347404307 -401.69999999999925 -141.74767044206303
    vertex 124.49620206675766 -401.69999999999925 -141.4331920233179
    vertex -122.49620206672851 -401.69999999999925 -141.4331920233178
  endloop
endfacet
facet normal 2.318470517414018e-16 -1.0 -1.4461320376568127e-15
  outer loop
    vertex -122.49620206672851 -401.69999999999925 -141.4331920233178
    vertex 124.49620206675766 -401.69999999999925 -141.4331920233179
    vertex 126.4580763892898 -401.69999999999925 -140.99466115611605
  endloop
endfacet
facet normal 2.318470517414018e-16 -1.0 -1.4461320376568127e-15
  outer loop
    vertex -122.49620206672851 -401.69999999999925 -141.4331920233178
    vertex 126.4580763892898 -401.69999999999925 -140.99466115611605
    vertex -124.45807638926067 -401.69999999999925 -140.99466115611594
  endloop
endfacet
facet normal 2.318470517414018e-16 -1.0 -1.4461320376568127e-15
  outer loop
    vertex -124.45807638926067 -401.69999999999925 -140.99466115611594
    vertex 126.4580763892898 -401.69999999999925 -140.99466115611605
    vertex 128.38854382001279 -401.69999999999925 -140.4338085214448
  endloop
endfacet
facet normal 2.318470517414018e-16 -1.0 -1.4461320376568127e-15
  outer loop
    vertex -124.45807638926067 -401.69999999999925 -140.99466115611594
    vertex 128.38854382001279 -401.69999999999925 -140.4338085214448
    vertex -126.38854381998364 -401.69999999999925 -140.4338085214447
  endloop
endfacet
facet normal 2.318470517414018e-16 -1.0 -1.4461320376568127e-15
  outer loop
    vertex -126.38854381998364 -401.69999999999925 -140.4338085214447
    vertex 128.38854382001279 -401.69999999999925 -140.4338085214448
    vertex 130.27998568592415 -401.69999999999925 -139.75284754842392
  endloop
endfacet
facet normal 2.318470517414018e-16 -1.0 -1.4461320376568127e-15
  outer loop
    vertex -126.38854381998364 -401.69999999999925 -140.4338085214447
    vertex 130.27998568592415 -401.69999999999925 -139.75284754842392
    vertex -128.279985685895 -401.69999999999925 -139.7528475484238
  endloop
endfacet
facet normal 2.318470517414018e-16 -1.0 -1.4461320376568127e-15
  outer loop
    vertex -128.279985685895 -401.69999999999925 -139.7528475484238
    vertex 130.27998568592415 -401.69999999999925 -139.75284754842392
    vertex 132.12493733009677 -401.69999999999925 -138.95446567891253
  endloop
endfacet
facet normal 2.318470517414018e-16 -1.0 -1.4461320376568127e-15
  outer loop
    vertex -128.279985685895 -401.69999999999925 -139.7528475484238
    vertex 132.12493733009677 -401.69999999999925 -138.95446567891253
    vertex -130.12493733006764 -401.69999999999925 -138.95446567891238
  endloop
endfacet
facet normal 2.318470517414018e-16 -1.0 -1.4461320376568127e-15
  outer loop
    vertex -130.12493733006764 -401.69999999999925 -138.95446567891238
    vertex 132.12493733009677 -401.69999999999925 -138.95446567891253
    vertex 133.91611757126938 -401.69999999999925 -138.04181376140355
  endloop
endfacet
facet normal 2.318470517414018e-16 -1.0 -1.4461320376568127e-15
  outer loop
    vertex -130.12493733006764 -401.69999999999925 -138.95446567891238
    vertex 133.91611757126938 -401.69999999999925 -138.04181376140355
    vertex -131.9161175712402 -401.69999999999925 -138.0418137614034
  endloop
endfacet
facet normal 2.318470517414018e-16 -1.0 -1.4461320376568127e-15
  outer loop
    vertex -131.9161175712402 -401.69999999999925 -138.0418137614034
    vertex 133.91611757126938 -401.69999999999925 -138.04181376140355
    vertex 135.64645743934236 -401.69999999999925 -137.0184936160644
  endloop
endfacet
facet normal 2.318470517414018e-16 -1.0 -1.4461320376568127e-15
  outer loop
    vertex -131.9161175712402 -401.69999999999925 -138.0418137614034
    vertex 135.64645743934236 -401.69999999999925 -137.0184936160644
    vertex -133.64645743931322 -401.69999999999925 -137.01849361606426
  endloop
endfacet
facet normal 2.318470517414018e-16 -1.0 -1.4461320376568127e-15
  outer loop
    vertex -133.64645743931322 -401.69999999999925 -137.01849361606426
    vertex 135.64645743934236 -401.69999999999925 -137.0184936160644
    vertex 137.30912807337364 -401.69999999999925 -135.88854381999823
  endloop
endfacet
facet normal 2.318470517414018e-16 -1.0 -1.4461320376568127e-15
  outer loop
    vertex -133.64645743931322 -401.69999999999925 -137.01849361606426
    vertex 137.30912807337364 -401.69999999999925 -135.88854381999823
    vertex -135.30912807334445 -401.69999999999925 -135.88854381999812
  endloop
endfacet
facet normal 2.318470517414018e-16 -1.0 -1.4461320376568127e-15
  outer loop
    vertex -135.30912807334445 -401.69999999999925 -135.88854381999812
    vertex 137.30912807337364 -401.69999999999925 -135.88854381999823
    vertex 138.8975676719726 -401.69999999999925 -134.6564237688252
  endloop
endfacet
facet normal 2.318470517414018e-16 -1.0 -1.4461320376568127e-15
  outer loop
    vertex -135.30912807334445 -401.69999999999925 -135.88854381999812
    vertex 138.8975676719726 -401.69999999999925 -134.6564237688252
    vertex -136.89756767194336 -401.69999999999925 -134.65642376882505
  endloop
endfacet
facet normal 2.318470517414018e-16 -1.0 -1.4461320376568127e-15
  outer loop
    vertex -136.89756767194336 -401.69999999999925 -134.65642376882505
    vertex 138.8975676719726 -401.69999999999925 -134.6564237688252
    vertex 118.50000000001474 -401.69999999999976 -133.8999999999995
  endloop
endfacet
facet normal 2.318470517414018e-16 -1.0 -1.4461320376568127e-15
  outer loop
    vertex 118.50000000001474 -401.69999999999976 -133.8999999999995
    vertex 138.8975676719726 -401.69999999999925 -134.6564237688252
    vertex 140.4055073897325 -401.69999999999925 -133.3269960774851
  endloop
endfacet
facet normal 2.318470517414018e-16 -1.0 -1.4461320376568127e-15
  outer loop
    vertex -136.89756767194336 -401.69999999999925 -134.65642376882505
    vertex 118.50000000001474 -401.69999999999976 -133.8999999999995
    vertex -116.49999999998614 -401.6999999999994 -133.89999999999984
  endloop
endfacet
facet normal 2.318470517414018e-16 -1.0 -1.4461320376568127e-15
  outer loop
    vertex -116.49999999998614 -401.6999999999994 -133.89999999999984
    vertex 118.50000000001474 -401.69999999999976 -133.8999999999995
    vertex -54.499999999984716 -401.6999999999994 -133.89999999999955
  endloop
endfacet
facet normal 2.318470517414018e-16 -1.0 -1.4461320376568127e-15
  outer loop
    vertex 118.50000000001474 -401.69999999999976 -133.8999999999995
    vertex 140.4055073897325 -401.69999999999925 -133.3269960774851
    vertex 119.88535266699564 -401.69999999999976 -133.82576159491373
  endloop
endfacet
facet normal 2.318470517414018e-16 -1.0 -1.4461320376568127e-15
  outer loop
    vertex 119.88535266699564 -401.69999999999976 -133.82576159491373
    vertex 140.4055073897325 -401.69999999999925 -133.3269960774851
    vertex 121.26345506477782 -401.69999999999976 -133.6659268867683
  endloop
endfacet
facet normal 2.318470517414018e-16 -1.0 -1.4461320376568127e-15
  outer loop
    vertex 121.26345506477782 -401.69999999999976 -133.6659268867683
    vertex 140.4055073897325 -401.69999999999925 -133.3269960774851
    vertex 122.62902358993348 -401.69999999999976 -133.4211086770598
  endloop
endfacet
facet normal 2.318470517414018e-16 -1.0 -1.4461320376568127e-15
  outer loop
    vertex 122.62902358993348 -401.69999999999976 -133.4211086770598
    vertex 140.4055073897325 -401.69999999999925 -133.3269960774851
    vertex 123.97682269352839 -401.69999999999976 -133.09224559149132
  endloop
endfacet
facet normal 2.318470517414018e-16 -1.0 -1.4461320376568127e-15
  outer loop
    vertex 123.97682269352839 -401.69999999999976 -133.09224559149132
    vertex 140.4055073897325 -401.69999999999925 -133.3269960774851
    vertex 141.82699607749967 -401.69999999999925 -131.905507389718
  endloop
endfacet
facet normal 2.318470517414018e-16 -1.0 -1.4461320376568127e-15
  outer loop
    vertex 123.97682269352839 -401.69999999999976 -133.09224559149132
    vertex 141.82699607749967 -401.69999999999925 -131.905507389718
    vertex 125.30168495405955 -401.6999999999997 -132.68059848130935
  endloop
endfacet
facet normal 2.318470517414018e-16 -1.0 -1.4461320376568127e-15
  outer loop
    vertex 125.30168495405955 -401.6999999999997 -132.68059848130935
    vertex 141.82699607749967 -401.69999999999925 -131.905507389718
    vertex 126.59853088919515 -401.6999999999997 -132.187745589238
  endloop
endfacet
facet normal 2.318470517414018e-16 -1.0 -1.4461320376568127e-15
  outer loop
    vertex 126.59853088919515 -401.6999999999997 -132.187745589238
    vertex 141.82699607749967 -401.69999999999925 -131.905507389718
    vertex 127.86238843035822 -401.6999999999997 -131.61557649854345
  endloop
endfacet
facet normal 2.318470517414018e-16 -1.0 -1.4461320376568127e-15
  outer loop
    vertex 127.86238843035822 -401.6999999999997 -131.61557649854345
    vertex 141.82699607749967 -401.69999999999925 -131.905507389718
    vertex 143.1564237688398 -401.69999999999925 -130.39756767195803
  endloop
endfacet
facet normal 2.318470517414018e-16 -1.0 -1.4461320376568127e-15
  outer loop
    vertex 127.86238843035822 -401.6999999999997 -131.61557649854345
    vertex 143.1564237688398 -401.69999999999925 -130.39756767195803
    vertex 129.08841198548856 -401.6999999999997 -130.96628488842802
  endloop
endfacet
facet normal 2.318470517414018e-16 -1.0 -1.4461320376568127e-15
  outer loop
    vertex 129.08841198548856 -401.6999999999997 -130.96628488842802
    vertex 143.1564237688398 -401.69999999999925 -130.39756767195803
    vertex 130.27190101689874 -401.6999999999997 -130.2423601235299
  endloop
endfacet
facet normal 2.318470517414018e-16 -1.0 -1.4461320376568127e-15
  outer loop
    vertex 130.27190101689874 -401.6999999999997 -130.2423601235299
    vertex 143.1564237688398 -401.69999999999925 -130.39756767195803
    vertex 144.38854382001284 -401.69999999999925 -128.8091280733591
  endloop
endfacet
facet normal 2.318470517414018e-16 -1.0 -1.4461320376568127e-15
  outer loop
    vertex 130.27190101689874 -401.6999999999997 -130.2423601235299
    vertex 144.38854382001284 -401.69999999999925 -128.8091280733591
    vertex 131.40831806299428 -401.6999999999997 -129.44657770977327
  endloop
endfacet
facet normal 2.318470517414018e-16 -1.0 -1.4461320376568127e-15
  outer loop
    vertex 131.40831806299428 -401.6999999999997 -129.44657770977327
    vertex 144.38854382001284 -401.69999999999925 -128.8091280733591
    vertex 132.49330613476647 -401.6999999999997 -128.5819886531615
  endloop
endfacet
facet normal 2.318470517414018e-16 -1.0 -1.4461320376568127e-15
  outer loop
    vertex 132.49330613476647 -401.6999999999997 -128.5819886531615
    vertex 144.38854382001284 -401.69999999999925 -128.8091280733591
    vertex 145.51849361607896 -401.69999999999925 -127.14645743932786
  endloop
endfacet
facet normal 2.318470517414018e-16 -1.0 -1.4461320376568127e-15
  outer loop
    vertex 132.49330613476647 -401.6999999999997 -128.5819886531615
    vertex 145.51849361607896 -401.69999999999925 -127.14645743932786
    vertex 133.52270542035805 -401.6999999999997 -127.65190776231148
  endloop
endfacet
facet normal 2.318470517414018e-16 -1.0 -1.4461320376568127e-15
  outer loop
    vertex 133.52270542035805 -401.6999999999997 -127.65190776231148
    vertex 145.51849361607896 -401.69999999999925 -127.14645743932786
    vertex 134.49256923365735 -401.6999999999997 -126.65990093957613
  endloop
endfacet
facet normal 2.318470517414018e-16 -1.0 -1.4461320376568127e-15
  outer loop
    vertex 134.49256923365735 -401.6999999999997 -126.65990093957613
    vertex 145.51849361607896 -401.69999999999925 -127.14645743932786
    vertex 146.5418137614181 -401.69999999999925 -125.41611757125486
  endloop
endfacet
facet normal 2.318470517414018e-16 -1.0 -1.4461320376568127e-15
  outer loop
    vertex 134.49256923365735 -401.6999999999997 -126.65990093957613
    vertex 146.5418137614181 -401.69999999999925 -125.41611757125486
    vertex 135.399179145775 -401.6999999999996 -125.60977150948155
  endloop
endfacet
facet normal 2.318470517414018e-16 -1.0 -1.4461320376568127e-15
  outer loop
    vertex 135.399179145775 -401.6999999999996 -125.60977150948155
    vertex 146.5418137614181 -401.69999999999925 -125.41611757125486
    vertex 136.2390592413895 -401.6999999999996 -124.5055456368941
  endloop
endfacet
facet normal 2.318470517414018e-16 -1.0 -1.4461320376568127e-15
  outer loop
    vertex 136.2390592413895 -401.6999999999996 -124.5055456368941
    vertex 146.5418137614181 -401.69999999999925 -125.41611757125486
    vertex 147.4544656789271 -401.69999999999925 -123.6249373300823
  endloop
endfacet
facet normal 2.318470517414018e-16 -1.0 -1.4461320376568127e-15
  outer loop
    vertex 136.2390592413895 -401.6999999999996 -124.5055456368941
    vertex 147.4544656789271 -401.69999999999925 -123.6249373300823
    vertex 137.00898944530235 -401.6999999999996 -123.35145689082488
  endloop
endfacet
facet normal 2.318470517414018e-16 -1.0 -1.4461320376568127e-15
  outer loop
    vertex 137.00898944530235 -401.6999999999996 -123.35145689082488
    vertex 147.4544656789271 -401.69999999999925 -123.6249373300823
    vertex 148.25284754843858 -401.69999999999925 -121.77998568590968
  endloop
endfacet
facet normal 2.318470517414018e-16 -1.0 -1.4461320376568127e-15
  outer loop
    vertex 137.00898944530235 -401.6999999999996 -123.35145689082488
    vertex 148.25284754843858 -401.69999999999925 -121.77998568590968
    vertex 137.7060178681103 -401.6999999999996 -122.15193001305241
  endloop
endfacet
facet normal 2.318470517414018e-16 -1.0 -1.4461320376568127e-15
  outer loop
    vertex 137.7060178681103 -401.6999999999996 -122.15193001305241
    vertex 148.25284754843858 -401.69999999999925 -121.77998568590968
    vertex 138.32747212366155 -401.6999999999996 -120.91156395379483
  endloop
endfacet
facet normal 2.318470517414018e-16 -1.0 -1.4461320376568127e-15
  outer loop
    vertex 138.32747212366155 -401.6999999999996 -120.91156395379483
    vertex 148.25284754843858 -401.69999999999925 -121.77998568590968
    vertex 148.9338085214594 -401.69999999999925 -119.88854381999832
  endloop
endfacet
facet normal 2.318470517414018e-16 -1.0 -1.4461320376568127e-15
  outer loop
    vertex 138.32747212366155 -401.6999999999996 -120.91156395379483
    vertex 148.9338085214594 -401.69999999999925 -119.88854381999832
    vertex 138.8709695749037 -401.6999999999996 -119.63511423947226
  endloop
endfacet
facet normal 2.318470517414018e-16 -1.0 -1.4461320376568127e-15
  outer loop
    vertex 138.8709695749037 -401.6999999999996 -119.63511423947226
    vertex 148.9338085214594 -401.69999999999925 -119.88854381999832
    vertex 149.49466115613072 -401.69999999999925 -117.95807638927536
  endloop
endfacet
facet normal 2.318470517414018e-16 -1.0 -1.4461320376568127e-15
  outer loop
    vertex 138.8709695749037 -401.6999999999996 -119.63511423947226
    vertex 149.49466115613072 -401.69999999999925 -117.95807638927536
    vertex 139.33442646884356 -401.6999999999996 -118.32747474016045
  endloop
endfacet
facet normal 2.318470517414018e-16 -1.0 -1.4461320376568127e-15
  outer loop
    vertex 139.33442646884356 -401.6999999999996 -118.32747474016045
    vertex 149.49466115613072 -401.69999999999925 -117.95807638927536
    vertex 139.7160659255938 -401.6999999999996 -116.99365890663911
  endloop
endfacet
facet normal 2.318470517414018e-16 -1.0 -1.4461320376568127e-15
  outer loop
    vertex 139.7160659255938 -401.6999999999996 -116.99365890663911
    vertex 149.49466115613072 -401.69999999999925 -117.95807638927536
    vertex 149.93319202333254 -401.69999999999925 -115.9962020667432
  endloop
endfacet
facet normal 2.318470517414018e-16 -1.0 -1.4461320376568127e-15
  outer loop
    vertex 139.7160659255938 -401.6999999999996 -116.99365890663911
    vertex 149.93319202333254 -401.69999999999925 -115.9962020667432
    vertex 140.0144247508772 -401.6999999999996 -115.63878054897141
  endloop
endfacet
facet normal 2.318470517414018e-16 -1.0 -1.4461320376568127e-15
  outer loop
    vertex 140.0144247508772 -401.6999999999996 -115.63878054897141
    vertex 149.93319202333254 -401.69999999999925 -115.9962020667432
    vertex 150.2476704420778 -401.69999999999925 -114.01066347405775
  endloop
endfacet
facet normal 2.318470517414018e-16 -1.0 -1.4461320376568127e-15
  outer loop
    vertex 140.0144247508772 -401.6999999999996 -115.63878054897141
    vertex 150.2476704420778 -401.69999999999925 -114.01066347405775
    vertex 140.22835904586992 -401.6999999999996 -114.2680342303089
  endloop
endfacet
facet normal 2.318470517414018e-16 -1.0 -1.4461320376568127e-15
  outer loop
    vertex 140.22835904586992 -401.6999999999996 -114.2680342303089
    vertex 150.2476704420778 -401.69999999999925 -114.01066347405775
    vertex 140.35704859287534 -401.6999999999996 -112.88667535109164
  endloop
endfacet
facet normal 2.318470517414018e-16 -1.0 -1.4461320376568127e-15
  outer loop
    vertex 140.35704859287534 -401.6999999999996 -112.88667535109164
    vertex 150.2476704420778 -401.69999999999925 -114.01066347405775
    vertex 150.43685530971928 -401.69999999999925 -112.00929662493805
  endloop
endfacet
facet normal 2.318470517414018e-16 -1.0 -1.4461320376568127e-15
  outer loop
    vertex 140.35704859287534 -401.6999999999996 -112.88667535109164
    vertex 150.43685530971928 -401.69999999999925 -112.00929662493805
    vertex 140.40000000001453 -401.69999999999953 -111.49999999999982
  endloop
endfacet
facet normal 2.318470517414018e-16 -1.0 -1.4461320376568127e-15
  outer loop
    vertex 140.40000000001453 -401.69999999999953 -111.49999999999982
    vertex 150.43685530971928 -401.69999999999925 -112.00929662493805
    vertex 150.50000000001458 -401.69999999999925 -110.00000000000003
  endloop
endfacet
facet normal 2.318470517414018e-16 -1.0 -1.4461320376568127e-15
  outer loop
    vertex 140.40000000001453 -401.69999999999953 -111.49999999999982
    vertex 150.50000000001458 -401.69999999999925 -110.00000000000003
    vertex 140.35704859287534 -401.69999999999953 -110.113324648908
  endloop
endfacet
facet normal 2.318470517414018e-16 -1.0 -1.4461320376568127e-15
  outer loop
    vertex 140.35704859287534 -401.69999999999953 -110.113324648908
    vertex 150.50000000001458 -401.69999999999925 -110.00000000000003
    vertex 140.22835904586992 -401.69999999999953 -108.73196576969075
  endloop
endfacet
facet normal 2.318470517414018e-16 -1.0 -1.4461320376568127e-15
  outer loop
    vertex 140.22835904586992 -401.69999999999953 -108.73196576969075
    vertex 150.50000000001458 -401.69999999999925 -110.00000000000003
    vertex 150.43685530971928 -401.69999999999925 -107.990703375062
  endloop
endfacet
facet normal 2.318470517414018e-16 -1.0 -1.4461320376568127e-15
  outer loop
    vertex 140.22835904586992 -401.69999999999953 -108.73196576969075
    vertex 150.43685530971928 -401.69999999999925 -107.990703375062
    vertex 140.0144247508772 -401.69999999999953 -107.36121945102823
  endloop
endfacet
facet normal 2.318470517414018e-16 -1.0 -1.4461320376568127e-15
  outer loop
    vertex 140.0144247508772 -401.69999999999953 -107.36121945102823
    vertex 150.43685530971928 -401.69999999999925 -107.990703375062
    vertex 150.2476704420779 -401.69999999999925 -105.98933652594228
  endloop
endfacet
facet normal 2.318470517414018e-16 -1.0 -1.4461320376568127e-15
  outer loop
    vertex 140.0144247508772 -401.69999999999953 -107.36121945102823
    vertex 150.2476704420779 -401.69999999999925 -105.98933652594228
    vertex 139.7160659255938 -401.69999999999953 -106.00634109336053
  endloop
endfacet
facet normal 2.318470517414018e-16 -1.0 -1.4461320376568127e-15
  outer loop
    vertex 139.7160659255938 -401.69999999999953 -106.00634109336053
    vertex 150.2476704420779 -401.69999999999925 -105.98933652594228
    vertex 139.33442646884356 -401.69999999999953 -104.67252525983918
  endloop
endfacet
facet normal 2.318470517414018e-16 -1.0 -1.4461320376568127e-15
  outer loop
    vertex 139.33442646884356 -401.69999999999953 -104.67252525983918
    vertex 150.2476704420779 -401.69999999999925 -105.98933652594228
    vertex 149.93319202333262 -401.69999999999925 -104.00379793325683
  endloop
endfacet
facet normal 2.318470517414018e-16 -1.0 -1.4461320376568127e-15
  outer loop
    vertex 139.33442646884356 -401.69999999999953 -104.67252525983918
    vertex 149.93319202333262 -401.69999999999925 -104.00379793325683
    vertex 138.8709695749037 -401.69999999999953 -103.36488576052736
  endloop
endfacet
facet normal 2.318470517414018e-16 -1.0 -1.4461320376568127e-15
  outer loop
    vertex 138.8709695749037 -401.69999999999953 -103.36488576052736
    vertex 149.93319202333262 -401.69999999999925 -104.00379793325683
    vertex 149.4946611561308 -401.69999999999925 -102.0419236107247
  endloop
endfacet
facet normal 2.318470517414018e-16 -1.0 -1.4461320376568127e-15
  outer loop
    vertex 138.8709695749037 -401.69999999999953 -103.36488576052736
    vertex 149.4946611561308 -401.69999999999925 -102.0419236107247
    vertex 138.32747212366164 -401.69999999999953 -102.08843604620482
  endloop
endfacet
facet normal 2.318470517414018e-16 -1.0 -1.4461320376568127e-15
  outer loop
    vertex 138.32747212366164 -401.69999999999953 -102.08843604620482
    vertex 149.4946611561308 -401.69999999999925 -102.0419236107247
    vertex 137.7060178681104 -401.69999999999953 -100.84806998694724
  endloop
endfacet
facet normal 2.318470517414018e-16 -1.0 -1.4461320376568127e-15
  outer loop
    vertex 137.7060178681104 -401.69999999999953 -100.84806998694724
    vertex 149.4946611561308 -401.69999999999925 -102.0419236107247
    vertex 148.9338085214595 -401.69999999999925 -100.11145618000171
  endloop
endfacet
facet normal 2.318470517414018e-16 -1.0 -1.4461320376568127e-15
  outer loop
    vertex 137.7060178681104 -401.69999999999953 -100.84806998694724
    vertex 148.9338085214595 -401.69999999999925 -100.11145618000171
    vertex 137.00898944530235 -401.69999999999953 -99.64854310917475
  endloop
endfacet
facet normal 2.318470517414018e-16 -1.0 -1.4461320376568127e-15
  outer loop
    vertex 137.00898944530235 -401.69999999999953 -99.64854310917475
    vertex 148.9338085214595 -401.69999999999925 -100.11145618000171
    vertex 148.25284754843867 -401.69999999999925 -98.22001431409034
  endloop
endfacet
facet normal 2.318470517414018e-16 -1.0 -1.4461320376568127e-15
  outer loop
    vertex 137.00898944530235 -401.69999999999953 -99.64854310917475
    vertex 148.25284754843867 -401.69999999999925 -98.22001431409034
    vertex 136.23905924138958 -401.69999999999953 -98.49445436310553
  endloop
endfacet
facet normal 2.318470517414018e-16 -1.0 -1.4461320376568127e-15
  outer loop
    vertex 136.23905924138958 -401.69999999999953 -98.49445436310553
    vertex 148.25284754843867 -401.69999999999925 -98.22001431409034
    vertex 135.39917914577512 -401.69999999999953 -97.3902284905181
  endloop
endfacet
facet normal 2.318470517414018e-16 -1.0 -1.4461320376568127e-15
  outer loop
    vertex 135.39917914577512 -401.69999999999953 -97.3902284905181
    vertex 148.25284754843867 -401.69999999999925 -98.22001431409034
    vertex 147.4544656789272 -401.69999999999925 -96.37506266991771
  endloop
endfacet
facet normal 2.318470517414018e-16 -1.0 -1.4461320376568127e-15
  outer loop
    vertex 135.39917914577512 -401.69999999999953 -97.3902284905181
    vertex 147.4544656789272 -401.69999999999925 -96.37506266991771
    vertex 134.49256923365746 -401.69999999999953 -96.34009906042347
  endloop
endfacet
facet normal 2.318470517414018e-16 -1.0 -1.4461320376568127e-15
  outer loop
    vertex 134.49256923365746 -401.69999999999953 -96.34009906042347
    vertex 147.4544656789272 -401.69999999999925 -96.37506266991771
    vertex 146.54181376141827 -401.69999999999925 -94.58388242874514
  endloop
endfacet
facet normal 2.318470517414018e-16 -1.0 -1.4461320376568127e-15
  outer loop
    vertex 134.49256923365746 -401.69999999999953 -96.34009906042347
    vertex 146.54181376141827 -401.69999999999925 -94.58388242874514
    vertex 133.52270542035814 -401.69999999999953 -95.34809223768815
  endloop
endfacet
facet normal 2.318470517414018e-16 -1.0 -1.4461320376568127e-15
  outer loop
    vertex 133.52270542035814 -401.69999999999953 -95.34809223768815
    vertex 146.54181376141827 -401.69999999999925 -94.58388242874514
    vertex 132.49330613476656 -401.69999999999953 -94.41801134683811
  endloop
endfacet
facet normal 2.318470517414018e-16 -1.0 -1.4461320376568127e-15
  outer loop
    vertex 132.49330613476656 -401.69999999999953 -94.41801134683811
    vertex 146.54181376141827 -401.69999999999925 -94.58388242874514
    vertex 145.51849361607916 -401.69999999999925 -92.85354256067214
  endloop
endfacet
facet normal 2.318470517414018e-16 -1.0 -1.4461320376568127e-15
  outer loop
    vertex 132.49330613476656 -401.69999999999953 -94.41801134683811
    vertex 145.51849361607916 -401.69999999999925 -92.85354256067214
    vertex 131.40831806299428 -401.69999999999953 -93.55342229022637
  endloop
endfacet
facet normal 2.318470517414018e-16 -1.0 -1.4461320376568127e-15
  outer loop
    vertex 131.40831806299428 -401.69999999999953 -93.55342229022637
    vertex 145.51849361607916 -401.69999999999925 -92.85354256067214
    vertex 130.27190101689874 -401.69999999999953 -92.75763987646971
  endloop
endfacet
facet normal 2.318470517414018e-16 -1.0 -1.4461320376568127e-15
  outer loop
    vertex 130.27190101689874 -401.69999999999953 -92.75763987646971
    vertex 145.51849361607916 -401.69999999999925 -92.85354256067214
    vertex 144.38854382001293 -401.69999999999925 -91.19087192664088
  endloop
endfacet
facet normal 2.318470517414018e-16 -1.0 -1.4461320376568127e-15
  outer loop
    vertex 130.27190101689874 -401.69999999999953 -92.75763987646971
    vertex 144.38854382001293 -401.69999999999925 -91.19087192664088
    vertex 129.08841198548868 -401.69999999999953 -92.03371511157158
  endloop
endfacet
facet normal 2.318470517414018e-16 -1.0 -1.4461320376568127e-15
  outer loop
    vertex 129.08841198548868 -401.69999999999953 -92.03371511157158
    vertex 144.38854382001293 -401.69999999999925 -91.19087192664088
    vertex 127.86238843035832 -401.69999999999953 -91.38442350145617
  endloop
endfacet
facet normal 2.318470517414018e-16 -1.0 -1.4461320376568127e-15
  outer loop
    vertex 127.86238843035832 -401.69999999999953 -91.38442350145617
    vertex 144.38854382001293 -401.69999999999925 -91.19087192664088
    vertex 126.59853088919525 -401.6999999999996 -90.8122544107616
  endloop
endfacet
facet normal 2.318470517414018e-16 -1.0 -1.4461320376568127e-15
  outer loop
    vertex 126.59853088919525 -401.6999999999996 -90.8122544107616
    vertex 144.38854382001293 -401.69999999999925 -91.19087192664088
    vertex 143.1564237688399 -401.69999999999925 -89.60243232804196
  endloop
endfacet
facet normal 2.318470517414018e-16 -1.0 -1.4461320376568127e-15
  outer loop
    vertex 126.59853088919525 -401.6999999999996 -90.8122544107616
    vertex 143.1564237688399 -401.69999999999925 -89.60243232804196
    vertex 125.30168495405964 -401.6999999999996 -90.31940151869027
  endloop
endfacet
facet normal 2.318470517414018e-16 -1.0 -1.4461320376568127e-15
  outer loop
    vertex 125.30168495405964 -401.6999999999996 -90.31940151869027
    vertex 143.1564237688399 -401.69999999999925 -89.60243232804196
    vertex 123.97682269352856 -401.6999999999996 -89.90775440850831
  endloop
endfacet
facet normal 2.318470517414018e-16 -1.0 -1.4461320376568127e-15
  outer loop
    vertex 123.97682269352856 -401.6999999999996 -89.90775440850831
    vertex 143.1564237688399 -401.69999999999925 -89.60243232804196
    vertex 122.62902358993365 -401.6999999999996 -89.5788913229398
  endloop
endfacet
facet normal 2.318470517414018e-16 -1.0 -1.4461320376568127e-15
  outer loop
    vertex 122.62902358993365 -401.6999999999996 -89.5788913229398
    vertex 143.1564237688399 -401.69999999999925 -89.60243232804196
    vertex 141.82699607749976 -401.69999999999925 -88.09449261028199
  endloop
endfacet
facet normal 2.318470517414018e-16 -1.0 -1.4461320376568127e-15
  outer loop
    vertex 122.62902358993365 -401.6999999999996 -89.5788913229398
    vertex 141.82699607749976 -401.69999999999925 -88.09449261028199
    vertex 121.2634550647779 -401.6999999999996 -89.33407311323128
  endloop
endfacet
facet normal 2.318470517414018e-16 -1.0 -1.4461320376568127e-15
  outer loop
    vertex 121.2634550647779 -401.6999999999996 -89.33407311323128
    vertex 141.82699607749976 -401.69999999999925 -88.09449261028199
    vertex 119.88535266699573 -401.6999999999996 -89.17423840508586
  endloop
endfacet
facet normal 2.318470517414018e-16 -1.0 -1.4461320376568127e-15
  outer loop
    vertex 119.88535266699573 -401.6999999999996 -89.17423840508586
    vertex 141.82699607749976 -401.69999999999925 -88.09449261028199
    vertex 118.50000000001484 -401.6999999999996 -89.10000000000007
  endloop
endfacet
facet normal 2.318470517414018e-16 -1.0 -1.4461320376568127e-15
  outer loop
    vertex 118.50000000001484 -401.6999999999996 -89.10000000000007
    vertex 141.82699607749976 -401.69999999999925 -88.09449261028199
    vertex -116.49999999998532 -401.6999999999996 -89.10000000000001
  endloop
endfacet
facet normal 2.318470517414018e-16 -1.0 -1.4461320376568127e-15
  outer loop
    vertex -116.49999999998614 -401.6999999999994 -133.89999999999984
    vertex -138.4055073897033 -401.69999999999925 -133.32699607748498
    vertex -136.89756767194336 -401.69999999999925 -134.65642376882505
  endloop
endfacet
facet normal 2.318470517414018e-16 -1.0 -1.4461320376568127e-15
  outer loop
    vertex -138.4055073897033 -401.69999999999925 -133.32699607748498
    vertex -116.49999999998614 -401.6999999999994 -133.89999999999984
    vertex -117.8853526669671 -401.6999999999994 -133.825761594914
  endloop
endfacet
facet normal 2.318470517414018e-16 -1.0 -1.4461320376568127e-15
  outer loop
    vertex -138.4055073897033 -401.69999999999925 -133.32699607748498
    vertex -117.8853526669671 -401.6999999999994 -133.825761594914
    vertex -119.26345506474925 -401.6999999999994 -133.66592688676855
  endloop
endfacet
facet normal 2.318470517414018e-16 -1.0 -1.4461320376568127e-15
  outer loop
    vertex -138.4055073897033 -401.69999999999925 -133.32699607748498
    vertex -119.26345506474925 -401.6999999999994 -133.66592688676855
    vertex -120.62902358990496 -401.6999999999994 -133.42110867706003
  endloop
endfacet
facet normal 2.318470517414018e-16 -1.0 -1.4461320376568127e-15
  outer loop
    vertex -138.4055073897033 -401.69999999999925 -133.32699607748498
    vertex -120.62902358990496 -401.6999999999994 -133.42110867706003
    vertex -121.97682269349987 -401.6999999999994 -133.09224559149152
  endloop
endfacet
facet normal 2.318470517414018e-16 -1.0 -1.4461320376568127e-15
  outer loop
    vertex -138.4055073897033 -401.69999999999925 -133.32699607748498
    vertex -121.97682269349987 -401.6999999999994 -133.09224559149152
    vertex -139.82699607747045 -401.69999999999925 -131.90550738971785
  endloop
endfacet
facet normal 2.318470517414018e-16 -1.0 -1.4461320376568127e-15
  outer loop
    vertex -139.82699607747045 -401.69999999999925 -131.90550738971785
    vertex -121.97682269349987 -401.6999999999994 -133.09224559149152
    vertex -123.30168495403105 -401.6999999999994 -132.68059848130954
  endloop
endfacet
facet normal 2.318470517414018e-16 -1.0 -1.4461320376568127e-15
  outer loop
    vertex -139.82699607747045 -401.69999999999925 -131.90550738971785
    vertex -123.30168495403105 -401.6999999999994 -132.68059848130954
    vertex -124.59853088916668 -401.6999999999994 -132.18774558923818
  endloop
endfacet
facet normal 2.318470517414018e-16 -1.0 -1.4461320376568127e-15
  outer loop
    vertex -139.82699607747045 -401.69999999999925 -131.90550738971785
    vertex -124.59853088916668 -401.6999999999994 -132.18774558923818
    vertex -125.86238843032967 -401.6999999999994 -131.6155764985436
  endloop
endfacet
facet normal 2.318470517414018e-16 -1.0 -1.4461320376568127e-15
  outer loop
    vertex -139.82699607747045 -401.69999999999925 -131.90550738971785
    vertex -125.86238843032967 -401.6999999999994 -131.6155764985436
    vertex -141.15642376881055 -401.69999999999925 -130.3975676719579
  endloop
endfacet
facet normal 2.318470517414018e-16 -1.0 -1.4461320376568127e-15
  outer loop
    vertex -141.15642376881055 -401.69999999999925 -130.3975676719579
    vertex -125.86238843032967 -401.6999999999994 -131.6155764985436
    vertex -127.08841198546011 -401.6999999999994 -130.96628488842813
  endloop
endfacet
facet normal 2.318470517414018e-16 -1.0 -1.4461320376568127e-15
  outer loop
    vertex -141.15642376881055 -401.69999999999925 -130.3975676719579
    vertex -127.08841198546011 -401.6999999999994 -130.96628488842813
    vertex -128.2719010168702 -401.6999999999994 -130.24236012353
  endloop
endfacet
facet normal 2.318470517414018e-16 -1.0 -1.4461320376568127e-15
  outer loop
    vertex -141.15642376881055 -401.69999999999925 -130.3975676719579
    vertex -128.2719010168702 -401.6999999999994 -130.24236012353
    vertex -142.3885438199836 -401.69999999999925 -128.80912807335898
  endloop
endfacet
facet normal 2.318470517414018e-16 -1.0 -1.4461320376568127e-15
  outer loop
    vertex -142.3885438199836 -401.69999999999925 -128.80912807335898
    vertex -128.2719010168702 -401.6999999999994 -130.24236012353
    vertex -129.40831806296572 -401.6999999999994 -129.44657770977332
  endloop
endfacet
facet normal 2.318470517414018e-16 -1.0 -1.4461320376568127e-15
  outer loop
    vertex -142.3885438199836 -401.69999999999925 -128.80912807335898
    vertex -129.40831806296572 -401.6999999999994 -129.44657770977332
    vertex -130.49330613473796 -401.6999999999994 -128.58198865316155
  endloop
endfacet
facet normal 2.318470517414018e-16 -1.0 -1.4461320376568127e-15
  outer loop
    vertex -142.3885438199836 -401.69999999999925 -128.80912807335898
    vertex -130.49330613473796 -401.6999999999994 -128.58198865316155
    vertex -143.51849361604977 -401.69999999999925 -127.14645743932773
  endloop
endfacet
facet normal 2.318470517414018e-16 -1.0 -1.4461320376568127e-15
  outer loop
    vertex -143.51849361604977 -401.69999999999925 -127.14645743932773
    vertex -130.49330613473796 -401.6999999999994 -128.58198865316155
    vertex -131.52270542032957 -401.6999999999994 -127.65190776231148
  endloop
endfacet
facet normal 2.318470517414018e-16 -1.0 -1.4461320376568127e-15
  outer loop
    vertex -143.51849361604977 -401.69999999999925 -127.14645743932773
    vertex -131.52270542032957 -401.6999999999994 -127.65190776231148
    vertex -132.49256923362884 -401.6999999999994 -126.65990093957612
  endloop
endfacet
facet normal 2.318470517414018e-16 -1.0 -1.4461320376568127e-15
  outer loop
    vertex -143.51849361604977 -401.69999999999925 -127.14645743932773
    vertex -132.49256923362884 -401.6999999999994 -126.65990093957612
    vertex -144.5418137613889 -401.69999999999925 -125.41611757125472
  endloop
endfacet
facet normal 2.318470517414018e-16 -1.0 -1.4461320376568127e-15
  outer loop
    vertex -144.5418137613889 -401.69999999999925 -125.41611757125472
    vertex -132.49256923362884 -401.6999999999994 -126.65990093957612
    vertex -133.3991791457465 -401.6999999999994 -125.6097715094815
  endloop
endfacet
facet normal 2.318470517414018e-16 -1.0 -1.4461320376568127e-15
  outer loop
    vertex -144.5418137613889 -401.69999999999925 -125.41611757125472
    vertex -133.3991791457465 -401.6999999999994 -125.6097715094815
    vertex -134.23905924136093 -401.6999999999994 -124.50554563689403
  endloop
endfacet
facet normal 2.318470517414018e-16 -1.0 -1.4461320376568127e-15
  outer loop
    vertex -144.5418137613889 -401.69999999999925 -125.41611757125472
    vertex -134.23905924136093 -401.6999999999994 -124.50554563689403
    vertex -145.45446567889792 -401.69999999999925 -123.62493733008218
  endloop
endfacet
facet normal 2.318470517414018e-16 -1.0 -1.4461320376568127e-15
  outer loop
    vertex -145.45446567889792 -401.69999999999925 -123.62493733008218
    vertex -134.23905924136093 -401.6999999999994 -124.50554563689403
    vertex -135.00898944527378 -401.6999999999994 -123.35145689082478
  endloop
endfacet
facet normal 2.318470517414018e-16 -1.0 -1.4461320376568127e-15
  outer loop
    vertex -145.45446567889792 -401.69999999999925 -123.62493733008218
    vertex -135.00898944527378 -401.6999999999994 -123.35145689082478
    vertex -146.25284754840933 -401.69999999999925 -121.77998568590955
  endloop
endfacet
facet normal 2.318470517414018e-16 -1.0 -1.4461320376568127e-15
  outer loop
    vertex -146.25284754840933 -401.69999999999925 -121.77998568590955
    vertex -135.00898944527378 -401.6999999999994 -123.35145689082478
    vertex -135.7060178680818 -401.69999999999953 -122.15193001305227
  endloop
endfacet
facet normal 2.318470517414018e-16 -1.0 -1.4461320376568127e-15
  outer loop
    vertex -146.25284754840933 -401.69999999999925 -121.77998568590955
    vertex -135.7060178680818 -401.69999999999953 -122.15193001305227
    vertex -136.327472123633 -401.69999999999953 -120.91156395379468
  endloop
endfacet
facet normal 2.318470517414018e-16 -1.0 -1.4461320376568127e-15
  outer loop
    vertex -146.25284754840933 -401.69999999999925 -121.77998568590955
    vertex -136.327472123633 -401.69999999999953 -120.91156395379468
    vertex -146.9338085214302 -401.69999999999925 -119.88854381999818
  endloop
endfacet
facet normal 2.318470517414018e-16 -1.0 -1.4461320376568127e-15
  outer loop
    vertex -146.9338085214302 -401.69999999999925 -119.88854381999818
    vertex -136.327472123633 -401.69999999999953 -120.91156395379468
    vertex -136.87096957487512 -401.69999999999953 -119.6351142394721
  endloop
endfacet
facet normal 2.318470517414018e-16 -1.0 -1.4461320376568127e-15
  outer loop
    vertex -146.9338085214302 -401.69999999999925 -119.88854381999818
    vertex -136.87096957487512 -401.69999999999953 -119.6351142394721
    vertex -147.49466115610147 -401.69999999999925 -117.95807638927522
  endloop
endfacet
facet normal 2.318470517414018e-16 -1.0 -1.4461320376568127e-15
  outer loop
    vertex -147.49466115610147 -401.69999999999925 -117.95807638927522
    vertex -136.87096957487512 -401.69999999999953 -119.6351142394721
    vertex -137.33442646881497 -401.69999999999953 -118.32747474016026
  endloop
endfacet
facet normal 2.318470517414018e-16 -1.0 -1.4461320376568127e-15
  outer loop
    vertex -147.49466115610147 -401.69999999999925 -117.95807638927522
    vertex -137.33442646881497 -401.69999999999953 -118.32747474016026
    vertex -137.71606592556515 -401.69999999999953 -116.99365890663888
  endloop
endfacet
facet normal 2.318470517414018e-16 -1.0 -1.4461320376568127e-15
  outer loop
    vertex -147.49466115610147 -401.69999999999925 -117.95807638927522
    vertex -137.71606592556515 -401.69999999999953 -116.99365890663888
    vertex -147.9331920233033 -401.69999999999925 -115.99620206674307
  endloop
endfacet
facet normal 2.318470517414018e-16 -1.0 -1.4461320376568127e-15
  outer loop
    vertex -147.9331920233033 -401.69999999999925 -115.99620206674307
    vertex -137.71606592556515 -401.69999999999953 -116.99365890663888
    vertex -138.01442475084852 -401.69999999999953 -115.63878054897114
  endloop
endfacet
facet normal 2.318470517414018e-16 -1.0 -1.4461320376568127e-15
  outer loop
    vertex -147.9331920233033 -401.69999999999925 -115.99620206674307
    vertex -138.01442475084852 -401.69999999999953 -115.63878054897114
    vertex -148.2476704420486 -401.69999999999925 -114.01066347405761
  endloop
endfacet
facet normal 2.318470517414018e-16 -1.0 -1.4461320376568127e-15
  outer loop
    vertex -148.2476704420486 -401.69999999999925 -114.01066347405761
    vertex -138.01442475084852 -401.69999999999953 -115.63878054897114
    vertex -138.22835904584124 -401.69999999999953 -114.2680342303086
  endloop
endfacet
facet normal 2.318470517414018e-16 -1.0 -1.4461320376568127e-15
  outer loop
    vertex -148.2476704420486 -401.69999999999925 -114.01066347405761
    vertex -138.22835904584124 -401.69999999999953 -114.2680342303086
    vertex -138.35704859284667 -401.69999999999953 -112.88667535109131
  endloop
endfacet
facet normal 2.318470517414018e-16 -1.0 -1.4461320376568127e-15
  outer loop
    vertex -148.2476704420486 -401.69999999999925 -114.01066347405761
    vertex -138.35704859284667 -401.69999999999953 -112.88667535109131
    vertex -148.43685530969 -401.69999999999925 -112.0092966249379
  endloop
endfacet
facet normal 2.318470517414018e-16 -1.0 -1.4461320376568127e-15
  outer loop
    vertex -148.43685530969 -401.69999999999925 -112.0092966249379
    vertex -138.35704859284667 -401.69999999999953 -112.88667535109131
    vertex -138.3999999999858 -401.69999999999953 -111.4999999999995
  endloop
endfacet
facet normal 2.318470517414018e-16 -1.0 -1.4461320376568127e-15
  outer loop
    vertex -148.43685530969 -401.69999999999925 -112.0092966249379
    vertex -138.3999999999858 -401.69999999999953 -111.4999999999995
    vertex -148.49999999998528 -401.6999999999993 -109.99999999999989
  endloop
endfacet
facet normal 2.318470517414018e-16 -1.0 -1.4461320376568127e-15
  outer loop
    vertex -148.49999999998528 -401.6999999999993 -109.99999999999989
    vertex -138.3999999999858 -401.69999999999953 -111.4999999999995
    vertex -138.3570485928466 -401.69999999999953 -110.11332464890766
  endloop
endfacet
facet normal 2.318470517414018e-16 -1.0 -1.4461320376568127e-15
  outer loop
    vertex -148.49999999998528 -401.6999999999993 -109.99999999999989
    vertex -138.3570485928466 -401.69999999999953 -110.11332464890766
    vertex -138.2283590458411 -401.69999999999953 -108.73196576969036
  endloop
endfacet
facet normal 2.318470517414018e-16 -1.0 -1.4461320376568127e-15
  outer loop
    vertex -148.49999999998528 -401.6999999999993 -109.99999999999989
    vertex -138.2283590458411 -401.69999999999953 -108.73196576969036
    vertex -148.43685530969 -401.6999999999993 -107.99070337506187
  endloop
endfacet
facet normal 2.318470517414018e-16 -1.0 -1.4461320376568127e-15
  outer loop
    vertex -148.43685530969 -401.6999999999993 -107.99070337506187
    vertex -138.2283590458411 -401.69999999999953 -108.73196576969036
    vertex -138.01442475084838 -401.69999999999953 -107.36121945102785
  endloop
endfacet
facet normal 2.318470517414018e-16 -1.0 -1.4461320376568127e-15
  outer loop
    vertex -148.43685530969 -401.6999999999993 -107.99070337506187
    vertex -138.01442475084838 -401.69999999999953 -107.36121945102785
    vertex -148.2476704420486 -401.6999999999993 -105.98933652594216
  endloop
endfacet
facet normal 2.318470517414018e-16 -1.0 -1.4461320376568127e-15
  outer loop
    vertex -148.2476704420486 -401.6999999999993 -105.98933652594216
    vertex -138.01442475084838 -401.69999999999953 -107.36121945102785
    vertex -137.71606592556498 -401.69999999999953 -106.00634109336012
  endloop
endfacet
facet normal 2.318470517414018e-16 -1.0 -1.4461320376568127e-15
  outer loop
    vertex -148.2476704420486 -401.6999999999993 -105.98933652594216
    vertex -137.71606592556498 -401.69999999999953 -106.00634109336012
    vertex -137.33442646881468 -401.69999999999953 -104.67252525983875
  endloop
endfacet
facet normal 2.318470517414018e-16 -1.0 -1.4461320376568127e-15
  outer loop
    vertex -148.2476704420486 -401.6999999999993 -105.98933652594216
    vertex -137.33442646881468 -401.69999999999953 -104.67252525983875
    vertex -147.9331920233033 -401.6999999999993 -104.00379793325672
  endloop
endfacet
facet normal 2.318470517414018e-16 -1.0 -1.4461320376568127e-15
  outer loop
    vertex -147.9331920233033 -401.6999999999993 -104.00379793325672
    vertex -137.33442646881468 -401.69999999999953 -104.67252525983875
    vertex -136.87096957487478 -401.69999999999953 -103.36488576052695
  endloop
endfacet
facet normal 2.318470517414018e-16 -1.0 -1.4461320376568127e-15
  outer loop
    vertex -147.9331920233033 -401.6999999999993 -104.00379793325672
    vertex -136.87096957487478 -401.69999999999953 -103.36488576052695
    vertex -147.49466115610147 -401.6999999999993 -102.04192361072455
  endloop
endfacet
facet normal 2.318470517414018e-16 -1.0 -1.4461320376568127e-15
  outer loop
    vertex -147.49466115610147 -401.6999999999993 -102.04192361072455
    vertex -136.87096957487478 -401.69999999999953 -103.36488576052695
    vertex -136.32747212363262 -401.69999999999953 -102.08843604620436
  endloop
endfacet
facet normal 2.318470517414018e-16 -1.0 -1.4461320376568127e-15
  outer loop
    vertex -147.49466115610147 -401.6999999999993 -102.04192361072455
    vertex -136.32747212363262 -401.69999999999953 -102.08843604620436
    vertex -135.7060178680814 -401.69999999999953 -100.84806998694681
  endloop
endfacet
facet normal 2.318470517414018e-16 -1.0 -1.4461320376568127e-15
  outer loop
    vertex -147.49466115610147 -401.6999999999993 -102.04192361072455
    vertex -135.7060178680814 -401.69999999999953 -100.84806998694681
    vertex -146.9338085214302 -401.6999999999993 -100.1114561800016
  endloop
endfacet
facet normal 2.318470517414018e-16 -1.0 -1.4461320376568127e-15
  outer loop
    vertex -146.9338085214302 -401.6999999999993 -100.1114561800016
    vertex -135.7060178680814 -401.69999999999953 -100.84806998694681
    vertex -135.00898944527333 -401.6999999999996 -99.64854310917434
  endloop
endfacet
facet normal 2.318470517414018e-16 -1.0 -1.4461320376568127e-15
  outer loop
    vertex -146.9338085214302 -401.6999999999993 -100.1114561800016
    vertex -135.00898944527333 -401.6999999999996 -99.64854310917434
    vertex -146.25284754840933 -401.6999999999993 -98.22001431409022
  endloop
endfacet
facet normal 2.318470517414018e-16 -1.0 -1.4461320376568127e-15
  outer loop
    vertex -146.25284754840933 -401.6999999999993 -98.22001431409022
    vertex -135.00898944527333 -401.6999999999996 -99.64854310917434
    vertex -134.23905924136045 -401.6999999999996 -98.49445436310512
  endloop
endfacet
facet normal 2.318470517414018e-16 -1.0 -1.4461320376568127e-15
  outer loop
    vertex -146.25284754840933 -401.6999999999993 -98.22001431409022
    vertex -134.23905924136045 -401.6999999999996 -98.49445436310512
    vertex -133.39917914574596 -401.6999999999996 -97.39022849051769
  endloop
endfacet
facet normal 2.318470517414018e-16 -1.0 -1.4461320376568127e-15
  outer loop
    vertex -146.25284754840933 -401.6999999999993 -98.22001431409022
    vertex -133.39917914574596 -401.6999999999996 -97.39022849051769
    vertex -145.45446567889792 -401.6999999999993 -96.3750626699176
  endloop
endfacet
facet normal 2.318470517414018e-16 -1.0 -1.4461320376568127e-15
  outer loop
    vertex -145.45446567889792 -401.6999999999993 -96.3750626699176
    vertex -133.39917914574596 -401.6999999999996 -97.39022849051769
    vertex -132.49256923362827 -401.6999999999996 -96.34009906042309
  endloop
endfacet
facet normal 2.318470517414018e-16 -1.0 -1.4461320376568127e-15
  outer loop
    vertex -145.45446567889792 -401.6999999999993 -96.3750626699176
    vertex -132.49256923362827 -401.6999999999996 -96.34009906042309
    vertex -144.54181376138897 -401.6999999999993 -94.58388242874504
  endloop
endfacet
facet normal 2.318470517414018e-16 -1.0 -1.4461320376568127e-15
  outer loop
    vertex -144.54181376138897 -401.6999999999993 -94.58388242874504
    vertex -132.49256923362827 -401.6999999999996 -96.34009906042309
    vertex -131.52270542032895 -401.6999999999996 -95.34809223768777
  endloop
endfacet
facet normal 2.318470517414018e-16 -1.0 -1.4461320376568127e-15
  outer loop
    vertex -144.54181376138897 -401.6999999999993 -94.58388242874504
    vertex -131.52270542032895 -401.6999999999996 -95.34809223768777
    vertex -130.49330613473734 -401.6999999999996 -94.41801134683776
  endloop
endfacet
facet normal 2.318470517414018e-16 -1.0 -1.4461320376568127e-15
  outer loop
    vertex -144.54181376138897 -401.6999999999993 -94.58388242874504
    vertex -130.49330613473734 -401.6999999999996 -94.41801134683776
    vertex -143.51849361604977 -401.6999999999993 -92.85354256067204
  endloop
endfacet
facet normal 2.318470517414018e-16 -1.0 -1.4461320376568127e-15
  outer loop
    vertex -143.51849361604977 -401.6999999999993 -92.85354256067204
    vertex -130.49330613473734 -401.6999999999996 -94.41801134683776
    vertex -129.40831806296504 -401.6999999999996 -93.55342229022604
  endloop
endfacet
facet normal 2.318470517414018e-16 -1.0 -1.4461320376568127e-15
  outer loop
    vertex -143.51849361604977 -401.6999999999993 -92.85354256067204
    vertex -129.40831806296504 -401.6999999999996 -93.55342229022604
    vertex -128.27190101686952 -401.6999999999996 -92.7576398764694
  endloop
endfacet
facet normal 2.318470517414018e-16 -1.0 -1.4461320376568127e-15
  outer loop
    vertex -143.51849361604977 -401.6999999999993 -92.85354256067204
    vertex -128.27190101686952 -401.6999999999996 -92.7576398764694
    vertex -142.3885438199836 -401.6999999999993 -91.1908719266408
  endloop
endfacet
facet normal 2.318470517414018e-16 -1.0 -1.4461320376568127e-15
  outer loop
    vertex -142.3885438199836 -401.6999999999993 -91.1908719266408
    vertex -128.27190101686952 -401.6999999999996 -92.7576398764694
    vertex -127.08841198545935 -401.6999999999996 -92.03371511157128
  endloop
endfacet
facet normal 2.318470517414018e-16 -1.0 -1.4461320376568127e-15
  outer loop
    vertex -142.3885438199836 -401.6999999999993 -91.1908719266408
    vertex -127.08841198545935 -401.6999999999996 -92.03371511157128
    vertex -125.86238843032895 -401.6999999999996 -91.3844235014559
  endloop
endfacet
facet normal 2.318470517414018e-16 -1.0 -1.4461320376568127e-15
  outer loop
    vertex -142.3885438199836 -401.6999999999993 -91.1908719266408
    vertex -125.86238843032895 -401.6999999999996 -91.3844235014559
    vertex -124.59853088916591 -401.6999999999996 -90.81225441076135
  endloop
endfacet
facet normal 2.318470517414018e-16 -1.0 -1.4461320376568127e-15
  outer loop
    vertex -142.3885438199836 -401.6999999999993 -91.1908719266408
    vertex -124.59853088916591 -401.6999999999996 -90.81225441076135
    vertex -141.15642376881055 -401.6999999999993 -89.60243232804187
  endloop
endfacet
facet normal 2.318470517414018e-16 -1.0 -1.4461320376568127e-15
  outer loop
    vertex -141.15642376881055 -401.6999999999993 -89.60243232804187
    vertex -124.59853088916591 -401.6999999999996 -90.81225441076135
    vertex -123.30168495403028 -401.6999999999996 -90.31940151869004
  endloop
endfacet
facet normal 2.318470517414018e-16 -1.0 -1.4461320376568127e-15
  outer loop
    vertex -141.15642376881055 -401.6999999999993 -89.60243232804187
    vertex -123.30168495403028 -401.6999999999996 -90.31940151869004
    vertex -121.9768226934991 -401.6999999999996 -89.9077544085081
  endloop
endfacet
facet normal 2.318470517414018e-16 -1.0 -1.4461320376568127e-15
  outer loop
    vertex -141.15642376881055 -401.6999999999993 -89.60243232804187
    vertex -121.9768226934991 -401.6999999999996 -89.9077544085081
    vertex -120.6290235899042 -401.6999999999996 -89.57889132293963
  endloop
endfacet
facet normal 2.318470517414018e-16 -1.0 -1.4461320376568127e-15
  outer loop
    vertex -141.15642376881055 -401.6999999999993 -89.60243232804187
    vertex -120.6290235899042 -401.6999999999996 -89.57889132293963
    vertex -139.82699607747048 -401.6999999999993 -88.09449261028192
  endloop
endfacet
facet normal 2.318470517414018e-16 -1.0 -1.4461320376568127e-15
  outer loop
    vertex -139.82699607747048 -401.6999999999993 -88.09449261028192
    vertex -120.6290235899042 -401.6999999999996 -89.57889132293963
    vertex -119.26345506474844 -401.6999999999996 -89.33407311323117
  endloop
endfacet
facet normal 2.318470517414018e-16 -1.0 -1.4461320376568127e-15
  outer loop
    vertex -139.82699607747048 -401.6999999999993 -88.09449261028192
    vertex -119.26345506474844 -401.6999999999996 -89.33407311323117
    vertex -117.88535266696627 -401.6999999999996 -89.17423840508576
  endloop
endfacet
facet normal 2.318470517414018e-16 -1.0 -1.4461320376568127e-15
  outer loop
    vertex -139.82699607747048 -401.6999999999993 -88.09449261028192
    vertex -117.88535266696627 -401.6999999999996 -89.17423840508576
    vertex -116.49999999998532 -401.6999999999996 -89.10000000000001
  endloop
endfacet
facet normal 2.318470517414018e-16 -1.0 -1.4461320376568127e-15
  outer loop
    vertex -139.82699607747048 -401.6999999999993 -88.09449261028192
    vertex -116.49999999998532 -401.6999999999996 -89.10000000000001
    vertex 141.82699607749976 -401.69999999999925 -88.09449261028199
  endloop
endfacet
facet normal 2.318470517414018e-16 -1.0 -1.4461320376568127e-15
  outer loop
    vertex -139.82699607747048 -401.6999999999993 -88.09449261028192
    vertex 141.82699607749976 -401.69999999999925 -88.09449261028199
    vertex 140.4055073897327 -401.69999999999925 -86.67300392251487
  endloop
endfacet
facet normal 2.318470517414018e-16 -1.0 -1.4461320376568127e-15
  outer loop
    vertex -139.82699607747048 -401.6999999999993 -88.09449261028192
    vertex 140.4055073897327 -401.69999999999925 -86.67300392251487
    vertex -138.40550738970336 -401.6999999999993 -86.6730039225148
  endloop
endfacet
facet normal 2.318470517414018e-16 -1.0 -1.4461320376568127e-15
  outer loop
    vertex -138.40550738970336 -401.6999999999993 -86.6730039225148
    vertex 140.4055073897327 -401.69999999999925 -86.67300392251487
    vertex 138.8975676719727 -401.69999999999925 -85.34357623117478
  endloop
endfacet
facet normal 2.318470517414018e-16 -1.0 -1.4461320376568127e-15
  outer loop
    vertex -138.40550738970336 -401.6999999999993 -86.6730039225148
    vertex 138.8975676719727 -401.69999999999925 -85.34357623117478
    vertex -136.89756767194342 -401.6999999999993 -85.34357623117471
  endloop
endfacet
facet normal 2.318470517414018e-16 -1.0 -1.4461320376568127e-15
  outer loop
    vertex -136.89756767194342 -401.6999999999993 -85.34357623117471
    vertex 138.8975676719727 -401.69999999999925 -85.34357623117478
    vertex 137.3091280733738 -401.69999999999925 -84.11145618000172
  endloop
endfacet
facet normal 2.318470517414018e-16 -1.0 -1.4461320376568127e-15
  outer loop
    vertex -136.89756767194342 -401.6999999999993 -85.34357623117471
    vertex 137.3091280733738 -401.69999999999925 -84.11145618000172
    vertex -135.30912807334448 -401.6999999999994 -84.11145618000165
  endloop
endfacet
facet normal 2.318470517414018e-16 -1.0 -1.4461320376568127e-15
  outer loop
    vertex -135.30912807334448 -401.6999999999994 -84.11145618000165
    vertex 137.3091280733738 -401.69999999999925 -84.11145618000172
    vertex 135.64645743934253 -401.69999999999925 -82.98150638393555
  endloop
endfacet
facet normal 2.318470517414018e-16 -1.0 -1.4461320376568127e-15
  outer loop
    vertex -135.30912807334448 -401.6999999999994 -84.11145618000165
    vertex 135.64645743934253 -401.69999999999925 -82.98150638393555
    vertex -133.64645743931322 -401.6999999999994 -82.9815063839355
  endloop
endfacet
facet normal 2.318470517414018e-16 -1.0 -1.4461320376568127e-15
  outer loop
    vertex -133.64645743931322 -401.6999999999994 -82.9815063839355
    vertex 135.64645743934253 -401.69999999999925 -82.98150638393555
    vertex 133.91611757126955 -401.69999999999925 -81.9581862385964
  endloop
endfacet
facet normal 2.318470517414018e-16 -1.0 -1.4461320376568127e-15
  outer loop
    vertex -133.64645743931322 -401.6999999999994 -82.9815063839355
    vertex 133.91611757126955 -401.69999999999925 -81.9581862385964
    vertex -131.91611757124022 -401.6999999999994 -81.95818623859635
  endloop
endfacet
facet normal 2.318470517414018e-16 -1.0 -1.4461320376568127e-15
  outer loop
    vertex -131.91611757124022 -401.6999999999994 -81.95818623859635
    vertex 133.91611757126955 -401.69999999999925 -81.9581862385964
    vertex 132.12493733009705 -401.69999999999925 -81.0455343210874
  endloop
endfacet
facet normal 2.318470517414018e-16 -1.0 -1.4461320376568127e-15
  outer loop
    vertex -131.91611757124022 -401.6999999999994 -81.95818623859635
    vertex 132.12493733009705 -401.69999999999925 -81.0455343210874
    vertex -130.12493733006767 -401.6999999999994 -81.04553432108736
  endloop
endfacet
facet normal 2.318470517414018e-16 -1.0 -1.4461320376568127e-15
  outer loop
    vertex -130.12493733006767 -401.6999999999994 -81.04553432108736
    vertex 132.12493733009705 -401.69999999999925 -81.0455343210874
    vertex 130.27998568592443 -401.69999999999925 -80.24715245157599
  endloop
endfacet
facet normal 2.318470517414018e-16 -1.0 -1.4461320376568127e-15
  outer loop
    vertex -130.12493733006767 -401.6999999999994 -81.04553432108736
    vertex 130.27998568592443 -401.69999999999925 -80.24715245157599
    vertex -128.27998568589504 -401.6999999999994 -80.24715245157594
  endloop
endfacet
facet normal 2.318470517414018e-16 -1.0 -1.4461320376568127e-15
  outer loop
    vertex -128.27998568589504 -401.6999999999994 -80.24715245157594
    vertex 130.27998568592443 -401.69999999999925 -80.24715245157599
    vertex 128.38854382001304 -401.69999999999925 -79.56619147855511
  endloop
endfacet
facet normal 2.318470517414018e-16 -1.0 -1.4461320376568127e-15
  outer loop
    vertex -128.27998568589504 -401.6999999999994 -80.24715245157594
    vertex 128.38854382001304 -401.69999999999925 -79.56619147855511
    vertex -126.38854381998368 -401.6999999999994 -79.56619147855508
  endloop
endfacet
facet normal 2.318470517414018e-16 -1.0 -1.4461320376568127e-15
  outer loop
    vertex -126.38854381998368 -401.6999999999994 -79.56619147855508
    vertex 128.38854382001304 -401.69999999999925 -79.56619147855511
    vertex 126.45807638929007 -401.69999999999925 -79.00533884388383
  endloop
endfacet
facet normal 2.318470517414018e-16 -1.0 -1.4461320376568127e-15
  outer loop
    vertex -126.38854381998368 -401.6999999999994 -79.56619147855508
    vertex 126.45807638929007 -401.69999999999925 -79.00533884388383
    vertex -124.45807638926075 -401.6999999999994 -79.0053388438838
  endloop
endfacet
facet normal 2.318470517414018e-16 -1.0 -1.4461320376568127e-15
  outer loop
    vertex -124.45807638926075 -401.6999999999994 -79.0053388438838
    vertex 126.45807638929007 -401.69999999999925 -79.00533884388383
    vertex 124.49620206675793 -401.69999999999925 -78.56680797668199
  endloop
endfacet
facet normal 2.318470517414018e-16 -1.0 -1.4461320376568127e-15
  outer loop
    vertex -124.45807638926075 -401.6999999999994 -79.0053388438838
    vertex 124.49620206675793 -401.69999999999925 -78.56680797668199
    vertex -122.49620206672857 -401.6999999999994 -78.56680797668196
  endloop
endfacet
facet normal 2.318470517414018e-16 -1.0 -1.4461320376568127e-15
  outer loop
    vertex -122.49620206672857 -401.6999999999994 -78.56680797668196
    vertex 124.49620206675793 -401.69999999999925 -78.56680797668199
    vertex 122.51066347407244 -401.69999999999925 -78.25232955793672
  endloop
endfacet
facet normal 2.318470517414018e-16 -1.0 -1.4461320376568127e-15
  outer loop
    vertex -122.49620206672857 -401.6999999999994 -78.56680797668196
    vertex 122.51066347407244 -401.69999999999925 -78.25232955793672
    vertex -120.51066347404311 -401.6999999999994 -78.2523295579367
  endloop
endfacet
facet normal 2.318470517414018e-16 -1.0 -1.4461320376568127e-15
  outer loop
    vertex -120.51066347404311 -401.6999999999994 -78.2523295579367
    vertex 122.51066347407244 -401.69999999999925 -78.25232955793672
    vertex 120.50929662495275 -401.69999999999925 -78.06314469029532
  endloop
endfacet
facet normal 2.318470517414018e-16 -1.0 -1.4461320376568127e-15
  outer loop
    vertex -120.51066347404311 -401.6999999999994 -78.2523295579367
    vertex 120.50929662495275 -401.69999999999925 -78.06314469029532
    vertex -118.50929662492344 -401.6999999999994 -78.06314469029532
  endloop
endfacet
facet normal 2.318470517414018e-16 -1.0 -1.4461320376568127e-15
  outer loop
    vertex -118.50929662492344 -401.6999999999994 -78.06314469029532
    vertex 120.50929662495275 -401.69999999999925 -78.06314469029532
    vertex 118.50000000001474 -401.69999999999925 -77.99999999999999
  endloop
endfacet
facet normal 2.318470517414018e-16 -1.0 -1.4461320376568127e-15
  outer loop
    vertex -118.50929662492344 -401.6999999999994 -78.06314469029532
    vertex 118.50000000001474 -401.69999999999925 -77.99999999999999
    vertex -116.49999999998542 -401.6999999999994 -77.99999999999999
  endloop
endfacet
facet normal 2.318470517414018e-16 -1.0 -1.4461320376568127e-15
  outer loop
    vertex -87.49999999998984 -401.7000000000005 -133.89999999999955
    vertex -116.49999999998614 -401.6999999999994 -133.89999999999984
    vertex -54.499999999984716 -401.6999999999994 -133.89999999999955
  endloop
endfacet
endsolid matrix4-final
