solid matrix4-final
facet normal -5.253795406497112e-15 1.0 5.048996731594622e-16
  outer loop
    vertex 118.50000000001461 -401.6999999999993 -138.88819660112478
    vertex 120.50929662495263 -401.69999999999925 -141.9368553097045
    vertex 118.50000000001461 -401.69999999999925 -141.99999999999983
  endloop
endfacet
facet normal -5.253795406497112e-15 1.0 5.048996731594622e-16
  outer loop
    vertex 120.50929662495263 -401.69999999999925 -141.9368553097045
    vertex 118.50000000001461 -401.6999999999993 -138.88819660112478
    vertex 122.5106634740724 -401.69999999999925 -141.74767044206314
  endloop
endfacet
facet normal -5.253795406497112e-15 1.0 5.048996731594622e-16
  outer loop
    vertex 122.5106634740724 -401.69999999999925 -141.74767044206314
    vertex 118.50000000001461 -401.6999999999993 -138.88819660112478
    vertex 124.4962020667578 -401.69999999999925 -141.43319202331787
  endloop
endfacet
facet normal -5.253795406497112e-15 1.0 5.048996731594622e-16
  outer loop
    vertex 124.4962020667578 -401.69999999999925 -141.43319202331787
    vertex 118.50000000001461 -401.6999999999993 -138.88819660112478
    vertex 126.45807638928994 -401.69999999999925 -140.99466115611605
  endloop
endfacet
facet normal -5.253795406497112e-15 1.0 5.048996731594622e-16
  outer loop
    vertex 126.45807638928994 -401.69999999999925 -140.99466115611605
    vertex 118.50000000001461 -401.6999999999993 -138.88819660112478
    vertex 128.38854382001293 -401.69999999999925 -140.43380852144475
  endloop
endfacet
facet normal -5.253795406497112e-15 1.0 5.048996731594622e-16
  outer loop
    vertex 128.38854382001293 -401.69999999999925 -140.43380852144475
    vertex 118.50000000001461 -401.6999999999993 -138.88819660112478
    vertex 130.2799856859243 -401.69999999999925 -139.75284754842392
  endloop
endfacet
facet normal -5.253795406497112e-15 1.0 5.048996731594622e-16
  outer loop
    vertex 130.2799856859243 -401.69999999999925 -139.75284754842392
    vertex 118.50000000001461 -401.6999999999993 -138.88819660112478
    vertex 132.1249373300969 -401.69999999999925 -138.95446567891247
  endloop
endfacet
facet normal -5.253795406497112e-15 1.0 5.048996731594622e-16
  outer loop
    vertex 132.1249373300969 -401.69999999999925 -138.95446567891247
    vertex 118.50000000001461 -401.6999999999993 -138.88819660112478
    vertex 133.9161175712695 -401.69999999999925 -138.04181376140346
  endloop
endfacet
facet normal -5.253795406497112e-15 1.0 5.048996731594622e-16
  outer loop
    vertex 116.70000000001465 -401.7 -136.21180339887485
    vertex 118.50000000001461 -401.6999999999993 -138.88819660112478
    vertex 116.70000000001465 -401.7 -139.7881966011248
  endloop
endfacet
facet normal -5.253795406497112e-15 1.0 5.048996731594622e-16
  outer loop
    vertex 118.50000000001461 -401.6999999999993 -138.88819660112478
    vertex 116.70000000001465 -401.7 -136.21180339887485
    vertex 118.50000000001461 -401.6999999999993 -137.11180339887488
  endloop
endfacet
facet normal -5.253795406497112e-15 1.0 5.048996731594622e-16
  outer loop
    vertex 118.50000000001461 -401.6999999999993 -138.88819660112478
    vertex 118.50000000001461 -401.6999999999993 -137.11180339887488
    vertex 133.9161175712695 -401.69999999999925 -138.04181376140346
  endloop
endfacet
facet normal -5.253795406497112e-15 1.0 5.048996731594622e-16
  outer loop
    vertex 116.70000000001465 -401.69999999999953 -81.21180339887499
    vertex 118.50000000001451 -401.69999999999953 -84.88819660112507
    vertex 116.70000000001465 -401.69999999999953 -85.78819660112505
  endloop
endfacet
facet normal -5.253795406497112e-15 1.0 5.048996731594622e-16
  outer loop
    vertex 118.50000000001451 -401.69999999999953 -84.88819660112507
    vertex 116.70000000001465 -401.69999999999953 -81.21180339887499
    vertex 118.50000000001478 -401.6999999999993 -82.11180339887497
  endloop
endfacet
facet normal -5.253795406497112e-15 1.0 5.048996731594622e-16
  outer loop
    vertex 118.50000000001451 -401.69999999999953 -84.88819660112507
    vertex 118.50000000001478 -401.6999999999993 -82.11180339887497
    vertex 137.30912807337378 -401.69999999999925 -84.11145618000168
  endloop
endfacet
facet normal -5.253795406497112e-15 1.0 5.048996731594622e-16
  outer loop
    vertex 137.30912807337378 -401.69999999999925 -84.11145618000168
    vertex 118.50000000001478 -401.6999999999993 -82.11180339887497
    vertex 135.64645743934258 -401.69999999999925 -82.98150638393551
  endloop
endfacet
facet normal -5.253795406497112e-15 1.0 5.048996731594622e-16
  outer loop
    vertex 118.50000000001478 -401.6999999999993 -82.11180339887497
    vertex 133.9161175712695 -401.69999999999925 -81.95818623859635
    vertex 135.64645743934258 -401.69999999999925 -82.98150638393551
  endloop
endfacet
facet normal -5.253795406497112e-15 1.0 5.048996731594622e-16
  outer loop
    vertex 133.9161175712695 -401.69999999999925 -81.95818623859635
    vertex 118.50000000001478 -401.6999999999993 -82.11180339887497
    vertex 118.5000000000147 -401.69999999999925 -78.0
  endloop
endfacet
facet normal -5.253795406497112e-15 1.0 5.048996731594622e-16
  outer loop
    vertex 133.9161175712695 -401.69999999999925 -81.95818623859635
    vertex 118.5000000000147 -401.69999999999925 -78.0
    vertex 132.124937330097 -401.69999999999925 -81.04553432108737
  endloop
endfacet
facet normal -5.253795406497112e-15 1.0 5.048996731594622e-16
  outer loop
    vertex 132.124937330097 -401.69999999999925 -81.04553432108737
    vertex 118.5000000000147 -401.69999999999925 -78.0
    vertex 130.27998568592437 -401.69999999999925 -80.24715245157596
  endloop
endfacet
facet normal -5.253795406497112e-15 1.0 5.048996731594622e-16
  outer loop
    vertex 130.27998568592437 -401.69999999999925 -80.24715245157596
    vertex 118.5000000000147 -401.69999999999925 -78.0
    vertex 128.388543820013 -401.69999999999925 -79.56619147855508
  endloop
endfacet
facet normal -5.253795406497112e-15 1.0 5.048996731594622e-16
  outer loop
    vertex 128.388543820013 -401.69999999999925 -79.56619147855508
    vertex 118.5000000000147 -401.69999999999925 -78.0
    vertex 126.45807638929003 -401.69999999999925 -79.00533884388379
  endloop
endfacet
facet normal -5.253795406497112e-15 1.0 5.048996731594622e-16
  outer loop
    vertex 126.45807638929003 -401.69999999999925 -79.00533884388379
    vertex 118.5000000000147 -401.69999999999925 -78.0
    vertex 124.49620206675789 -401.69999999999925 -78.56680797668197
  endloop
endfacet
facet normal -5.253795406497112e-15 1.0 5.048996731594622e-16
  outer loop
    vertex 124.49620206675789 -401.69999999999925 -78.56680797668197
    vertex 118.5000000000147 -401.69999999999925 -78.0
    vertex 122.5106634740724 -401.69999999999925 -78.25232955793672
  endloop
endfacet
facet normal -5.253795406497112e-15 1.0 5.048996731594622e-16
  outer loop
    vertex 122.5106634740724 -401.69999999999925 -78.25232955793672
    vertex 118.5000000000147 -401.69999999999925 -78.0
    vertex 120.50929662495271 -401.69999999999925 -78.06314469029532
  endloop
endfacet
facet normal -5.253795406497112e-15 1.0 5.048996731594622e-16
  outer loop
    vertex 118.50000000001461 -401.6999999999993 -137.11180339887488
    vertex 135.6464574393425 -401.69999999999925 -137.01849361606435
    vertex 133.9161175712695 -401.69999999999925 -138.04181376140346
  endloop
endfacet
facet normal -5.253795406497112e-15 1.0 5.048996731594622e-16
  outer loop
    vertex 135.6464574393425 -401.69999999999925 -137.01849361606435
    vertex 118.50000000001461 -401.6999999999993 -137.11180339887488
    vertex 118.50000000001461 -401.69999999999925 -133.99999999999986
  endloop
endfacet
facet normal -5.253795406497112e-15 1.0 5.048996731594622e-16
  outer loop
    vertex 135.6464574393425 -401.69999999999925 -137.01849361606435
    vertex 118.50000000001461 -401.69999999999925 -133.99999999999986
    vertex 137.30912807337378 -401.69999999999925 -135.88854381999818
  endloop
endfacet
facet normal -5.253795406497112e-15 1.0 5.048996731594622e-16
  outer loop
    vertex 137.30912807337378 -401.69999999999925 -135.88854381999818
    vertex 118.50000000001461 -401.69999999999925 -133.99999999999986
    vertex 138.89756767197272 -401.69999999999925 -134.65642376882514
  endloop
endfacet
facet normal -5.253795406497112e-15 1.0 5.048996731594622e-16
  outer loop
    vertex 138.89756767197272 -401.69999999999925 -134.65642376882514
    vertex 118.50000000001461 -401.69999999999925 -133.99999999999986
    vertex 140.40550738973263 -401.69999999999925 -133.32699607748506
  endloop
endfacet
facet normal -5.253795406497112e-15 1.0 5.048996731594622e-16
  outer loop
    vertex 140.40550738973263 -401.69999999999925 -133.32699607748506
    vertex 118.50000000001461 -401.69999999999925 -133.99999999999986
    vertex 119.89163264907316 -401.69999999999925 -133.92556380369587
  endloop
endfacet
facet normal -5.253795406497112e-15 1.0 5.048996731594622e-16
  outer loop
    vertex 140.40550738973263 -401.69999999999925 -133.32699607748506
    vertex 119.89163264907316 -401.69999999999925 -133.92556380369587
    vertex 121.27599009818765 -401.69999999999925 -133.7651374021056
  endloop
endfacet
facet normal -5.253795406497112e-15 1.0 5.048996731594622e-16
  outer loop
    vertex 140.40550738973263 -401.69999999999925 -133.32699607748506
    vertex 121.27599009818765 -401.69999999999925 -133.7651374021056
    vertex 122.64776406693846 -401.69999999999925 -133.51933594583696
  endloop
endfacet
facet normal -5.253795406497112e-15 1.0 5.048996731594622e-16
  outer loop
    vertex 140.40550738973263 -401.69999999999925 -133.32699607748506
    vertex 122.64776406693846 -401.69999999999925 -133.51933594583696
    vertex 124.001694525914 -401.69999999999925 -133.18910195378797
  endloop
endfacet
facet normal -5.253795406497112e-15 1.0 5.048996731594622e-16
  outer loop
    vertex 140.40550738973263 -401.69999999999925 -133.32699607748506
    vertex 124.001694525914 -401.69999999999925 -133.18910195378797
    vertex 141.8269960774998 -401.69999999999925 -131.9055073897179
  endloop
endfacet
facet normal -5.253795406497112e-15 1.0 5.048996731594622e-16
  outer loop
    vertex 141.8269960774998 -401.69999999999925 -131.9055073897179
    vertex 124.001694525914 -401.69999999999925 -133.18910195378797
    vertex 125.33258986614808 -401.69999999999925 -132.77570169908412
  endloop
endfacet
facet normal -5.253795406497112e-15 1.0 5.048996731594622e-16
  outer loop
    vertex 141.8269960774998 -401.69999999999925 -131.9055073897179
    vertex 125.33258986614808 -401.69999999999925 -132.77570169908412
    vertex 126.63534680620187 -401.69999999999925 -132.2807203535891
  endloop
endfacet
facet normal -5.253795406497112e-15 1.0 5.048996731594622e-16
  outer loop
    vertex 141.8269960774998 -401.69999999999925 -131.9055073897179
    vertex 126.63534680620187 -401.69999999999925 -132.2807203535891
    vertex 127.90496996055464 -401.69999999999925 -131.7060559096068
  endloop
endfacet
facet normal -5.253795406497112e-15 1.0 5.048996731594622e-16
  outer loop
    vertex 141.8269960774998 -401.69999999999925 -131.9055073897179
    vertex 127.90496996055464 -401.69999999999925 -131.7060559096068
    vertex 143.15642376883994 -401.69999999999925 -130.39756767195792
  endloop
endfacet
facet normal -5.253795406497112e-15 1.0 5.048996731594622e-16
  outer loop
    vertex 143.15642376883994 -401.69999999999925 -130.39756767195792
    vertex 127.90496996055464 -401.69999999999925 -131.7060559096068
    vertex 129.13659099427252 -401.69999999999925 -131.05391190208255
  endloop
endfacet
facet normal -5.253795406497112e-15 1.0 5.048996731594622e-16
  outer loop
    vertex 143.15642376883994 -401.69999999999925 -130.39756767195792
    vertex 129.13659099427252 -401.69999999999925 -131.05391190208255
    vertex 130.325487290504 -401.69999999999925 -130.32678895920895
  endloop
endfacet
facet normal -5.253795406497112e-15 1.0 5.048996731594622e-16
  outer loop
    vertex 143.15642376883994 -401.69999999999925 -130.39756767195792
    vertex 130.325487290504 -401.69999999999925 -130.32678895920895
    vertex 144.38854382001298 -401.69999999999925 -128.809128073359
  endloop
endfacet
facet normal -5.253795406497112e-15 1.0 5.048996731594622e-16
  outer loop
    vertex 144.38854382001298 -401.69999999999925 -128.809128073359
    vertex 130.325487290504 -401.69999999999925 -130.32678895920895
    vertex 131.46710005922392 -401.69999999999925 -129.52747521383623
  endloop
endfacet
facet normal -5.253795406497112e-15 1.0 5.048996731594622e-16
  outer loop
    vertex 144.38854382001298 -401.69999999999925 -128.809128073359
    vertex 131.46710005922392 -401.69999999999925 -129.52747521383623
    vertex 132.55705181778805 -401.69999999999925 -128.6590356124538
  endloop
endfacet
facet normal -5.253795406497112e-15 1.0 5.048996731594622e-16
  outer loop
    vertex 144.38854382001298 -401.69999999999925 -128.809128073359
    vertex 132.55705181778805 -401.69999999999925 -128.6590356124538
    vertex 145.51849361607918 -401.69999999999925 -127.14645743932778
  endloop
endfacet
facet normal -5.253795406497112e-15 1.0 5.048996731594622e-16
  outer loop
    vertex 145.51849361607918 -401.69999999999925 -127.14645743932778
    vertex 132.55705181778805 -401.69999999999925 -128.6590356124538
    vertex 133.59116317626908 -401.69999999999925 -127.72480016273755
  endloop
endfacet
facet normal -5.253795406497112e-15 1.0 5.048996731594622e-16
  outer loop
    vertex 145.51849361607918 -401.69999999999925 -127.14645743932778
    vertex 133.59116317626908 -401.69999999999925 -127.72480016273755
    vertex 134.56546886321257 -401.69999999999925 -126.7283511647272
  endloop
endfacet
facet normal -5.253795406497112e-15 1.0 5.048996731594622e-16
  outer loop
    vertex 145.51849361607918 -401.69999999999925 -127.14645743932778
    vertex 134.56546886321257 -401.69999999999925 -126.7283511647272
    vertex 146.54181376141833 -401.69999999999925 -125.41611757125474
  endloop
endfacet
facet normal -5.253795406497112e-15 1.0 5.048996731594622e-16
  outer loop
    vertex 146.54181376141833 -401.69999999999925 -125.41611757125474
    vertex 134.56546886321257 -401.69999999999925 -126.7283511647272
    vertex 135.47623293036014 -401.69999999999925 -125.67350947459599
  endloop
endfacet
facet normal -5.253795406497112e-15 1.0 5.048996731594622e-16
  outer loop
    vertex 146.54181376141833 -401.69999999999925 -125.41611757125474
    vertex 135.47623293036014 -401.69999999999925 -125.67350947459599
    vertex 136.31996307804062 -401.69999999999925 -124.56431985368292
  endloop
endfacet
facet normal -5.253795406497112e-15 1.0 5.048996731594622e-16
  outer loop
    vertex 146.54181376141833 -401.69999999999925 -125.41611757125474
    vertex 136.31996307804062 -401.69999999999925 -124.56431985368292
    vertex 147.45446567892733 -401.69999999999925 -123.62493733008219
  endloop
endfacet
facet normal -5.253795406497112e-15 1.0 5.048996731594622e-16
  outer loop
    vertex 147.45446567892733 -401.69999999999925 -123.62493733008219
    vertex 136.31996307804062 -401.69999999999925 -124.56431985368292
    vertex 137.09342404629606 -401.69999999999925 -123.40503545896718
  endloop
endfacet
facet normal -5.253795406497112e-15 1.0 5.048996731594622e-16
  outer loop
    vertex 147.45446567892733 -401.69999999999925 -123.62493733008219
    vertex 137.09342404629606 -401.69999999999925 -123.40503545896718
    vertex 148.25284754843872 -401.69999999999925 -121.77998568590958
  endloop
endfacet
facet normal -5.253795406497112e-15 1.0 5.048996731594622e-16
  outer loop
    vertex 148.25284754843872 -401.69999999999925 -121.77998568590958
    vertex 137.09342404629606 -401.69999999999925 -123.40503545896718
    vertex 137.79365002039734 -401.69999999999925 -122.20010153445506
  endloop
endfacet
facet normal -5.253795406497112e-15 1.0 5.048996731594622e-16
  outer loop
    vertex 148.25284754843872 -401.69999999999925 -121.77998568590958
    vertex 137.79365002039734 -401.69999999999925 -122.20010153445506
    vertex 138.4179560031783 -401.69999999999925 -120.95413836601466
  endloop
endfacet
facet normal -5.253795406497112e-15 1.0 5.048996731594622e-16
  outer loop
    vertex 148.25284754843872 -401.69999999999925 -121.77998568590958
    vertex 138.4179560031783 -401.69999999999925 -120.95413836601466
    vertex 148.93380852145955 -401.69999999999925 -119.8885438199982
  endloop
endfacet
facet normal -5.253795406497112e-15 1.0 5.048996731594622e-16
  outer loop
    vertex 148.93380852145955 -401.69999999999925 -119.8885438199982
    vertex 138.4179560031783 -401.69999999999925 -120.95413836601466
    vertex 138.9639481105836 -401.69999999999925 -119.67192356501708
  endloop
endfacet
facet normal -5.253795406497112e-15 1.0 5.048996731594622e-16
  outer loop
    vertex 148.93380852145955 -401.69999999999925 -119.8885438199982
    vertex 138.9639481105836 -401.69999999999925 -119.67192356501708
    vertex 149.49466115613083 -401.69999999999925 -117.95807638927522
  endloop
endfacet
facet normal -5.253795406497112e-15 1.0 5.048996731594622e-16
  outer loop
    vertex 149.49466115613083 -401.69999999999925 -117.95807638927522
    vertex 138.9639481105836 -401.69999999999925 -119.67192356501708
    vertex 139.42953275095113 -401.69999999999925 -118.35837374871777
  endloop
endfacet
facet normal -5.253795406497112e-15 1.0 5.048996731594622e-16
  outer loop
    vertex 149.49466115613083 -401.69999999999925 -117.95807638927522
    vertex 139.42953275095113 -401.69999999999925 -118.35837374871777
    vertex 139.81292465283104 -401.69999999999925 -117.01852568762314
  endloop
endfacet
facet normal -5.253795406497112e-15 1.0 5.048996731594622e-16
  outer loop
    vertex 149.49466115613083 -401.69999999999925 -117.95807638927522
    vertex 139.81292465283104 -401.69999999999925 -117.01852568762314
    vertex 149.93319202333277 -401.69999999999925 -115.99620206674308
  endloop
endfacet
facet normal -5.253795406497112e-15 1.0 5.048996731594622e-16
  outer loop
    vertex 149.93319202333277 -401.69999999999925 -115.99620206674308
    vertex 139.81292465283104 -401.69999999999925 -117.01852568762314
    vertex 140.11265371056027 -401.69999999999925 -115.65751699213331
  endloop
endfacet
facet normal -5.253795406497112e-15 1.0 5.048996731594622e-16
  outer loop
    vertex 149.93319202333277 -401.69999999999925 -115.99620206674308
    vertex 140.11265371056027 -401.69999999999925 -115.65751699213331
    vertex 150.24767044207795 -401.69999999999925 -114.01066347405764
  endloop
endfacet
facet normal -5.253795406497112e-15 1.0 5.048996731594622e-16
  outer loop
    vertex 150.24767044207795 -401.69999999999925 -114.01066347405764
    vertex 140.11265371056027 -401.69999999999925 -115.65751699213331
    vertex 140.32757062134166 -401.69999999999925 -114.28056641251675
  endloop
endfacet
facet normal -5.253795406497112e-15 1.0 5.048996731594622e-16
  outer loop
    vertex 150.24767044207795 -401.69999999999925 -114.01066347405764
    vertex 140.32757062134166 -401.69999999999925 -114.28056641251675
    vertex 140.45685129221428 -401.69999999999925 -112.89295382775656
  endloop
endfacet
facet normal -5.253795406497112e-15 1.0 5.048996731594622e-16
  outer loop
    vertex 150.24767044207795 -401.69999999999925 -114.01066347405764
    vertex 140.45685129221428 -401.69999999999925 -112.89295382775656
    vertex 150.4368553097193 -401.69999999999925 -112.0092966249379
  endloop
endfacet
facet normal -5.253795406497112e-15 1.0 5.048996731594622e-16
  outer loop
    vertex 150.4368553097193 -401.69999999999925 -112.0092966249379
    vertex 140.45685129221428 -401.69999999999925 -112.89295382775656
    vertex 140.50000000001475 -401.69999999999925 -111.50000000000011
  endloop
endfacet
facet normal -5.253795406497112e-15 1.0 5.048996731594622e-16
  outer loop
    vertex 150.4368553097193 -401.69999999999925 -112.0092966249379
    vertex 140.50000000001475 -401.69999999999925 -111.50000000000011
    vertex 150.50000000001464 -401.69999999999925 -109.99999999999993
  endloop
endfacet
facet normal -5.253795406497112e-15 1.0 5.048996731594622e-16
  outer loop
    vertex 150.50000000001464 -401.69999999999925 -109.99999999999993
    vertex 140.50000000001475 -401.69999999999925 -111.50000000000011
    vertex 140.45685129221428 -401.69999999999925 -110.10704617224367
  endloop
endfacet
facet normal -5.253795406497112e-15 1.0 5.048996731594622e-16
  outer loop
    vertex 150.50000000001464 -401.69999999999925 -109.99999999999993
    vertex 140.45685129221428 -401.69999999999925 -110.10704617224367
    vertex 140.32757062134166 -401.69999999999925 -108.71943358748348
  endloop
endfacet
facet normal -5.253795406497112e-15 1.0 5.048996731594622e-16
  outer loop
    vertex 150.50000000001464 -401.69999999999925 -109.99999999999993
    vertex 140.32757062134166 -401.69999999999925 -108.71943358748348
    vertex 150.4368553097193 -401.69999999999925 -107.990703375062
  endloop
endfacet
facet normal -5.253795406497112e-15 1.0 5.048996731594622e-16
  outer loop
    vertex 150.4368553097193 -401.69999999999925 -107.990703375062
    vertex 140.32757062134166 -401.69999999999925 -108.71943358748348
    vertex 140.11265371056035 -401.69999999999925 -107.34248300786695
  endloop
endfacet
facet normal -5.253795406497112e-15 1.0 5.048996731594622e-16
  outer loop
    vertex 150.4368553097193 -401.69999999999925 -107.990703375062
    vertex 140.11265371056035 -401.69999999999925 -107.34248300786695
    vertex 150.24767044207795 -401.69999999999925 -105.98933652594224
  endloop
endfacet
facet normal -5.253795406497112e-15 1.0 5.048996731594622e-16
  outer loop
    vertex 150.24767044207795 -401.69999999999925 -105.98933652594224
    vertex 140.11265371056035 -401.69999999999925 -107.34248300786695
    vertex 139.81292465283113 -401.69999999999925 -105.98147431237709
  endloop
endfacet
facet normal -5.253795406497112e-15 1.0 5.048996731594622e-16
  outer loop
    vertex 150.24767044207795 -401.69999999999925 -105.98933652594224
    vertex 139.81292465283113 -401.69999999999925 -105.98147431237709
    vertex 149.93319202333277 -401.69999999999925 -104.00379793325679
  endloop
endfacet
facet normal -5.253795406497112e-15 1.0 5.048996731594622e-16
  outer loop
    vertex 149.93319202333277 -401.69999999999925 -104.00379793325679
    vertex 139.81292465283113 -401.69999999999925 -105.98147431237709
    vertex 139.4295327509512 -401.69999999999925 -104.64162625128246
  endloop
endfacet
facet normal -5.253795406497112e-15 1.0 5.048996731594622e-16
  outer loop
    vertex 149.93319202333277 -401.69999999999925 -104.00379793325679
    vertex 139.4295327509512 -401.69999999999925 -104.64162625128246
    vertex 138.9639481105837 -401.69999999999925 -103.32807643498312
  endloop
endfacet
facet normal -5.253795406497112e-15 1.0 5.048996731594622e-16
  outer loop
    vertex 149.93319202333277 -401.69999999999925 -104.00379793325679
    vertex 138.9639481105837 -401.69999999999925 -103.32807643498312
    vertex 149.49466115613083 -401.69999999999925 -102.0419236107246
  endloop
endfacet
facet normal -5.253795406497112e-15 1.0 5.048996731594622e-16
  outer loop
    vertex 149.49466115613083 -401.69999999999925 -102.0419236107246
    vertex 138.9639481105837 -401.69999999999925 -103.32807643498312
    vertex 138.41795600317838 -401.69999999999925 -102.04586163398557
  endloop
endfacet
facet normal -5.253795406497112e-15 1.0 5.048996731594622e-16
  outer loop
    vertex 149.49466115613083 -401.69999999999925 -102.0419236107246
    vertex 138.41795600317838 -401.69999999999925 -102.04586163398557
    vertex 137.7936500203975 -401.6999999999993 -100.79989846554511
  endloop
endfacet
facet normal -5.253795406497112e-15 1.0 5.048996731594622e-16
  outer loop
    vertex 149.49466115613083 -401.69999999999925 -102.0419236107246
    vertex 137.7936500203975 -401.6999999999993 -100.79989846554511
    vertex 148.93380852145964 -401.69999999999925 -100.11145618000168
  endloop
endfacet
facet normal -5.253795406497112e-15 1.0 5.048996731594622e-16
  outer loop
    vertex 148.93380852145964 -401.69999999999925 -100.11145618000168
    vertex 137.7936500203975 -401.6999999999993 -100.79989846554511
    vertex 137.09342404629626 -401.6999999999993 -99.59496454103301
  endloop
endfacet
facet normal -5.253795406497112e-15 1.0 5.048996731594622e-16
  outer loop
    vertex 148.93380852145964 -401.69999999999925 -100.11145618000168
    vertex 137.09342404629626 -401.6999999999993 -99.59496454103301
    vertex 148.25284754843872 -401.69999999999925 -98.22001431409028
  endloop
endfacet
facet normal -5.253795406497112e-15 1.0 5.048996731594622e-16
  outer loop
    vertex 148.25284754843872 -401.69999999999925 -98.22001431409028
    vertex 137.09342404629626 -401.6999999999993 -99.59496454103301
    vertex 136.31996307804081 -401.6999999999993 -98.43568014631724
  endloop
endfacet
facet normal -5.253795406497112e-15 1.0 5.048996731594622e-16
  outer loop
    vertex 148.25284754843872 -401.69999999999925 -98.22001431409028
    vertex 136.31996307804081 -401.6999999999993 -98.43568014631724
    vertex 135.4762329303604 -401.6999999999993 -97.32649052540417
  endloop
endfacet
facet normal -5.253795406497112e-15 1.0 5.048996731594622e-16
  outer loop
    vertex 148.25284754843872 -401.69999999999925 -98.22001431409028
    vertex 135.4762329303604 -401.6999999999993 -97.32649052540417
    vertex 147.45446567892733 -401.69999999999925 -96.37506266991767
  endloop
endfacet
facet normal -5.253795406497112e-15 1.0 5.048996731594622e-16
  outer loop
    vertex 147.45446567892733 -401.69999999999925 -96.37506266991767
    vertex 135.4762329303604 -401.6999999999993 -97.32649052540417
    vertex 134.56546886321274 -401.6999999999993 -96.27164883527296
  endloop
endfacet
facet normal -5.253795406497112e-15 1.0 5.048996731594622e-16
  outer loop
    vertex 147.45446567892733 -401.69999999999925 -96.37506266991767
    vertex 134.56546886321274 -401.6999999999993 -96.27164883527296
    vertex 146.54181376141833 -401.69999999999925 -94.58388242874508
  endloop
endfacet
facet normal -5.253795406497112e-15 1.0 5.048996731594622e-16
  outer loop
    vertex 146.54181376141833 -401.69999999999925 -94.58388242874508
    vertex 134.56546886321274 -401.6999999999993 -96.27164883527296
    vertex 133.59116317626936 -401.6999999999993 -95.27519983726259
  endloop
endfacet
facet normal -5.253795406497112e-15 1.0 5.048996731594622e-16
  outer loop
    vertex 146.54181376141833 -401.69999999999925 -94.58388242874508
    vertex 133.59116317626936 -401.6999999999993 -95.27519983726259
    vertex 132.5570518177883 -401.6999999999993 -94.3409643875463
  endloop
endfacet
facet normal -5.253795406497112e-15 1.0 5.048996731594622e-16
  outer loop
    vertex 146.54181376141833 -401.69999999999925 -94.58388242874508
    vertex 132.5570518177883 -401.6999999999993 -94.3409643875463
    vertex 145.51849361607918 -401.69999999999925 -92.85354256067211
  endloop
endfacet
facet normal -5.253795406497112e-15 1.0 5.048996731594622e-16
  outer loop
    vertex 145.51849361607918 -401.69999999999925 -92.85354256067211
    vertex 132.5570518177883 -401.6999999999993 -94.3409643875463
    vertex 131.4671000592242 -401.6999999999993 -93.47252478616387
  endloop
endfacet
facet normal -5.253795406497112e-15 1.0 5.048996731594622e-16
  outer loop
    vertex 145.51849361607918 -401.69999999999925 -92.85354256067211
    vertex 131.4671000592242 -401.6999999999993 -93.47252478616387
    vertex 130.32548729050427 -401.6999999999993 -92.67321104079114
  endloop
endfacet
facet normal -5.253795406497112e-15 1.0 5.048996731594622e-16
  outer loop
    vertex 145.51849361607918 -401.69999999999925 -92.85354256067211
    vertex 130.32548729050427 -401.6999999999993 -92.67321104079114
    vertex 144.38854382001298 -401.69999999999925 -91.19087192664084
  endloop
endfacet
facet normal -5.253795406497112e-15 1.0 5.048996731594622e-16
  outer loop
    vertex 144.38854382001298 -401.69999999999925 -91.19087192664084
    vertex 130.32548729050427 -401.6999999999993 -92.67321104079114
    vertex 129.13659099427278 -401.6999999999993 -91.94608809791752
  endloop
endfacet
facet normal -5.253795406497112e-15 1.0 5.048996731594622e-16
  outer loop
    vertex 144.38854382001298 -401.69999999999925 -91.19087192664084
    vertex 129.13659099427278 -401.6999999999993 -91.94608809791752
    vertex 127.90496996055491 -401.6999999999993 -91.29394409039325
  endloop
endfacet
facet normal -5.253795406497112e-15 1.0 5.048996731594622e-16
  outer loop
    vertex 144.38854382001298 -401.69999999999925 -91.19087192664084
    vertex 127.90496996055491 -401.6999999999993 -91.29394409039325
    vertex 126.63534680620214 -401.6999999999994 -90.71927964641094
  endloop
endfacet
facet normal -5.253795406497112e-15 1.0 5.048996731594622e-16
  outer loop
    vertex 144.38854382001298 -401.69999999999925 -91.19087192664084
    vertex 126.63534680620214 -401.6999999999994 -90.71927964641094
    vertex 143.15642376883994 -401.69999999999925 -89.6024323280419
  endloop
endfacet
facet normal -5.253795406497112e-15 1.0 5.048996731594622e-16
  outer loop
    vertex 143.15642376883994 -401.69999999999925 -89.6024323280419
    vertex 126.63534680620214 -401.6999999999994 -90.71927964641094
    vertex 125.33258986614845 -401.6999999999994 -90.22429830091588
  endloop
endfacet
facet normal -5.253795406497112e-15 1.0 5.048996731594622e-16
  outer loop
    vertex 143.15642376883994 -401.69999999999925 -89.6024323280419
    vertex 125.33258986614845 -401.6999999999994 -90.22429830091588
    vertex 124.00169452591427 -401.6999999999994 -89.81089804621203
  endloop
endfacet
facet normal -5.253795406497112e-15 1.0 5.048996731594622e-16
  outer loop
    vertex 143.15642376883994 -401.69999999999925 -89.6024323280419
    vertex 124.00169452591427 -401.6999999999994 -89.81089804621203
    vertex 122.64776406693883 -401.6999999999994 -89.48066405416301
  endloop
endfacet
facet normal -5.253795406497112e-15 1.0 5.048996731594622e-16
  outer loop
    vertex 143.15642376883994 -401.69999999999925 -89.6024323280419
    vertex 122.64776406693883 -401.6999999999994 -89.48066405416301
    vertex 141.8269960774998 -401.69999999999925 -88.09449261028196
  endloop
endfacet
facet normal -5.253795406497112e-15 1.0 5.048996731594622e-16
  outer loop
    vertex 141.8269960774998 -401.69999999999925 -88.09449261028196
    vertex 122.64776406693883 -401.6999999999994 -89.48066405416301
    vertex 121.27599009818802 -401.6999999999994 -89.23486259789435
  endloop
endfacet
facet normal -5.253795406497112e-15 1.0 5.048996731594622e-16
  outer loop
    vertex 141.8269960774998 -401.69999999999925 -88.09449261028196
    vertex 121.27599009818802 -401.6999999999994 -89.23486259789435
    vertex 119.89163264907343 -401.6999999999994 -89.07443619630408
  endloop
endfacet
facet normal -5.253795406497112e-15 1.0 5.048996731594622e-16
  outer loop
    vertex 141.8269960774998 -401.69999999999925 -88.09449261028196
    vertex 119.89163264907343 -401.6999999999994 -89.07443619630408
    vertex 118.50000000001488 -401.6999999999994 -89.00000000000006
  endloop
endfacet
facet normal -5.253795406497112e-15 1.0 5.048996731594622e-16
  outer loop
    vertex 141.8269960774998 -401.69999999999925 -88.09449261028196
    vertex 118.50000000001488 -401.6999999999994 -89.00000000000006
    vertex 118.50000000001451 -401.69999999999953 -84.88819660112507
  endloop
endfacet
facet normal -5.253795406497112e-15 1.0 5.048996731594622e-16
  outer loop
    vertex 141.8269960774998 -401.69999999999925 -88.09449261028196
    vertex 118.50000000001451 -401.69999999999953 -84.88819660112507
    vertex 140.40550738973272 -401.69999999999925 -86.67300392251482
  endloop
endfacet
facet normal -5.253795406497112e-15 1.0 5.048996731594622e-16
  outer loop
    vertex 140.40550738973272 -401.69999999999925 -86.67300392251482
    vertex 118.50000000001451 -401.69999999999953 -84.88819660112507
    vertex 138.89756767197272 -401.69999999999925 -85.34357623117474
  endloop
endfacet
facet normal -5.253795406497112e-15 1.0 5.048996731594622e-16
  outer loop
    vertex 138.89756767197272 -401.69999999999925 -85.34357623117474
    vertex 118.50000000001451 -401.69999999999953 -84.88819660112507
    vertex 137.30912807337378 -401.69999999999925 -84.11145618000168
  endloop
endfacet
facet normal 6.482806333574355e-15 -1.0 -5.996692148557369e-16
  outer loop
    vertex 120.50929662495271 -466.6999999999994 -141.93685530970455
    vertex 118.50000000003735 -466.69999999999953 -138.88819660112478
    vertex 118.50000000001461 -466.6999999999997 -141.99999999999983
  endloop
endfacet
facet normal 6.482806333574355e-15 -1.0 -5.996692148557369e-16
  outer loop
    vertex 118.50000000003735 -466.69999999999953 -138.88819660112478
    vertex 120.50929662495271 -466.6999999999994 -141.93685530970455
    vertex 122.51066347407249 -466.6999999999994 -141.7476704420632
  endloop
endfacet
facet normal 6.482806333574355e-15 -1.0 -5.996692148557369e-16
  outer loop
    vertex 118.50000000003735 -466.69999999999953 -138.88819660112478
    vertex 122.51066347407249 -466.6999999999994 -141.7476704420632
    vertex 124.49620206675789 -466.6999999999994 -141.4331920233179
  endloop
endfacet
facet normal 6.482806333574355e-15 -1.0 -5.996692148557369e-16
  outer loop
    vertex 118.50000000003735 -466.69999999999953 -138.88819660112478
    vertex 124.49620206675789 -466.6999999999994 -141.4331920233179
    vertex 126.45807638929003 -466.6999999999994 -140.99466115611608
  endloop
endfacet
facet normal 6.482806333574355e-15 -1.0 -5.996692148557369e-16
  outer loop
    vertex 118.50000000003735 -466.69999999999953 -138.88819660112478
    vertex 126.45807638929003 -466.6999999999994 -140.99466115611608
    vertex 128.388543820013 -466.6999999999994 -140.4338085214448
  endloop
endfacet
facet normal 6.482806333574355e-15 -1.0 -5.996692148557369e-16
  outer loop
    vertex 118.50000000003735 -466.69999999999953 -138.88819660112478
    vertex 128.388543820013 -466.6999999999994 -140.4338085214448
    vertex 130.27998568592437 -466.6999999999994 -139.75284754842394
  endloop
endfacet
facet normal 6.482806333574355e-15 -1.0 -5.996692148557369e-16
  outer loop
    vertex 118.50000000003735 -466.69999999999953 -138.88819660112478
    vertex 130.27998568592437 -466.6999999999994 -139.75284754842394
    vertex 132.124937330097 -466.6999999999994 -138.95446567891253
  endloop
endfacet
facet normal 6.482806333574355e-15 -1.0 -5.996692148557369e-16
  outer loop
    vertex 118.50000000003735 -466.69999999999953 -138.88819660112478
    vertex 132.124937330097 -466.6999999999994 -138.95446567891253
    vertex 133.9161175712696 -466.6999999999994 -138.04181376140352
  endloop
endfacet
facet normal 6.482806333574355e-15 -1.0 -5.996692148557369e-16
  outer loop
    vertex 135.64645743934258 -466.6999999999994 -137.01849361606438
    vertex 118.50000000003735 -466.69999999999953 -137.11180339887488
    vertex 133.9161175712696 -466.6999999999994 -138.04181376140352
  endloop
endfacet
facet normal 6.482806333574355e-15 -1.0 -5.996692148557369e-16
  outer loop
    vertex 118.50000000003735 -466.69999999999953 -137.11180339887488
    vertex 135.64645743934258 -466.6999999999994 -137.01849361606438
    vertex 118.5000000000147 -466.6999999999994 -133.9999999999999
  endloop
endfacet
facet normal 6.482806333574355e-15 -1.0 -5.996692148557369e-16
  outer loop
    vertex 118.5000000000147 -466.6999999999994 -133.9999999999999
    vertex 135.64645743934258 -466.6999999999994 -137.01849361606438
    vertex 137.30912807337387 -466.6999999999994 -135.8885438199982
  endloop
endfacet
facet normal 6.482806333574355e-15 -1.0 -5.996692148557369e-16
  outer loop
    vertex 118.5000000000147 -466.6999999999994 -133.9999999999999
    vertex 137.30912807337387 -466.6999999999994 -135.8885438199982
    vertex 138.89756767197284 -466.6999999999994 -134.65642376882516
  endloop
endfacet
facet normal 6.482806333574355e-15 -1.0 -5.996692148557369e-16
  outer loop
    vertex 118.5000000000147 -466.6999999999994 -133.9999999999999
    vertex 138.89756767197284 -466.6999999999994 -134.65642376882516
    vertex 140.40550738973272 -466.6999999999994 -133.3269960774851
  endloop
endfacet
facet normal 6.482806333574355e-15 -1.0 -5.996692148557369e-16
  outer loop
    vertex 118.5000000000147 -466.6999999999994 -133.9999999999999
    vertex 140.40550738973272 -466.6999999999994 -133.3269960774851
    vertex 119.89163264907326 -466.6999999999994 -133.9255638036959
  endloop
endfacet
facet normal 6.482806333574355e-15 -1.0 -5.996692148557369e-16
  outer loop
    vertex 119.89163264907326 -466.6999999999994 -133.9255638036959
    vertex 140.40550738973272 -466.6999999999994 -133.3269960774851
    vertex 121.27599009818775 -466.6999999999994 -133.76513740210564
  endloop
endfacet
facet normal 6.482806333574355e-15 -1.0 -5.996692148557369e-16
  outer loop
    vertex 121.27599009818775 -466.6999999999994 -133.76513740210564
    vertex 140.40550738973272 -466.6999999999994 -133.3269960774851
    vertex 122.64776406693856 -466.6999999999994 -133.51933594583699
  endloop
endfacet
facet normal 6.482806333574355e-15 -1.0 -5.996692148557369e-16
  outer loop
    vertex 122.64776406693856 -466.6999999999994 -133.51933594583699
    vertex 140.40550738973272 -466.6999999999994 -133.3269960774851
    vertex 124.00169452591409 -466.6999999999994 -133.189101953788
  endloop
endfacet
facet normal 6.482806333574355e-15 -1.0 -5.996692148557369e-16
  outer loop
    vertex 124.00169452591409 -466.6999999999994 -133.189101953788
    vertex 140.40550738973272 -466.6999999999994 -133.3269960774851
    vertex 141.8269960774999 -466.6999999999994 -131.90550738971797
  endloop
endfacet
facet normal 6.482806333574355e-15 -1.0 -5.996692148557369e-16
  outer loop
    vertex 124.00169452591409 -466.6999999999994 -133.189101953788
    vertex 141.8269960774999 -466.6999999999994 -131.90550738971797
    vertex 125.33258986614818 -466.6999999999994 -132.77570169908418
  endloop
endfacet
facet normal 6.482806333574355e-15 -1.0 -5.996692148557369e-16
  outer loop
    vertex 125.33258986614818 -466.6999999999994 -132.77570169908418
    vertex 141.8269960774999 -466.6999999999994 -131.90550738971797
    vertex 126.63534680620195 -466.6999999999994 -132.28072035358915
  endloop
endfacet
facet normal 6.482806333574355e-15 -1.0 -5.996692148557369e-16
  outer loop
    vertex 126.63534680620195 -466.6999999999994 -132.28072035358915
    vertex 141.8269960774999 -466.6999999999994 -131.90550738971797
    vertex 127.90496996055472 -466.6999999999994 -131.70605590960685
  endloop
endfacet
facet normal 6.482806333574355e-15 -1.0 -5.996692148557369e-16
  outer loop
    vertex 127.90496996055472 -466.6999999999994 -131.70605590960685
    vertex 141.8269960774999 -466.6999999999994 -131.90550738971797
    vertex 143.15642376884003 -466.6999999999994 -130.39756767195797
  endloop
endfacet
facet normal 6.482806333574355e-15 -1.0 -5.996692148557369e-16
  outer loop
    vertex 127.90496996055472 -466.6999999999994 -131.70605590960685
    vertex 143.15642376884003 -466.6999999999994 -130.39756767195797
    vertex 129.1365909942726 -466.6999999999994 -131.0539119020826
  endloop
endfacet
facet normal 6.482806333574355e-15 -1.0 -5.996692148557369e-16
  outer loop
    vertex 129.1365909942726 -466.6999999999994 -131.0539119020826
    vertex 143.15642376884003 -466.6999999999994 -130.39756767195797
    vertex 130.32548729050407 -466.6999999999994 -130.32678895920898
  endloop
endfacet
facet normal 6.482806333574355e-15 -1.0 -5.996692148557369e-16
  outer loop
    vertex 130.32548729050407 -466.6999999999994 -130.32678895920898
    vertex 143.15642376884003 -466.6999999999994 -130.39756767195797
    vertex 144.38854382001307 -466.6999999999994 -128.80912807335906
  endloop
endfacet
facet normal 6.482806333574355e-15 -1.0 -5.996692148557369e-16
  outer loop
    vertex 130.32548729050407 -466.6999999999994 -130.32678895920898
    vertex 144.38854382001307 -466.6999999999994 -128.80912807335906
    vertex 131.467100059224 -466.6999999999994 -129.52747521383628
  endloop
endfacet
facet normal 6.482806333574355e-15 -1.0 -5.996692148557369e-16
  outer loop
    vertex 131.467100059224 -466.6999999999994 -129.52747521383628
    vertex 144.38854382001307 -466.6999999999994 -128.80912807335906
    vertex 132.55705181778814 -466.6999999999994 -128.65903561245386
  endloop
endfacet
facet normal 6.482806333574355e-15 -1.0 -5.996692148557369e-16
  outer loop
    vertex 132.55705181778814 -466.6999999999994 -128.65903561245386
    vertex 144.38854382001307 -466.6999999999994 -128.80912807335906
    vertex 145.51849361607927 -466.6999999999994 -127.14645743932782
  endloop
endfacet
facet normal 6.482806333574355e-15 -1.0 -5.996692148557369e-16
  outer loop
    vertex 132.55705181778814 -466.6999999999994 -128.65903561245386
    vertex 145.51849361607927 -466.6999999999994 -127.14645743932782
    vertex 133.59116317626916 -466.6999999999994 -127.7248001627376
  endloop
endfacet
facet normal 6.482806333574355e-15 -1.0 -5.996692148557369e-16
  outer loop
    vertex 133.59116317626916 -466.6999999999994 -127.7248001627376
    vertex 145.51849361607927 -466.6999999999994 -127.14645743932782
    vertex 134.56546886321266 -466.6999999999994 -126.72835116472724
  endloop
endfacet
facet normal 6.482806333574355e-15 -1.0 -5.996692148557369e-16
  outer loop
    vertex 134.56546886321266 -466.6999999999994 -126.72835116472724
    vertex 145.51849361607927 -466.6999999999994 -127.14645743932782
    vertex 146.5418137614184 -466.6999999999994 -125.41611757125479
  endloop
endfacet
facet normal 6.482806333574355e-15 -1.0 -5.996692148557369e-16
  outer loop
    vertex 134.56546886321266 -466.6999999999994 -126.72835116472724
    vertex 146.5418137614184 -466.6999999999994 -125.41611757125479
    vertex 135.47623293036023 -466.6999999999994 -125.67350947459603
  endloop
endfacet
facet normal 6.482806333574355e-15 -1.0 -5.996692148557369e-16
  outer loop
    vertex 135.47623293036023 -466.6999999999994 -125.67350947459603
    vertex 146.5418137614184 -466.6999999999994 -125.41611757125479
    vertex 136.31996307804073 -466.6999999999994 -124.56431985368297
  endloop
endfacet
facet normal 6.482806333574355e-15 -1.0 -5.996692148557369e-16
  outer loop
    vertex 136.31996307804073 -466.6999999999994 -124.56431985368297
    vertex 146.5418137614184 -466.6999999999994 -125.41611757125479
    vertex 147.45446567892742 -466.6999999999994 -123.62493733008223
  endloop
endfacet
facet normal 6.482806333574355e-15 -1.0 -5.996692148557369e-16
  outer loop
    vertex 136.31996307804073 -466.6999999999994 -124.56431985368297
    vertex 147.45446567892742 -466.6999999999994 -123.62493733008223
    vertex 137.09342404629618 -466.6999999999994 -123.40503545896723
  endloop
endfacet
facet normal 6.482806333574355e-15 -1.0 -5.996692148557369e-16
  outer loop
    vertex 137.09342404629618 -466.6999999999994 -123.40503545896723
    vertex 147.45446567892742 -466.6999999999994 -123.62493733008223
    vertex 148.2528475484388 -466.6999999999994 -121.77998568590962
  endloop
endfacet
facet normal 6.482806333574355e-15 -1.0 -5.996692148557369e-16
  outer loop
    vertex 137.09342404629618 -466.6999999999994 -123.40503545896723
    vertex 148.2528475484388 -466.6999999999994 -121.77998568590962
    vertex 137.79365002039742 -466.6999999999994 -122.2001015344551
  endloop
endfacet
facet normal 6.482806333574355e-15 -1.0 -5.996692148557369e-16
  outer loop
    vertex 137.79365002039742 -466.6999999999994 -122.2001015344551
    vertex 148.2528475484388 -466.6999999999994 -121.77998568590962
    vertex 138.41795600317838 -466.6999999999994 -120.9541383660147
  endloop
endfacet
facet normal 6.482806333574355e-15 -1.0 -5.996692148557369e-16
  outer loop
    vertex 138.41795600317838 -466.6999999999994 -120.9541383660147
    vertex 148.2528475484388 -466.6999999999994 -121.77998568590962
    vertex 148.93380852145964 -466.6999999999994 -119.88854381999825
  endloop
endfacet
facet normal 6.482806333574355e-15 -1.0 -5.996692148557369e-16
  outer loop
    vertex 138.41795600317838 -466.6999999999994 -120.9541383660147
    vertex 148.93380852145964 -466.6999999999994 -119.88854381999825
    vertex 138.9639481105837 -466.6999999999994 -119.67192356501712
  endloop
endfacet
facet normal 6.482806333574355e-15 -1.0 -5.996692148557369e-16
  outer loop
    vertex 138.9639481105837 -466.6999999999994 -119.67192356501712
    vertex 148.93380852145964 -466.6999999999994 -119.88854381999825
    vertex 149.49466115613095 -466.6999999999994 -117.95807638927526
  endloop
endfacet
facet normal 6.482806333574355e-15 -1.0 -5.996692148557369e-16
  outer loop
    vertex 138.9639481105837 -466.6999999999994 -119.67192356501712
    vertex 149.49466115613095 -466.6999999999994 -117.95807638927526
    vertex 139.4295327509512 -466.6999999999994 -118.35837374871781
  endloop
endfacet
facet normal 6.482806333574355e-15 -1.0 -5.996692148557369e-16
  outer loop
    vertex 139.4295327509512 -466.6999999999994 -118.35837374871781
    vertex 149.49466115613095 -466.6999999999994 -117.95807638927526
    vertex 139.81292465283113 -466.6999999999994 -117.01852568762318
  endloop
endfacet
facet normal 6.482806333574355e-15 -1.0 -5.996692148557369e-16
  outer loop
    vertex 139.81292465283113 -466.6999999999994 -117.01852568762318
    vertex 149.49466115613095 -466.6999999999994 -117.95807638927526
    vertex 149.93319202333285 -466.6999999999994 -115.99620206674312
  endloop
endfacet
facet normal 6.482806333574355e-15 -1.0 -5.996692148557369e-16
  outer loop
    vertex 139.81292465283113 -466.6999999999994 -117.01852568762318
    vertex 149.93319202333285 -466.6999999999994 -115.99620206674312
    vertex 140.11265371056035 -466.6999999999994 -115.65751699213335
  endloop
endfacet
facet normal 6.482806333574355e-15 -1.0 -5.996692148557369e-16
  outer loop
    vertex 140.11265371056035 -466.6999999999994 -115.65751699213335
    vertex 149.93319202333285 -466.6999999999994 -115.99620206674312
    vertex 150.24767044207803 -466.6999999999994 -114.01066347405768
  endloop
endfacet
facet normal 6.482806333574355e-15 -1.0 -5.996692148557369e-16
  outer loop
    vertex 140.11265371056035 -466.6999999999994 -115.65751699213335
    vertex 150.24767044207803 -466.6999999999994 -114.01066347405768
    vertex 140.32757062134175 -466.6999999999994 -114.28056641251679
  endloop
endfacet
facet normal 6.482806333574355e-15 -1.0 -5.996692148557369e-16
  outer loop
    vertex 140.32757062134175 -466.6999999999994 -114.28056641251679
    vertex 150.24767044207803 -466.6999999999994 -114.01066347405768
    vertex 140.45685129221437 -466.6999999999994 -112.8929538277566
  endloop
endfacet
facet normal 6.482806333574355e-15 -1.0 -5.996692148557369e-16
  outer loop
    vertex 140.45685129221437 -466.6999999999994 -112.8929538277566
    vertex 150.24767044207803 -466.6999999999994 -114.01066347405768
    vertex 150.43685530971942 -466.6999999999994 -112.00929662493796
  endloop
endfacet
facet normal 6.482806333574355e-15 -1.0 -5.996692148557369e-16
  outer loop
    vertex 140.45685129221437 -466.6999999999994 -112.8929538277566
    vertex 150.43685530971942 -466.6999999999994 -112.00929662493796
    vertex 140.50000000001484 -466.6999999999994 -111.50000000000018
  endloop
endfacet
facet normal 6.482806333574355e-15 -1.0 -5.996692148557369e-16
  outer loop
    vertex 140.50000000001484 -466.6999999999994 -111.50000000000018
    vertex 150.43685530971942 -466.6999999999994 -112.00929662493796
    vertex 150.50000000001472 -466.6999999999994 -109.99999999999999
  endloop
endfacet
facet normal 6.482806333574355e-15 -1.0 -5.996692148557369e-16
  outer loop
    vertex 140.50000000001484 -466.6999999999994 -111.50000000000018
    vertex 150.50000000001472 -466.6999999999994 -109.99999999999999
    vertex 140.45685129221437 -466.6999999999994 -110.10704617224376
  endloop
endfacet
facet normal 6.482806333574355e-15 -1.0 -5.996692148557369e-16
  outer loop
    vertex 140.45685129221437 -466.6999999999994 -110.10704617224376
    vertex 150.50000000001472 -466.6999999999994 -109.99999999999999
    vertex 140.32757062134175 -466.6999999999994 -108.71943358748354
  endloop
endfacet
facet normal 6.482806333574355e-15 -1.0 -5.996692148557369e-16
  outer loop
    vertex 140.32757062134175 -466.6999999999994 -108.71943358748354
    vertex 150.50000000001472 -466.6999999999994 -109.99999999999999
    vertex 150.43685530971942 -466.6999999999994 -107.9907033750621
  endloop
endfacet
facet normal 6.482806333574355e-15 -1.0 -5.996692148557369e-16
  outer loop
    vertex 140.32757062134175 -466.6999999999994 -108.71943358748354
    vertex 150.43685530971942 -466.6999999999994 -107.9907033750621
    vertex 140.11265371056044 -466.6999999999994 -107.34248300786699
  endloop
endfacet
facet normal 6.482806333574355e-15 -1.0 -5.996692148557369e-16
  outer loop
    vertex 140.11265371056044 -466.6999999999994 -107.34248300786699
    vertex 150.43685530971942 -466.6999999999994 -107.9907033750621
    vertex 150.24767044207803 -466.6999999999994 -105.98933652594232
  endloop
endfacet
facet normal 6.482806333574355e-15 -1.0 -5.996692148557369e-16
  outer loop
    vertex 140.11265371056044 -466.6999999999994 -107.34248300786699
    vertex 150.24767044207803 -466.6999999999994 -105.98933652594232
    vertex 139.81292465283124 -466.6999999999994 -105.98147431237716
  endloop
endfacet
facet normal 6.482806333574355e-15 -1.0 -5.996692148557369e-16
  outer loop
    vertex 139.81292465283124 -466.6999999999994 -105.98147431237716
    vertex 150.24767044207803 -466.6999999999994 -105.98933652594232
    vertex 149.93319202333285 -466.6999999999994 -104.00379793325688
  endloop
endfacet
facet normal 6.482806333574355e-15 -1.0 -5.996692148557369e-16
  outer loop
    vertex 139.81292465283124 -466.6999999999994 -105.98147431237716
    vertex 149.93319202333285 -466.6999999999994 -104.00379793325688
    vertex 139.4295327509513 -466.6999999999994 -104.64162625128253
  endloop
endfacet
facet normal 6.482806333574355e-15 -1.0 -5.996692148557369e-16
  outer loop
    vertex 139.4295327509513 -466.6999999999994 -104.64162625128253
    vertex 149.93319202333285 -466.6999999999994 -104.00379793325688
    vertex 138.96394811058377 -466.6999999999994 -103.3280764349832
  endloop
endfacet
facet normal 6.482806333574355e-15 -1.0 -5.996692148557369e-16
  outer loop
    vertex 138.96394811058377 -466.6999999999994 -103.3280764349832
    vertex 149.93319202333285 -466.6999999999994 -104.00379793325688
    vertex 149.49466115613095 -466.6999999999994 -102.0419236107247
  endloop
endfacet
facet normal 6.482806333574355e-15 -1.0 -5.996692148557369e-16
  outer loop
    vertex 138.96394811058377 -466.6999999999994 -103.3280764349832
    vertex 149.49466115613095 -466.6999999999994 -102.0419236107247
    vertex 138.41795600317846 -466.6999999999994 -102.04586163398561
  endloop
endfacet
facet normal 6.482806333574355e-15 -1.0 -5.996692148557369e-16
  outer loop
    vertex 138.41795600317846 -466.6999999999994 -102.04586163398561
    vertex 149.49466115613095 -466.6999999999994 -102.0419236107247
    vertex 137.7936500203976 -466.6999999999994 -100.79989846554518
  endloop
endfacet
facet normal 6.482806333574355e-15 -1.0 -5.996692148557369e-16
  outer loop
    vertex 137.7936500203976 -466.6999999999994 -100.79989846554518
    vertex 149.49466115613095 -466.6999999999994 -102.0419236107247
    vertex 148.93380852145972 -466.6999999999994 -100.11145618000174
  endloop
endfacet
facet normal 6.482806333574355e-15 -1.0 -5.996692148557369e-16
  outer loop
    vertex 137.7936500203976 -466.6999999999994 -100.79989846554518
    vertex 148.93380852145972 -466.6999999999994 -100.11145618000174
    vertex 137.09342404629635 -466.6999999999994 -99.59496454103308
  endloop
endfacet
facet normal 6.482806333574355e-15 -1.0 -5.996692148557369e-16
  outer loop
    vertex 137.09342404629635 -466.6999999999994 -99.59496454103308
    vertex 148.93380852145972 -466.6999999999994 -100.11145618000174
    vertex 148.2528475484388 -466.6999999999994 -98.22001431409035
  endloop
endfacet
facet normal 6.482806333574355e-15 -1.0 -5.996692148557369e-16
  outer loop
    vertex 137.09342404629635 -466.6999999999994 -99.59496454103308
    vertex 148.2528475484388 -466.6999999999994 -98.22001431409035
    vertex 136.3199630780409 -466.6999999999994 -98.43568014631731
  endloop
endfacet
facet normal 6.482806333574355e-15 -1.0 -5.996692148557369e-16
  outer loop
    vertex 136.3199630780409 -466.6999999999994 -98.43568014631731
    vertex 148.2528475484388 -466.6999999999994 -98.22001431409035
    vertex 135.47623293036048 -466.6999999999994 -97.32649052540424
  endloop
endfacet
facet normal 6.482806333574355e-15 -1.0 -5.996692148557369e-16
  outer loop
    vertex 135.47623293036048 -466.6999999999994 -97.32649052540424
    vertex 148.2528475484388 -466.6999999999994 -98.22001431409035
    vertex 147.45446567892742 -466.6999999999994 -96.37506266991772
  endloop
endfacet
facet normal 6.482806333574355e-15 -1.0 -5.996692148557369e-16
  outer loop
    vertex 135.47623293036048 -466.6999999999994 -97.32649052540424
    vertex 147.45446567892742 -466.6999999999994 -96.37506266991772
    vertex 134.56546886321283 -466.6999999999994 -96.27164883527301
  endloop
endfacet
facet normal 6.482806333574355e-15 -1.0 -5.996692148557369e-16
  outer loop
    vertex 134.56546886321283 -466.6999999999994 -96.27164883527301
    vertex 147.45446567892742 -466.6999999999994 -96.37506266991772
    vertex 146.5418137614184 -466.6999999999994 -94.58388242874516
  endloop
endfacet
facet normal 6.482806333574355e-15 -1.0 -5.996692148557369e-16
  outer loop
    vertex 134.56546886321283 -466.6999999999994 -96.27164883527301
    vertex 146.5418137614184 -466.6999999999994 -94.58388242874516
    vertex 133.59116317626945 -466.6999999999994 -95.27519983726266
  endloop
endfacet
facet normal 6.482806333574355e-15 -1.0 -5.996692148557369e-16
  outer loop
    vertex 133.59116317626945 -466.6999999999994 -95.27519983726266
    vertex 146.5418137614184 -466.6999999999994 -94.58388242874516
    vertex 132.55705181778842 -466.6999999999994 -94.34096438754636
  endloop
endfacet
facet normal 6.482806333574355e-15 -1.0 -5.996692148557369e-16
  outer loop
    vertex 132.55705181778842 -466.6999999999994 -94.34096438754636
    vertex 146.5418137614184 -466.6999999999994 -94.58388242874516
    vertex 145.51849361607927 -466.6999999999994 -92.85354256067217
  endloop
endfacet
facet normal 6.482806333574355e-15 -1.0 -5.996692148557369e-16
  outer loop
    vertex 132.55705181778842 -466.6999999999994 -94.34096438754636
    vertex 145.51849361607927 -466.6999999999994 -92.85354256067217
    vertex 131.4671000592243 -466.6999999999994 -93.47252478616393
  endloop
endfacet
facet normal 6.482806333574355e-15 -1.0 -5.996692148557369e-16
  outer loop
    vertex 131.4671000592243 -466.6999999999994 -93.47252478616393
    vertex 145.51849361607927 -466.6999999999994 -92.85354256067217
    vertex 130.32548729050436 -466.6999999999994 -92.67321104079122
  endloop
endfacet
facet normal 6.482806333574355e-15 -1.0 -5.996692148557369e-16
  outer loop
    vertex 130.32548729050436 -466.6999999999994 -92.67321104079122
    vertex 145.51849361607927 -466.6999999999994 -92.85354256067217
    vertex 144.38854382001307 -466.6999999999994 -91.19087192664091
  endloop
endfacet
facet normal 6.482806333574355e-15 -1.0 -5.996692148557369e-16
  outer loop
    vertex 130.32548729050436 -466.6999999999994 -92.67321104079122
    vertex 144.38854382001307 -466.6999999999994 -91.19087192664091
    vertex 129.1365909942729 -466.6999999999994 -91.9460880979176
  endloop
endfacet
facet normal 6.482806333574355e-15 -1.0 -5.996692148557369e-16
  outer loop
    vertex 129.1365909942729 -466.6999999999994 -91.9460880979176
    vertex 144.38854382001307 -466.6999999999994 -91.19087192664091
    vertex 127.904969960555 -466.6999999999994 -91.29394409039332
  endloop
endfacet
facet normal 6.482806333574355e-15 -1.0 -5.996692148557369e-16
  outer loop
    vertex 127.904969960555 -466.6999999999994 -91.29394409039332
    vertex 144.38854382001307 -466.6999999999994 -91.19087192664091
    vertex 126.63534680620222 -466.6999999999996 -90.71927964641101
  endloop
endfacet
facet normal 6.482806333574355e-15 -1.0 -5.996692148557369e-16
  outer loop
    vertex 126.63534680620222 -466.6999999999996 -90.71927964641101
    vertex 144.38854382001307 -466.6999999999994 -91.19087192664091
    vertex 143.15642376884003 -466.6999999999994 -89.60243232804197
  endloop
endfacet
facet normal 6.482806333574355e-15 -1.0 -5.996692148557369e-16
  outer loop
    vertex 126.63534680620222 -466.6999999999996 -90.71927964641101
    vertex 143.15642376884003 -466.6999999999994 -89.60243232804197
    vertex 125.33258986614854 -466.6999999999996 -90.22429830091593
  endloop
endfacet
facet normal 6.482806333574355e-15 -1.0 -5.996692148557369e-16
  outer loop
    vertex 125.33258986614854 -466.6999999999996 -90.22429830091593
    vertex 143.15642376884003 -466.6999999999994 -89.60243232804197
    vertex 124.00169452591436 -466.6999999999996 -89.8108980462121
  endloop
endfacet
facet normal 6.482806333574355e-15 -1.0 -5.996692148557369e-16
  outer loop
    vertex 124.00169452591436 -466.6999999999996 -89.8108980462121
    vertex 143.15642376884003 -466.6999999999994 -89.60243232804197
    vertex 122.64776406693892 -466.6999999999996 -89.48066405416309
  endloop
endfacet
facet normal 6.482806333574355e-15 -1.0 -5.996692148557369e-16
  outer loop
    vertex 122.64776406693892 -466.6999999999996 -89.48066405416309
    vertex 143.15642376884003 -466.6999999999994 -89.60243232804197
    vertex 141.8269960774999 -466.6999999999994 -88.09449261028203
  endloop
endfacet
facet normal 6.482806333574355e-15 -1.0 -5.996692148557369e-16
  outer loop
    vertex 122.64776406693892 -466.6999999999996 -89.48066405416309
    vertex 141.8269960774999 -466.6999999999994 -88.09449261028203
    vertex 121.2759900981881 -466.6999999999996 -89.23486259789442
  endloop
endfacet
facet normal 6.482806333574355e-15 -1.0 -5.996692148557369e-16
  outer loop
    vertex 121.2759900981881 -466.6999999999996 -89.23486259789442
    vertex 141.8269960774999 -466.6999999999994 -88.09449261028203
    vertex 119.89163264907353 -466.6999999999996 -89.07443619630413
  endloop
endfacet
facet normal 6.482806333574355e-15 -1.0 -5.996692148557369e-16
  outer loop
    vertex 119.89163264907353 -466.6999999999996 -89.07443619630413
    vertex 141.8269960774999 -466.6999999999994 -88.09449261028203
    vertex 118.50000000001496 -466.6999999999996 -89.00000000000013
  endloop
endfacet
facet normal 6.482806333574355e-15 -1.0 -5.996692148557369e-16
  outer loop
    vertex 118.50000000001496 -466.6999999999996 -89.00000000000013
    vertex 141.8269960774999 -466.6999999999994 -88.09449261028203
    vertex 118.50000000001768 -466.6999999999999 -84.88819660112391
  endloop
endfacet
facet normal 6.482806333574355e-15 -1.0 -5.996692148557369e-16
  outer loop
    vertex 118.50000000001768 -466.6999999999999 -84.88819660112391
    vertex 141.8269960774999 -466.6999999999994 -88.09449261028203
    vertex 140.4055073897328 -466.6999999999994 -86.6730039225149
  endloop
endfacet
facet normal 6.482806333574355e-15 -1.0 -5.996692148557369e-16
  outer loop
    vertex 118.50000000001768 -466.6999999999999 -84.88819660112391
    vertex 140.4055073897328 -466.6999999999994 -86.6730039225149
    vertex 138.89756767197284 -466.6999999999994 -85.3435762311748
  endloop
endfacet
facet normal 6.482806333574355e-15 -1.0 -5.996692148557369e-16
  outer loop
    vertex 118.50000000001768 -466.6999999999999 -84.88819660112391
    vertex 138.89756767197284 -466.6999999999994 -85.3435762311748
    vertex 137.30912807337387 -466.6999999999994 -84.11145618000175
  endloop
endfacet
facet normal 6.482806333574355e-15 -1.0 -5.996692148557369e-16
  outer loop
    vertex 133.9161175712696 -466.6999999999994 -81.95818623859643
    vertex 118.50000000001795 -466.6999999999997 -82.11180339887382
    vertex 135.64645743934267 -466.6999999999994 -82.98150638393558
  endloop
endfacet
facet normal 6.482806333574355e-15 -1.0 -5.996692148557369e-16
  outer loop
    vertex 118.50000000001795 -466.6999999999997 -82.11180339887382
    vertex 133.9161175712696 -466.6999999999994 -81.95818623859643
    vertex 118.5000000000147 -466.69999999999953 -78.0
  endloop
endfacet
facet normal 6.482806333574355e-15 -1.0 -5.996692148557369e-16
  outer loop
    vertex 118.5000000000147 -466.69999999999953 -78.0
    vertex 133.9161175712696 -466.6999999999994 -81.95818623859643
    vertex 132.12493733009708 -466.6999999999994 -81.04553432108744
  endloop
endfacet
facet normal 6.482806333574355e-15 -1.0 -5.996692148557369e-16
  outer loop
    vertex 118.5000000000147 -466.69999999999953 -78.0
    vertex 132.12493733009708 -466.6999999999994 -81.04553432108744
    vertex 130.27998568592446 -466.6999999999994 -80.24715245157601
  endloop
endfacet
facet normal 6.482806333574355e-15 -1.0 -5.996692148557369e-16
  outer loop
    vertex 118.5000000000147 -466.69999999999953 -78.0
    vertex 130.27998568592446 -466.6999999999994 -80.24715245157601
    vertex 128.3885438200131 -466.6999999999994 -79.56619147855515
  endloop
endfacet
facet normal 6.482806333574355e-15 -1.0 -5.996692148557369e-16
  outer loop
    vertex 118.5000000000147 -466.69999999999953 -78.0
    vertex 128.3885438200131 -466.6999999999994 -79.56619147855515
    vertex 126.45807638929013 -466.6999999999994 -79.00533884388386
  endloop
endfacet
facet normal 6.482806333574355e-15 -1.0 -5.996692148557369e-16
  outer loop
    vertex 118.5000000000147 -466.69999999999953 -78.0
    vertex 126.45807638929013 -466.6999999999994 -79.00533884388386
    vertex 124.49620206675797 -466.6999999999994 -78.56680797668204
  endloop
endfacet
facet normal 6.482806333574355e-15 -1.0 -5.996692148557369e-16
  outer loop
    vertex 118.5000000000147 -466.69999999999953 -78.0
    vertex 124.49620206675797 -466.6999999999994 -78.56680797668204
    vertex 122.51066347407249 -466.6999999999994 -78.25232955793679
  endloop
endfacet
facet normal 6.482806333574355e-15 -1.0 -5.996692148557369e-16
  outer loop
    vertex 118.5000000000147 -466.69999999999953 -78.0
    vertex 122.51066347407249 -466.6999999999994 -78.25232955793679
    vertex 120.50929662495281 -466.6999999999994 -78.06314469029539
  endloop
endfacet
facet normal 6.482806333574355e-15 -1.0 -5.996692148557369e-16
  outer loop
    vertex 118.50000000001768 -466.6999999999999 -84.88819660112391
    vertex 116.70000000001781 -466.6999999999999 -81.21180339887383
    vertex 116.70000000001781 -466.6999999999999 -85.7881966011239
  endloop
endfacet
facet normal 6.482806333574355e-15 -1.0 -5.996692148557369e-16
  outer loop
    vertex 116.70000000001781 -466.6999999999999 -81.21180339887383
    vertex 118.50000000001768 -466.6999999999999 -84.88819660112391
    vertex 118.50000000001795 -466.6999999999997 -82.11180339887382
  endloop
endfacet
facet normal 6.482806333574355e-15 -1.0 -5.996692148557369e-16
  outer loop
    vertex 118.50000000001795 -466.6999999999997 -82.11180339887382
    vertex 118.50000000001768 -466.6999999999999 -84.88819660112391
    vertex 137.30912807337387 -466.6999999999994 -84.11145618000175
  endloop
endfacet
facet normal 6.482806333574355e-15 -1.0 -5.996692148557369e-16
  outer loop
    vertex 118.50000000001795 -466.6999999999997 -82.11180339887382
    vertex 137.30912807337387 -466.6999999999994 -84.11145618000175
    vertex 135.64645743934267 -466.6999999999994 -82.98150638393558
  endloop
endfacet
facet normal 6.482806333574355e-15 -1.0 -5.996692148557369e-16
  outer loop
    vertex 118.50000000003735 -466.69999999999953 -138.88819660112478
    vertex 116.70000000003739 -466.70000000000005 -136.21180339887485
    vertex 116.70000000003739 -466.70000000000005 -139.7881966011248
  endloop
endfacet
facet normal 6.482806333574355e-15 -1.0 -5.996692148557369e-16
  outer loop
    vertex 116.70000000003739 -466.70000000000005 -136.21180339887485
    vertex 118.50000000003735 -466.69999999999953 -138.88819660112478
    vertex 118.50000000003735 -466.69999999999953 -137.11180339887488
  endloop
endfacet
facet normal 6.482806333574355e-15 -1.0 -5.996692148557369e-16
  outer loop
    vertex 118.50000000003735 -466.69999999999953 -137.11180339887488
    vertex 118.50000000003735 -466.69999999999953 -138.88819660112478
    vertex 133.9161175712696 -466.6999999999994 -138.04181376140352
  endloop
endfacet
facet normal 0.031410759078120784 3.686935086564028e-16 -0.9995065603657319
  outer loop
    vertex 120.50929662495263 -401.69999999999925 -141.9368553097045
    vertex 118.50000000001461 -466.6999999999997 -141.99999999999983
    vertex 118.50000000001461 -401.69999999999925 -141.99999999999983
  endloop
endfacet
facet normal 0.031410759078120784 3.686935086564028e-16 -0.9995065603657319
  outer loop
    vertex 118.50000000001461 -466.6999999999997 -141.99999999999983
    vertex 120.50929662495263 -401.69999999999925 -141.9368553097045
    vertex 120.50929662495271 -466.6999999999994 -141.93685530970455
  endloop
endfacet
facet normal -1.0 -1.7492469011743143e-13 3.653863499777505e-12
  outer loop
    vertex 118.50000000003735 -466.69999999999953 -138.88819660112478
    vertex 118.50000000001461 -401.69999999999925 -141.99999999999983
    vertex 118.50000000001461 -466.6999999999997 -141.99999999999983
  endloop
endfacet
facet normal -1.0 -1.7492469011743143e-13 3.653863499777505e-12
  outer loop
    vertex 118.50000000001461 -401.69999999999925 -141.99999999999983
    vertex 118.50000000003735 -466.69999999999953 -138.88819660112478
    vertex 118.50000000001461 -401.6999999999993 -138.88819660112478
  endloop
endfacet
facet normal -0.053412043044433005 -6.299141959333258e-16 0.9985725580336261
  outer loop
    vertex 119.89163264907326 -466.6999999999994 -133.9255638036959
    vertex 118.5000000000147 -458.69999999999965 -133.99999999999986
    vertex 118.5000000000147 -466.6999999999994 -133.9999999999999
  endloop
endfacet
facet normal -0.053412043044433005 -6.299141959333258e-16 0.9985725580336261
  outer loop
    vertex 118.5000000000147 -458.69999999999965 -133.99999999999986
    vertex 119.89163264907326 -466.6999999999994 -133.9255638036959
    vertex 119.89163264907316 -401.69999999999925 -133.92556380369587
  endloop
endfacet
facet normal -0.053412043044433005 -6.299141959333258e-16 0.9985725580336261
  outer loop
    vertex 119.89163264907316 -401.69999999999925 -133.92556380369587
    vertex 118.50000000001461 -401.69999999999925 -133.99999999999986
    vertex 118.5000000000147 -458.69999999999965 -133.99999999999986
  endloop
endfacet
facet normal -0.11511471962122041 -1.2315279768448736e-15 0.9933522040678864
  outer loop
    vertex 119.89163264907326 -466.6999999999994 -133.9255638036959
    vertex 121.27599009818765 -401.69999999999925 -133.7651374021056
    vertex 119.89163264907316 -401.69999999999925 -133.92556380369587
  endloop
endfacet
facet normal -0.11511471962122041 -1.2315279768448736e-15 0.9933522040678864
  outer loop
    vertex 121.27599009818765 -401.69999999999925 -133.7651374021056
    vertex 119.89163264907326 -466.6999999999994 -133.9255638036959
    vertex 121.27599009818775 -466.6999999999994 -133.76513740210564
  endloop
endfacet
facet normal -0.17637599198366496 -1.3418554819657604e-15 0.9843228684998527
  outer loop
    vertex 121.27599009818775 -466.6999999999994 -133.76513740210564
    vertex 122.64776406693846 -401.69999999999925 -133.51933594583696
    vertex 121.27599009818765 -401.69999999999925 -133.7651374021056
  endloop
endfacet
facet normal -0.17637599198366496 -1.3418554819657604e-15 0.9843228684998527
  outer loop
    vertex 122.64776406693846 -401.69999999999925 -133.51933594583696
    vertex 121.27599009818775 -466.6999999999994 -133.76513740210564
    vertex 122.64776406693856 -466.6999999999994 -133.51933594583699
  endloop
endfacet
facet normal -0.23696095547418367 -1.4470376792866291e-15 0.9715191740674819
  outer loop
    vertex 122.64776406693856 -466.6999999999994 -133.51933594583699
    vertex 124.001694525914 -401.69999999999925 -133.18910195378797
    vertex 122.64776406693846 -401.69999999999925 -133.51933594583696
  endloop
endfacet
facet normal -0.23696095547418367 -1.4470376792866291e-15 0.9715191740674819
  outer loop
    vertex 124.001694525914 -401.69999999999925 -133.18910195378797
    vertex 122.64776406693856 -466.6999999999994 -133.51933594583699
    vertex 124.00169452591409 -466.6999999999994 -133.189101953788
  endloop
endfacet
facet normal -0.2966372987229171 -1.5466712505757473e-15 0.9549902161835854
  outer loop
    vertex 124.00169452591409 -466.6999999999994 -133.189101953788
    vertex 125.33258986614808 -401.69999999999925 -132.77570169908412
    vertex 124.001694525914 -401.69999999999925 -133.18910195378797
  endloop
endfacet
facet normal -0.2966372987229171 -1.5466712505757473e-15 0.9549902161835854
  outer loop
    vertex 125.33258986614808 -401.69999999999925 -132.77570169908412
    vertex 124.00169452591409 -466.6999999999994 -133.189101953788
    vertex 125.33258986614818 -466.6999999999994 -132.77570169908418
  endloop
endfacet
facet normal -0.35517619443912174 -1.6403741536545253e-15 0.9347993746808687
  outer loop
    vertex 125.33258986614818 -466.6999999999994 -132.77570169908418
    vertex 126.63534680620187 -401.69999999999925 -132.2807203535891
    vertex 125.33258986614808 -401.69999999999925 -132.77570169908412
  endloop
endfacet
facet normal -0.35517619443912174 -1.6403741536545253e-15 0.9347993746808687
  outer loop
    vertex 126.63534680620187 -401.69999999999925 -132.2807203535891
    vertex 125.33258986614818 -466.6999999999994 -132.77570169908418
    vertex 126.63534680620195 -466.6999999999994 -132.28072035358915
  endloop
endfacet
facet normal -0.4123531768434376 -1.7277870873282515e-15 0.9110240707836017
  outer loop
    vertex 126.63534680620195 -466.6999999999994 -132.28072035358915
    vertex 127.90496996055464 -401.69999999999925 -131.7060559096068
    vertex 126.63534680620187 -401.69999999999925 -132.2807203535891
  endloop
endfacet
facet normal -0.4123531768434376 -1.7277870873282515e-15 0.9110240707836017
  outer loop
    vertex 127.90496996055464 -401.69999999999925 -131.7060559096068
    vertex 126.63534680620195 -466.6999999999994 -132.28072035358915
    vertex 127.90496996055472 -466.6999999999994 -131.70605590960685
  endloop
endfacet
facet normal -0.4679490023752393 -1.8085748691158345e-15 0.8837554702382433
  outer loop
    vertex 127.90496996055472 -466.6999999999994 -131.70605590960685
    vertex 129.13659099427252 -401.69999999999925 -131.05391190208255
    vertex 127.90496996055464 -401.69999999999925 -131.7060559096068
  endloop
endfacet
facet normal -0.4679490023752393 -1.8085748691158345e-15 0.8837554702382433
  outer loop
    vertex 129.13659099427252 -401.69999999999925 -131.05391190208255
    vertex 127.90496996055472 -466.6999999999994 -131.70605590960685
    vertex 129.1365909942726 -466.6999999999994 -131.0539119020826
  endloop
endfacet
facet normal -0.52175049037647 -1.8824277204984817e-15 0.8530981337407281
  outer loop
    vertex 129.1365909942726 -466.6999999999994 -131.0539119020826
    vertex 130.325487290504 -401.69999999999925 -130.32678895920895
    vertex 129.13659099427252 -401.69999999999925 -131.05391190208255
  endloop
endfacet
facet normal -0.52175049037647 -1.8824277204984817e-15 0.8530981337407281
  outer loop
    vertex 130.325487290504 -401.69999999999925 -130.32678895920895
    vertex 129.1365909942726 -466.6999999999994 -131.0539119020826
    vertex 130.32548729050407 -466.6999999999994 -130.32678895920898
  endloop
endfacet
facet normal -0.5735513405266748 -1.9490624547564066e-15 0.8191696160015057
  outer loop
    vertex 130.32548729050407 -466.6999999999994 -130.32678895920898
    vertex 131.46710005922392 -401.69999999999925 -129.52747521383623
    vertex 130.325487290504 -401.69999999999925 -130.32678895920895
  endloop
endfacet
facet normal -0.5735513405266748 -1.9490624547564066e-15 0.8191696160015057
  outer loop
    vertex 131.46710005922392 -401.69999999999925 -129.52747521383623
    vertex 130.32548729050407 -466.6999999999994 -130.32678895920898
    vertex 131.467100059224 -466.6999999999994 -129.52747521383628
  endloop
endfacet
facet normal -0.623152923896069 -2.008223562840751e-15 0.7821000149851552
  outer loop
    vertex 131.467100059224 -466.6999999999994 -129.52747521383628
    vertex 132.55705181778805 -401.69999999999925 -128.6590356124538
    vertex 131.46710005922392 -401.69999999999925 -129.52747521383623
  endloop
endfacet
facet normal -0.623152923896069 -2.008223562840751e-15 0.7821000149851552
  outer loop
    vertex 132.55705181778805 -401.69999999999925 -128.6590356124538
    vertex 131.467100059224 -466.6999999999994 -129.52747521383628
    vertex 132.55705181778814 -466.6999999999994 -128.65903561245386
  endloop
endfacet
facet normal -0.6703650445826709 -2.059684193115938e-15 0.7420314730533157
  outer loop
    vertex 132.55705181778814 -466.6999999999994 -128.65903561245386
    vertex 133.59116317626908 -401.69999999999925 -127.72480016273755
    vertex 132.55705181778805 -401.69999999999925 -128.6590356124538
  endloop
endfacet
facet normal -0.6703650445826709 -2.059684193115938e-15 0.7420314730533157
  outer loop
    vertex 133.59116317626908 -401.69999999999925 -127.72480016273755
    vertex 132.55705181778814 -466.6999999999994 -128.65903561245386
    vertex 133.59116317626916 -466.6999999999994 -127.7248001627376
  endloop
endfacet
facet normal -0.7150066690130448 -2.1032470212157977e-15 0.6991176319238919
  outer loop
    vertex 134.56546886321257 -401.69999999999925 -126.7283511647272
    vertex 133.59116317626916 -466.6999999999994 -127.7248001627376
    vertex 134.56546886321266 -466.6999999999994 -126.72835116472724
  endloop
endfacet
facet normal -0.7150066690130448 -2.1032470212157977e-15 0.6991176319238919
  outer loop
    vertex 133.59116317626916 -466.6999999999994 -127.7248001627376
    vertex 134.56546886321257 -401.69999999999925 -126.7283511647272
    vertex 133.59116317626908 -401.69999999999925 -127.72480016273755
  endloop
endfacet
facet normal -0.7569066201108458 -2.138745006678726e-15 0.6535230435358617
  outer loop
    vertex 135.47623293036014 -401.69999999999925 -125.67350947459599
    vertex 134.56546886321266 -466.6999999999994 -126.72835116472724
    vertex 135.47623293036023 -466.6999999999994 -125.67350947459603
  endloop
endfacet
facet normal -0.7569066201108458 -2.138745006678726e-15 0.6535230435358617
  outer loop
    vertex 134.56546886321266 -466.6999999999994 -126.72835116472724
    vertex 135.47623293036014 -401.69999999999925 -125.67350947459599
    vertex 134.56546886321257 -401.69999999999925 -126.7283511647272
  endloop
endfacet
facet normal -0.7959042336702313 -2.166042033459391e-15 0.6054225390797751
  outer loop
    vertex 136.31996307804062 -401.69999999999925 -124.56431985368292
    vertex 135.47623293036023 -466.6999999999994 -125.67350947459603
    vertex 136.31996307804073 -466.6999999999994 -124.56431985368297
  endloop
endfacet
facet normal -0.7959042336702313 -2.166042033459391e-15 0.6054225390797751
  outer loop
    vertex 135.47623293036023 -466.6999999999994 -125.67350947459603
    vertex 136.31996307804062 -401.69999999999925 -124.56431985368292
    vertex 135.47623293036014 -401.69999999999925 -125.67350947459599
  endloop
endfacet
facet normal -0.8318499744187914 -2.1850334318623145e-15 0.5550005586118417
  outer loop
    vertex 137.09342404629606 -401.69999999999925 -123.40503545896718
    vertex 136.31996307804073 -466.6999999999994 -124.56431985368297
    vertex 137.09342404629618 -466.6999999999994 -123.40503545896723
  endloop
endfacet
facet normal -0.8318499744187914 -2.1850334318623145e-15 0.5550005586118417
  outer loop
    vertex 136.31996307804073 -466.6999999999994 -124.56431985368297
    vertex 137.09342404629606 -401.69999999999925 -123.40503545896718
    vertex 136.31996307804062 -401.69999999999925 -124.56431985368292
  endloop
endfacet
facet normal -0.8646060094058974 -2.195646379894565e-15 0.5024504438242735
  outer loop
    vertex 137.79365002039734 -401.69999999999925 -122.20010153445506
    vertex 137.09342404629618 -466.6999999999994 -123.40503545896723
    vertex 137.79365002039742 -466.6999999999994 -122.2001015344551
  endloop
endfacet
facet normal -0.8646060094058974 -2.195646379894565e-15 0.5024504438242735
  outer loop
    vertex 137.09342404629618 -466.6999999999994 -123.40503545896723
    vertex 137.79365002039734 -401.69999999999925 -122.20010153445506
    vertex 137.09342404629606 -401.69999999999925 -123.40503545896718
  endloop
endfacet
facet normal -0.8940467365197556 -2.1978401824999375e-15 0.44797369668137277
  outer loop
    vertex 138.4179560031783 -401.69999999999925 -120.95413836601466
    vertex 137.79365002039742 -466.6999999999994 -122.2001015344551
    vertex 138.41795600317838 -466.6999999999994 -120.9541383660147
  endloop
endfacet
facet normal -0.8940467365197556 -2.1978401824999375e-15 0.44797369668137277
  outer loop
    vertex 137.79365002039742 -466.6999999999994 -122.2001015344551
    vertex 138.4179560031783 -401.69999999999925 -120.95413836601466
    vertex 137.79365002039734 -401.69999999999925 -122.20010153445506
  endloop
endfacet
facet normal -0.9200592661050628 -2.1916064276028927e-15 0.3917792067660217
  outer loop
    vertex 138.9639481105836 -401.69999999999925 -119.67192356501708
    vertex 138.41795600317838 -466.6999999999994 -120.9541383660147
    vertex 138.9639481105837 -466.6999999999994 -119.67192356501712
  endloop
endfacet
facet normal -0.9200592661050628 -2.1916064276028927e-15 0.3917792067660217
  outer loop
    vertex 138.41795600317838 -466.6999999999994 -120.9541383660147
    vertex 138.9639481105836 -401.69999999999925 -119.67192356501708
    vertex 138.4179560031783 -401.69999999999925 -120.95413836601466
  endloop
endfacet
facet normal -0.9425438538352037 -2.1769690183645053e-15 0.3340824502985485
  outer loop
    vertex 139.42953275095113 -401.69999999999925 -118.35837374871777
    vertex 138.9639481105837 -466.6999999999994 -119.67192356501712
    vertex 139.4295327509512 -466.6999999999994 -118.35837374871781
  endloop
endfacet
facet normal -0.9425438538352037 -2.1769690183645053e-15 0.3340824502985485
  outer loop
    vertex 138.9639481105837 -466.6999999999994 -119.67192356501712
    vertex 139.42953275095113 -401.69999999999925 -118.35837374871777
    vertex 138.9639481105836 -401.69999999999925 -119.67192356501708
  endloop
endfacet
facet normal -0.9614142831793323 -2.1539840815263685e-15 0.2751046638986161
  outer loop
    vertex 139.81292465283104 -401.69999999999925 -117.01852568762314
    vertex 139.4295327509512 -466.6999999999994 -118.35837374871781
    vertex 139.81292465283113 -466.6999999999994 -117.01852568762318
  endloop
endfacet
facet normal -0.9614142831793323 -2.1539840815263685e-15 0.2751046638986161
  outer loop
    vertex 139.4295327509512 -466.6999999999994 -118.35837374871781
    vertex 139.81292465283104 -401.69999999999925 -117.01852568762314
    vertex 139.42953275095113 -401.69999999999925 -118.35837374871777
  endloop
endfacet
facet normal -0.976598195997069 -2.1227397521942583e-15 0.2150719962600213
  outer loop
    vertex 140.11265371056027 -401.69999999999925 -115.65751699213331
    vertex 139.81292465283113 -466.6999999999994 -117.01852568762318
    vertex 140.11265371056035 -466.6999999999994 -115.65751699213335
  endloop
endfacet
facet normal -0.976598195997069 -2.1227397521942583e-15 0.2150719962600213
  outer loop
    vertex 139.81292465283113 -466.6999999999994 -117.01852568762318
    vertex 140.11265371056027 -401.69999999999925 -115.65751699213331
    vertex 139.81292465283104 -401.69999999999925 -117.01852568762314
  endloop
endfacet
facet normal -0.9880373699939284 -2.0833558358863676e-15 0.15421464098937235
  outer loop
    vertex 140.32757062134166 -401.69999999999925 -114.28056641251675
    vertex 140.11265371056035 -466.6999999999994 -115.65751699213335
    vertex 140.32757062134175 -466.6999999999994 -114.28056641251679
  endloop
endfacet
facet normal -0.9880373699939284 -2.0833558358863676e-15 0.15421464098937235
  outer loop
    vertex 140.11265371056035 -466.6999999999994 -115.65751699213335
    vertex 140.32757062134166 -401.69999999999925 -114.28056641251675
    vertex 140.11265371056027 -401.69999999999925 -115.65751699213331
  endloop
endfacet
facet normal -0.9956879419730135 -2.0359833491425297e-15 0.09276595393540243
  outer loop
    vertex 140.45685129221428 -401.69999999999925 -112.89295382775656
    vertex 140.32757062134175 -466.6999999999994 -114.28056641251679
    vertex 140.45685129221437 -466.6999999999994 -112.8929538277566
  endloop
endfacet
facet normal -0.9956879419730135 -2.0359833491425297e-15 0.09276595393540243
  outer loop
    vertex 140.32757062134175 -466.6999999999994 -114.28056641251679
    vertex 140.45685129221428 -401.69999999999925 -112.89295382775656
    vertex 140.32757062134166 -401.69999999999925 -114.28056641251675
  endloop
endfacet
facet normal -0.999520576027294 -1.9808039404552554e-15 0.030961558392082825
  outer loop
    vertex 140.50000000001475 -401.69999999999925 -111.50000000000011
    vertex 140.45685129221437 -466.6999999999994 -112.8929538277566
    vertex 140.50000000001484 -466.6999999999994 -111.50000000000018
  endloop
endfacet
facet normal -0.999520576027294 -1.9808039404552554e-15 0.030961558392082825
  outer loop
    vertex 140.45685129221437 -466.6999999999994 -112.8929538277566
    vertex 140.50000000001475 -401.69999999999925 -111.50000000000011
    vertex 140.45685129221428 -401.69999999999925 -112.89295382775656
  endloop
endfacet
facet normal -0.9995205760272942 -1.9180291937438403e-15 -0.03096155839208308
  outer loop
    vertex 140.45685129221428 -401.69999999999925 -110.10704617224367
    vertex 140.50000000001484 -466.6999999999994 -111.50000000000018
    vertex 140.45685129221437 -466.6999999999994 -110.10704617224376
  endloop
endfacet
facet normal -0.9995205760272942 -1.9180291937438403e-15 -0.03096155839208308
  outer loop
    vertex 140.50000000001484 -466.6999999999994 -111.50000000000018
    vertex 140.45685129221428 -401.69999999999925 -110.10704617224367
    vertex 140.50000000001475 -401.69999999999925 -111.50000000000011
  endloop
endfacet
facet normal -0.9956879419730135 -1.8478998170414197e-15 -0.09276595393540168
  outer loop
    vertex 140.32757062134166 -401.69999999999925 -108.71943358748348
    vertex 140.45685129221437 -466.6999999999994 -110.10704617224376
    vertex 140.32757062134175 -466.6999999999994 -108.71943358748354
  endloop
endfacet
facet normal -0.9956879419730135 -1.8478998170414197e-15 -0.09276595393540168
  outer loop
    vertex 140.45685129221437 -466.6999999999994 -110.10704617224376
    vertex 140.32757062134166 -401.69999999999925 -108.71943358748348
    vertex 140.45685129221428 -401.69999999999925 -110.10704617224367
  endloop
endfacet
facet normal -0.9880373699939382 -1.7706847195070104e-15 -0.1542146409893104
  outer loop
    vertex 140.11265371056035 -401.69999999999925 -107.34248300786695
    vertex 140.32757062134175 -466.6999999999994 -108.71943358748354
    vertex 140.11265371056044 -466.6999999999994 -107.34248300786699
  endloop
endfacet
facet normal -0.9880373699939382 -1.7706847195070104e-15 -0.1542146409893104
  outer loop
    vertex 140.32757062134175 -466.6999999999994 -108.71943358748354
    vertex 140.11265371056035 -401.69999999999925 -107.34248300786695
    vertex 140.32757062134166 -401.69999999999925 -108.71943358748348
  endloop
endfacet
facet normal -0.9765981959970693 -1.6866799803000362e-15 -0.21507199626001955
  outer loop
    vertex 139.81292465283113 -401.69999999999925 -105.98147431237709
    vertex 140.11265371056044 -466.6999999999994 -107.34248300786699
    vertex 139.81292465283124 -466.6999999999994 -105.98147431237716
  endloop
endfacet
facet normal -0.9765981959970693 -1.6866799803000362e-15 -0.21507199626001955
  outer loop
    vertex 140.11265371056044 -466.6999999999994 -107.34248300786699
    vertex 139.81292465283113 -401.69999999999925 -105.98147431237709
    vertex 140.11265371056035 -401.69999999999925 -107.34248300786695
  endloop
endfacet
facet normal -0.9614142831793323 -1.5962077132741571e-15 -0.2751046638986161
  outer loop
    vertex 139.4295327509512 -401.69999999999925 -104.64162625128246
    vertex 139.81292465283124 -466.6999999999994 -105.98147431237716
    vertex 139.4295327509513 -466.6999999999994 -104.64162625128253
  endloop
endfacet
facet normal -0.9614142831793323 -1.5962077132741571e-15 -0.2751046638986161
  outer loop
    vertex 139.81292465283124 -466.6999999999994 -105.98147431237716
    vertex 139.4295327509512 -401.69999999999925 -104.64162625128246
    vertex 139.81292465283113 -401.69999999999925 -105.98147431237709
  endloop
endfacet
facet normal -0.9425438538352048 -1.499614831839352e-15 -0.334082450298546
  outer loop
    vertex 138.9639481105837 -401.69999999999925 -103.32807643498312
    vertex 139.4295327509513 -466.6999999999994 -104.64162625128253
    vertex 138.96394811058377 -466.6999999999994 -103.3280764349832
  endloop
endfacet
facet normal -0.9425438538352048 -1.499614831839352e-15 -0.334082450298546
  outer loop
    vertex 139.4295327509513 -466.6999999999994 -104.64162625128253
    vertex 138.9639481105837 -401.69999999999925 -103.32807643498312
    vertex 139.4295327509512 -401.69999999999925 -104.64162625128246
  endloop
endfacet
facet normal -0.9200592661050628 -1.397271718732903e-15 -0.3917792067660217
  outer loop
    vertex 138.41795600317838 -401.69999999999925 -102.04586163398557
    vertex 138.96394811058377 -466.6999999999994 -103.3280764349832
    vertex 138.41795600317846 -466.6999999999994 -102.04586163398561
  endloop
endfacet
facet normal -0.9200592661050628 -1.397271718732903e-15 -0.3917792067660217
  outer loop
    vertex 138.96394811058377 -466.6999999999994 -103.3280764349832
    vertex 138.41795600317838 -401.69999999999925 -102.04586163398557
    vertex 138.9639481105837 -401.69999999999925 -103.32807643498312
  endloop
endfacet
facet normal -0.8940467365197866 -1.2895708057964442e-15 -0.4479736966813114
  outer loop
    vertex 137.7936500203975 -401.6999999999993 -100.79989846554511
    vertex 138.41795600317846 -466.6999999999994 -102.04586163398561
    vertex 137.7936500203976 -466.6999999999994 -100.79989846554518
  endloop
endfacet
facet normal -0.8940467365197866 -1.2895708057964442e-15 -0.4479736966813114
  outer loop
    vertex 138.41795600317846 -466.6999999999994 -102.04586163398561
    vertex 137.7936500203975 -401.6999999999993 -100.79989846554511
    vertex 138.41795600317838 -401.69999999999925 -102.04586163398557
  endloop
endfacet
facet normal -0.8646060094058953 -1.1769250692071578e-15 -0.5024504438242771
  outer loop
    vertex 137.09342404629626 -401.6999999999993 -99.59496454103301
    vertex 137.7936500203976 -466.6999999999994 -100.79989846554518
    vertex 137.09342404629635 -466.6999999999994 -99.59496454103308
  endloop
endfacet
facet normal -0.8646060094058953 -1.1769250692071578e-15 -0.5024504438242771
  outer loop
    vertex 137.7936500203976 -466.6999999999994 -100.79989846554518
    vertex 137.09342404629626 -401.6999999999993 -99.59496454103301
    vertex 137.7936500203975 -401.6999999999993 -100.79989846554511
  endloop
endfacet
facet normal -0.8318499744187962 -1.0597664459324041e-15 -0.5550005586118342
  outer loop
    vertex 136.31996307804081 -401.6999999999993 -98.43568014631724
    vertex 137.09342404629635 -466.6999999999994 -99.59496454103308
    vertex 136.3199630780409 -466.6999999999994 -98.43568014631731
  endloop
endfacet
facet normal -0.8318499744187962 -1.0597664459324041e-15 -0.5550005586118342
  outer loop
    vertex 137.09342404629635 -466.6999999999994 -99.59496454103308
    vertex 136.31996307804081 -401.6999999999993 -98.43568014631724
    vertex 137.09342404629626 -401.6999999999993 -99.59496454103301
  endloop
endfacet
facet normal -0.7959042336702655 -9.385441774784143e-16 -0.6054225390797301
  outer loop
    vertex 135.4762329303604 -401.6999999999993 -97.32649052540417
    vertex 136.3199630780409 -466.6999999999994 -98.43568014631731
    vertex 135.47623293036048 -466.6999999999994 -97.32649052540424
  endloop
endfacet
facet normal -0.7959042336702655 -9.385441774784143e-16 -0.6054225390797301
  outer loop
    vertex 136.3199630780409 -466.6999999999994 -98.43568014631731
    vertex 135.4762329303604 -401.6999999999993 -97.32649052540417
    vertex 136.31996307804081 -401.6999999999993 -98.43568014631724
  endloop
endfacet
facet normal -0.7569066201108138 -8.137230872868833e-16 -0.6535230435358989
  outer loop
    vertex 134.56546886321274 -401.6999999999993 -96.27164883527296
    vertex 135.47623293036048 -466.6999999999994 -97.32649052540424
    vertex 134.56546886321283 -466.6999999999994 -96.27164883527301
  endloop
endfacet
facet normal -0.7569066201108138 -8.137230872868833e-16 -0.6535230435358989
  outer loop
    vertex 135.47623293036048 -466.6999999999994 -97.32649052540424
    vertex 134.56546886321274 -401.6999999999993 -96.27164883527296
    vertex 135.4762329303604 -401.6999999999993 -97.32649052540417
  endloop
endfacet
facet normal -0.7150066690130811 -6.857817983823787e-16 -0.6991176319238548
  outer loop
    vertex 133.59116317626936 -401.6999999999993 -95.27519983726259
    vertex 134.56546886321283 -466.6999999999994 -96.27164883527301
    vertex 133.59116317626945 -466.6999999999994 -95.27519983726266
  endloop
endfacet
facet normal -0.7150066690130811 -6.857817983823787e-16 -0.6991176319238548
  outer loop
    vertex 134.56546886321283 -466.6999999999994 -96.27164883527301
    vertex 133.59116317626936 -401.6999999999993 -95.27519983726259
    vertex 134.56546886321274 -401.6999999999993 -96.27164883527296
  endloop
endfacet
facet normal -0.6703650445826843 -5.552108981047137e-16 -0.7420314730533037
  outer loop
    vertex 133.59116317626936 -401.6999999999993 -95.27519983726259
    vertex 132.55705181778842 -466.6999999999994 -94.34096438754636
    vertex 132.5570518177883 -401.6999999999993 -94.3409643875463
  endloop
endfacet
facet normal -0.6703650445826843 -5.552108981047137e-16 -0.7420314730533037
  outer loop
    vertex 132.55705181778842 -466.6999999999994 -94.34096438754636
    vertex 133.59116317626936 -401.6999999999993 -95.27519983726259
    vertex 133.59116317626945 -466.6999999999994 -95.27519983726266
  endloop
endfacet
facet normal -0.623152923896074 -4.225110569663259e-16 -0.7821000149851512
  outer loop
    vertex 132.5570518177883 -401.6999999999993 -94.3409643875463
    vertex 131.4671000592243 -466.6999999999994 -93.47252478616393
    vertex 131.4671000592242 -401.6999999999993 -93.47252478616387
  endloop
endfacet
facet normal -0.623152923896074 -4.225110569663259e-16 -0.7821000149851512
  outer loop
    vertex 131.4671000592243 -466.6999999999994 -93.47252478616393
    vertex 132.5570518177883 -401.6999999999993 -94.3409643875463
    vertex 132.55705181778842 -466.6999999999994 -94.34096438754636
  endloop
endfacet
facet normal -0.5735513405266802 -2.8819110884472864e-16 -0.819169616001502
  outer loop
    vertex 131.4671000592242 -401.6999999999993 -93.47252478616387
    vertex 130.32548729050436 -466.6999999999994 -92.67321104079122
    vertex 130.32548729050427 -401.6999999999993 -92.67321104079114
  endloop
endfacet
facet normal -0.5735513405266802 -2.8819110884472864e-16 -0.819169616001502
  outer loop
    vertex 130.32548729050436 -466.6999999999994 -92.67321104079122
    vertex 131.4671000592242 -401.6999999999993 -93.47252478616387
    vertex 131.4671000592243 -466.6999999999994 -93.47252478616393
  endloop
endfacet
facet normal -0.5217504903764759 -1.5276609987252987e-16 -0.8530981337407244
  outer loop
    vertex 130.32548729050427 -401.6999999999993 -92.67321104079114
    vertex 129.1365909942729 -466.6999999999994 -91.9460880979176
    vertex 129.13659099427278 -401.6999999999993 -91.94608809791752
  endloop
endfacet
facet normal -0.5217504903764759 -1.5276609987252987e-16 -0.8530981337407244
  outer loop
    vertex 129.1365909942729 -466.6999999999994 -91.9460880979176
    vertex 130.32548729050427 -401.6999999999993 -92.67321104079114
    vertex 130.32548729050436 -466.6999999999994 -92.67321104079122
  endloop
endfacet
facet normal -0.4679490023752519 -1.6755313507844572e-17 -0.8837554702382365
  outer loop
    vertex 129.13659099427278 -401.6999999999993 -91.94608809791752
    vertex 127.904969960555 -466.6999999999994 -91.29394409039332
    vertex 127.90496996055491 -401.6999999999993 -91.29394409039325
  endloop
endfacet
facet normal -0.4679490023752519 -1.6755313507844572e-17 -0.8837554702382365
  outer loop
    vertex 127.904969960555 -466.6999999999994 -91.29394409039332
    vertex 129.13659099427278 -401.6999999999993 -91.94608809791752
    vertex 129.1365909942729 -466.6999999999994 -91.9460880979176
  endloop
endfacet
facet normal -0.41235317684344436 1.1931972064387765e-16 -0.9110240707835986
  outer loop
    vertex 127.90496996055491 -401.6999999999993 -91.29394409039325
    vertex 126.63534680620222 -466.6999999999996 -90.71927964641101
    vertex 126.63534680620214 -401.6999999999994 -90.71927964641094
  endloop
endfacet
facet normal -0.41235317684344436 1.1931972064387765e-16 -0.9110240707835986
  outer loop
    vertex 126.63534680620222 -466.6999999999996 -90.71927964641101
    vertex 127.90496996055491 -401.6999999999993 -91.29394409039325
    vertex 127.904969960555 -466.6999999999994 -91.29394409039332
  endloop
endfacet
facet normal -0.3551761944391645 2.549372266209452e-16 -0.9347993746808526
  outer loop
    vertex 126.63534680620214 -401.6999999999994 -90.71927964641094
    vertex 125.33258986614854 -466.6999999999996 -90.22429830091593
    vertex 125.33258986614845 -401.6999999999994 -90.22429830091588
  endloop
endfacet
facet normal -0.3551761944391645 2.549372266209452e-16 -0.9347993746808526
  outer loop
    vertex 125.33258986614854 -466.6999999999996 -90.22429830091593
    vertex 126.63534680620214 -401.6999999999994 -90.71927964641094
    vertex 126.63534680620222 -466.6999999999996 -90.71927964641101
  endloop
endfacet
facet normal -0.2966372987229061 3.8957718284079967e-16 -0.9549902161835887
  outer loop
    vertex 125.33258986614845 -401.6999999999994 -90.22429830091588
    vertex 124.00169452591436 -466.6999999999996 -89.8108980462121
    vertex 124.00169452591427 -401.6999999999994 -89.81089804621203
  endloop
endfacet
facet normal -0.2966372987229061 3.8957718284079967e-16 -0.9549902161835887
  outer loop
    vertex 124.00169452591436 -466.6999999999996 -89.8108980462121
    vertex 125.33258986614845 -401.6999999999994 -90.22429830091588
    vertex 125.33258986614854 -466.6999999999996 -90.22429830091593
  endloop
endfacet
facet normal -0.23696095547421386 5.227233161083147e-16 -0.9715191740674745
  outer loop
    vertex 124.00169452591427 -401.6999999999994 -89.81089804621203
    vertex 122.64776406693892 -466.6999999999996 -89.48066405416309
    vertex 122.64776406693883 -401.6999999999994 -89.48066405416301
  endloop
endfacet
facet normal -0.23696095547421386 5.227233161083147e-16 -0.9715191740674745
  outer loop
    vertex 122.64776406693892 -466.6999999999996 -89.48066405416309
    vertex 124.00169452591427 -401.6999999999994 -89.81089804621203
    vertex 124.00169452591436 -466.6999999999996 -89.8108980462121
  endloop
endfacet
facet normal -0.17637599198368062 6.538650812514859e-16 -0.9843228684998498
  outer loop
    vertex 122.64776406693883 -401.6999999999994 -89.48066405416301
    vertex 121.2759900981881 -466.6999999999996 -89.23486259789442
    vertex 121.27599009818802 -401.6999999999994 -89.23486259789435
  endloop
endfacet
facet normal -0.17637599198368062 6.538650812514859e-16 -0.9843228684998498
  outer loop
    vertex 121.2759900981881 -466.6999999999996 -89.23486259789442
    vertex 122.64776406693883 -401.6999999999994 -89.48066405416301
    vertex 122.64776406693892 -466.6999999999996 -89.48066405416309
  endloop
endfacet
facet normal -0.115114719621229 7.824996187923278e-16 -0.9933522040678855
  outer loop
    vertex 121.27599009818802 -401.6999999999994 -89.23486259789435
    vertex 119.89163264907353 -466.6999999999996 -89.07443619630413
    vertex 119.89163264907343 -401.6999999999994 -89.07443619630408
  endloop
endfacet
facet normal -0.115114719621229 7.824996187923278e-16 -0.9933522040678855
  outer loop
    vertex 119.89163264907353 -466.6999999999996 -89.07443619630413
    vertex 121.27599009818802 -401.6999999999994 -89.23486259789435
    vertex 121.2759900981881 -466.6999999999996 -89.23486259789442
  endloop
endfacet
facet normal -0.05341204304447948 6.120635700606062e-16 -0.9985725580336237
  outer loop
    vertex 119.89163264907343 -401.6999999999994 -89.07443619630408
    vertex 118.50000000001488 -458.69999999999965 -89.00000000000001
    vertex 118.50000000001488 -401.6999999999994 -89.00000000000006
  endloop
endfacet
facet normal -0.05341204304447948 6.120635700606062e-16 -0.9985725580336237
  outer loop
    vertex 118.50000000001488 -458.69999999999965 -89.00000000000001
    vertex 119.89163264907343 -401.6999999999994 -89.07443619630408
    vertex 118.50000000001496 -466.6999999999996 -89.00000000000013
  endloop
endfacet
facet normal -0.05341204304447948 6.120635700606062e-16 -0.9985725580336237
  outer loop
    vertex 118.50000000001496 -466.6999999999996 -89.00000000000013
    vertex 119.89163264907343 -401.6999999999994 -89.07443619630408
    vertex 119.89163264907353 -466.6999999999996 -89.07443619630413
  endloop
endfacet
facet normal -1.0 -2.429509584964694e-14 -4.060068042468019e-13
  outer loop
    vertex 118.5000000000147 -466.69999999999953 -78.0
    vertex 118.50000000001478 -401.6999999999993 -82.11180339887497
    vertex 118.50000000001795 -466.6999999999997 -82.11180339887382
  endloop
endfacet
facet normal -1.0 -2.429509584964694e-14 -4.060068042468019e-13
  outer loop
    vertex 118.50000000001478 -401.6999999999993 -82.11180339887497
    vertex 118.5000000000147 -466.69999999999953 -78.0
    vertex 118.5000000000147 -401.69999999999925 -78.0
  endloop
endfacet
facet normal 0.03141075907814881 -4.985618043868447e-16 0.999506560365731
  outer loop
    vertex 120.50929662495281 -466.6999999999994 -78.06314469029539
    vertex 118.5000000000147 -401.69999999999925 -78.0
    vertex 118.5000000000147 -466.69999999999953 -78.0
  endloop
endfacet
facet normal 0.03141075907814881 -4.985618043868447e-16 0.999506560365731
  outer loop
    vertex 118.5000000000147 -401.69999999999925 -78.0
    vertex 120.50929662495281 -466.6999999999994 -78.06314469029539
    vertex 120.50929662495271 -401.69999999999925 -78.06314469029532
  endloop
endfacet
facet normal 0.09410831331851338 -8.257096486142335e-16 0.9955619646030802
  outer loop
    vertex 120.50929662495281 -466.6999999999994 -78.06314469029539
    vertex 122.5106634740724 -401.69999999999925 -78.25232955793672
    vertex 120.50929662495271 -401.69999999999925 -78.06314469029532
  endloop
endfacet
facet normal 0.09410831331851338 -8.257096486142335e-16 0.9955619646030802
  outer loop
    vertex 122.5106634740724 -401.69999999999925 -78.25232955793672
    vertex 120.50929662495281 -466.6999999999994 -78.06314469029539
    vertex 122.51066347407249 -466.6999999999994 -78.25232955793679
  endloop
endfacet
facet normal 0.15643446504022787 -6.961698279835051e-16 0.9876883405951383
  outer loop
    vertex 122.51066347407249 -466.6999999999994 -78.25232955793679
    vertex 124.49620206675789 -401.69999999999925 -78.56680797668197
    vertex 122.5106634740724 -401.69999999999925 -78.25232955793672
  endloop
endfacet
facet normal 0.15643446504022787 -6.961698279835051e-16 0.9876883405951383
  outer loop
    vertex 124.49620206675789 -401.69999999999925 -78.56680797668197
    vertex 122.51066347407249 -466.6999999999994 -78.25232955793679
    vertex 124.49620206675797 -466.6999999999994 -78.56680797668204
  endloop
endfacet
facet normal 0.2181432413965369 -5.638825430914683e-16 0.9759167619387488
  outer loop
    vertex 124.49620206675797 -466.6999999999994 -78.56680797668204
    vertex 126.45807638929003 -401.69999999999925 -79.00533884388379
    vertex 124.49620206675789 -401.69999999999925 -78.56680797668197
  endloop
endfacet
facet normal 0.2181432413965369 -5.638825430914683e-16 0.9759167619387488
  outer loop
    vertex 126.45807638929003 -401.69999999999925 -79.00533884388379
    vertex 124.49620206675797 -466.6999999999994 -78.56680797668204
    vertex 126.45807638929013 -466.6999999999994 -79.00533884388386
  endloop
endfacet
facet normal 0.2789911060392326 -4.293698714152533e-16 0.9602936856769421
  outer loop
    vertex 126.45807638929013 -466.6999999999994 -79.00533884388386
    vertex 128.388543820013 -401.69999999999925 -79.56619147855508
    vertex 126.45807638929003 -401.69999999999925 -79.00533884388379
  endloop
endfacet
facet normal 0.2789911060392326 -4.293698714152533e-16 0.9602936856769421
  outer loop
    vertex 128.388543820013 -401.69999999999925 -79.56619147855508
    vertex 126.45807638929013 -466.6999999999994 -79.00533884388386
    vertex 128.3885438200131 -466.6999999999994 -79.56619147855515
  endloop
endfacet
facet normal 0.33873792024528976 -2.9316267301702854e-16 0.9408807689542261
  outer loop
    vertex 128.3885438200131 -466.6999999999994 -79.56619147855515
    vertex 130.27998568592437 -401.69999999999925 -80.24715245157596
    vertex 128.388543820013 -401.69999999999925 -79.56619147855508
  endloop
endfacet
facet normal 0.33873792024528976 -2.9316267301702854e-16 0.9408807689542261
  outer loop
    vertex 130.27998568592437 -401.69999999999925 -80.24715245157596
    vertex 128.3885438200131 -466.6999999999994 -79.56619147855515
    vertex 130.27998568592446 -466.6999999999994 -80.24715245157601
  endloop
endfacet
facet normal 0.397147890634784 -1.5579849548166776e-16 0.9177546256839797
  outer loop
    vertex 130.27998568592446 -466.6999999999994 -80.24715245157601
    vertex 132.124937330097 -401.69999999999925 -81.04553432108737
    vertex 130.27998568592437 -401.69999999999925 -80.24715245157596
  endloop
endfacet
facet normal 0.397147890634784 -1.5579849548166776e-16 0.9177546256839797
  outer loop
    vertex 132.124937330097 -401.69999999999925 -81.04553432108737
    vertex 130.27998568592446 -466.6999999999994 -80.24715245157601
    vertex 132.12493733009708 -466.6999999999994 -81.04553432108744
  endloop
endfacet
facet normal 0.45399049973955646 -1.7819452462198727e-17 0.8910065241883629
  outer loop
    vertex 132.12493733009708 -466.6999999999994 -81.04553432108744
    vertex 133.9161175712695 -401.69999999999925 -81.95818623859635
    vertex 132.124937330097 -401.69999999999925 -81.04553432108737
  endloop
endfacet
facet normal 0.45399049973955646 -1.7819452462198727e-17 0.8910065241883629
  outer loop
    vertex 133.9161175712695 -401.69999999999925 -81.95818623859635
    vertex 132.12493733009708 -466.6999999999994 -81.04553432108744
    vertex 133.9161175712696 -466.6999999999994 -81.95818623859643
  endloop
endfacet
facet normal 0.5090414157503571 1.202299157951292e-16 0.860742027003952
  outer loop
    vertex 133.9161175712696 -466.6999999999994 -81.95818623859643
    vertex 135.64645743934258 -401.69999999999925 -82.98150638393551
    vertex 133.9161175712695 -401.69999999999925 -81.95818623859635
  endloop
endfacet
facet normal 0.5090414157503571 1.202299157951292e-16 0.860742027003952
  outer loop
    vertex 135.64645743934258 -401.69999999999925 -82.98150638393551
    vertex 133.9161175712696 -466.6999999999994 -81.95818623859643
    vertex 135.64645743934267 -466.6999999999994 -82.98150638393558
  endloop
endfacet
facet normal 0.5620833778521439 2.578047915027687e-16 0.8270805742745528
  outer loop
    vertex 135.64645743934267 -466.6999999999994 -82.98150638393558
    vertex 137.30912807337378 -401.69999999999925 -84.11145618000168
    vertex 135.64645743934258 -401.69999999999925 -82.98150638393551
  endloop
endfacet
facet normal 0.5620833778521439 2.578047915027687e-16 0.8270805742745528
  outer loop
    vertex 137.30912807337378 -401.69999999999925 -84.11145618000168
    vertex 135.64645743934267 -466.6999999999994 -82.98150638393558
    vertex 137.30912807337387 -466.6999999999994 -84.11145618000175
  endloop
endfacet
facet normal 0.612907053652965 3.943622294780149e-16 0.7901550123756993
  outer loop
    vertex 137.30912807337387 -466.6999999999994 -84.11145618000175
    vertex 138.89756767197272 -401.69999999999925 -85.34357623117474
    vertex 137.30912807337378 -401.69999999999925 -84.11145618000168
  endloop
endfacet
facet normal 0.612907053652965 3.943622294780149e-16 0.7901550123756993
  outer loop
    vertex 138.89756767197272 -401.69999999999925 -85.34357623117474
    vertex 137.30912807337387 -466.6999999999994 -84.11145618000175
    vertex 138.89756767197284 -466.6999999999994 -85.3435762311748
  endloop
endfacet
facet normal 0.6613118653236479 5.293632999005628e-16 0.750111069630463
  outer loop
    vertex 138.89756767197284 -466.6999999999994 -85.3435762311748
    vertex 140.40550738973272 -401.69999999999925 -86.67300392251482
    vertex 138.89756767197272 -401.69999999999925 -85.34357623117474
  endloop
endfacet
facet normal 0.6613118653236479 5.293632999005628e-16 0.750111069630463
  outer loop
    vertex 140.40550738973272 -401.69999999999925 -86.67300392251482
    vertex 138.89756767197284 -466.6999999999994 -85.3435762311748
    vertex 140.4055073897328 -466.6999999999994 -86.6730039225149
  endloop
endfacet
facet normal 0.7071067811865588 6.622752152215149e-16 0.7071067811865364
  outer loop
    vertex 141.8269960774998 -401.69999999999925 -88.09449261028196
    vertex 140.4055073897328 -466.6999999999994 -86.6730039225149
    vertex 141.8269960774999 -466.6999999999994 -88.09449261028203
  endloop
endfacet
facet normal 0.7071067811865588 6.622752152215149e-16 0.7071067811865364
  outer loop
    vertex 140.4055073897328 -466.6999999999994 -86.6730039225149
    vertex 141.8269960774998 -401.69999999999925 -88.09449261028196
    vertex 140.40550738973272 -401.69999999999925 -86.67300392251482
  endloop
endfacet
facet normal 0.7501110696304476 7.925734328326381e-16 0.6613118653236654
  outer loop
    vertex 143.15642376883994 -401.69999999999925 -89.6024323280419
    vertex 141.8269960774999 -466.6999999999994 -88.09449261028203
    vertex 143.15642376884003 -466.6999999999994 -89.60243232804197
  endloop
endfacet
facet normal 0.7501110696304476 7.925734328326381e-16 0.6613118653236654
  outer loop
    vertex 141.8269960774999 -466.6999999999994 -88.09449261028203
    vertex 143.15642376883994 -401.69999999999925 -89.6024323280419
    vertex 141.8269960774998 -401.69999999999925 -88.09449261028196
  endloop
endfacet
facet normal 0.790155012375695 9.197437251968521e-16 0.6129070536529705
  outer loop
    vertex 144.38854382001298 -401.69999999999925 -91.19087192664084
    vertex 143.15642376884003 -466.6999999999994 -89.60243232804197
    vertex 144.38854382001307 -466.6999999999994 -91.19087192664091
  endloop
endfacet
facet normal 0.790155012375695 9.197437251968521e-16 0.6129070536529705
  outer loop
    vertex 143.15642376884003 -466.6999999999994 -89.60243232804197
    vertex 144.38854382001298 -401.69999999999925 -91.19087192664084
    vertex 143.15642376883994 -401.69999999999925 -89.6024323280419
  endloop
endfacet
facet normal 0.827080574274553 1.0432842092685552e-15 0.5620833778521436
  outer loop
    vertex 145.51849361607918 -401.69999999999925 -92.85354256067211
    vertex 144.38854382001307 -466.6999999999994 -91.19087192664091
    vertex 145.51849361607927 -466.6999999999994 -92.85354256067217
  endloop
endfacet
facet normal 0.827080574274553 1.0432842092685552e-15 0.5620833778521436
  outer loop
    vertex 144.38854382001307 -466.6999999999994 -91.19087192664091
    vertex 145.51849361607918 -401.69999999999925 -92.85354256067211
    vertex 144.38854382001298 -401.69999999999925 -91.19087192664084
  endloop
endfacet
facet normal 0.8607420270039454 1.1627073271975752e-15 0.5090414157503685
  outer loop
    vertex 146.54181376141833 -401.69999999999925 -94.58388242874508
    vertex 145.51849361607927 -466.6999999999994 -92.85354256067217
    vertex 146.5418137614184 -466.6999999999994 -94.58388242874516
  endloop
endfacet
facet normal 0.8607420270039454 1.1627073271975752e-15 0.5090414157503685
  outer loop
    vertex 145.51849361607927 -466.6999999999994 -92.85354256067217
    vertex 146.54181376141833 -401.69999999999925 -94.58388242874508
    vertex 145.51849361607918 -401.69999999999925 -92.85354256067211
  endloop
endfacet
facet normal 0.8910065241883653 1.277541770496543e-15 0.4539904997395518
  outer loop
    vertex 147.45446567892733 -401.69999999999925 -96.37506266991767
    vertex 146.5418137614184 -466.6999999999994 -94.58388242874516
    vertex 147.45446567892742 -466.6999999999994 -96.37506266991772
  endloop
endfacet
facet normal 0.8910065241883653 1.277541770496543e-15 0.4539904997395518
  outer loop
    vertex 146.5418137614184 -466.6999999999994 -94.58388242874516
    vertex 147.45446567892733 -401.69999999999925 -96.37506266991767
    vertex 146.54181376141833 -401.69999999999925 -94.58388242874508
  endloop
endfacet
facet normal 0.9177546256839879 1.3873343400807332e-15 0.3971478906347651
  outer loop
    vertex 148.25284754843872 -401.69999999999925 -98.22001431409028
    vertex 147.45446567892742 -466.6999999999994 -96.37506266991772
    vertex 148.2528475484388 -466.6999999999994 -98.22001431409035
  endloop
endfacet
facet normal 0.9177546256839879 1.3873343400807332e-15 0.3971478906347651
  outer loop
    vertex 147.45446567892742 -466.6999999999994 -96.37506266991772
    vertex 148.25284754843872 -401.69999999999925 -98.22001431409028
    vertex 147.45446567892733 -401.69999999999925 -96.37506266991767
  endloop
endfacet
facet normal 0.9408807689542167 1.4916517348372862e-15 0.33873792024531596
  outer loop
    vertex 148.93380852145964 -401.69999999999925 -100.11145618000168
    vertex 148.2528475484388 -466.6999999999994 -98.22001431409035
    vertex 148.93380852145972 -466.6999999999994 -100.11145618000174
  endloop
endfacet
facet normal 0.9408807689542167 1.4916517348372862e-15 0.33873792024531596
  outer loop
    vertex 148.2528475484388 -466.6999999999994 -98.22001431409035
    vertex 148.93380852145964 -401.69999999999925 -100.11145618000168
    vertex 148.25284754843872 -401.69999999999925 -98.22001431409028
  endloop
endfacet
facet normal 0.9602936856769525 1.5900822616674551e-15 0.27899110603919725
  outer loop
    vertex 149.49466115613083 -401.69999999999925 -102.0419236107246
    vertex 148.93380852145972 -466.6999999999994 -100.11145618000174
    vertex 149.49466115613095 -466.6999999999994 -102.0419236107247
  endloop
endfacet
facet normal 0.9602936856769525 1.5900822616674551e-15 0.27899110603919725
  outer loop
    vertex 148.93380852145972 -466.6999999999994 -100.11145618000174
    vertex 149.49466115613083 -401.69999999999925 -102.0419236107246
    vertex 148.93380852145964 -401.69999999999925 -100.11145618000168
  endloop
endfacet
facet normal 0.9759167619387402 1.6822374602501174e-15 0.21814324139657484
  outer loop
    vertex 149.93319202333277 -401.69999999999925 -104.00379793325679
    vertex 149.49466115613095 -466.6999999999994 -102.0419236107247
    vertex 149.93319202333285 -466.6999999999994 -104.00379793325688
  endloop
endfacet
facet normal 0.9759167619387402 1.6822374602501174e-15 0.21814324139657484
  outer loop
    vertex 149.49466115613095 -466.6999999999994 -102.0419236107247
    vertex 149.93319202333277 -401.69999999999925 -104.00379793325679
    vertex 149.49466115613083 -401.69999999999925 -102.0419236107246
  endloop
endfacet
facet normal 0.9876883405951429 1.7677536361185503e-15 0.15643446504019848
  outer loop
    vertex 150.24767044207795 -401.69999999999925 -105.98933652594224
    vertex 149.93319202333285 -466.6999999999994 -104.00379793325688
    vertex 150.24767044207803 -466.6999999999994 -105.98933652594232
  endloop
endfacet
facet normal 0.9876883405951429 1.7677536361185503e-15 0.15643446504019848
  outer loop
    vertex 149.93319202333285 -466.6999999999994 -104.00379793325688
    vertex 150.24767044207795 -401.69999999999925 -105.98933652594224
    vertex 149.93319202333277 -401.69999999999925 -104.00379793325679
  endloop
endfacet
facet normal 0.9955619646030816 1.846293295994926e-15 0.09410831331849803
  outer loop
    vertex 150.4368553097193 -401.69999999999925 -107.990703375062
    vertex 150.24767044207803 -466.6999999999994 -105.98933652594232
    vertex 150.43685530971942 -466.6999999999994 -107.9907033750621
  endloop
endfacet
facet normal 0.9955619646030816 1.846293295994926e-15 0.09410831331849803
  outer loop
    vertex 150.24767044207803 -466.6999999999994 -105.98933652594232
    vertex 150.4368553097193 -401.69999999999925 -107.990703375062
    vertex 150.24767044207795 -401.69999999999925 -105.98933652594224
  endloop
endfacet
facet normal 0.9995065603657314 1.9175464797231796e-15 0.03141075907813446
  outer loop
    vertex 150.50000000001464 -401.69999999999925 -109.99999999999993
    vertex 150.43685530971942 -466.6999999999994 -107.9907033750621
    vertex 150.50000000001472 -466.6999999999994 -109.99999999999999
  endloop
endfacet
facet normal 0.9995065603657314 1.9175464797231796e-15 0.03141075907813446
  outer loop
    vertex 150.43685530971942 -466.6999999999994 -107.9907033750621
    vertex 150.50000000001464 -401.69999999999925 -109.99999999999993
    vertex 150.4368553097193 -401.69999999999925 -107.990703375062
  endloop
endfacet
facet normal 0.9995065603657315 1.9812319835396592e-15 -0.031410759078133225
  outer loop
    vertex 150.4368553097193 -401.69999999999925 -112.0092966249379
    vertex 150.50000000001472 -466.6999999999994 -109.99999999999999
    vertex 150.43685530971942 -466.6999999999994 -112.00929662493796
  endloop
endfacet
facet normal 0.9995065603657315 1.9812319835396592e-15 -0.031410759078133225
  outer loop
    vertex 150.50000000001472 -466.6999999999994 -109.99999999999999
    vertex 150.4368553097193 -401.69999999999925 -112.0092966249379
    vertex 150.50000000001464 -401.69999999999925 -109.99999999999993
  endloop
endfacet
facet normal 0.9955619646030813 2.0370984698558753e-15 -0.09410831331850013
  outer loop
    vertex 150.24767044207795 -401.69999999999925 -114.01066347405764
    vertex 150.43685530971942 -466.6999999999994 -112.00929662493796
    vertex 150.24767044207803 -466.6999999999994 -114.01066347405768
  endloop
endfacet
facet normal 0.9955619646030813 2.0370984698558753e-15 -0.09410831331850013
  outer loop
    vertex 150.43685530971942 -466.6999999999994 -112.00929662493796
    vertex 150.24767044207795 -401.69999999999925 -114.01066347405764
    vertex 150.4368553097193 -401.69999999999925 -112.0092966249379
  endloop
endfacet
facet normal 0.9876883405951429 2.0849254591733406e-15 -0.15643446504019848
  outer loop
    vertex 149.93319202333277 -401.69999999999925 -115.99620206674308
    vertex 150.24767044207803 -466.6999999999994 -114.01066347405768
    vertex 149.93319202333285 -466.6999999999994 -115.99620206674312
  endloop
endfacet
facet normal 0.9876883405951429 2.0849254591733406e-15 -0.15643446504019848
  outer loop
    vertex 150.24767044207803 -466.6999999999994 -114.01066347405768
    vertex 149.93319202333277 -401.69999999999925 -115.99620206674308
    vertex 150.24767044207795 -401.69999999999925 -114.01066347405764
  endloop
endfacet
facet normal 0.9759167619387391 2.1245242002153414e-15 -0.21814324139657962
  outer loop
    vertex 149.49466115613083 -401.69999999999925 -117.95807638927522
    vertex 149.93319202333285 -466.6999999999994 -115.99620206674312
    vertex 149.49466115613095 -466.6999999999994 -117.95807638927526
  endloop
endfacet
facet normal 0.9759167619387391 2.1245242002153414e-15 -0.21814324139657962
  outer loop
    vertex 149.93319202333285 -466.6999999999994 -115.99620206674312
    vertex 149.49466115613083 -401.69999999999925 -117.95807638927522
    vertex 149.93319202333277 -401.69999999999925 -115.99620206674308
  endloop
endfacet
facet normal 0.9602936856769421 2.1557384148418106e-15 -0.2789911060392326
  outer loop
    vertex 148.93380852145955 -401.69999999999925 -119.8885438199982
    vertex 149.49466115613095 -466.6999999999994 -117.95807638927526
    vertex 148.93380852145964 -466.6999999999994 -119.88854381999825
  endloop
endfacet
facet normal 0.9602936856769421 2.1557384148418106e-15 -0.2789911060392326
  outer loop
    vertex 149.49466115613095 -466.6999999999994 -117.95807638927526
    vertex 148.93380852145955 -401.69999999999925 -119.8885438199982
    vertex 149.49466115613083 -401.69999999999925 -117.95807638927522
  endloop
endfacet
facet normal 0.9408807689542297 2.178444914808114e-15 -0.3387379202452798
  outer loop
    vertex 148.25284754843872 -401.69999999999925 -121.77998568590958
    vertex 148.93380852145964 -466.6999999999994 -119.88854381999825
    vertex 148.2528475484388 -466.6999999999994 -121.77998568590962
  endloop
endfacet
facet normal 0.9408807689542297 2.178444914808114e-15 -0.3387379202452798
  outer loop
    vertex 148.93380852145964 -466.6999999999994 -119.88854381999825
    vertex 148.25284754843872 -401.69999999999925 -121.77998568590958
    vertex 148.93380852145955 -401.69999999999925 -119.8885438199982
  endloop
endfacet
facet normal 0.9177546256839879 2.192554087932489e-15 -0.3971478906347651
  outer loop
    vertex 147.45446567892733 -401.69999999999925 -123.62493733008219
    vertex 148.2528475484388 -466.6999999999994 -121.77998568590962
    vertex 147.45446567892742 -466.6999999999994 -123.62493733008223
  endloop
endfacet
facet normal 0.9177546256839879 2.192554087932489e-15 -0.3971478906347651
  outer loop
    vertex 148.2528475484388 -466.6999999999994 -121.77998568590962
    vertex 147.45446567892733 -401.69999999999925 -123.62493733008219
    vertex 148.25284754843872 -401.69999999999925 -121.77998568590958
  endloop
endfacet
facet normal 0.891006524188363 2.1980102517544775e-15 -0.45399049973955635
  outer loop
    vertex 146.54181376141833 -401.69999999999925 -125.41611757125474
    vertex 147.45446567892742 -466.6999999999994 -123.62493733008223
    vertex 146.5418137614184 -466.6999999999994 -125.41611757125479
  endloop
endfacet
facet normal 0.891006524188363 2.1980102517544775e-15 -0.45399049973955635
  outer loop
    vertex 147.45446567892742 -466.6999999999994 -123.62493733008223
    vertex 146.54181376141833 -401.69999999999925 -125.41611757125474
    vertex 147.45446567892733 -401.69999999999925 -123.62493733008219
  endloop
endfacet
facet normal 0.8607420270039512 2.1947918732881552e-15 -0.5090414157503587
  outer loop
    vertex 145.51849361607918 -401.69999999999925 -127.14645743932778
    vertex 146.5418137614184 -466.6999999999994 -125.41611757125479
    vertex 145.51849361607927 -466.6999999999994 -127.14645743932782
  endloop
endfacet
facet normal 0.8607420270039512 2.1947918732881552e-15 -0.5090414157503587
  outer loop
    vertex 146.5418137614184 -466.6999999999994 -125.41611757125479
    vertex 145.51849361607918 -401.69999999999925 -127.14645743932778
    vertex 146.54181376141833 -401.69999999999925 -125.41611757125474
  endloop
endfacet
facet normal 0.8270805742745495 2.182911654002984e-15 -0.5620833778521489
  outer loop
    vertex 144.38854382001298 -401.69999999999925 -128.809128073359
    vertex 145.51849361607927 -466.6999999999994 -127.14645743932782
    vertex 144.38854382001307 -466.6999999999994 -128.80912807335906
  endloop
endfacet
facet normal 0.8270805742745495 2.182911654002984e-15 -0.5620833778521489
  outer loop
    vertex 145.51849361607927 -466.6999999999994 -127.14645743932782
    vertex 144.38854382001298 -401.69999999999925 -128.809128073359
    vertex 145.51849361607918 -401.69999999999925 -127.14645743932778
  endloop
endfacet
facet normal 0.7901550123756909 2.162416479696948e-15 -0.6129070536529759
  outer loop
    vertex 143.15642376883994 -401.69999999999925 -130.39756767195792
    vertex 144.38854382001307 -466.6999999999994 -128.80912807335906
    vertex 143.15642376884003 -466.6999999999994 -130.39756767195797
  endloop
endfacet
facet normal 0.7901550123756909 2.162416479696948e-15 -0.6129070536529759
  outer loop
    vertex 144.38854382001307 -466.6999999999994 -128.80912807335906
    vertex 143.15642376883994 -401.69999999999925 -130.39756767195792
    vertex 144.38854382001298 -401.69999999999925 -128.809128073359
  endloop
endfacet
facet normal 0.7501110696304576 2.133387235459658e-15 -0.6613118653236543
  outer loop
    vertex 141.8269960774998 -401.69999999999925 -131.9055073897179
    vertex 143.15642376884003 -466.6999999999994 -130.39756767195797
    vertex 141.8269960774999 -466.6999999999994 -131.90550738971797
  endloop
endfacet
facet normal 0.7501110696304576 2.133387235459658e-15 -0.6613118653236543
  outer loop
    vertex 143.15642376884003 -466.6999999999994 -130.39756767195797
    vertex 141.8269960774998 -401.69999999999925 -131.9055073897179
    vertex 143.15642376883994 -401.69999999999925 -130.39756767195792
  endloop
endfacet
facet normal 0.7071067811865364 2.0959384864559195e-15 -0.7071067811865588
  outer loop
    vertex 141.8269960774998 -401.69999999999925 -131.9055073897179
    vertex 140.40550738973272 -466.6999999999994 -133.3269960774851
    vertex 140.40550738973263 -401.69999999999925 -133.32699607748506
  endloop
endfacet
facet normal 0.7071067811865364 2.0959384864559195e-15 -0.7071067811865588
  outer loop
    vertex 140.40550738973272 -466.6999999999994 -133.3269960774851
    vertex 141.8269960774998 -401.69999999999925 -131.9055073897179
    vertex 141.8269960774999 -466.6999999999994 -131.90550738971797
  endloop
endfacet
facet normal 0.6613118653236638 2.050218025789383e-15 -0.7501110696304489
  outer loop
    vertex 140.40550738973263 -401.69999999999925 -133.32699607748506
    vertex 138.89756767197284 -466.6999999999994 -134.65642376882516
    vertex 138.89756767197272 -401.69999999999925 -134.65642376882514
  endloop
endfacet
facet normal 0.6613118653236638 2.050218025789383e-15 -0.7501110696304489
  outer loop
    vertex 138.89756767197284 -466.6999999999994 -134.65642376882516
    vertex 140.40550738973263 -401.69999999999925 -133.32699607748506
    vertex 140.40550738973272 -466.6999999999994 -133.3269960774851
  endloop
endfacet
facet normal 0.612907053652965 1.9964062912305267e-15 -0.7901550123756993
  outer loop
    vertex 138.89756767197272 -401.69999999999925 -134.65642376882514
    vertex 137.30912807337387 -466.6999999999994 -135.8885438199982
    vertex 137.30912807337378 -401.69999999999925 -135.88854381999818
  endloop
endfacet
facet normal 0.612907053652965 1.9964062912305267e-15 -0.7901550123756993
  outer loop
    vertex 137.30912807337387 -466.6999999999994 -135.8885438199982
    vertex 138.89756767197272 -401.69999999999925 -134.65642376882514
    vertex 138.89756767197284 -466.6999999999994 -134.65642376882516
  endloop
endfacet
facet normal 0.562083377852123 1.9347156531114895e-15 -0.8270805742745669
  outer loop
    vertex 137.30912807337378 -401.69999999999925 -135.88854381999818
    vertex 135.64645743934258 -466.6999999999994 -137.01849361606438
    vertex 135.6464574393425 -401.69999999999925 -137.01849361606435
  endloop
endfacet
facet normal 0.562083377852123 1.9347156531114895e-15 -0.8270805742745669
  outer loop
    vertex 135.64645743934258 -466.6999999999994 -137.01849361606438
    vertex 137.30912807337378 -401.69999999999925 -135.88854381999818
    vertex 137.30912807337387 -466.6999999999994 -135.8885438199982
  endloop
endfacet
facet normal 0.5090414157503685 1.8653895761971298e-15 -0.8607420270039454
  outer loop
    vertex 135.6464574393425 -401.69999999999925 -137.01849361606435
    vertex 133.9161175712696 -466.6999999999994 -138.04181376140352
    vertex 133.9161175712695 -401.69999999999925 -138.04181376140346
  endloop
endfacet
facet normal 0.5090414157503685 1.8653895761971298e-15 -0.8607420270039454
  outer loop
    vertex 133.9161175712696 -466.6999999999994 -138.04181376140352
    vertex 135.6464574393425 -401.69999999999925 -137.01849361606435
    vertex 135.64645743934258 -466.6999999999994 -137.01849361606438
  endloop
endfacet
facet normal 0.4539904997395472 1.7887016588409505e-15 -0.8910065241883676
  outer loop
    vertex 133.9161175712695 -401.69999999999925 -138.04181376140346
    vertex 132.124937330097 -466.6999999999994 -138.95446567891253
    vertex 132.1249373300969 -401.69999999999925 -138.95446567891247
  endloop
endfacet
facet normal 0.4539904997395472 1.7887016588409505e-15 -0.8910065241883676
  outer loop
    vertex 132.124937330097 -466.6999999999994 -138.95446567891253
    vertex 133.9161175712695 -401.69999999999925 -138.04181376140346
    vertex 133.9161175712696 -466.6999999999994 -138.04181376140352
  endloop
endfacet
facet normal 0.397147890634784 1.7049545532173834e-15 -0.9177546256839797
  outer loop
    vertex 132.1249373300969 -401.69999999999925 -138.95446567891247
    vertex 130.27998568592437 -466.6999999999994 -139.75284754842394
    vertex 130.2799856859243 -401.69999999999925 -139.75284754842392
  endloop
endfacet
facet normal 0.397147890634784 1.7049545532173834e-15 -0.9177546256839797
  outer loop
    vertex 130.27998568592437 -466.6999999999994 -139.75284754842394
    vertex 132.1249373300969 -401.69999999999925 -138.95446567891247
    vertex 132.124937330097 -466.6999999999994 -138.95446567891253
  endloop
endfacet
facet normal 0.3387379202452798 1.6144787708918828e-15 -0.9408807689542297
  outer loop
    vertex 130.2799856859243 -401.69999999999925 -139.75284754842392
    vertex 128.388543820013 -466.6999999999994 -140.4338085214448
    vertex 128.38854382001293 -401.69999999999925 -140.43380852144475
  endloop
endfacet
facet normal 0.3387379202452798 1.6144787708918828e-15 -0.9408807689542297
  outer loop
    vertex 128.388543820013 -466.6999999999994 -140.4338085214448
    vertex 130.2799856859243 -401.69999999999925 -139.75284754842392
    vertex 130.27998568592437 -466.6999999999994 -139.75284754842394
  endloop
endfacet
facet normal 0.2789911060392326 1.5176313784429088e-15 -0.9602936856769421
  outer loop
    vertex 128.38854382001293 -401.69999999999925 -140.43380852144475
    vertex 126.45807638929003 -466.6999999999994 -140.99466115611608
    vertex 126.45807638928994 -401.69999999999925 -140.99466115611605
  endloop
endfacet
facet normal 0.2789911060392326 1.5176313784429088e-15 -0.9602936856769421
  outer loop
    vertex 126.45807638929003 -466.6999999999994 -140.99466115611608
    vertex 128.38854382001293 -401.69999999999925 -140.43380852144475
    vertex 128.388543820013 -466.6999999999994 -140.4338085214448
  endloop
endfacet
facet normal 0.2181432413965369 1.4147945882830072e-15 -0.9759167619387488
  outer loop
    vertex 126.45807638928994 -401.69999999999925 -140.99466115611605
    vertex 124.49620206675789 -466.6999999999994 -141.4331920233179
    vertex 124.4962020667578 -401.69999999999925 -141.43319202331787
  endloop
endfacet
facet normal 0.2181432413965369 1.4147945882830072e-15 -0.9759167619387488
  outer loop
    vertex 124.49620206675789 -466.6999999999994 -141.4331920233179
    vertex 126.45807638928994 -401.69999999999925 -140.99466115611605
    vertex 126.45807638929003 -466.6999999999994 -140.99466115611608
  endloop
endfacet
facet normal 0.15643446504024572 1.3063742502413687e-15 -0.9876883405951353
  outer loop
    vertex 124.4962020667578 -401.69999999999925 -141.43319202331787
    vertex 122.51066347407249 -466.6999999999994 -141.7476704420632
    vertex 122.5106634740724 -401.69999999999925 -141.74767044206314
  endloop
endfacet
facet normal 0.15643446504024572 1.3063742502413687e-15 -0.9876883405951353
  outer loop
    vertex 122.51066347407249 -466.6999999999994 -141.7476704420632
    vertex 124.4962020667578 -401.69999999999925 -141.43319202331787
    vertex 124.49620206675789 -466.6999999999994 -141.4331920233179
  endloop
endfacet
facet normal 0.09410831331849803 1.192798249859559e-15 -0.9955619646030816
  outer loop
    vertex 122.5106634740724 -401.69999999999925 -141.74767044206314
    vertex 120.50929662495271 -466.6999999999994 -141.93685530970455
    vertex 120.50929662495263 -401.69999999999925 -141.9368553097045
  endloop
endfacet
facet normal 0.09410831331849803 1.192798249859559e-15 -0.9955619646030816
  outer loop
    vertex 120.50929662495271 -466.6999999999994 -141.93685530970455
    vertex 122.5106634740724 -401.69999999999925 -141.74767044206314
    vertex 122.51066347407249 -466.6999999999994 -141.7476704420632
  endloop
endfacet
facet normal 0.4472135954999803 5.744076888549692e-15 -0.8944271909999046
  outer loop
    vertex 118.50000000001451 -401.69999999999953 -84.88819660112507
    vertex 116.70000000001781 -466.6999999999999 -85.7881966011239
    vertex 116.70000000001465 -401.69999999999953 -85.78819660112505
  endloop
endfacet
facet normal 0.4472135954999803 5.744076888549692e-15 -0.8944271909999046
  outer loop
    vertex 116.70000000001781 -466.6999999999999 -85.7881966011239
    vertex 118.50000000001451 -401.69999999999953 -84.88819660112507
    vertex 118.50000000001768 -466.6999999999999 -84.88819660112391
  endloop
endfacet
facet normal -1.0 -5.0132737467523776e-14 0.0
  outer loop
    vertex 116.70000000001465 -401.69999999999953 -81.21180339887499
    vertex 116.70000000001781 -466.6999999999999 -85.7881966011239
    vertex 116.70000000001781 -466.6999999999999 -81.21180339887383
  endloop
endfacet
facet normal -1.0 -5.0132737467523776e-14 0.0
  outer loop
    vertex 116.70000000001781 -466.6999999999999 -85.7881966011239
    vertex 116.70000000001465 -401.69999999999953 -81.21180339887499
    vertex 116.70000000001465 -401.69999999999953 -85.78819660112505
  endloop
endfacet
facet normal 0.44721359549992656 3.7717005776347443e-14 0.8944271909999316
  outer loop
    vertex 116.70000000001781 -466.6999999999999 -81.21180339887383
    vertex 118.50000000001478 -401.6999999999993 -82.11180339887497
    vertex 116.70000000001465 -401.69999999999953 -81.21180339887499
  endloop
endfacet
facet normal 0.44721359549992656 3.7717005776347443e-14 0.8944271909999316
  outer loop
    vertex 118.50000000001478 -401.6999999999993 -82.11180339887497
    vertex 116.70000000001781 -466.6999999999999 -81.21180339887383
    vertex 118.50000000001795 -466.6999999999997 -82.11180339887382
  endloop
endfacet
facet normal -1.0 -2.2667852084424362e-14 3.3398159804496324e-13
  outer loop
    vertex 118.50000000001451 -401.69999999999953 -84.88819660112507
    vertex 118.50000000001496 -466.6999999999996 -89.00000000000013
    vertex 118.50000000001768 -466.6999999999999 -84.88819660112391
  endloop
endfacet
facet normal -1.0 -2.2667852084424362e-14 3.3398159804496324e-13
  outer loop
    vertex 118.50000000001496 -466.6999999999996 -89.00000000000013
    vertex 118.50000000001451 -401.69999999999953 -84.88819660112507
    vertex 118.50000000001488 -458.69999999999965 -89.00000000000001
  endloop
endfacet
facet normal -1.0 -2.2667852084424362e-14 3.3398159804496324e-13
  outer loop
    vertex 118.50000000001488 -458.69999999999965 -89.00000000000001
    vertex 118.50000000001451 -401.69999999999953 -84.88819660112507
    vertex 118.50000000001488 -401.6999999999994 -89.00000000000006
  endloop
endfacet
facet normal 0.447213595499976 1.5645714923148925e-13 -0.894427190999907
  outer loop
    vertex 118.50000000001461 -401.6999999999993 -138.88819660112478
    vertex 116.70000000003739 -466.70000000000005 -139.7881966011248
    vertex 116.70000000001465 -401.7 -139.7881966011248
  endloop
endfacet
facet normal 0.447213595499976 1.5645714923148925e-13 -0.894427190999907
  outer loop
    vertex 116.70000000003739 -466.70000000000005 -139.7881966011248
    vertex 118.50000000001461 -401.6999999999993 -138.88819660112478
    vertex 118.50000000003735 -466.69999999999953 -138.88819660112478
  endloop
endfacet
facet normal -1.0 -3.509291622726367e-13 0.0
  outer loop
    vertex 116.70000000001465 -401.7 -136.21180339887485
    vertex 116.70000000003739 -466.70000000000005 -139.7881966011248
    vertex 116.70000000003739 -466.70000000000005 -136.21180339887485
  endloop
endfacet
facet normal -1.0 -3.509291622726367e-13 0.0
  outer loop
    vertex 116.70000000003739 -466.70000000000005 -139.7881966011248
    vertex 116.70000000001465 -401.7 -136.21180339887485
    vertex 116.70000000001465 -401.7 -139.7881966011248
  endloop
endfacet
facet normal 0.447213595499976 1.5645714923148925e-13 0.894427190999907
  outer loop
    vertex 116.70000000003739 -466.70000000000005 -136.21180339887485
    vertex 118.50000000001461 -401.6999999999993 -137.11180339887488
    vertex 116.70000000001465 -401.7 -136.21180339887485
  endloop
endfacet
facet normal 0.447213595499976 1.5645714923148925e-13 0.894427190999907
  outer loop
    vertex 118.50000000001461 -401.6999999999993 -137.11180339887488
    vertex 116.70000000003739 -466.70000000000005 -136.21180339887485
    vertex 118.50000000003735 -466.69999999999953 -137.11180339887488
  endloop
endfacet
facet normal -1.0 -1.60583733659061e-13 -4.055969410573078e-12
  outer loop
    vertex 118.5000000000147 -466.6999999999994 -133.9999999999999
    vertex 118.50000000001461 -401.6999999999993 -137.11180339887488
    vertex 118.50000000003735 -466.69999999999953 -137.11180339887488
  endloop
endfacet
facet normal -1.0 -1.60583733659061e-13 -4.055969410573078e-12
  outer loop
    vertex 118.50000000001461 -401.6999999999993 -137.11180339887488
    vertex 118.5000000000147 -466.6999999999994 -133.9999999999999
    vertex 118.5000000000147 -458.69999999999965 -133.99999999999986
  endloop
endfacet
facet normal -1.0 -1.60583733659061e-13 -4.055969410573078e-12
  outer loop
    vertex 118.50000000001461 -401.6999999999993 -137.11180339887488
    vertex 118.5000000000147 -458.69999999999965 -133.99999999999986
    vertex 118.50000000001461 -401.69999999999925 -133.99999999999986
  endloop
endfacet
endsolid matrix4-final
