solid matrix4-final
facet normal 1.0 -1.9366662120161636e-13 4.0453488747539155e-12
  outer loop
    vertex -116.49999999998542 -401.6999999999993 -141.99999999999974
    vertex -116.50000000001059 -466.699999999997 -138.88819660113043
    vertex -116.49999999998542 -466.70000000000016 -141.99999999999974
  endloop
endfacet
facet normal 1.0 -1.9366662120161636e-13 4.0453488747539155e-12
  outer loop
    vertex -116.50000000001059 -466.699999999997 -138.88819660113043
    vertex -116.49999999998542 -401.6999999999993 -141.99999999999974
    vertex -116.49999999998542 -401.69999999999914 -138.8881966011248
  endloop
endfacet
facet normal -0.8270805742745598 -5.744490079417863e-16 -0.5620833778521335
  outer loop
    vertex -143.5184936160499 -401.6999999999993 -127.14645743932769
    vertex -142.3885438199837 -466.70000000000016 -128.80912807335892
    vertex -143.5184936160499 -466.70000000000016 -127.14645743932769
  endloop
endfacet
facet normal -0.8270805742745598 -5.744490079417863e-16 -0.5620833778521335
  outer loop
    vertex -142.3885438199837 -466.70000000000016 -128.80912807335892
    vertex -143.5184936160499 -401.6999999999993 -127.14645743932769
    vertex -142.3885438199838 -401.6999999999993 -128.80912807335892
  endloop
endfacet
facet normal -0.8910065241883744 -6.183767482130763e-16 0.45399049973953387
  outer loop
    vertex -144.54181376138914 -401.6999999999993 -94.583882428745
    vertex -145.45446567889806 -466.70000000000016 -96.37506266991757
    vertex -144.54181376138905 -466.70000000000016 -94.583882428745
  endloop
endfacet
facet normal -0.8910065241883744 -6.183767482130763e-16 0.45399049973953387
  outer loop
    vertex -145.45446567889806 -466.70000000000016 -96.37506266991757
    vertex -144.54181376138914 -401.6999999999993 -94.583882428745
    vertex -145.45446567889806 -401.6999999999993 -96.37506266991757
  endloop
endfacet
facet normal -0.21814324139653216 -1.5139587039760955e-16 0.9759167619387498
  outer loop
    vertex -122.49620206672861 -466.70000000000016 -78.56680797668189
    vertex -124.45807638926084 -401.6999999999993 -79.0053388438837
    vertex -124.45807638926084 -466.70000000000016 -79.0053388438837
  endloop
endfacet
facet normal -0.21814324139653216 -1.5139587039760955e-16 0.9759167619387498
  outer loop
    vertex -124.45807638926084 -401.6999999999993 -79.0053388438837
    vertex -122.49620206672861 -466.70000000000016 -78.56680797668189
    vertex -122.4962020667287 -401.6999999999993 -78.56680797668189
  endloop
endfacet
facet normal -0.612907053652965 0.0 0.7901550123756992
  outer loop
    vertex -135.3091280733446 -466.70000000000016 -84.1114561800016
    vertex -136.89756767194353 -401.6999999999993 -85.34357623117464
    vertex -136.89756767194353 -466.70000000000016 -85.34357623117464
  endloop
endfacet
facet normal -0.612907053652965 0.0 0.7901550123756992
  outer loop
    vertex -136.89756767194353 -401.6999999999993 -85.34357623117464
    vertex -135.3091280733446 -466.70000000000016 -84.1114561800016
    vertex -135.3091280733446 -401.6999999999993 -84.1114561800016
  endloop
endfacet
facet normal -0.09410831331851338 0.0 0.9955619646030802
  outer loop
    vertex -118.50929662492352 -466.70000000000016 -78.06314469029523
    vertex -120.51066347404321 -401.6999999999993 -78.25232955793663
    vertex -120.51066347404321 -466.70000000000016 -78.25232955793663
  endloop
endfacet
facet normal -0.09410831331851338 0.0 0.9955619646030802
  outer loop
    vertex -120.51066347404321 -401.6999999999993 -78.25232955793663
    vertex -118.50929662492352 -466.70000000000016 -78.06314469029523
    vertex -118.50929662492352 -401.6999999999993 -78.06314469029523
  endloop
endfacet
facet normal -0.2789911060392326 0.0 -0.9602936856769422
  outer loop
    vertex -124.45807638926075 -401.6999999999993 -140.99466115611594
    vertex -126.38854381998372 -466.70000000000016 -140.43380852144466
    vertex -126.38854381998372 -401.6999999999993 -140.43380852144466
  endloop
endfacet
facet normal -0.2789911060392326 0.0 -0.9602936856769422
  outer loop
    vertex -126.38854381998372 -466.70000000000016 -140.43380852144466
    vertex -124.45807638926075 -401.6999999999993 -140.99466115611594
    vertex -124.45807638926075 -466.70000000000016 -140.99466115611594
  endloop
endfacet
facet normal -0.8607420270039355 -5.97828577874535e-16 0.5090414157503851
  outer loop
    vertex -143.5184936160499 -401.6999999999993 -92.85354256067201
    vertex -144.54181376138905 -466.70000000000016 -94.583882428745
    vertex -143.5184936160499 -466.70000000000016 -92.85354256067201
  endloop
endfacet
facet normal -0.8607420270039355 -5.97828577874535e-16 0.5090414157503851
  outer loop
    vertex -144.54181376138905 -466.70000000000016 -94.583882428745
    vertex -143.5184936160499 -401.6999999999993 -92.85354256067201
    vertex -144.54181376138914 -401.6999999999993 -94.583882428745
  endloop
endfacet
facet normal -0.9759167619387488 0.0 -0.21814324139653685
  outer loop
    vertex -147.9331920233035 -401.6999999999993 -115.996202066743
    vertex -147.49466115610164 -466.70000000000016 -117.95807638927513
    vertex -147.9331920233035 -466.70000000000016 -115.996202066743
  endloop
endfacet
facet normal -0.9759167619387488 0.0 -0.21814324139653685
  outer loop
    vertex -147.49466115610164 -466.70000000000016 -117.95807638927513
    vertex -147.9331920233035 -401.6999999999993 -115.996202066743
    vertex -147.49466115610164 -401.6999999999993 -117.95807638927513
  endloop
endfacet
facet normal -0.7071067811865476 -4.907465659556815e-16 0.7071067811865476
  outer loop
    vertex -138.40550738970353 -401.6999999999993 -86.67300392251474
    vertex -139.82699607747062 -466.70000000000016 -88.09449261028188
    vertex -138.40550738970344 -466.70000000000016 -86.67300392251474
  endloop
endfacet
facet normal -0.7071067811865476 -4.907465659556815e-16 0.7071067811865476
  outer loop
    vertex -139.82699607747062 -466.70000000000016 -88.09449261028188
    vertex -138.40550738970353 -401.6999999999993 -86.67300392251474
    vertex -139.82699607747062 -401.6999999999993 -88.09449261028188
  endloop
endfacet
facet normal -0.9408807689542309 0.0 0.3387379202452762
  outer loop
    vertex -146.25284754840953 -401.6999999999993 -98.2200143140902
    vertex -146.93380852143036 -466.70000000000016 -100.11145618000158
    vertex -146.25284754840953 -466.70000000000016 -98.2200143140902
  endloop
endfacet
facet normal -0.9408807689542309 0.0 0.3387379202452762
  outer loop
    vertex -146.93380852143036 -466.70000000000016 -100.11145618000158
    vertex -146.25284754840953 -401.6999999999993 -98.2200143140902
    vertex -146.93380852143036 -401.6999999999993 -100.11145618000158
  endloop
endfacet
facet normal -0.9408807689542225 -6.529904939721014e-16 -0.33873792024529964
  outer loop
    vertex -146.93380852143036 -401.6999999999993 -119.8885438199981
    vertex -146.25284754840942 -466.70000000000016 -121.77998568590948
    vertex -146.93380852143036 -466.70000000000016 -119.8885438199981
  endloop
endfacet
facet normal -0.9408807689542225 -6.529904939721014e-16 -0.33873792024529964
  outer loop
    vertex -146.25284754840942 -466.70000000000016 -121.77998568590948
    vertex -146.93380852143036 -401.6999999999993 -119.8885438199981
    vertex -146.25284754840953 -401.6999999999993 -121.77998568590948
  endloop
endfacet
facet normal 3.576282278871314e-15 1.0 2.211490174748922e-15
  outer loop
    vertex -118.50929662492344 -401.6999999999993 -141.9368553097044
    vertex -116.49999999998542 -401.69999999999914 -138.8881966011248
    vertex -116.49999999998542 -401.6999999999993 -141.99999999999974
  endloop
endfacet
facet normal 3.576282278871314e-15 1.0 2.211490174748922e-15
  outer loop
    vertex -116.49999999998542 -401.69999999999914 -138.8881966011248
    vertex -118.50929662492344 -401.6999999999993 -141.9368553097044
    vertex -120.51066347404311 -401.6999999999993 -141.74767044206305
  endloop
endfacet
facet normal 3.576282278871314e-15 1.0 2.211490174748922e-15
  outer loop
    vertex -116.49999999998542 -401.69999999999914 -138.8881966011248
    vertex -120.51066347404311 -401.6999999999993 -141.74767044206305
    vertex -122.49620206672861 -401.6999999999993 -141.4331920233178
  endloop
endfacet
facet normal 3.576282278871314e-15 1.0 2.211490174748922e-15
  outer loop
    vertex -116.49999999998542 -401.69999999999914 -138.8881966011248
    vertex -122.49620206672861 -401.6999999999993 -141.4331920233178
    vertex -124.45807638926075 -401.6999999999993 -140.99466115611594
  endloop
endfacet
facet normal 3.576282278871314e-15 1.0 2.211490174748922e-15
  outer loop
    vertex -116.49999999998542 -401.69999999999914 -138.8881966011248
    vertex -124.45807638926075 -401.6999999999993 -140.99466115611594
    vertex -126.38854381998372 -401.6999999999993 -140.43380852144466
  endloop
endfacet
facet normal 3.576282278871314e-15 1.0 2.211490174748922e-15
  outer loop
    vertex -116.49999999998542 -401.69999999999914 -138.8881966011248
    vertex -126.38854381998372 -401.6999999999993 -140.43380852144466
    vertex -128.2799856858951 -401.6999999999993 -139.7528475484238
  endloop
endfacet
facet normal 3.576282278871314e-15 1.0 2.211490174748922e-15
  outer loop
    vertex -116.49999999998542 -401.69999999999914 -138.8881966011248
    vertex -128.2799856858951 -401.6999999999993 -139.7528475484238
    vertex -130.12493733006772 -401.6999999999993 -138.95446567891238
  endloop
endfacet
facet normal 3.576282278871314e-15 1.0 2.211490174748922e-15
  outer loop
    vertex -116.49999999998542 -401.69999999999914 -138.8881966011248
    vertex -130.12493733006772 -401.6999999999993 -138.95446567891238
    vertex -131.9161175712403 -401.6999999999993 -138.04181376140338
  endloop
endfacet
facet normal 3.576282278871314e-15 1.0 2.211490174748922e-15
  outer loop
    vertex -133.6464574393133 -401.6999999999993 -137.01849361606426
    vertex -116.49999999998542 -401.69999999999925 -137.11180339887488
    vertex -131.9161175712403 -401.6999999999993 -138.04181376140338
  endloop
endfacet
facet normal 3.576282278871314e-15 1.0 2.211490174748922e-15
  outer loop
    vertex -116.49999999998542 -401.69999999999925 -137.11180339887488
    vertex -133.6464574393133 -401.6999999999993 -137.01849361606426
    vertex -116.49999999998542 -401.6999999999993 -133.99999999999974
  endloop
endfacet
facet normal 3.576282278871314e-15 1.0 2.211490174748922e-15
  outer loop
    vertex -116.49999999998542 -401.6999999999993 -133.99999999999974
    vertex -133.6464574393133 -401.6999999999993 -137.01849361606426
    vertex -135.3091280733446 -401.6999999999993 -135.8885438199981
  endloop
endfacet
facet normal 3.576282278871314e-15 1.0 2.211490174748922e-15
  outer loop
    vertex -116.49999999998542 -401.6999999999993 -133.99999999999974
    vertex -135.3091280733446 -401.6999999999993 -135.8885438199981
    vertex -136.89756767194353 -401.6999999999993 -134.65642376882502
  endloop
endfacet
facet normal 3.576282278871314e-15 1.0 2.211490174748922e-15
  outer loop
    vertex -116.49999999998542 -401.6999999999993 -133.99999999999974
    vertex -136.89756767194353 -401.6999999999993 -134.65642376882502
    vertex -138.40550738970344 -401.6999999999993 -133.32699607748498
  endloop
endfacet
facet normal 3.576282278871314e-15 1.0 2.211490174748922e-15
  outer loop
    vertex -116.49999999998542 -401.6999999999993 -133.99999999999974
    vertex -138.40550738970344 -401.6999999999993 -133.32699607748498
    vertex -117.89163264904397 -401.6999999999993 -133.92556380369578
  endloop
endfacet
facet normal 3.576282278871314e-15 1.0 2.211490174748922e-15
  outer loop
    vertex -117.89163264904397 -401.6999999999993 -133.92556380369578
    vertex -138.40550738970344 -401.6999999999993 -133.32699607748498
    vertex -119.27599009815846 -401.6999999999993 -133.7651374021055
  endloop
endfacet
facet normal 3.576282278871314e-15 1.0 2.211490174748922e-15
  outer loop
    vertex -119.27599009815846 -401.6999999999993 -133.7651374021055
    vertex -138.40550738970344 -401.6999999999993 -133.32699607748498
    vertex -120.64776406690937 -401.6999999999993 -133.51933594583684
  endloop
endfacet
facet normal 3.576282278871314e-15 1.0 2.211490174748922e-15
  outer loop
    vertex -120.64776406690937 -401.6999999999993 -133.51933594583684
    vertex -138.40550738970344 -401.6999999999993 -133.32699607748498
    vertex -122.00169452588482 -401.6999999999993 -133.18910195378785
  endloop
endfacet
facet normal 3.576282278871314e-15 1.0 2.211490174748922e-15
  outer loop
    vertex -122.00169452588482 -401.6999999999993 -133.18910195378785
    vertex -138.40550738970344 -401.6999999999993 -133.32699607748498
    vertex -139.82699607747062 -401.6999999999993 -131.90550738971783
  endloop
endfacet
facet normal 3.576282278871314e-15 1.0 2.211490174748922e-15
  outer loop
    vertex -122.00169452588482 -401.6999999999993 -133.18910195378785
    vertex -139.82699607747062 -401.6999999999993 -131.90550738971783
    vertex -123.332589866119 -401.6999999999993 -132.775701699084
  endloop
endfacet
facet normal 3.576282278871314e-15 1.0 2.211490174748922e-15
  outer loop
    vertex -123.332589866119 -401.6999999999993 -132.775701699084
    vertex -139.82699607747062 -401.6999999999993 -131.90550738971783
    vertex -124.63534680617268 -401.6999999999993 -132.28072035358898
  endloop
endfacet
facet normal 3.576282278871314e-15 1.0 2.211490174748922e-15
  outer loop
    vertex -124.63534680617268 -401.6999999999993 -132.28072035358898
    vertex -139.82699607747062 -401.6999999999993 -131.90550738971783
    vertex -125.90496996052545 -401.6999999999993 -131.70605590960668
  endloop
endfacet
facet normal 3.576282278871314e-15 1.0 2.211490174748922e-15
  outer loop
    vertex -125.90496996052545 -401.6999999999993 -131.70605590960668
    vertex -139.82699607747062 -401.6999999999993 -131.90550738971783
    vertex -141.15642376881064 -401.6999999999993 -130.39756767195783
  endloop
endfacet
facet normal 3.576282278871314e-15 1.0 2.211490174748922e-15
  outer loop
    vertex -125.90496996052545 -401.6999999999993 -131.70605590960668
    vertex -141.15642376881064 -401.6999999999993 -130.39756767195783
    vertex -127.13659099424333 -401.6999999999993 -131.0539119020824
  endloop
endfacet
facet normal 3.576282278871314e-15 1.0 2.211490174748922e-15
  outer loop
    vertex -127.13659099424333 -401.6999999999993 -131.0539119020824
    vertex -141.15642376881064 -401.6999999999993 -130.39756767195783
    vertex -128.3254872904748 -401.6999999999993 -130.32678895920878
  endloop
endfacet
facet normal 3.576282278871314e-15 1.0 2.211490174748922e-15
  outer loop
    vertex -128.3254872904748 -401.6999999999993 -130.32678895920878
    vertex -141.15642376881064 -401.6999999999993 -130.39756767195783
    vertex -142.3885438199838 -401.6999999999993 -128.80912807335892
  endloop
endfacet
facet normal 3.576282278871314e-15 1.0 2.211490174748922e-15
  outer loop
    vertex -128.3254872904748 -401.6999999999993 -130.32678895920878
    vertex -142.3885438199838 -401.6999999999993 -128.80912807335892
    vertex -129.46710005919482 -401.6999999999993 -129.52747521383608
  endloop
endfacet
facet normal 3.576282278871314e-15 1.0 2.211490174748922e-15
  outer loop
    vertex -129.46710005919482 -401.6999999999993 -129.52747521383608
    vertex -142.3885438199838 -401.6999999999993 -128.80912807335892
    vertex -130.55705181775886 -401.6999999999993 -128.65903561245366
  endloop
endfacet
facet normal 3.576282278871314e-15 1.0 2.211490174748922e-15
  outer loop
    vertex -130.55705181775886 -401.6999999999993 -128.65903561245366
    vertex -142.3885438199838 -401.6999999999993 -128.80912807335892
    vertex -143.5184936160499 -401.6999999999993 -127.14645743932769
  endloop
endfacet
facet normal 3.576282278871314e-15 1.0 2.211490174748922e-15
  outer loop
    vertex -130.55705181775886 -401.6999999999993 -128.65903561245366
    vertex -143.5184936160499 -401.6999999999993 -127.14645743932769
    vertex -131.5911631762399 -401.69999999999953 -127.72480016273737
  endloop
endfacet
facet normal 3.576282278871314e-15 1.0 2.211490174748922e-15
  outer loop
    vertex -131.5911631762399 -401.69999999999953 -127.72480016273737
    vertex -143.5184936160499 -401.6999999999993 -127.14645743932769
    vertex -132.56546886318338 -401.69999999999953 -126.72835116472703
  endloop
endfacet
facet normal 3.576282278871314e-15 1.0 2.211490174748922e-15
  outer loop
    vertex -132.56546886318338 -401.69999999999953 -126.72835116472703
    vertex -143.5184936160499 -401.6999999999993 -127.14645743932769
    vertex -144.54181376138905 -401.6999999999993 -125.41611757125466
  endloop
endfacet
facet normal 3.576282278871314e-15 1.0 2.211490174748922e-15
  outer loop
    vertex -132.56546886318338 -401.69999999999953 -126.72835116472703
    vertex -144.54181376138905 -401.6999999999993 -125.41611757125466
    vertex -133.47623293033098 -401.69999999999953 -125.6735094745958
  endloop
endfacet
facet normal 3.576282278871314e-15 1.0 2.211490174748922e-15
  outer loop
    vertex -133.47623293033098 -401.69999999999953 -125.6735094745958
    vertex -144.54181376138905 -401.6999999999993 -125.41611757125466
    vertex -134.31996307801143 -401.69999999999953 -124.56431985368275
  endloop
endfacet
facet normal 3.576282278871314e-15 1.0 2.211490174748922e-15
  outer loop
    vertex -134.31996307801143 -401.69999999999953 -124.56431985368275
    vertex -144.54181376138905 -401.6999999999993 -125.41611757125466
    vertex -145.45446567889806 -401.6999999999993 -123.6249373300821
  endloop
endfacet
facet normal 3.576282278871314e-15 1.0 2.211490174748922e-15
  outer loop
    vertex -134.31996307801143 -401.69999999999953 -124.56431985368275
    vertex -145.45446567889806 -401.6999999999993 -123.6249373300821
    vertex -135.09342404626688 -401.69999999999953 -123.40503545896698
  endloop
endfacet
facet normal 3.576282278871314e-15 1.0 2.211490174748922e-15
  outer loop
    vertex -135.09342404626688 -401.69999999999953 -123.40503545896698
    vertex -145.45446567889806 -401.6999999999993 -123.6249373300821
    vertex -146.25284754840953 -401.6999999999993 -121.77998568590948
  endloop
endfacet
facet normal 3.576282278871314e-15 1.0 2.211490174748922e-15
  outer loop
    vertex -135.09342404626688 -401.69999999999953 -123.40503545896698
    vertex -146.25284754840953 -401.6999999999993 -121.77998568590948
    vertex -135.79365002036815 -401.69999999999953 -122.20010153445489
  endloop
endfacet
facet normal 3.576282278871314e-15 1.0 2.211490174748922e-15
  outer loop
    vertex -135.79365002036815 -401.69999999999953 -122.20010153445489
    vertex -146.25284754840953 -401.6999999999993 -121.77998568590948
    vertex -136.41795600314904 -401.69999999999953 -120.95413836601446
  endloop
endfacet
facet normal 3.576282278871314e-15 1.0 2.211490174748922e-15
  outer loop
    vertex -136.41795600314904 -401.69999999999953 -120.95413836601446
    vertex -146.25284754840953 -401.6999999999993 -121.77998568590948
    vertex -146.93380852143036 -401.6999999999993 -119.8885438199981
  endloop
endfacet
facet normal 3.576282278871314e-15 1.0 2.211490174748922e-15
  outer loop
    vertex -136.41795600314904 -401.69999999999953 -120.95413836601446
    vertex -146.93380852143036 -401.6999999999993 -119.8885438199981
    vertex -136.9639481105544 -401.69999999999953 -119.67192356501688
  endloop
endfacet
facet normal 3.576282278871314e-15 1.0 2.211490174748922e-15
  outer loop
    vertex -136.9639481105544 -401.69999999999953 -119.67192356501688
    vertex -146.93380852143036 -401.6999999999993 -119.8885438199981
    vertex -147.49466115610164 -401.6999999999993 -117.95807638927513
  endloop
endfacet
facet normal 3.576282278871314e-15 1.0 2.211490174748922e-15
  outer loop
    vertex -136.9639481105544 -401.69999999999953 -119.67192356501688
    vertex -147.49466115610164 -401.6999999999993 -117.95807638927513
    vertex -137.42953275092194 -401.69999999999953 -118.35837374871757
  endloop
endfacet
facet normal 3.576282278871314e-15 1.0 2.211490174748922e-15
  outer loop
    vertex -137.42953275092194 -401.69999999999953 -118.35837374871757
    vertex -147.49466115610164 -401.6999999999993 -117.95807638927513
    vertex -137.81292465280185 -401.69999999999953 -117.01852568762293
  endloop
endfacet
facet normal 3.576282278871314e-15 1.0 2.211490174748922e-15
  outer loop
    vertex -137.81292465280185 -401.69999999999953 -117.01852568762293
    vertex -147.49466115610164 -401.6999999999993 -117.95807638927513
    vertex -147.9331920233035 -401.6999999999993 -115.996202066743
  endloop
endfacet
facet normal 3.576282278871314e-15 1.0 2.211490174748922e-15
  outer loop
    vertex -137.81292465280185 -401.69999999999953 -117.01852568762293
    vertex -147.9331920233035 -401.6999999999993 -115.996202066743
    vertex -138.11265371053102 -401.69999999999953 -115.6575169921331
  endloop
endfacet
facet normal 3.576282278871314e-15 1.0 2.211490174748922e-15
  outer loop
    vertex -138.11265371053102 -401.69999999999953 -115.6575169921331
    vertex -147.9331920233035 -401.6999999999993 -115.996202066743
    vertex -148.24767044204876 -401.6999999999993 -114.01066347405754
  endloop
endfacet
facet normal 3.576282278871314e-15 1.0 2.211490174748922e-15
  outer loop
    vertex -138.11265371053102 -401.69999999999953 -115.6575169921331
    vertex -148.24767044204876 -401.6999999999993 -114.01066347405754
    vertex -138.32757062131242 -401.69999999999953 -114.28056641251656
  endloop
endfacet
facet normal 3.576282278871314e-15 1.0 2.211490174748922e-15
  outer loop
    vertex -138.32757062131242 -401.69999999999953 -114.28056641251656
    vertex -148.24767044204876 -401.6999999999993 -114.01066347405754
    vertex -138.456851292185 -401.69999999999953 -112.89295382775634
  endloop
endfacet
facet normal 3.576282278871314e-15 1.0 2.211490174748922e-15
  outer loop
    vertex -138.456851292185 -401.69999999999953 -112.89295382775634
    vertex -148.24767044204876 -401.6999999999993 -114.01066347405754
    vertex -148.43685530969012 -401.6999999999993 -112.00929662493782
  endloop
endfacet
facet normal 3.576282278871314e-15 1.0 2.211490174748922e-15
  outer loop
    vertex -138.456851292185 -401.69999999999953 -112.89295382775634
    vertex -148.43685530969012 -401.6999999999993 -112.00929662493782
    vertex -138.49999999998548 -401.69999999999953 -111.49999999999993
  endloop
endfacet
facet normal 3.576282278871314e-15 1.0 2.211490174748922e-15
  outer loop
    vertex -138.49999999998548 -401.69999999999953 -111.49999999999993
    vertex -148.43685530969012 -401.6999999999993 -112.00929662493782
    vertex -148.49999999998545 -401.6999999999993 -109.99999999999984
  endloop
endfacet
facet normal 3.576282278871314e-15 1.0 2.211490174748922e-15
  outer loop
    vertex -138.49999999998548 -401.69999999999953 -111.49999999999993
    vertex -148.49999999998545 -401.6999999999993 -109.99999999999984
    vertex -138.456851292185 -401.69999999999953 -110.10704617224349
  endloop
endfacet
facet normal 3.576282278871314e-15 1.0 2.211490174748922e-15
  outer loop
    vertex -138.456851292185 -401.69999999999953 -110.10704617224349
    vertex -148.49999999998545 -401.6999999999993 -109.99999999999984
    vertex -138.32757062131247 -401.69999999999953 -108.7194335874833
  endloop
endfacet
facet normal 3.576282278871314e-15 1.0 2.211490174748922e-15
  outer loop
    vertex -138.32757062131247 -401.69999999999953 -108.7194335874833
    vertex -148.49999999998545 -401.6999999999993 -109.99999999999984
    vertex -148.43685530969012 -401.6999999999993 -107.99070337506191
  endloop
endfacet
facet normal 3.576282278871314e-15 1.0 2.211490174748922e-15
  outer loop
    vertex -138.32757062131247 -401.69999999999953 -108.7194335874833
    vertex -148.43685530969012 -401.6999999999993 -107.99070337506191
    vertex -138.11265371053108 -401.69999999999953 -107.34248300786676
  endloop
endfacet
facet normal 3.576282278871314e-15 1.0 2.211490174748922e-15
  outer loop
    vertex -138.11265371053108 -401.69999999999953 -107.34248300786676
    vertex -148.43685530969012 -401.6999999999993 -107.99070337506191
    vertex -148.24767044204876 -401.6999999999993 -105.98933652594215
  endloop
endfacet
facet normal 3.576282278871314e-15 1.0 2.211490174748922e-15
  outer loop
    vertex -138.11265371053108 -401.69999999999953 -107.34248300786676
    vertex -148.24767044204876 -401.6999999999993 -105.98933652594215
    vertex -137.81292465280185 -401.69999999999953 -105.9814743123769
  endloop
endfacet
facet normal 3.576282278871314e-15 1.0 2.211490174748922e-15
  outer loop
    vertex -137.81292465280185 -401.69999999999953 -105.9814743123769
    vertex -148.24767044204876 -401.6999999999993 -105.98933652594215
    vertex -147.9331920233035 -401.6999999999993 -104.00379793325669
  endloop
endfacet
facet normal 3.576282278871314e-15 1.0 2.211490174748922e-15
  outer loop
    vertex -137.81292465280185 -401.69999999999953 -105.9814743123769
    vertex -147.9331920233035 -401.6999999999993 -104.00379793325669
    vertex -137.42953275092194 -401.6999999999997 -104.64162625128228
  endloop
endfacet
facet normal 3.576282278871314e-15 1.0 2.211490174748922e-15
  outer loop
    vertex -137.42953275092194 -401.6999999999997 -104.64162625128228
    vertex -147.9331920233035 -401.6999999999993 -104.00379793325669
    vertex -136.96394811055444 -401.6999999999997 -103.32807643498296
  endloop
endfacet
facet normal 3.576282278871314e-15 1.0 2.211490174748922e-15
  outer loop
    vertex -136.96394811055444 -401.6999999999997 -103.32807643498296
    vertex -147.9331920233035 -401.6999999999993 -104.00379793325669
    vertex -147.49466115610164 -401.6999999999993 -102.04192361072451
  endloop
endfacet
facet normal 3.576282278871314e-15 1.0 2.211490174748922e-15
  outer loop
    vertex -136.96394811055444 -401.6999999999997 -103.32807643498296
    vertex -147.49466115610164 -401.6999999999993 -102.04192361072451
    vertex -136.4179560031491 -401.6999999999997 -102.04586163398538
  endloop
endfacet
facet normal 3.576282278871314e-15 1.0 2.211490174748922e-15
  outer loop
    vertex -136.4179560031491 -401.6999999999997 -102.04586163398538
    vertex -147.49466115610164 -401.6999999999993 -102.04192361072451
    vertex -135.79365002036823 -401.6999999999997 -100.79989846554497
  endloop
endfacet
facet normal 3.576282278871314e-15 1.0 2.211490174748922e-15
  outer loop
    vertex -135.79365002036823 -401.6999999999997 -100.79989846554497
    vertex -147.49466115610164 -401.6999999999993 -102.04192361072451
    vertex -146.93380852143036 -401.6999999999993 -100.11145618000158
  endloop
endfacet
facet normal 3.576282278871314e-15 1.0 2.211490174748922e-15
  outer loop
    vertex -135.79365002036823 -401.6999999999997 -100.79989846554497
    vertex -146.93380852143036 -401.6999999999993 -100.11145618000158
    vertex -135.093424046267 -401.6999999999997 -99.59496454103285
  endloop
endfacet
facet normal 3.576282278871314e-15 1.0 2.211490174748922e-15
  outer loop
    vertex -135.093424046267 -401.6999999999997 -99.59496454103285
    vertex -146.93380852143036 -401.6999999999993 -100.11145618000158
    vertex -146.25284754840953 -401.6999999999993 -98.2200143140902
  endloop
endfacet
facet normal 3.576282278871314e-15 1.0 2.211490174748922e-15
  outer loop
    vertex -135.093424046267 -401.6999999999997 -99.59496454103285
    vertex -146.25284754840953 -401.6999999999993 -98.2200143140902
    vertex -134.31996307801154 -401.6999999999997 -98.4356801463171
  endloop
endfacet
facet normal 3.576282278871314e-15 1.0 2.211490174748922e-15
  outer loop
    vertex -134.31996307801154 -401.6999999999997 -98.4356801463171
    vertex -146.25284754840953 -401.6999999999993 -98.2200143140902
    vertex -133.47623293033112 -401.6999999999997 -97.32649052540401
  endloop
endfacet
facet normal 3.576282278871314e-15 1.0 2.211490174748922e-15
  outer loop
    vertex -133.47623293033112 -401.6999999999997 -97.32649052540401
    vertex -146.25284754840953 -401.6999999999993 -98.2200143140902
    vertex -145.45446567889806 -401.6999999999993 -96.37506266991757
  endloop
endfacet
facet normal 3.576282278871314e-15 1.0 2.211490174748922e-15
  outer loop
    vertex -133.47623293033112 -401.6999999999997 -97.32649052540401
    vertex -145.45446567889806 -401.6999999999993 -96.37506266991757
    vertex -132.56546886318347 -401.6999999999997 -96.2716488352728
  endloop
endfacet
facet normal 3.576282278871314e-15 1.0 2.211490174748922e-15
  outer loop
    vertex -132.56546886318347 -401.6999999999997 -96.2716488352728
    vertex -145.45446567889806 -401.6999999999993 -96.37506266991757
    vertex -144.54181376138914 -401.6999999999993 -94.583882428745
  endloop
endfacet
facet normal 3.576282278871314e-15 1.0 2.211490174748922e-15
  outer loop
    vertex -132.56546886318347 -401.6999999999997 -96.2716488352728
    vertex -144.54181376138914 -401.6999999999993 -94.583882428745
    vertex -131.5911631762401 -401.6999999999997 -95.27519983726245
  endloop
endfacet
facet normal 3.576282278871314e-15 1.0 2.211490174748922e-15
  outer loop
    vertex -131.5911631762401 -401.6999999999997 -95.27519983726245
    vertex -144.54181376138914 -401.6999999999993 -94.583882428745
    vertex -130.55705181775895 -401.6999999999997 -94.34096438754615
  endloop
endfacet
facet normal 3.576282278871314e-15 1.0 2.211490174748922e-15
  outer loop
    vertex -130.55705181775895 -401.6999999999997 -94.34096438754615
    vertex -144.54181376138914 -401.6999999999993 -94.583882428745
    vertex -143.5184936160499 -401.6999999999993 -92.85354256067201
  endloop
endfacet
facet normal 3.576282278871314e-15 1.0 2.211490174748922e-15
  outer loop
    vertex -130.55705181775895 -401.6999999999997 -94.34096438754615
    vertex -143.5184936160499 -401.6999999999993 -92.85354256067201
    vertex -129.46710005919493 -401.6999999999997 -93.47252478616372
  endloop
endfacet
facet normal 3.576282278871314e-15 1.0 2.211490174748922e-15
  outer loop
    vertex -129.46710005919493 -401.6999999999997 -93.47252478616372
    vertex -143.5184936160499 -401.6999999999993 -92.85354256067201
    vertex -128.325487290475 -401.6999999999997 -92.673211040791
  endloop
endfacet
facet normal 3.576282278871314e-15 1.0 2.211490174748922e-15
  outer loop
    vertex -128.325487290475 -401.6999999999997 -92.673211040791
    vertex -143.5184936160499 -401.6999999999993 -92.85354256067201
    vertex -142.3885438199838 -401.6999999999993 -91.19087192664075
  endloop
endfacet
facet normal 3.576282278871314e-15 1.0 2.211490174748922e-15
  outer loop
    vertex -128.325487290475 -401.6999999999997 -92.673211040791
    vertex -142.3885438199838 -401.6999999999993 -91.19087192664075
    vertex -127.1365909942435 -401.6999999999997 -91.94608809791738
  endloop
endfacet
facet normal 3.576282278871314e-15 1.0 2.211490174748922e-15
  outer loop
    vertex -127.1365909942435 -401.6999999999997 -91.94608809791738
    vertex -142.3885438199838 -401.6999999999993 -91.19087192664075
    vertex -125.90496996052563 -401.6999999999997 -91.29394409039311
  endloop
endfacet
facet normal 3.576282278871314e-15 1.0 2.211490174748922e-15
  outer loop
    vertex -125.90496996052563 -401.6999999999997 -91.29394409039311
    vertex -142.3885438199838 -401.6999999999993 -91.19087192664075
    vertex -124.63534680617286 -401.6999999999997 -90.7192796464108
  endloop
endfacet
facet normal 3.576282278871314e-15 1.0 2.211490174748922e-15
  outer loop
    vertex -124.63534680617286 -401.6999999999997 -90.7192796464108
    vertex -142.3885438199838 -401.6999999999993 -91.19087192664075
    vertex -141.15642376881075 -401.6999999999993 -89.60243232804181
  endloop
endfacet
facet normal 3.576282278871314e-15 1.0 2.211490174748922e-15
  outer loop
    vertex -124.63534680617286 -401.6999999999997 -90.7192796464108
    vertex -141.15642376881075 -401.6999999999993 -89.60243232804181
    vertex -123.33258986611916 -401.6999999999997 -90.22429830091572
  endloop
endfacet
facet normal 3.576282278871314e-15 1.0 2.211490174748922e-15
  outer loop
    vertex -123.33258986611916 -401.6999999999997 -90.22429830091572
    vertex -141.15642376881075 -401.6999999999993 -89.60243232804181
    vertex -122.00169452588499 -401.6999999999997 -89.81089804621188
  endloop
endfacet
facet normal 3.576282278871314e-15 1.0 2.211490174748922e-15
  outer loop
    vertex -122.00169452588499 -401.6999999999997 -89.81089804621188
    vertex -141.15642376881075 -401.6999999999993 -89.60243232804181
    vertex -120.64776406690956 -401.6999999999997 -89.48066405416287
  endloop
endfacet
facet normal 3.576282278871314e-15 1.0 2.211490174748922e-15
  outer loop
    vertex -120.64776406690956 -401.6999999999997 -89.48066405416287
    vertex -141.15642376881075 -401.6999999999993 -89.60243232804181
    vertex -139.82699607747062 -401.6999999999993 -88.09449261028188
  endloop
endfacet
facet normal 3.576282278871314e-15 1.0 2.211490174748922e-15
  outer loop
    vertex -120.64776406690956 -401.6999999999997 -89.48066405416287
    vertex -139.82699607747062 -401.6999999999993 -88.09449261028188
    vertex -119.27599009815873 -401.6999999999997 -89.23486259789422
  endloop
endfacet
facet normal 3.576282278871314e-15 1.0 2.211490174748922e-15
  outer loop
    vertex -119.27599009815873 -401.6999999999997 -89.23486259789422
    vertex -139.82699607747062 -401.6999999999993 -88.09449261028188
    vertex -117.89163264904415 -401.6999999999997 -89.07443619630394
  endloop
endfacet
facet normal 3.576282278871314e-15 1.0 2.211490174748922e-15
  outer loop
    vertex -117.89163264904415 -401.6999999999997 -89.07443619630394
    vertex -139.82699607747062 -401.6999999999993 -88.09449261028188
    vertex -116.4999999999855 -401.6999999999997 -88.99999999999991
  endloop
endfacet
facet normal 3.576282278871314e-15 1.0 2.211490174748922e-15
  outer loop
    vertex -116.4999999999855 -401.6999999999997 -88.99999999999991
    vertex -139.82699607747062 -401.6999999999993 -88.09449261028188
    vertex -116.4999999999855 -401.69999999999953 -84.88819660112499
  endloop
endfacet
facet normal 3.576282278871314e-15 1.0 2.211490174748922e-15
  outer loop
    vertex -116.4999999999855 -401.69999999999953 -84.88819660112499
    vertex -139.82699607747062 -401.6999999999993 -88.09449261028188
    vertex -138.40550738970353 -401.6999999999993 -86.67300392251474
  endloop
endfacet
facet normal 3.576282278871314e-15 1.0 2.211490174748922e-15
  outer loop
    vertex -116.4999999999855 -401.69999999999953 -84.88819660112499
    vertex -138.40550738970353 -401.6999999999993 -86.67300392251474
    vertex -136.89756767194353 -401.6999999999993 -85.34357623117464
  endloop
endfacet
facet normal 3.576282278871314e-15 1.0 2.211490174748922e-15
  outer loop
    vertex -116.4999999999855 -401.69999999999953 -84.88819660112499
    vertex -136.89756767194353 -401.6999999999993 -85.34357623117464
    vertex -135.3091280733446 -401.6999999999993 -84.1114561800016
  endloop
endfacet
facet normal 3.576282278871314e-15 1.0 2.211490174748922e-15
  outer loop
    vertex -131.9161175712403 -401.6999999999993 -81.95818623859627
    vertex -116.4999999999855 -401.69999999999953 -82.11180339887503
    vertex -133.6464574393134 -401.6999999999993 -82.98150638393543
  endloop
endfacet
facet normal 3.576282278871314e-15 1.0 2.211490174748922e-15
  outer loop
    vertex -116.4999999999855 -401.69999999999953 -82.11180339887503
    vertex -131.9161175712403 -401.6999999999993 -81.95818623859627
    vertex -116.49999999998542 -401.69999999999953 -82.0
  endloop
endfacet
facet normal 3.576282278871314e-15 1.0 2.211490174748922e-15
  outer loop
    vertex -116.49999999998542 -401.69999999999953 -82.0
    vertex -131.9161175712403 -401.6999999999993 -81.95818623859627
    vertex -116.4999999999855 -401.69999999999953 -77.99999999999991
  endloop
endfacet
facet normal 3.576282278871314e-15 1.0 2.211490174748922e-15
  outer loop
    vertex -116.4999999999855 -401.69999999999953 -77.99999999999991
    vertex -131.9161175712403 -401.6999999999993 -81.95818623859627
    vertex -130.1249373300678 -401.6999999999993 -81.04553432108729
  endloop
endfacet
facet normal 3.576282278871314e-15 1.0 2.211490174748922e-15
  outer loop
    vertex -116.4999999999855 -401.69999999999953 -77.99999999999991
    vertex -130.1249373300678 -401.6999999999993 -81.04553432108729
    vertex -128.27998568589518 -401.6999999999993 -80.24715245157586
  endloop
endfacet
facet normal 3.576282278871314e-15 1.0 2.211490174748922e-15
  outer loop
    vertex -116.4999999999855 -401.69999999999953 -77.99999999999991
    vertex -128.27998568589518 -401.6999999999993 -80.24715245157586
    vertex -126.38854381998382 -401.6999999999993 -79.566191478555
  endloop
endfacet
facet normal 3.576282278871314e-15 1.0 2.211490174748922e-15
  outer loop
    vertex -116.4999999999855 -401.69999999999953 -77.99999999999991
    vertex -126.38854381998382 -401.6999999999993 -79.566191478555
    vertex -124.45807638926084 -401.6999999999993 -79.0053388438837
  endloop
endfacet
facet normal 3.576282278871314e-15 1.0 2.211490174748922e-15
  outer loop
    vertex -116.4999999999855 -401.69999999999953 -77.99999999999991
    vertex -124.45807638926084 -401.6999999999993 -79.0053388438837
    vertex -122.4962020667287 -401.6999999999993 -78.56680797668189
  endloop
endfacet
facet normal 3.576282278871314e-15 1.0 2.211490174748922e-15
  outer loop
    vertex -116.4999999999855 -401.69999999999953 -77.99999999999991
    vertex -122.4962020667287 -401.6999999999993 -78.56680797668189
    vertex -120.51066347404321 -401.6999999999993 -78.25232955793663
  endloop
endfacet
facet normal 3.576282278871314e-15 1.0 2.211490174748922e-15
  outer loop
    vertex -116.4999999999855 -401.69999999999953 -77.99999999999991
    vertex -120.51066347404321 -401.6999999999993 -78.25232955793663
    vertex -118.50929662492352 -401.6999999999993 -78.06314469029523
  endloop
endfacet
facet normal 3.576282278871314e-15 1.0 2.211490174748922e-15
  outer loop
    vertex -116.4999999999855 -401.69999999999953 -84.88819660112499
    vertex -114.69999999998542 -401.6999999999994 -81.21180339887499
    vertex -114.69999999998542 -401.69999999999953 -85.78819660112504
  endloop
endfacet
facet normal 3.576282278871314e-15 1.0 2.211490174748922e-15
  outer loop
    vertex -114.69999999998542 -401.6999999999994 -81.21180339887499
    vertex -116.4999999999855 -401.69999999999953 -84.88819660112499
    vertex -116.4999999999855 -401.69999999999953 -82.11180339887503
  endloop
endfacet
facet normal 3.576282278871314e-15 1.0 2.211490174748922e-15
  outer loop
    vertex -116.4999999999855 -401.69999999999953 -82.11180339887503
    vertex -116.4999999999855 -401.69999999999953 -84.88819660112499
    vertex -135.3091280733446 -401.6999999999993 -84.1114561800016
  endloop
endfacet
facet normal 3.576282278871314e-15 1.0 2.211490174748922e-15
  outer loop
    vertex -116.4999999999855 -401.69999999999953 -82.11180339887503
    vertex -135.3091280733446 -401.6999999999993 -84.1114561800016
    vertex -133.6464574393134 -401.6999999999993 -82.98150638393543
  endloop
endfacet
facet normal 3.576282278871314e-15 1.0 2.211490174748922e-15
  outer loop
    vertex -116.49999999998542 -401.69999999999914 -138.8881966011248
    vertex -114.69999999998565 -401.70000000000005 -136.21180339887485
    vertex -114.69999999998565 -401.6999999999997 -139.7881966011248
  endloop
endfacet
facet normal 3.576282278871314e-15 1.0 2.211490174748922e-15
  outer loop
    vertex -114.69999999998565 -401.70000000000005 -136.21180339887485
    vertex -116.49999999998542 -401.69999999999914 -138.8881966011248
    vertex -116.49999999998542 -401.69999999999925 -137.11180339887488
  endloop
endfacet
facet normal 3.576282278871314e-15 1.0 2.211490174748922e-15
  outer loop
    vertex -116.49999999998542 -401.69999999999925 -137.11180339887488
    vertex -116.49999999998542 -401.69999999999914 -138.8881966011248
    vertex -131.9161175712403 -401.6999999999993 -138.04181376140338
  endloop
endfacet
facet normal -0.2181432413965369 2.102194534304273e-31 -0.9759167619387488
  outer loop
    vertex -122.49620206672861 -401.6999999999993 -141.4331920233178
    vertex -124.45807638926075 -466.70000000000016 -140.99466115611594
    vertex -124.45807638926075 -401.6999999999993 -140.99466115611594
  endloop
endfacet
facet normal -0.2181432413965369 2.102194534304273e-31 -0.9759167619387488
  outer loop
    vertex -124.45807638926075 -466.70000000000016 -140.99466115611594
    vertex -122.49620206672861 -401.6999999999993 -141.4331920233178
    vertex -122.49620206672861 -466.70000000000016 -141.4331920233178
  endloop
endfacet
facet normal -0.5620833778521335 -3.900973584199483e-16 0.8270805742745598
  outer loop
    vertex -133.6464574393133 -466.70000000000016 -82.98150638393543
    vertex -135.3091280733446 -401.6999999999993 -84.1114561800016
    vertex -135.3091280733446 -466.70000000000016 -84.1114561800016
  endloop
endfacet
facet normal -0.5620833778521335 -3.900973584199483e-16 0.8270805742745598
  outer loop
    vertex -135.3091280733446 -401.6999999999993 -84.1114561800016
    vertex -133.6464574393133 -466.70000000000016 -82.98150638393543
    vertex -133.6464574393134 -401.6999999999993 -82.98150638393543
  endloop
endfacet
facet normal -0.9602936856769403 0.0 0.2789911060392386
  outer loop
    vertex -146.93380852143036 -401.6999999999993 -100.11145618000158
    vertex -147.49466115610164 -466.70000000000016 -102.04192361072451
    vertex -146.93380852143036 -466.70000000000016 -100.11145618000158
  endloop
endfacet
facet normal -0.9602936856769403 0.0 0.2789911060392386
  outer loop
    vertex -147.49466115610164 -466.70000000000016 -102.04192361072451
    vertex -146.93380852143036 -401.6999999999993 -100.11145618000158
    vertex -147.49466115610164 -401.6999999999993 -102.04192361072451
  endloop
endfacet
facet normal 0.3551761944391644 2.750969234873756e-15 -0.9347993746808525
  outer loop
    vertex -124.63534680617286 -401.6999999999997 -90.7192796464108
    vertex -123.33258986611926 -466.7000000000005 -90.22429830091595
    vertex -124.63534680617295 -466.7000000000005 -90.71927964641102
  endloop
endfacet
facet normal 0.3551761944391644 2.750969234873756e-15 -0.9347993746808525
  outer loop
    vertex -123.33258986611926 -466.7000000000005 -90.22429830091595
    vertex -124.63534680617286 -401.6999999999997 -90.7192796464108
    vertex -123.33258986611916 -401.6999999999997 -90.22429830091572
  endloop
endfacet
facet normal 0.999520576027294 -1.9739877277590737e-15 -0.030961558392082825
  outer loop
    vertex -138.49999999998548 -401.69999999999953 -111.49999999999993
    vertex -138.45685129218512 -466.70000000000033 -110.10704617224371
    vertex -138.4999999999856 -466.70000000000033 -111.50000000000016
  endloop
endfacet
facet normal 0.999520576027294 -1.9739877277590737e-15 -0.030961558392082825
  outer loop
    vertex -138.45685129218512 -466.70000000000033 -110.10704617224371
    vertex -138.49999999998548 -401.69999999999953 -111.49999999999993
    vertex -138.456851292185 -401.69999999999953 -110.10704617224349
  endloop
endfacet
facet normal -0.9602936856769422 -2.5437536456485647e-19 -0.2789911060392326
  outer loop
    vertex -147.49466115610164 -401.6999999999993 -117.95807638927513
    vertex -146.93380852143036 -466.70000000000016 -119.8885438199981
    vertex -147.49466115610164 -466.70000000000016 -117.95807638927513
  endloop
endfacet
facet normal -0.9602936856769422 -2.5437536456485647e-19 -0.2789911060392326
  outer loop
    vertex -146.93380852143036 -466.70000000000016 -119.8885438199981
    vertex -147.49466115610164 -401.6999999999993 -117.95807638927513
    vertex -146.93380852143036 -401.6999999999993 -119.8885438199981
  endloop
endfacet
facet normal 0.4123531768434443 2.5894662487229373e-15 -0.9110240707835986
  outer loop
    vertex -125.90496996052563 -401.6999999999997 -91.29394409039311
    vertex -124.63534680617295 -466.7000000000005 -90.71927964641102
    vertex -125.90496996052572 -466.7000000000005 -91.29394409039334
  endloop
endfacet
facet normal 0.4123531768434443 2.5894662487229373e-15 -0.9110240707835986
  outer loop
    vertex -124.63534680617295 -466.7000000000005 -90.71927964641102
    vertex -125.90496996052563 -401.6999999999997 -91.29394409039311
    vertex -124.63534680617286 -401.6999999999997 -90.7192796464108
  endloop
endfacet
facet normal 0.7569066201108218 9.545201000432548e-16 -0.6535230435358895
  outer loop
    vertex -133.47623293033112 -401.6999999999997 -97.32649052540401
    vertex -132.5654688631836 -466.7000000000005 -96.27164883527301
    vertex -133.4762329303312 -466.7000000000005 -97.32649052540424
  endloop
endfacet
facet normal 0.7569066201108218 9.545201000432548e-16 -0.6535230435358895
  outer loop
    vertex -132.5654688631836 -466.7000000000005 -96.27164883527301
    vertex -133.47623293033112 -401.6999999999997 -97.32649052540401
    vertex -132.56546886318347 -401.6999999999997 -96.2716488352728
  endloop
endfacet
facet normal -0.3387379202452897 0.0 0.9408807689542262
  outer loop
    vertex -126.38854381998382 -466.70000000000016 -79.566191478555
    vertex -128.27998568589518 -401.6999999999993 -80.24715245157586
    vertex -128.27998568589518 -466.70000000000016 -80.24715245157586
  endloop
endfacet
facet normal -0.3387379202452897 0.0 0.9408807689542262
  outer loop
    vertex -128.27998568589518 -401.6999999999993 -80.24715245157586
    vertex -126.38854381998382 -466.70000000000016 -79.566191478555
    vertex -126.38854381998382 -401.6999999999993 -79.566191478555
  endloop
endfacet
facet normal -0.9177546256839797 -6.374266917350385e-16 -0.3971478906347839
  outer loop
    vertex -146.25284754840953 -401.6999999999993 -121.77998568590948
    vertex -145.45446567889806 -466.70000000000016 -123.6249373300821
    vertex -146.25284754840942 -466.70000000000016 -121.77998568590948
  endloop
endfacet
facet normal -0.9177546256839797 -6.374266917350385e-16 -0.3971478906347839
  outer loop
    vertex -145.45446567889806 -466.70000000000016 -123.6249373300821
    vertex -146.25284754840953 -401.6999999999993 -121.77998568590948
    vertex -145.45446567889806 -401.6999999999993 -123.6249373300821
  endloop
endfacet
facet normal 0.2966372987229227 2.696802581424251e-15 -0.9549902161835836
  outer loop
    vertex -123.33258986611916 -401.6999999999997 -90.22429830091572
    vertex -122.00169452588517 -466.7000000000005 -89.8108980462121
    vertex -123.33258986611926 -466.7000000000005 -90.22429830091595
  endloop
endfacet
facet normal 0.2966372987229227 2.696802581424251e-15 -0.9549902161835836
  outer loop
    vertex -122.00169452588517 -466.7000000000005 -89.8108980462121
    vertex -123.33258986611916 -401.6999999999997 -90.22429830091572
    vertex -122.00169452588499 -401.6999999999997 -89.81089804621188
  endloop
endfacet
facet normal -0.1564344650402388 0.0 -0.9876883405951365
  outer loop
    vertex -120.51066347404311 -401.6999999999993 -141.74767044206305
    vertex -122.49620206672861 -466.70000000000016 -141.4331920233178
    vertex -122.49620206672861 -401.6999999999993 -141.4331920233178
  endloop
endfacet
facet normal -0.1564344650402388 0.0 -0.9876883405951365
  outer loop
    vertex -122.49620206672861 -466.70000000000016 -141.4331920233178
    vertex -120.51066347404311 -401.6999999999993 -141.74767044206305
    vertex -120.51066347404311 -466.70000000000016 -141.74767044206305
  endloop
endfacet
facet normal -0.6129070536529759 -4.2537002873242314e-16 -0.7901550123756909
  outer loop
    vertex -135.3091280733446 -401.6999999999993 -135.8885438199981
    vertex -136.89756767194345 -466.70000000000016 -134.65642376882502
    vertex -136.89756767194353 -401.6999999999993 -134.65642376882502
  endloop
endfacet
facet normal -0.6129070536529759 -4.2537002873242314e-16 -0.7901550123756909
  outer loop
    vertex -136.89756767194345 -466.70000000000016 -134.65642376882502
    vertex -135.3091280733446 -401.6999999999993 -135.8885438199981
    vertex -135.3091280733446 -466.70000000000016 -135.8885438199981
  endloop
endfacet
facet normal -0.7901550123756843 -5.483837366760268e-16 0.6129070536529846
  outer loop
    vertex -141.15642376881075 -401.6999999999993 -89.60243232804181
    vertex -142.3885438199838 -466.70000000000016 -91.19087192664075
    vertex -141.15642376881064 -466.70000000000016 -89.60243232804181
  endloop
endfacet
facet normal -0.7901550123756843 -5.483837366760268e-16 0.6129070536529846
  outer loop
    vertex -142.3885438199838 -466.70000000000016 -91.19087192664075
    vertex -141.15642376881075 -401.6999999999993 -89.60243232804181
    vertex -142.3885438199838 -401.6999999999993 -91.19087192664075
  endloop
endfacet
facet normal 0.4679490023752519 2.417657690552019e-15 -0.8837554702382366
  outer loop
    vertex -127.1365909942435 -401.6999999999997 -91.94608809791738
    vertex -125.90496996052572 -466.7000000000005 -91.29394409039334
    vertex -127.1365909942436 -466.7000000000005 -91.94608809791761
  endloop
endfacet
facet normal 0.4679490023752519 2.417657690552019e-15 -0.8837554702382366
  outer loop
    vertex -125.90496996052572 -466.7000000000005 -91.29394409039334
    vertex -127.1365909942435 -401.6999999999997 -91.94608809791738
    vertex -125.90496996052563 -401.6999999999997 -91.29394409039311
  endloop
endfacet
facet normal 0.8318499744187863 4.824597816194872e-16 -0.5550005586118493
  outer loop
    vertex -135.093424046267 -401.6999999999997 -99.59496454103285
    vertex -134.31996307801163 -466.7000000000005 -98.43568014631732
    vertex -135.0934240462671 -466.7000000000005 -99.59496454103308
  endloop
endfacet
facet normal 0.8318499744187863 4.824597816194872e-16 -0.5550005586118493
  outer loop
    vertex -134.31996307801163 -466.7000000000005 -98.43568014631732
    vertex -135.093424046267 -401.6999999999997 -99.59496454103285
    vertex -134.31996307801154 -401.6999999999997 -98.4356801463171
  endloop
endfacet
facet normal -0.9177546256839716 0.0 0.39714789063480294
  outer loop
    vertex -145.45446567889806 -401.6999999999993 -96.37506266991757
    vertex -146.25284754840953 -466.70000000000016 -98.2200143140902
    vertex -145.45446567889806 -466.70000000000016 -96.37506266991757
  endloop
endfacet
facet normal -0.9177546256839716 0.0 0.39714789063480294
  outer loop
    vertex -146.25284754840953 -466.70000000000016 -98.2200143140902
    vertex -145.45446567889806 -401.6999999999993 -96.37506266991757
    vertex -146.25284754840953 -401.6999999999993 -98.2200143140902
  endloop
endfacet
facet normal -0.3971478906347839 -3.827219764674167e-31 0.9177546256839797
  outer loop
    vertex -128.27998568589518 -466.70000000000016 -80.24715245157586
    vertex -130.1249373300678 -401.6999999999993 -81.04553432108729
    vertex -130.1249373300678 -466.70000000000016 -81.04553432108729
  endloop
endfacet
facet normal -0.3971478906347839 -3.827219764674167e-31 0.9177546256839797
  outer loop
    vertex -130.1249373300678 -401.6999999999993 -81.04553432108729
    vertex -128.27998568589518 -466.70000000000016 -80.24715245157586
    vertex -128.27998568589518 -401.6999999999993 -80.24715245157586
  endloop
endfacet
facet normal -0.6613118653236527 -4.589639578745746e-16 -0.7501110696304587
  outer loop
    vertex -136.89756767194353 -401.6999999999993 -134.65642376882502
    vertex -138.40550738970344 -466.70000000000016 -133.32699607748498
    vertex -138.40550738970344 -401.6999999999993 -133.32699607748498
  endloop
endfacet
facet normal -0.6613118653236527 -4.589639578745746e-16 -0.7501110696304587
  outer loop
    vertex -138.40550738970344 -466.70000000000016 -133.32699607748498
    vertex -136.89756767194353 -401.6999999999993 -134.65642376882502
    vertex -136.89756767194345 -466.70000000000016 -134.65642376882502
  endloop
endfacet
facet normal -0.9955619646030816 0.0 0.09410831331849803
  outer loop
    vertex -148.24767044204876 -401.6999999999993 -105.98933652594215
    vertex -148.43685530969012 -466.70000000000016 -107.99070337506191
    vertex -148.24767044204876 -466.70000000000016 -105.98933652594215
  endloop
endfacet
facet normal -0.9955619646030816 0.0 0.09410831331849803
  outer loop
    vertex -148.43685530969012 -466.70000000000016 -107.99070337506191
    vertex -148.24767044204876 -401.6999999999993 -105.98933652594215
    vertex -148.43685530969012 -401.6999999999993 -107.99070337506191
  endloop
endfacet
facet normal -0.4539904997395565 0.0 0.8910065241883629
  outer loop
    vertex -130.1249373300678 -466.70000000000016 -81.04553432108729
    vertex -131.9161175712403 -401.6999999999993 -81.95818623859627
    vertex -131.9161175712403 -466.70000000000016 -81.95818623859627
  endloop
endfacet
facet normal -0.4539904997395565 0.0 0.8910065241883629
  outer loop
    vertex -131.9161175712403 -401.6999999999993 -81.95818623859627
    vertex -130.1249373300678 -466.70000000000016 -81.04553432108729
    vertex -130.1249373300678 -401.6999999999993 -81.04553432108729
  endloop
endfacet
facet normal -0.3971478906347839 3.827219764674167e-31 -0.9177546256839797
  outer loop
    vertex -128.2799856858951 -401.6999999999993 -139.7528475484238
    vertex -130.12493733006772 -466.70000000000016 -138.95446567891238
    vertex -130.12493733006772 -401.6999999999993 -138.95446567891238
  endloop
endfacet
facet normal -0.3971478906347839 3.827219764674167e-31 -0.9177546256839797
  outer loop
    vertex -130.12493733006772 -466.70000000000016 -138.95446567891238
    vertex -128.2799856858951 -401.6999999999993 -139.7528475484238
    vertex -128.2799856858951 -466.70000000000016 -139.7528475484238
  endloop
endfacet
facet normal -0.8607420270039511 0.0 -0.5090414157503587
  outer loop
    vertex -144.54181376138905 -401.6999999999993 -125.41611757125466
    vertex -143.5184936160499 -466.70000000000016 -127.14645743932769
    vertex -144.54181376138905 -466.70000000000016 -125.41611757125466
  endloop
endfacet
facet normal -0.8607420270039511 0.0 -0.5090414157503587
  outer loop
    vertex -143.5184936160499 -466.70000000000016 -127.14645743932769
    vertex -144.54181376138905 -401.6999999999993 -125.41611757125466
    vertex -143.5184936160499 -401.6999999999993 -127.14645743932769
  endloop
endfacet
facet normal -0.9759167619387498 -9.404677723451733e-31 0.21814324139653216
  outer loop
    vertex -147.49466115610164 -401.6999999999993 -102.04192361072451
    vertex -147.9331920233035 -466.70000000000016 -104.00379793325669
    vertex -147.49466115610164 -466.70000000000016 -102.04192361072451
  endloop
endfacet
facet normal -0.9759167619387498 -9.404677723451733e-31 0.21814324139653216
  outer loop
    vertex -147.9331920233035 -466.70000000000016 -104.00379793325669
    vertex -147.49466115610164 -401.6999999999993 -102.04192361072451
    vertex -147.9331920233035 -401.6999999999993 -104.00379793325669
  endloop
endfacet
facet normal -0.4539904997395472 0.0 -0.8910065241883677
  outer loop
    vertex -130.12493733006772 -401.6999999999993 -138.95446567891238
    vertex -131.9161175712403 -466.70000000000016 -138.04181376140338
    vertex -131.9161175712403 -401.6999999999993 -138.04181376140338
  endloop
endfacet
facet normal -0.4539904997395472 0.0 -0.8910065241883677
  outer loop
    vertex -131.9161175712403 -466.70000000000016 -138.04181376140338
    vertex -130.12493733006772 -401.6999999999993 -138.95446567891238
    vertex -130.12493733006772 -466.70000000000016 -138.95446567891238
  endloop
endfacet
facet normal -0.509041415750367 -3.532851520523129e-16 0.8607420270039463
  outer loop
    vertex -133.6464574393133 -466.70000000000016 -82.98150638393543
    vertex -131.9161175712403 -401.6999999999993 -81.95818623859627
    vertex -133.6464574393134 -401.6999999999993 -82.98150638393543
  endloop
endfacet
facet normal -0.509041415750367 -3.532851520523129e-16 0.8607420270039463
  outer loop
    vertex -131.9161175712403 -401.6999999999993 -81.95818623859627
    vertex -133.6464574393133 -466.70000000000016 -82.98150638393543
    vertex -131.9161175712403 -466.70000000000016 -81.95818623859627
  endloop
endfacet
facet normal -0.031410759078132705 3.0269801452325524e-32 -0.9995065603657315
  outer loop
    vertex -116.49999999998542 -401.6999999999993 -141.99999999999974
    vertex -118.50929662492344 -466.70000000000016 -141.9368553097044
    vertex -118.50929662492344 -401.6999999999993 -141.9368553097044
  endloop
endfacet
facet normal -0.031410759078132705 3.0269801452325524e-32 -0.9995065603657315
  outer loop
    vertex -118.50929662492344 -466.70000000000016 -141.9368553097044
    vertex -116.49999999998542 -401.6999999999993 -141.99999999999974
    vertex -116.49999999998542 -466.70000000000016 -141.99999999999974
  endloop
endfacet
facet normal -0.9876883405951359 0.0 -0.15643446504024225
  outer loop
    vertex -148.24767044204876 -401.6999999999993 -114.01066347405754
    vertex -147.9331920233035 -466.70000000000016 -115.996202066743
    vertex -148.24767044204876 -466.70000000000016 -114.01066347405754
  endloop
endfacet
facet normal -0.9876883405951359 0.0 -0.15643446504024225
  outer loop
    vertex -147.9331920233035 -466.70000000000016 -115.996202066743
    vertex -148.24767044204876 -401.6999999999993 -114.01066347405754
    vertex -147.9331920233035 -401.6999999999993 -115.996202066743
  endloop
endfacet
facet normal -0.3387379202452798 0.0 -0.9408807689542298
  outer loop
    vertex -126.38854381998372 -401.6999999999993 -140.43380852144466
    vertex -128.2799856858951 -466.70000000000016 -139.7528475484238
    vertex -128.2799856858951 -401.6999999999993 -139.7528475484238
  endloop
endfacet
facet normal -0.3387379202452798 0.0 -0.9408807689542298
  outer loop
    vertex -128.2799856858951 -466.70000000000016 -139.7528475484238
    vertex -126.38854381998372 -401.6999999999993 -140.43380852144466
    vertex -126.38854381998372 -466.70000000000016 -140.43380852144466
  endloop
endfacet
facet normal 0.7569066201108218 -3.8089908666041205e-15 0.6535230435358895
  outer loop
    vertex -132.56546886318338 -401.69999999999953 -126.72835116472703
    vertex -133.47623293033112 -466.70000000000033 -125.67350947459605
    vertex -132.56546886318347 -466.70000000000033 -126.72835116472727
  endloop
endfacet
facet normal 0.7569066201108218 -3.8089908666041205e-15 0.6535230435358895
  outer loop
    vertex -133.47623293033112 -466.70000000000033 -125.67350947459605
    vertex -132.56546886318338 -401.69999999999953 -126.72835116472703
    vertex -133.47623293033098 -401.69999999999953 -125.6735094745958
  endloop
endfacet
facet normal -0.9995065603657315 -3.3281998667307105e-20 -0.03141075907813323
  outer loop
    vertex -148.49999999998545 -401.6999999999993 -109.99999999999984
    vertex -148.43685530969012 -466.70000000000016 -112.00929662493782
    vertex -148.49999999998545 -466.70000000000016 -109.99999999999984
  endloop
endfacet
facet normal -0.9995065603657315 -3.3281998667307105e-20 -0.03141075907813323
  outer loop
    vertex -148.43685530969012 -466.70000000000016 -112.00929662493782
    vertex -148.49999999998545 -401.6999999999993 -109.99999999999984
    vertex -148.43685530969012 -401.6999999999993 -112.00929662493782
  endloop
endfacet
facet normal 0.7150066690130691 1.1857985061964148e-15 -0.699117631923867
  outer loop
    vertex -132.56546886318347 -401.6999999999997 -96.2716488352728
    vertex -131.59116317624017 -466.7000000000005 -95.27519983726268
    vertex -132.5654688631836 -466.7000000000005 -96.27164883527301
  endloop
endfacet
facet normal 0.7150066690130691 1.1857985061964148e-15 -0.699117631923867
  outer loop
    vertex -131.59116317624017 -466.7000000000005 -95.27519983726268
    vertex -132.56546886318347 -401.6999999999997 -96.2716488352728
    vertex -131.5911631762401 -401.6999999999997 -95.27519983726245
  endloop
endfacet
facet normal 0.17637599198367282 3.1716661282894443e-15 -0.9843228684998512
  outer loop
    vertex -120.64776406690956 -401.6999999999997 -89.48066405416287
    vertex -119.27599009815883 -466.7000000000005 -89.23486259789445
    vertex -120.64776406690964 -466.7000000000005 -89.4806640541631
  endloop
endfacet
facet normal 0.17637599198367282 3.1716661282894443e-15 -0.9843228684998512
  outer loop
    vertex -119.27599009815883 -466.7000000000005 -89.23486259789445
    vertex -120.64776406690956 -401.6999999999997 -89.48066405416287
    vertex -119.27599009815873 -401.6999999999997 -89.23486259789422
  endloop
endfacet
facet normal 0.6231529238960898 1.4166086102756168e-15 -0.7821000149851387
  outer loop
    vertex -130.55705181775895 -401.6999999999997 -94.34096438754615
    vertex -129.46710005919502 -466.7000000000005 -93.47252478616394
    vertex -130.55705181775912 -466.7000000000005 -94.34096438754638
  endloop
endfacet
facet normal 0.6231529238960898 1.4166086102756168e-15 -0.7821000149851387
  outer loop
    vertex -129.46710005919502 -466.7000000000005 -93.47252478616394
    vertex -130.55705181775895 -401.6999999999997 -94.34096438754615
    vertex -129.46710005919493 -401.6999999999997 -93.47252478616372
  endloop
endfacet
facet normal -0.9995065603657315 0.0 0.03141075907813447
  outer loop
    vertex -148.43685530969012 -401.6999999999993 -107.99070337506191
    vertex -148.49999999998545 -466.70000000000016 -109.99999999999984
    vertex -148.43685530969012 -466.70000000000016 -107.99070337506191
  endloop
endfacet
facet normal -0.9995065603657315 0.0 0.03141075907813447
  outer loop
    vertex -148.49999999998545 -466.70000000000016 -109.99999999999984
    vertex -148.43685530969012 -401.6999999999993 -107.99070337506191
    vertex -148.49999999998545 -401.6999999999993 -109.99999999999984
  endloop
endfacet
facet normal -0.9955619646030813 -9.593993869126796e-31 -0.09410831331850013
  outer loop
    vertex -148.43685530969012 -401.6999999999993 -112.00929662493782
    vertex -148.24767044204876 -466.70000000000016 -114.01066347405754
    vertex -148.43685530969012 -466.70000000000016 -112.00929662493782
  endloop
endfacet
facet normal -0.9955619646030813 -9.593993869126796e-31 -0.09410831331850013
  outer loop
    vertex -148.24767044204876 -466.70000000000016 -114.01066347405754
    vertex -148.43685530969012 -401.6999999999993 -112.00929662493782
    vertex -148.24767044204876 -401.6999999999993 -114.01066347405754
  endloop
endfacet
facet normal 0.521750490376476 2.2370306506745513e-15 -0.8530981337407244
  outer loop
    vertex -128.325487290475 -401.6999999999997 -92.673211040791
    vertex -127.1365909942436 -466.7000000000005 -91.94608809791761
    vertex -128.32548729047508 -466.7000000000005 -92.67321104079122
  endloop
endfacet
facet normal 0.521750490376476 2.2370306506745513e-15 -0.8530981337407244
  outer loop
    vertex -127.1365909942436 -466.7000000000005 -91.94608809791761
    vertex -128.325487290475 -401.6999999999997 -92.673211040791
    vertex -127.1365909942435 -401.6999999999997 -91.94608809791738
  endloop
endfacet
facet normal 0.9200592661050513 -5.556908114239437e-16 -0.39177920676604916
  outer loop
    vertex -136.96394811055444 -401.6999999999997 -103.32807643498296
    vertex -136.41795600314924 -466.7000000000005 -102.04586163398561
    vertex -136.96394811055458 -466.7000000000005 -103.32807643498319
  endloop
endfacet
facet normal 0.9200592661050513 -5.556908114239437e-16 -0.39177920676604916
  outer loop
    vertex -136.41795600314924 -466.7000000000005 -102.04586163398561
    vertex -136.96394811055444 -401.6999999999997 -103.32807643498296
    vertex -136.4179560031491 -401.6999999999997 -102.04586163398538
  endloop
endfacet
facet normal 0.053412043044561416 1.2625956893898084e-15 -0.9985725580336192
  outer loop
    vertex -117.89163264904415 -401.6999999999997 -89.07443619630394
    vertex -116.4999999999855 -466.70000000000033 -88.99999999999986
    vertex -117.89163264904424 -466.7000000000005 -89.07443619630416
  endloop
endfacet
facet normal 0.053412043044561416 1.2625956893898084e-15 -0.9985725580336192
  outer loop
    vertex -116.4999999999855 -466.70000000000033 -88.99999999999986
    vertex -117.89163264904415 -401.6999999999997 -89.07443619630394
    vertex -116.4999999999855 -401.6999999999997 -88.99999999999991
  endloop
endfacet
facet normal -0.5090414157503685 0.0 -0.8607420270039453
  outer loop
    vertex -131.9161175712403 -401.6999999999993 -138.04181376140338
    vertex -133.6464574393133 -466.70000000000016 -137.01849361606426
    vertex -133.6464574393133 -401.6999999999993 -137.01849361606426
  endloop
endfacet
facet normal -0.5090414157503685 0.0 -0.8607420270039453
  outer loop
    vertex -133.6464574393133 -466.70000000000016 -137.01849361606426
    vertex -131.9161175712403 -401.6999999999993 -138.04181376140338
    vertex -131.9161175712403 -466.70000000000016 -138.04181376140338
  endloop
endfacet
facet normal 0.8940467365197767 3.772397715520596e-18 -0.4479736966813305
  outer loop
    vertex -136.4179560031491 -401.6999999999997 -102.04586163398538
    vertex -135.79365002036832 -466.7000000000005 -100.7998984655452
    vertex -136.41795600314924 -466.7000000000005 -102.04586163398561
  endloop
endfacet
facet normal 0.8940467365197767 3.772397715520596e-18 -0.4479736966813305
  outer loop
    vertex -135.79365002036832 -466.7000000000005 -100.7998984655452
    vertex -136.4179560031491 -401.6999999999997 -102.04586163398538
    vertex -135.79365002036823 -401.6999999999997 -100.79989846554497
  endloop
endfacet
facet normal 0.6703650445826681 1.179603929969664e-15 -0.7420314730533183
  outer loop
    vertex -131.5911631762401 -401.6999999999997 -95.27519983726245
    vertex -130.55705181775912 -466.7000000000005 -94.34096438754638
    vertex -131.59116317624017 -466.7000000000005 -95.27519983726268
  endloop
endfacet
facet normal 0.6703650445826681 1.179603929969664e-15 -0.7420314730533183
  outer loop
    vertex -130.55705181775912 -466.7000000000005 -94.34096438754638
    vertex -131.5911631762401 -401.6999999999997 -95.27519983726245
    vertex -130.55705181775895 -401.6999999999997 -94.34096438754615
  endloop
endfacet
facet normal 0.988037369993928 -2.6462833351285534e-15 0.1542146409893748
  outer loop
    vertex -138.11265371053102 -401.69999999999953 -115.6575169921331
    vertex -138.32757062131256 -466.70000000000033 -114.28056641251682
    vertex -138.11265371053116 -466.70000000000033 -115.65751699213335
  endloop
endfacet
facet normal 0.988037369993928 -2.6462833351285534e-15 0.1542146409893748
  outer loop
    vertex -138.32757062131256 -466.70000000000033 -114.28056641251682
    vertex -138.11265371053102 -401.69999999999953 -115.6575169921331
    vertex -138.32757062131242 -401.69999999999953 -114.28056641251656
  endloop
endfacet
facet normal 0.9425438538352148 -8.033835389835696e-16 -0.33408245029851724
  outer loop
    vertex -137.42953275092194 -401.6999999999997 -104.64162625128228
    vertex -136.96394811055458 -466.7000000000005 -103.32807643498319
    vertex -137.42953275092208 -466.7000000000005 -104.6416262512825
  endloop
endfacet
facet normal 0.9425438538352148 -8.033835389835696e-16 -0.33408245029851724
  outer loop
    vertex -136.96394811055458 -466.7000000000005 -103.32807643498319
    vertex -137.42953275092194 -401.6999999999997 -104.64162625128228
    vertex -136.96394811055444 -401.6999999999997 -103.32807643498296
  endloop
endfacet
facet normal 0.9614142831793324 -1.0469902045897046e-15 -0.27510466389861615
  outer loop
    vertex -137.812924652802 -466.70000000000033 -105.98147431237713
    vertex -137.42953275092194 -401.6999999999997 -104.64162625128228
    vertex -137.42953275092208 -466.7000000000005 -104.6416262512825
  endloop
endfacet
facet normal 0.9614142831793324 -1.0469902045897046e-15 -0.27510466389861615
  outer loop
    vertex -137.42953275092194 -401.6999999999997 -104.64162625128228
    vertex -137.812924652802 -466.70000000000033 -105.98147431237713
    vertex -137.81292465280185 -401.69999999999953 -105.9814743123769
  endloop
endfacet
facet normal 0.5735513405266803 2.046619731814703e-15 -0.8191696160015018
  outer loop
    vertex -129.46710005919493 -401.6999999999997 -93.47252478616372
    vertex -128.32548729047508 -466.7000000000005 -92.67321104079122
    vertex -129.46710005919502 -466.7000000000005 -93.47252478616394
  endloop
endfacet
facet normal 0.5735513405266803 2.046619731814703e-15 -0.8191696160015018
  outer loop
    vertex -128.32548729047508 -466.7000000000005 -92.67321104079122
    vertex -129.46710005919493 -401.6999999999997 -93.47252478616372
    vertex -128.325487290475 -401.6999999999997 -92.673211040791
  endloop
endfacet
facet normal 0.9880373699939282 -8.365574311918978e-16 -0.1542146409893736
  outer loop
    vertex -138.32757062131247 -401.69999999999953 -108.7194335874833
    vertex -138.11265371053116 -466.70000000000033 -107.34248300786699
    vertex -138.32757062131256 -466.70000000000033 -108.71943358748352
  endloop
endfacet
facet normal 0.9880373699939282 -8.365574311918978e-16 -0.1542146409893736
  outer loop
    vertex -138.11265371053116 -466.70000000000033 -107.34248300786699
    vertex -138.32757062131247 -401.69999999999953 -108.7194335874833
    vertex -138.11265371053108 -401.69999999999953 -107.34248300786676
  endloop
endfacet
facet normal 0.9614142831793324 -2.3847273814539027e-15 0.2751046638986161
  outer loop
    vertex -137.42953275092194 -401.69999999999953 -118.35837374871757
    vertex -137.81292465280194 -466.70000000000033 -117.01852568762318
    vertex -137.42953275092202 -466.70000000000033 -118.35837374871781
  endloop
endfacet
facet normal 0.9614142831793324 -2.3847273814539027e-15 0.2751046638986161
  outer loop
    vertex -137.81292465280194 -466.70000000000033 -117.01852568762318
    vertex -137.42953275092194 -401.69999999999953 -118.35837374871757
    vertex -137.81292465280185 -401.69999999999953 -117.01852568762293
  endloop
endfacet
facet normal -0.6613118653236592 -4.589639578745791e-16 0.7501110696304533
  outer loop
    vertex -138.40550738970344 -466.70000000000016 -86.67300392251474
    vertex -136.89756767194353 -401.6999999999993 -85.34357623117464
    vertex -138.40550738970353 -401.6999999999993 -86.67300392251474
  endloop
endfacet
facet normal -0.6613118653236592 -4.589639578745791e-16 0.7501110696304533
  outer loop
    vertex -136.89756767194353 -401.6999999999993 -85.34357623117464
    vertex -138.40550738970344 -466.70000000000016 -86.67300392251474
    vertex -136.89756767194353 -466.70000000000016 -85.34357623117464
  endloop
endfacet
facet normal -0.8270805742745738 -4.381762074300166e-19 0.5620833778521128
  outer loop
    vertex -142.3885438199838 -401.6999999999993 -91.19087192664075
    vertex -143.5184936160499 -466.70000000000016 -92.85354256067201
    vertex -142.3885438199838 -466.70000000000016 -91.19087192664075
  endloop
endfacet
facet normal -0.8270805742745738 -4.381762074300166e-19 0.5620833778521128
  outer loop
    vertex -143.5184936160499 -466.70000000000016 -92.85354256067201
    vertex -142.3885438199838 -401.6999999999993 -91.19087192664075
    vertex -143.5184936160499 -401.6999999999993 -92.85354256067201
  endloop
endfacet
facet normal -0.8910065241883631 0.0 -0.45399049973955635
  outer loop
    vertex -145.45446567889806 -401.6999999999993 -123.6249373300821
    vertex -144.54181376138905 -466.70000000000016 -125.41611757125466
    vertex -145.45446567889806 -466.70000000000016 -123.6249373300821
  endloop
endfacet
facet normal -0.8910065241883631 0.0 -0.45399049973955635
  outer loop
    vertex -144.54181376138905 -466.70000000000016 -125.41611757125466
    vertex -145.45446567889806 -401.6999999999993 -123.6249373300821
    vertex -144.54181376138905 -401.6999999999993 -125.41611757125466
  endloop
endfacet
facet normal -0.9876883405951359 0.0 0.15643446504024225
  outer loop
    vertex -147.9331920233035 -401.6999999999993 -104.00379793325669
    vertex -148.24767044204876 -466.70000000000016 -105.98933652594215
    vertex -147.9331920233035 -466.70000000000016 -104.00379793325669
  endloop
endfacet
facet normal -0.9876883405951359 0.0 0.15643446504024225
  outer loop
    vertex -148.24767044204876 -466.70000000000016 -105.98933652594215
    vertex -147.9331920233035 -401.6999999999993 -104.00379793325669
    vertex -148.24767044204876 -401.6999999999993 -105.98933652594215
  endloop
endfacet
facet normal -0.7071067811865364 0.0 -0.7071067811865588
  outer loop
    vertex -138.40550738970344 -401.6999999999993 -133.32699607748498
    vertex -139.82699607747062 -466.70000000000016 -131.90550738971783
    vertex -139.82699607747062 -401.6999999999993 -131.90550738971783
  endloop
endfacet
facet normal -0.7071067811865364 0.0 -0.7071067811865588
  outer loop
    vertex -139.82699607747062 -466.70000000000016 -131.90550738971783
    vertex -138.40550738970344 -401.6999999999993 -133.32699607748498
    vertex -138.40550738970344 -466.70000000000016 -133.32699607748498
  endloop
endfacet
facet normal -0.0314107590781327 1.8161354580360884e-20 0.9995065603657315
  outer loop
    vertex -116.4999999999855 -466.70000000000033 -77.99999999999991
    vertex -118.50929662492352 -401.6999999999993 -78.06314469029523
    vertex -118.50929662492352 -466.70000000000016 -78.06314469029523
  endloop
endfacet
facet normal -0.0314107590781327 1.8161354580360884e-20 0.9995065603657315
  outer loop
    vertex -118.50929662492352 -401.6999999999993 -78.06314469029523
    vertex -116.4999999999855 -466.70000000000033 -77.99999999999991
    vertex -116.4999999999855 -401.69999999999953 -77.99999999999991
  endloop
endfacet
facet normal -0.7901550123756801 -5.48383736676023e-16 -0.61290705365299
  outer loop
    vertex -142.3885438199838 -401.6999999999993 -128.80912807335892
    vertex -141.15642376881064 -466.70000000000016 -130.39756767195783
    vertex -142.3885438199837 -466.70000000000016 -128.80912807335892
  endloop
endfacet
facet normal -0.7901550123756801 -5.48383736676023e-16 -0.61290705365299
  outer loop
    vertex -141.15642376881064 -466.70000000000016 -130.39756767195783
    vertex -142.3885438199838 -401.6999999999993 -128.80912807335892
    vertex -141.15642376881064 -401.6999999999993 -130.39756767195783
  endloop
endfacet
facet normal -0.7501110696304587 -5.205924215417409e-16 0.6613118653236527
  outer loop
    vertex -139.82699607747062 -401.6999999999993 -88.09449261028188
    vertex -141.15642376881064 -466.70000000000016 -89.60243232804181
    vertex -139.82699607747062 -466.70000000000016 -88.09449261028188
  endloop
endfacet
facet normal -0.7501110696304587 -5.205924215417409e-16 0.6613118653236527
  outer loop
    vertex -141.15642376881064 -466.70000000000016 -89.60243232804181
    vertex -139.82699607747062 -401.6999999999993 -88.09449261028188
    vertex -141.15642376881075 -401.6999999999993 -89.60243232804181
  endloop
endfacet
facet normal -0.09410831331850224 0.0 -0.9955619646030811
  outer loop
    vertex -118.50929662492344 -401.6999999999993 -141.9368553097044
    vertex -120.51066347404311 -466.70000000000016 -141.74767044206305
    vertex -120.51066347404311 -401.6999999999993 -141.74767044206305
  endloop
endfacet
facet normal -0.09410831331850224 0.0 -0.9955619646030811
  outer loop
    vertex -120.51066347404311 -466.70000000000016 -141.74767044206305
    vertex -118.50929662492344 -401.6999999999993 -141.9368553097044
    vertex -118.50929662492344 -466.70000000000016 -141.9368553097044
  endloop
endfacet
facet normal -0.15643446504023134 -1.0873447147485977e-16 0.9876883405951378
  outer loop
    vertex -122.49620206672861 -466.70000000000016 -78.56680797668189
    vertex -120.51066347404321 -401.6999999999993 -78.25232955793663
    vertex -122.4962020667287 -401.6999999999993 -78.56680797668189
  endloop
endfacet
facet normal -0.15643446504023134 -1.0873447147485977e-16 0.9876883405951378
  outer loop
    vertex -120.51066347404321 -401.6999999999993 -78.25232955793663
    vertex -122.49620206672861 -466.70000000000016 -78.56680797668189
    vertex -120.51066347404321 -466.70000000000016 -78.25232955793663
  endloop
endfacet
facet normal 0.9765981959970723 -2.516002317018794e-15 0.21507199626000587
  outer loop
    vertex -137.81292465280185 -401.69999999999953 -117.01852568762293
    vertex -138.11265371053116 -466.70000000000033 -115.65751699213335
    vertex -137.81292465280194 -466.70000000000033 -117.01852568762318
  endloop
endfacet
facet normal 0.9765981959970723 -2.516002317018794e-15 0.21507199626000587
  outer loop
    vertex -138.11265371053116 -466.70000000000033 -115.65751699213335
    vertex -137.81292465280185 -401.69999999999953 -117.01852568762293
    vertex -138.11265371053102 -401.69999999999953 -115.6575169921331
  endloop
endfacet
facet normal -0.2789911060392326 0.0 0.9602936856769422
  outer loop
    vertex -124.45807638926084 -466.70000000000016 -79.0053388438837
    vertex -126.38854381998382 -401.6999999999993 -79.566191478555
    vertex -126.38854381998382 -466.70000000000016 -79.566191478555
  endloop
endfacet
facet normal -0.2789911060392326 0.0 0.9602936856769422
  outer loop
    vertex -126.38854381998382 -401.6999999999993 -79.566191478555
    vertex -124.45807638926084 -466.70000000000016 -79.0053388438837
    vertex -124.45807638926084 -401.6999999999993 -79.0053388438837
  endloop
endfacet
facet normal 0.8646060094059045 2.4322692090127725e-16 -0.5024504438242614
  outer loop
    vertex -135.79365002036823 -401.6999999999997 -100.79989846554497
    vertex -135.0934240462671 -466.7000000000005 -99.59496454103308
    vertex -135.79365002036832 -466.7000000000005 -100.7998984655452
  endloop
endfacet
facet normal 0.8646060094059045 2.4322692090127725e-16 -0.5024504438242614
  outer loop
    vertex -135.0934240462671 -466.7000000000005 -99.59496454103308
    vertex -135.79365002036823 -401.6999999999997 -100.79989846554497
    vertex -135.093424046267 -401.6999999999997 -99.59496454103285
  endloop
endfacet
facet normal -0.5620833778521231 -5.955684861367727e-19 -0.8270805742745669
  outer loop
    vertex -133.6464574393133 -401.6999999999993 -137.01849361606426
    vertex -135.3091280733446 -466.70000000000016 -135.8885438199981
    vertex -135.3091280733446 -401.6999999999993 -135.8885438199981
  endloop
endfacet
facet normal -0.5620833778521231 -5.955684861367727e-19 -0.8270805742745669
  outer loop
    vertex -135.3091280733446 -466.70000000000016 -135.8885438199981
    vertex -133.6464574393133 -401.6999999999993 -137.01849361606426
    vertex -133.6464574393133 -466.70000000000016 -137.01849361606426
  endloop
endfacet
facet normal -0.7501110696304797 0.0 -0.661311865323629
  outer loop
    vertex -141.15642376881064 -401.6999999999993 -130.39756767195783
    vertex -139.82699607747062 -466.70000000000016 -131.90550738971783
    vertex -141.15642376881064 -466.70000000000016 -130.39756767195783
  endloop
endfacet
facet normal -0.7501110696304797 0.0 -0.661311865323629
  outer loop
    vertex -139.82699607747062 -466.70000000000016 -131.90550738971783
    vertex -141.15642376881064 -401.6999999999993 -130.39756767195783
    vertex -139.82699607747062 -401.6999999999993 -131.90550738971783
  endloop
endfacet
facet normal 0.23696095547419854 -4.038332576888743e-15 0.9715191740674782
  outer loop
    vertex -120.64776406690946 -466.70000000000016 -133.5193359458371
    vertex -122.00169452588482 -401.6999999999993 -133.18910195378785
    vertex -122.0016945258849 -466.70000000000016 -133.1891019537881
  endloop
endfacet
facet normal 0.23696095547419854 -4.038332576888743e-15 0.9715191740674782
  outer loop
    vertex -122.00169452588482 -401.6999999999993 -133.18910195378785
    vertex -120.64776406690946 -466.70000000000016 -133.5193359458371
    vertex -120.64776406690937 -401.6999999999993 -133.51933594583684
  endloop
endfacet
facet normal 0.5217504903764699 -3.981034504670727e-15 0.853098133740728
  outer loop
    vertex -127.13659099424342 -466.70000000000016 -131.05391190208263
    vertex -128.3254872904748 -401.6999999999993 -130.32678895920878
    vertex -128.32548729047488 -466.70000000000016 -130.32678895920904
  endloop
endfacet
facet normal 0.5217504903764699 -3.981034504670727e-15 0.853098133740728
  outer loop
    vertex -128.3254872904748 -401.6999999999993 -130.32678895920878
    vertex -127.13659099424342 -466.70000000000016 -131.05391190208263
    vertex -127.13659099424333 -401.6999999999993 -131.0539119020824
  endloop
endfacet
facet normal 0.6703650445826798 -3.764019806970807e-15 0.7420314730533077
  outer loop
    vertex -130.55705181775895 -466.70000000000016 -128.6590356124539
    vertex -131.5911631762399 -401.69999999999953 -127.72480016273737
    vertex -131.59116317623997 -466.70000000000033 -127.72480016273762
  endloop
endfacet
facet normal 0.6703650445826798 -3.764019806970807e-15 0.7420314730533077
  outer loop
    vertex -131.5911631762399 -401.69999999999953 -127.72480016273737
    vertex -130.55705181775895 -466.70000000000016 -128.6590356124539
    vertex -130.55705181775886 -401.6999999999993 -128.65903561245366
  endloop
endfacet
facet normal 0.8318499744187887 -3.5625365209031325e-15 0.5550005586118454
  outer loop
    vertex -134.31996307801143 -401.69999999999953 -124.56431985368275
    vertex -135.09342404626702 -466.70000000000033 -123.40503545896723
    vertex -134.31996307801154 -466.70000000000033 -124.56431985368299
  endloop
endfacet
facet normal 0.8318499744187887 -3.5625365209031325e-15 0.5550005586118454
  outer loop
    vertex -135.09342404626702 -466.70000000000033 -123.40503545896723
    vertex -134.31996307801143 -401.69999999999953 -124.56431985368275
    vertex -135.09342404626688 -401.69999999999953 -123.40503545896698
  endloop
endfacet
facet normal 0.29663729872289873 -4.057808678012359e-15 0.9549902161835909
  outer loop
    vertex -122.0016945258849 -466.70000000000016 -133.1891019537881
    vertex -123.332589866119 -401.6999999999993 -132.775701699084
    vertex -123.33258986611908 -466.70000000000016 -132.77570169908427
  endloop
endfacet
facet normal 0.29663729872289873 -4.057808678012359e-15 0.9549902161835909
  outer loop
    vertex -123.332589866119 -401.6999999999993 -132.775701699084
    vertex -122.0016945258849 -466.70000000000016 -133.1891019537881
    vertex -122.00169452588482 -401.6999999999993 -133.18910195378785
  endloop
endfacet
facet normal 0.9995205760272936 -1.8474030254744914e-15 0.03096155839209925
  outer loop
    vertex -138.456851292185 -401.69999999999953 -112.89295382775634
    vertex -138.4999999999856 -466.70000000000033 -111.50000000000016
    vertex -138.4568512921851 -466.70000000000033 -112.8929538277566
  endloop
endfacet
facet normal 0.9995205760272936 -1.8474030254744914e-15 0.03096155839209925
  outer loop
    vertex -138.4999999999856 -466.70000000000033 -111.50000000000016
    vertex -138.456851292185 -401.69999999999953 -112.89295382775634
    vertex -138.49999999998548 -401.69999999999953 -111.49999999999993
  endloop
endfacet
facet normal 0.7150066690130448 -3.6621802802467e-15 0.6991176319238919
  outer loop
    vertex -131.5911631762399 -401.69999999999953 -127.72480016273737
    vertex -132.56546886318347 -466.70000000000033 -126.72835116472727
    vertex -131.59116317623997 -466.70000000000033 -127.72480016273762
  endloop
endfacet
facet normal 0.7150066690130448 -3.6621802802467e-15 0.6991176319238919
  outer loop
    vertex -132.56546886318347 -466.70000000000033 -126.72835116472727
    vertex -131.5911631762399 -401.69999999999953 -127.72480016273737
    vertex -132.56546886318338 -401.69999999999953 -126.72835116472703
  endloop
endfacet
facet normal 0.23696095547419876 2.8781672423032318e-15 -0.9715191740674782
  outer loop
    vertex -122.00169452588499 -401.6999999999997 -89.81089804621188
    vertex -120.64776406690964 -466.7000000000005 -89.4806640541631
    vertex -122.00169452588517 -466.7000000000005 -89.8108980462121
  endloop
endfacet
facet normal 0.23696095547419876 2.8781672423032318e-15 -0.9715191740674782
  outer loop
    vertex -120.64776406690964 -466.7000000000005 -89.4806640541631
    vertex -122.00169452588499 -401.6999999999997 -89.81089804621188
    vertex -120.64776406690956 -401.6999999999997 -89.48066405416287
  endloop
endfacet
facet normal 0.9956879419730179 -1.4058275956479562e-15 -0.09276595393535428
  outer loop
    vertex -138.456851292185 -401.69999999999953 -110.10704617224349
    vertex -138.32757062131256 -466.70000000000033 -108.71943358748352
    vertex -138.45685129218512 -466.70000000000033 -110.10704617224371
  endloop
endfacet
facet normal 0.9956879419730179 -1.4058275956479562e-15 -0.09276595393535428
  outer loop
    vertex -138.32757062131256 -466.70000000000033 -108.71943358748352
    vertex -138.456851292185 -401.69999999999953 -110.10704617224349
    vertex -138.32757062131247 -401.69999999999953 -108.7194335874833
  endloop
endfacet
facet normal 0.9956879419730181 -2.0818821665855886e-15 0.0927659539353528
  outer loop
    vertex -138.32757062131242 -401.69999999999953 -114.28056641251656
    vertex -138.4568512921851 -466.70000000000033 -112.8929538277566
    vertex -138.32757062131256 -466.70000000000033 -114.28056641251682
  endloop
endfacet
facet normal 0.9956879419730181 -2.0818821665855886e-15 0.0927659539353528
  outer loop
    vertex -138.4568512921851 -466.70000000000033 -112.8929538277566
    vertex -138.32757062131242 -401.69999999999953 -114.28056641251656
    vertex -138.456851292185 -401.69999999999953 -112.89295382775634
  endloop
endfacet
facet normal 0.5735513405266445 -3.924147105104225e-15 0.8191696160015269
  outer loop
    vertex -128.32548729047488 -466.70000000000016 -130.32678895920904
    vertex -129.46710005919482 -401.6999999999993 -129.52747521383608
    vertex -129.46710005919493 -466.70000000000016 -129.5274752138363
  endloop
endfacet
facet normal 0.5735513405266445 -3.924147105104225e-15 0.8191696160015269
  outer loop
    vertex -129.46710005919482 -401.6999999999993 -129.52747521383608
    vertex -128.32548729047488 -466.70000000000016 -130.32678895920904
    vertex -128.3254872904748 -401.6999999999993 -130.32678895920878
  endloop
endfacet
facet normal 0.4679490023752519 -4.0233945822402396e-15 0.8837554702382364
  outer loop
    vertex -125.90496996052553 -466.70000000000016 -131.7060559096069
    vertex -127.13659099424333 -401.6999999999993 -131.0539119020824
    vertex -127.13659099424342 -466.70000000000016 -131.05391190208263
  endloop
endfacet
facet normal 0.4679490023752519 -4.0233945822402396e-15 0.8837554702382364
  outer loop
    vertex -127.13659099424333 -401.6999999999993 -131.0539119020824
    vertex -125.90496996052553 -466.70000000000016 -131.7060559096069
    vertex -125.90496996052545 -401.6999999999993 -131.70605590960668
  endloop
endfacet
facet normal 0.11511471962123268 -4.03244633645075e-15 0.9933522040678852
  outer loop
    vertex -117.89163264904407 -466.70000000000016 -133.925563803696
    vertex -119.27599009815846 -401.6999999999993 -133.7651374021055
    vertex -119.27599009815864 -466.70000000000016 -133.76513740210572
  endloop
endfacet
facet normal 0.11511471962123268 -4.03244633645075e-15 0.9933522040678852
  outer loop
    vertex -119.27599009815846 -401.6999999999993 -133.7651374021055
    vertex -117.89163264904407 -466.70000000000016 -133.925563803696
    vertex -117.89163264904397 -401.6999999999993 -133.92556380369578
  endloop
endfacet
facet normal 0.05341204304435099 -1.943264640690456e-15 0.9985725580336305
  outer loop
    vertex -116.49999999998542 -466.70000000000016 -133.99999999999974
    vertex -117.89163264904397 -401.6999999999993 -133.92556380369578
    vertex -117.89163264904407 -466.70000000000016 -133.925563803696
  endloop
endfacet
facet normal 0.05341204304435099 -1.943264640690456e-15 0.9985725580336305
  outer loop
    vertex -117.89163264904397 -401.6999999999993 -133.92556380369578
    vertex -116.49999999998542 -466.70000000000016 -133.99999999999974
    vertex -116.49999999998542 -401.6999999999993 -133.99999999999974
  endloop
endfacet
facet normal 0.7959042336702685 9.960295705354963e-16 -0.6054225390797263
  outer loop
    vertex -134.31996307801154 -401.6999999999997 -98.4356801463171
    vertex -133.4762329303312 -466.7000000000005 -97.32649052540424
    vertex -134.31996307801163 -466.7000000000005 -98.43568014631732
  endloop
endfacet
facet normal 0.7959042336702685 9.960295705354963e-16 -0.6054225390797263
  outer loop
    vertex -133.4762329303312 -466.7000000000005 -97.32649052540424
    vertex -134.31996307801154 -401.6999999999997 -98.4356801463171
    vertex -133.47623293033112 -401.6999999999997 -97.32649052540401
  endloop
endfacet
facet normal 0.8646060094059004 -3.4185778658875214e-15 0.5024504438242684
  outer loop
    vertex -135.09342404626688 -401.69999999999953 -123.40503545896698
    vertex -135.79365002036823 -466.70000000000033 -122.20010153445513
    vertex -135.09342404626702 -466.70000000000033 -123.40503545896723
  endloop
endfacet
facet normal 0.8646060094059004 -3.4185778658875214e-15 0.5024504438242684
  outer loop
    vertex -135.79365002036823 -466.70000000000033 -122.20010153445513
    vertex -135.09342404626688 -401.69999999999953 -123.40503545896698
    vertex -135.79365002036815 -401.69999999999953 -122.20010153445489
  endloop
endfacet
facet normal 1.7403686974147497e-14 -1.0 -7.758184962115985e-15
  outer loop
    vertex -116.50000000001059 -466.699999999997 -138.88819660113043
    vertex -118.50929662492344 -466.70000000000016 -141.9368553097044
    vertex -116.49999999998542 -466.70000000000016 -141.99999999999974
  endloop
endfacet
facet normal 1.7403686974147497e-14 -1.0 -7.758184962115985e-15
  outer loop
    vertex -118.50929662492344 -466.70000000000016 -141.9368553097044
    vertex -116.50000000001059 -466.699999999997 -138.88819660113043
    vertex -120.51066347404311 -466.70000000000016 -141.74767044206305
  endloop
endfacet
facet normal 1.7403686974147497e-14 -1.0 -7.758184962115985e-15
  outer loop
    vertex -120.51066347404311 -466.70000000000016 -141.74767044206305
    vertex -116.50000000001059 -466.699999999997 -138.88819660113043
    vertex -122.49620206672861 -466.70000000000016 -141.4331920233178
  endloop
endfacet
facet normal 1.7403686974147497e-14 -1.0 -7.758184962115985e-15
  outer loop
    vertex -122.49620206672861 -466.70000000000016 -141.4331920233178
    vertex -116.50000000001059 -466.699999999997 -138.88819660113043
    vertex -124.45807638926075 -466.70000000000016 -140.99466115611594
  endloop
endfacet
facet normal 1.7403686974147497e-14 -1.0 -7.758184962115985e-15
  outer loop
    vertex -124.45807638926075 -466.70000000000016 -140.99466115611594
    vertex -116.50000000001059 -466.699999999997 -138.88819660113043
    vertex -126.38854381998372 -466.70000000000016 -140.43380852144466
  endloop
endfacet
facet normal 1.7403686974147497e-14 -1.0 -7.758184962115985e-15
  outer loop
    vertex -126.38854381998372 -466.70000000000016 -140.43380852144466
    vertex -116.50000000001059 -466.699999999997 -138.88819660113043
    vertex -128.2799856858951 -466.70000000000016 -139.7528475484238
  endloop
endfacet
facet normal 1.7403686974147497e-14 -1.0 -7.758184962115985e-15
  outer loop
    vertex -128.2799856858951 -466.70000000000016 -139.7528475484238
    vertex -116.50000000001059 -466.699999999997 -138.88819660113043
    vertex -130.12493733006772 -466.70000000000016 -138.95446567891238
  endloop
endfacet
facet normal 1.7403686974147497e-14 -1.0 -7.758184962115985e-15
  outer loop
    vertex -130.12493733006772 -466.70000000000016 -138.95446567891238
    vertex -116.50000000001059 -466.699999999997 -138.88819660113043
    vertex -131.9161175712403 -466.70000000000016 -138.04181376140338
  endloop
endfacet
facet normal 1.7403686974147497e-14 -1.0 -7.758184962115985e-15
  outer loop
    vertex -114.70000000001082 -466.6999999999979 -136.2118033988805
    vertex -116.50000000001059 -466.699999999997 -138.88819660113043
    vertex -114.70000000001082 -466.69999999999754 -139.78819660113047
  endloop
endfacet
facet normal 1.7403686974147497e-14 -1.0 -7.758184962115985e-15
  outer loop
    vertex -116.50000000001059 -466.699999999997 -138.88819660113043
    vertex -114.70000000001082 -466.6999999999979 -136.2118033988805
    vertex -116.50000000001059 -466.6999999999972 -137.1118033988805
  endloop
endfacet
facet normal 1.7403686974147497e-14 -1.0 -7.758184962115985e-15
  outer loop
    vertex -116.50000000001059 -466.699999999997 -138.88819660113043
    vertex -116.50000000001059 -466.6999999999972 -137.1118033988805
    vertex -131.9161175712403 -466.70000000000016 -138.04181376140338
  endloop
endfacet
facet normal 1.7403686974147497e-14 -1.0 -7.758184962115985e-15
  outer loop
    vertex -114.69999999998424 -466.6999999999996 -81.21180339887412
    vertex -116.49999999998434 -466.6999999999998 -84.88819660112414
    vertex -114.69999999998424 -466.6999999999998 -85.78819660112418
  endloop
endfacet
facet normal 1.7403686974147497e-14 -1.0 -7.758184962115985e-15
  outer loop
    vertex -116.49999999998434 -466.6999999999998 -84.88819660112414
    vertex -114.69999999998424 -466.6999999999996 -81.21180339887412
    vertex -116.49999999998434 -466.6999999999998 -82.11180339887417
  endloop
endfacet
facet normal 1.7403686974147497e-14 -1.0 -7.758184962115985e-15
  outer loop
    vertex -116.49999999998434 -466.6999999999998 -84.88819660112414
    vertex -116.49999999998434 -466.6999999999998 -82.11180339887417
    vertex -135.3091280733446 -466.70000000000016 -84.1114561800016
  endloop
endfacet
facet normal 1.7403686974147497e-14 -1.0 -7.758184962115985e-15
  outer loop
    vertex -135.3091280733446 -466.70000000000016 -84.1114561800016
    vertex -116.49999999998434 -466.6999999999998 -82.11180339887417
    vertex -133.6464574393133 -466.70000000000016 -82.98150638393543
  endloop
endfacet
facet normal 1.7403686974147497e-14 -1.0 -7.758184962115985e-15
  outer loop
    vertex -116.49999999998434 -466.6999999999998 -82.11180339887417
    vertex -131.9161175712403 -466.70000000000016 -81.95818623859627
    vertex -133.6464574393133 -466.70000000000016 -82.98150638393543
  endloop
endfacet
facet normal 1.7403686974147497e-14 -1.0 -7.758184962115985e-15
  outer loop
    vertex -131.9161175712403 -466.70000000000016 -81.95818623859627
    vertex -116.49999999998434 -466.6999999999998 -82.11180339887417
    vertex -116.4999999999855 -466.70000000000033 -77.99999999999991
  endloop
endfacet
facet normal 1.7403686974147497e-14 -1.0 -7.758184962115985e-15
  outer loop
    vertex -131.9161175712403 -466.70000000000016 -81.95818623859627
    vertex -116.4999999999855 -466.70000000000033 -77.99999999999991
    vertex -130.1249373300678 -466.70000000000016 -81.04553432108729
  endloop
endfacet
facet normal 1.7403686974147497e-14 -1.0 -7.758184962115985e-15
  outer loop
    vertex -130.1249373300678 -466.70000000000016 -81.04553432108729
    vertex -116.4999999999855 -466.70000000000033 -77.99999999999991
    vertex -128.27998568589518 -466.70000000000016 -80.24715245157586
  endloop
endfacet
facet normal 1.7403686974147497e-14 -1.0 -7.758184962115985e-15
  outer loop
    vertex -128.27998568589518 -466.70000000000016 -80.24715245157586
    vertex -116.4999999999855 -466.70000000000033 -77.99999999999991
    vertex -126.38854381998382 -466.70000000000016 -79.566191478555
  endloop
endfacet
facet normal 1.7403686974147497e-14 -1.0 -7.758184962115985e-15
  outer loop
    vertex -126.38854381998382 -466.70000000000016 -79.566191478555
    vertex -116.4999999999855 -466.70000000000033 -77.99999999999991
    vertex -124.45807638926084 -466.70000000000016 -79.0053388438837
  endloop
endfacet
facet normal 1.7403686974147497e-14 -1.0 -7.758184962115985e-15
  outer loop
    vertex -124.45807638926084 -466.70000000000016 -79.0053388438837
    vertex -116.4999999999855 -466.70000000000033 -77.99999999999991
    vertex -122.49620206672861 -466.70000000000016 -78.56680797668189
  endloop
endfacet
facet normal 1.7403686974147497e-14 -1.0 -7.758184962115985e-15
  outer loop
    vertex -122.49620206672861 -466.70000000000016 -78.56680797668189
    vertex -116.4999999999855 -466.70000000000033 -77.99999999999991
    vertex -120.51066347404321 -466.70000000000016 -78.25232955793663
  endloop
endfacet
facet normal 1.7403686974147497e-14 -1.0 -7.758184962115985e-15
  outer loop
    vertex -120.51066347404321 -466.70000000000016 -78.25232955793663
    vertex -116.4999999999855 -466.70000000000033 -77.99999999999991
    vertex -118.50929662492352 -466.70000000000016 -78.06314469029523
  endloop
endfacet
facet normal 1.7403686974147497e-14 -1.0 -7.758184962115985e-15
  outer loop
    vertex -116.50000000001059 -466.6999999999972 -137.1118033988805
    vertex -133.6464574393133 -466.70000000000016 -137.01849361606426
    vertex -131.9161175712403 -466.70000000000016 -138.04181376140338
  endloop
endfacet
facet normal 1.7403686974147497e-14 -1.0 -7.758184962115985e-15
  outer loop
    vertex -133.6464574393133 -466.70000000000016 -137.01849361606426
    vertex -116.50000000001059 -466.6999999999972 -137.1118033988805
    vertex -116.49999999998542 -466.70000000000016 -133.99999999999974
  endloop
endfacet
facet normal 1.7403686974147497e-14 -1.0 -7.758184962115985e-15
  outer loop
    vertex -133.6464574393133 -466.70000000000016 -137.01849361606426
    vertex -116.49999999998542 -466.70000000000016 -133.99999999999974
    vertex -135.3091280733446 -466.70000000000016 -135.8885438199981
  endloop
endfacet
facet normal 1.7403686974147497e-14 -1.0 -7.758184962115985e-15
  outer loop
    vertex -135.3091280733446 -466.70000000000016 -135.8885438199981
    vertex -116.49999999998542 -466.70000000000016 -133.99999999999974
    vertex -136.89756767194345 -466.70000000000016 -134.65642376882502
  endloop
endfacet
facet normal 1.7403686974147497e-14 -1.0 -7.758184962115985e-15
  outer loop
    vertex -136.89756767194345 -466.70000000000016 -134.65642376882502
    vertex -116.49999999998542 -466.70000000000016 -133.99999999999974
    vertex -138.40550738970344 -466.70000000000016 -133.32699607748498
  endloop
endfacet
facet normal 1.7403686974147497e-14 -1.0 -7.758184962115985e-15
  outer loop
    vertex -138.40550738970344 -466.70000000000016 -133.32699607748498
    vertex -116.49999999998542 -466.70000000000016 -133.99999999999974
    vertex -117.89163264904407 -466.70000000000016 -133.925563803696
  endloop
endfacet
facet normal 1.7403686974147497e-14 -1.0 -7.758184962115985e-15
  outer loop
    vertex -138.40550738970344 -466.70000000000016 -133.32699607748498
    vertex -117.89163264904407 -466.70000000000016 -133.925563803696
    vertex -119.27599009815864 -466.70000000000016 -133.76513740210572
  endloop
endfacet
facet normal 1.7403686974147497e-14 -1.0 -7.758184962115985e-15
  outer loop
    vertex -138.40550738970344 -466.70000000000016 -133.32699607748498
    vertex -119.27599009815864 -466.70000000000016 -133.76513740210572
    vertex -120.64776406690946 -466.70000000000016 -133.5193359458371
  endloop
endfacet
facet normal 1.7403686974147497e-14 -1.0 -7.758184962115985e-15
  outer loop
    vertex -138.40550738970344 -466.70000000000016 -133.32699607748498
    vertex -120.64776406690946 -466.70000000000016 -133.5193359458371
    vertex -122.0016945258849 -466.70000000000016 -133.1891019537881
  endloop
endfacet
facet normal 1.7403686974147497e-14 -1.0 -7.758184962115985e-15
  outer loop
    vertex -138.40550738970344 -466.70000000000016 -133.32699607748498
    vertex -122.0016945258849 -466.70000000000016 -133.1891019537881
    vertex -139.82699607747062 -466.70000000000016 -131.90550738971783
  endloop
endfacet
facet normal 1.7403686974147497e-14 -1.0 -7.758184962115985e-15
  outer loop
    vertex -139.82699607747062 -466.70000000000016 -131.90550738971783
    vertex -122.0016945258849 -466.70000000000016 -133.1891019537881
    vertex -123.33258986611908 -466.70000000000016 -132.77570169908427
  endloop
endfacet
facet normal 1.7403686974147497e-14 -1.0 -7.758184962115985e-15
  outer loop
    vertex -139.82699607747062 -466.70000000000016 -131.90550738971783
    vertex -123.33258986611908 -466.70000000000016 -132.77570169908427
    vertex -124.63534680617276 -466.70000000000016 -132.2807203535892
  endloop
endfacet
facet normal 1.7403686974147497e-14 -1.0 -7.758184962115985e-15
  outer loop
    vertex -139.82699607747062 -466.70000000000016 -131.90550738971783
    vertex -124.63534680617276 -466.70000000000016 -132.2807203535892
    vertex -125.90496996052553 -466.70000000000016 -131.7060559096069
  endloop
endfacet
facet normal 1.7403686974147497e-14 -1.0 -7.758184962115985e-15
  outer loop
    vertex -139.82699607747062 -466.70000000000016 -131.90550738971783
    vertex -125.90496996052553 -466.70000000000016 -131.7060559096069
    vertex -141.15642376881064 -466.70000000000016 -130.39756767195783
  endloop
endfacet
facet normal 1.7403686974147497e-14 -1.0 -7.758184962115985e-15
  outer loop
    vertex -141.15642376881064 -466.70000000000016 -130.39756767195783
    vertex -125.90496996052553 -466.70000000000016 -131.7060559096069
    vertex -127.13659099424342 -466.70000000000016 -131.05391190208263
  endloop
endfacet
facet normal 1.7403686974147497e-14 -1.0 -7.758184962115985e-15
  outer loop
    vertex -141.15642376881064 -466.70000000000016 -130.39756767195783
    vertex -127.13659099424342 -466.70000000000016 -131.05391190208263
    vertex -128.32548729047488 -466.70000000000016 -130.32678895920904
  endloop
endfacet
facet normal 1.7403686974147497e-14 -1.0 -7.758184962115985e-15
  outer loop
    vertex -141.15642376881064 -466.70000000000016 -130.39756767195783
    vertex -128.32548729047488 -466.70000000000016 -130.32678895920904
    vertex -142.3885438199837 -466.70000000000016 -128.80912807335892
  endloop
endfacet
facet normal 1.7403686974147497e-14 -1.0 -7.758184962115985e-15
  outer loop
    vertex -142.3885438199837 -466.70000000000016 -128.80912807335892
    vertex -128.32548729047488 -466.70000000000016 -130.32678895920904
    vertex -129.46710005919493 -466.70000000000016 -129.5274752138363
  endloop
endfacet
facet normal 1.7403686974147497e-14 -1.0 -7.758184962115985e-15
  outer loop
    vertex -142.3885438199837 -466.70000000000016 -128.80912807335892
    vertex -129.46710005919493 -466.70000000000016 -129.5274752138363
    vertex -130.55705181775895 -466.70000000000016 -128.6590356124539
  endloop
endfacet
facet normal 1.7403686974147497e-14 -1.0 -7.758184962115985e-15
  outer loop
    vertex -142.3885438199837 -466.70000000000016 -128.80912807335892
    vertex -130.55705181775895 -466.70000000000016 -128.6590356124539
    vertex -143.5184936160499 -466.70000000000016 -127.14645743932769
  endloop
endfacet
facet normal 1.7403686974147497e-14 -1.0 -7.758184962115985e-15
  outer loop
    vertex -143.5184936160499 -466.70000000000016 -127.14645743932769
    vertex -130.55705181775895 -466.70000000000016 -128.6590356124539
    vertex -131.59116317623997 -466.70000000000033 -127.72480016273762
  endloop
endfacet
facet normal 1.7403686974147497e-14 -1.0 -7.758184962115985e-15
  outer loop
    vertex -143.5184936160499 -466.70000000000016 -127.14645743932769
    vertex -131.59116317623997 -466.70000000000033 -127.72480016273762
    vertex -132.56546886318347 -466.70000000000033 -126.72835116472727
  endloop
endfacet
facet normal 1.7403686974147497e-14 -1.0 -7.758184962115985e-15
  outer loop
    vertex -143.5184936160499 -466.70000000000016 -127.14645743932769
    vertex -132.56546886318347 -466.70000000000033 -126.72835116472727
    vertex -144.54181376138905 -466.70000000000016 -125.41611757125466
  endloop
endfacet
facet normal 1.7403686974147497e-14 -1.0 -7.758184962115985e-15
  outer loop
    vertex -144.54181376138905 -466.70000000000016 -125.41611757125466
    vertex -132.56546886318347 -466.70000000000033 -126.72835116472727
    vertex -133.47623293033112 -466.70000000000033 -125.67350947459605
  endloop
endfacet
facet normal 1.7403686974147497e-14 -1.0 -7.758184962115985e-15
  outer loop
    vertex -144.54181376138905 -466.70000000000016 -125.41611757125466
    vertex -133.47623293033112 -466.70000000000033 -125.67350947459605
    vertex -134.31996307801154 -466.70000000000033 -124.56431985368299
  endloop
endfacet
facet normal 1.7403686974147497e-14 -1.0 -7.758184962115985e-15
  outer loop
    vertex -144.54181376138905 -466.70000000000016 -125.41611757125466
    vertex -134.31996307801154 -466.70000000000033 -124.56431985368299
    vertex -145.45446567889806 -466.70000000000016 -123.6249373300821
  endloop
endfacet
facet normal 1.7403686974147497e-14 -1.0 -7.758184962115985e-15
  outer loop
    vertex -145.45446567889806 -466.70000000000016 -123.6249373300821
    vertex -134.31996307801154 -466.70000000000033 -124.56431985368299
    vertex -135.09342404626702 -466.70000000000033 -123.40503545896723
  endloop
endfacet
facet normal 1.7403686974147497e-14 -1.0 -7.758184962115985e-15
  outer loop
    vertex -145.45446567889806 -466.70000000000016 -123.6249373300821
    vertex -135.09342404626702 -466.70000000000033 -123.40503545896723
    vertex -146.25284754840942 -466.70000000000016 -121.77998568590948
  endloop
endfacet
facet normal 1.7403686974147497e-14 -1.0 -7.758184962115985e-15
  outer loop
    vertex -146.25284754840942 -466.70000000000016 -121.77998568590948
    vertex -135.09342404626702 -466.70000000000033 -123.40503545896723
    vertex -135.79365002036823 -466.70000000000033 -122.20010153445513
  endloop
endfacet
facet normal 1.7403686974147497e-14 -1.0 -7.758184962115985e-15
  outer loop
    vertex -146.25284754840942 -466.70000000000016 -121.77998568590948
    vertex -135.79365002036823 -466.70000000000033 -122.20010153445513
    vertex -136.4179560031492 -466.70000000000033 -120.9541383660147
  endloop
endfacet
facet normal 1.7403686974147497e-14 -1.0 -7.758184962115985e-15
  outer loop
    vertex -146.25284754840942 -466.70000000000016 -121.77998568590948
    vertex -136.4179560031492 -466.70000000000033 -120.9541383660147
    vertex -146.93380852143036 -466.70000000000016 -119.8885438199981
  endloop
endfacet
facet normal 1.7403686974147497e-14 -1.0 -7.758184962115985e-15
  outer loop
    vertex -146.93380852143036 -466.70000000000016 -119.8885438199981
    vertex -136.4179560031492 -466.70000000000033 -120.9541383660147
    vertex -136.9639481105545 -466.70000000000033 -119.67192356501712
  endloop
endfacet
facet normal 1.7403686974147497e-14 -1.0 -7.758184962115985e-15
  outer loop
    vertex -146.93380852143036 -466.70000000000016 -119.8885438199981
    vertex -136.9639481105545 -466.70000000000033 -119.67192356501712
    vertex -147.49466115610164 -466.70000000000016 -117.95807638927513
  endloop
endfacet
facet normal 1.7403686974147497e-14 -1.0 -7.758184962115985e-15
  outer loop
    vertex -147.49466115610164 -466.70000000000016 -117.95807638927513
    vertex -136.9639481105545 -466.70000000000033 -119.67192356501712
    vertex -137.42953275092202 -466.70000000000033 -118.35837374871781
  endloop
endfacet
facet normal 1.7403686974147497e-14 -1.0 -7.758184962115985e-15
  outer loop
    vertex -147.49466115610164 -466.70000000000016 -117.95807638927513
    vertex -137.42953275092202 -466.70000000000033 -118.35837374871781
    vertex -137.81292465280194 -466.70000000000033 -117.01852568762318
  endloop
endfacet
facet normal 1.7403686974147497e-14 -1.0 -7.758184962115985e-15
  outer loop
    vertex -147.49466115610164 -466.70000000000016 -117.95807638927513
    vertex -137.81292465280194 -466.70000000000033 -117.01852568762318
    vertex -147.9331920233035 -466.70000000000016 -115.996202066743
  endloop
endfacet
facet normal 1.7403686974147497e-14 -1.0 -7.758184962115985e-15
  outer loop
    vertex -147.9331920233035 -466.70000000000016 -115.996202066743
    vertex -137.81292465280194 -466.70000000000033 -117.01852568762318
    vertex -138.11265371053116 -466.70000000000033 -115.65751699213335
  endloop
endfacet
facet normal 1.7403686974147497e-14 -1.0 -7.758184962115985e-15
  outer loop
    vertex -147.9331920233035 -466.70000000000016 -115.996202066743
    vertex -138.11265371053116 -466.70000000000033 -115.65751699213335
    vertex -148.24767044204876 -466.70000000000016 -114.01066347405754
  endloop
endfacet
facet normal 1.7403686974147497e-14 -1.0 -7.758184962115985e-15
  outer loop
    vertex -148.24767044204876 -466.70000000000016 -114.01066347405754
    vertex -138.11265371053116 -466.70000000000033 -115.65751699213335
    vertex -138.32757062131256 -466.70000000000033 -114.28056641251682
  endloop
endfacet
facet normal 1.7403686974147497e-14 -1.0 -7.758184962115985e-15
  outer loop
    vertex -148.24767044204876 -466.70000000000016 -114.01066347405754
    vertex -138.32757062131256 -466.70000000000033 -114.28056641251682
    vertex -138.4568512921851 -466.70000000000033 -112.8929538277566
  endloop
endfacet
facet normal 1.7403686974147497e-14 -1.0 -7.758184962115985e-15
  outer loop
    vertex -148.24767044204876 -466.70000000000016 -114.01066347405754
    vertex -138.4568512921851 -466.70000000000033 -112.8929538277566
    vertex -148.43685530969012 -466.70000000000016 -112.00929662493782
  endloop
endfacet
facet normal 1.7403686974147497e-14 -1.0 -7.758184962115985e-15
  outer loop
    vertex -148.43685530969012 -466.70000000000016 -112.00929662493782
    vertex -138.4568512921851 -466.70000000000033 -112.8929538277566
    vertex -138.4999999999856 -466.70000000000033 -111.50000000000016
  endloop
endfacet
facet normal 1.7403686974147497e-14 -1.0 -7.758184962115985e-15
  outer loop
    vertex -148.43685530969012 -466.70000000000016 -112.00929662493782
    vertex -138.4999999999856 -466.70000000000033 -111.50000000000016
    vertex -148.49999999998545 -466.70000000000016 -109.99999999999984
  endloop
endfacet
facet normal 1.7403686974147497e-14 -1.0 -7.758184962115985e-15
  outer loop
    vertex -148.49999999998545 -466.70000000000016 -109.99999999999984
    vertex -138.4999999999856 -466.70000000000033 -111.50000000000016
    vertex -138.45685129218512 -466.70000000000033 -110.10704617224371
  endloop
endfacet
facet normal 1.7403686974147497e-14 -1.0 -7.758184962115985e-15
  outer loop
    vertex -148.49999999998545 -466.70000000000016 -109.99999999999984
    vertex -138.45685129218512 -466.70000000000033 -110.10704617224371
    vertex -138.32757062131256 -466.70000000000033 -108.71943358748352
  endloop
endfacet
facet normal 1.7403686974147497e-14 -1.0 -7.758184962115985e-15
  outer loop
    vertex -148.49999999998545 -466.70000000000016 -109.99999999999984
    vertex -138.32757062131256 -466.70000000000033 -108.71943358748352
    vertex -148.43685530969012 -466.70000000000016 -107.99070337506191
  endloop
endfacet
facet normal 1.7403686974147497e-14 -1.0 -7.758184962115985e-15
  outer loop
    vertex -148.43685530969012 -466.70000000000016 -107.99070337506191
    vertex -138.32757062131256 -466.70000000000033 -108.71943358748352
    vertex -138.11265371053116 -466.70000000000033 -107.34248300786699
  endloop
endfacet
facet normal 1.7403686974147497e-14 -1.0 -7.758184962115985e-15
  outer loop
    vertex -148.43685530969012 -466.70000000000016 -107.99070337506191
    vertex -138.11265371053116 -466.70000000000033 -107.34248300786699
    vertex -148.24767044204876 -466.70000000000016 -105.98933652594215
  endloop
endfacet
facet normal 1.7403686974147497e-14 -1.0 -7.758184962115985e-15
  outer loop
    vertex -148.24767044204876 -466.70000000000016 -105.98933652594215
    vertex -138.11265371053116 -466.70000000000033 -107.34248300786699
    vertex -137.812924652802 -466.70000000000033 -105.98147431237713
  endloop
endfacet
facet normal 1.7403686974147497e-14 -1.0 -7.758184962115985e-15
  outer loop
    vertex -148.24767044204876 -466.70000000000016 -105.98933652594215
    vertex -137.812924652802 -466.70000000000033 -105.98147431237713
    vertex -147.9331920233035 -466.70000000000016 -104.00379793325669
  endloop
endfacet
facet normal 1.7403686974147497e-14 -1.0 -7.758184962115985e-15
  outer loop
    vertex -147.9331920233035 -466.70000000000016 -104.00379793325669
    vertex -137.812924652802 -466.70000000000033 -105.98147431237713
    vertex -137.42953275092208 -466.7000000000005 -104.6416262512825
  endloop
endfacet
facet normal 1.7403686974147497e-14 -1.0 -7.758184962115985e-15
  outer loop
    vertex -147.9331920233035 -466.70000000000016 -104.00379793325669
    vertex -137.42953275092208 -466.7000000000005 -104.6416262512825
    vertex -136.96394811055458 -466.7000000000005 -103.32807643498319
  endloop
endfacet
facet normal 1.7403686974147497e-14 -1.0 -7.758184962115985e-15
  outer loop
    vertex -147.9331920233035 -466.70000000000016 -104.00379793325669
    vertex -136.96394811055458 -466.7000000000005 -103.32807643498319
    vertex -147.49466115610164 -466.70000000000016 -102.04192361072451
  endloop
endfacet
facet normal 1.7403686974147497e-14 -1.0 -7.758184962115985e-15
  outer loop
    vertex -147.49466115610164 -466.70000000000016 -102.04192361072451
    vertex -136.96394811055458 -466.7000000000005 -103.32807643498319
    vertex -136.41795600314924 -466.7000000000005 -102.04586163398561
  endloop
endfacet
facet normal 1.7403686974147497e-14 -1.0 -7.758184962115985e-15
  outer loop
    vertex -147.49466115610164 -466.70000000000016 -102.04192361072451
    vertex -136.41795600314924 -466.7000000000005 -102.04586163398561
    vertex -135.79365002036832 -466.7000000000005 -100.7998984655452
  endloop
endfacet
facet normal 1.7403686974147497e-14 -1.0 -7.758184962115985e-15
  outer loop
    vertex -147.49466115610164 -466.70000000000016 -102.04192361072451
    vertex -135.79365002036832 -466.7000000000005 -100.7998984655452
    vertex -146.93380852143036 -466.70000000000016 -100.11145618000158
  endloop
endfacet
facet normal 1.7403686974147497e-14 -1.0 -7.758184962115985e-15
  outer loop
    vertex -146.93380852143036 -466.70000000000016 -100.11145618000158
    vertex -135.79365002036832 -466.7000000000005 -100.7998984655452
    vertex -135.0934240462671 -466.7000000000005 -99.59496454103308
  endloop
endfacet
facet normal 1.7403686974147497e-14 -1.0 -7.758184962115985e-15
  outer loop
    vertex -146.93380852143036 -466.70000000000016 -100.11145618000158
    vertex -135.0934240462671 -466.7000000000005 -99.59496454103308
    vertex -146.25284754840953 -466.70000000000016 -98.2200143140902
  endloop
endfacet
facet normal 1.7403686974147497e-14 -1.0 -7.758184962115985e-15
  outer loop
    vertex -146.25284754840953 -466.70000000000016 -98.2200143140902
    vertex -135.0934240462671 -466.7000000000005 -99.59496454103308
    vertex -134.31996307801163 -466.7000000000005 -98.43568014631732
  endloop
endfacet
facet normal 1.7403686974147497e-14 -1.0 -7.758184962115985e-15
  outer loop
    vertex -146.25284754840953 -466.70000000000016 -98.2200143140902
    vertex -134.31996307801163 -466.7000000000005 -98.43568014631732
    vertex -133.4762329303312 -466.7000000000005 -97.32649052540424
  endloop
endfacet
facet normal 1.7403686974147497e-14 -1.0 -7.758184962115985e-15
  outer loop
    vertex -146.25284754840953 -466.70000000000016 -98.2200143140902
    vertex -133.4762329303312 -466.7000000000005 -97.32649052540424
    vertex -145.45446567889806 -466.70000000000016 -96.37506266991757
  endloop
endfacet
facet normal 1.7403686974147497e-14 -1.0 -7.758184962115985e-15
  outer loop
    vertex -145.45446567889806 -466.70000000000016 -96.37506266991757
    vertex -133.4762329303312 -466.7000000000005 -97.32649052540424
    vertex -132.5654688631836 -466.7000000000005 -96.27164883527301
  endloop
endfacet
facet normal 1.7403686974147497e-14 -1.0 -7.758184962115985e-15
  outer loop
    vertex -145.45446567889806 -466.70000000000016 -96.37506266991757
    vertex -132.5654688631836 -466.7000000000005 -96.27164883527301
    vertex -144.54181376138905 -466.70000000000016 -94.583882428745
  endloop
endfacet
facet normal 1.7403686974147497e-14 -1.0 -7.758184962115985e-15
  outer loop
    vertex -144.54181376138905 -466.70000000000016 -94.583882428745
    vertex -132.5654688631836 -466.7000000000005 -96.27164883527301
    vertex -131.59116317624017 -466.7000000000005 -95.27519983726268
  endloop
endfacet
facet normal 1.7403686974147497e-14 -1.0 -7.758184962115985e-15
  outer loop
    vertex -144.54181376138905 -466.70000000000016 -94.583882428745
    vertex -131.59116317624017 -466.7000000000005 -95.27519983726268
    vertex -130.55705181775912 -466.7000000000005 -94.34096438754638
  endloop
endfacet
facet normal 1.7403686974147497e-14 -1.0 -7.758184962115985e-15
  outer loop
    vertex -144.54181376138905 -466.70000000000016 -94.583882428745
    vertex -130.55705181775912 -466.7000000000005 -94.34096438754638
    vertex -143.5184936160499 -466.70000000000016 -92.85354256067201
  endloop
endfacet
facet normal 1.7403686974147497e-14 -1.0 -7.758184962115985e-15
  outer loop
    vertex -143.5184936160499 -466.70000000000016 -92.85354256067201
    vertex -130.55705181775912 -466.7000000000005 -94.34096438754638
    vertex -129.46710005919502 -466.7000000000005 -93.47252478616394
  endloop
endfacet
facet normal 1.7403686974147497e-14 -1.0 -7.758184962115985e-15
  outer loop
    vertex -143.5184936160499 -466.70000000000016 -92.85354256067201
    vertex -129.46710005919502 -466.7000000000005 -93.47252478616394
    vertex -128.32548729047508 -466.7000000000005 -92.67321104079122
  endloop
endfacet
facet normal 1.7403686974147497e-14 -1.0 -7.758184962115985e-15
  outer loop
    vertex -143.5184936160499 -466.70000000000016 -92.85354256067201
    vertex -128.32548729047508 -466.7000000000005 -92.67321104079122
    vertex -142.3885438199838 -466.70000000000016 -91.19087192664075
  endloop
endfacet
facet normal 1.7403686974147497e-14 -1.0 -7.758184962115985e-15
  outer loop
    vertex -142.3885438199838 -466.70000000000016 -91.19087192664075
    vertex -128.32548729047508 -466.7000000000005 -92.67321104079122
    vertex -127.1365909942436 -466.7000000000005 -91.94608809791761
  endloop
endfacet
facet normal 1.7403686974147497e-14 -1.0 -7.758184962115985e-15
  outer loop
    vertex -142.3885438199838 -466.70000000000016 -91.19087192664075
    vertex -127.1365909942436 -466.7000000000005 -91.94608809791761
    vertex -125.90496996052572 -466.7000000000005 -91.29394409039334
  endloop
endfacet
facet normal 1.7403686974147497e-14 -1.0 -7.758184962115985e-15
  outer loop
    vertex -142.3885438199838 -466.70000000000016 -91.19087192664075
    vertex -125.90496996052572 -466.7000000000005 -91.29394409039334
    vertex -124.63534680617295 -466.7000000000005 -90.71927964641102
  endloop
endfacet
facet normal 1.7403686974147497e-14 -1.0 -7.758184962115985e-15
  outer loop
    vertex -142.3885438199838 -466.70000000000016 -91.19087192664075
    vertex -124.63534680617295 -466.7000000000005 -90.71927964641102
    vertex -141.15642376881064 -466.70000000000016 -89.60243232804181
  endloop
endfacet
facet normal 1.7403686974147497e-14 -1.0 -7.758184962115985e-15
  outer loop
    vertex -141.15642376881064 -466.70000000000016 -89.60243232804181
    vertex -124.63534680617295 -466.7000000000005 -90.71927964641102
    vertex -123.33258986611926 -466.7000000000005 -90.22429830091595
  endloop
endfacet
facet normal 1.7403686974147497e-14 -1.0 -7.758184962115985e-15
  outer loop
    vertex -141.15642376881064 -466.70000000000016 -89.60243232804181
    vertex -123.33258986611926 -466.7000000000005 -90.22429830091595
    vertex -122.00169452588517 -466.7000000000005 -89.8108980462121
  endloop
endfacet
facet normal 1.7403686974147497e-14 -1.0 -7.758184962115985e-15
  outer loop
    vertex -141.15642376881064 -466.70000000000016 -89.60243232804181
    vertex -122.00169452588517 -466.7000000000005 -89.8108980462121
    vertex -120.64776406690964 -466.7000000000005 -89.4806640541631
  endloop
endfacet
facet normal 1.7403686974147497e-14 -1.0 -7.758184962115985e-15
  outer loop
    vertex -141.15642376881064 -466.70000000000016 -89.60243232804181
    vertex -120.64776406690964 -466.7000000000005 -89.4806640541631
    vertex -139.82699607747062 -466.70000000000016 -88.09449261028188
  endloop
endfacet
facet normal 1.7403686974147497e-14 -1.0 -7.758184962115985e-15
  outer loop
    vertex -139.82699607747062 -466.70000000000016 -88.09449261028188
    vertex -120.64776406690964 -466.7000000000005 -89.4806640541631
    vertex -119.27599009815883 -466.7000000000005 -89.23486259789445
  endloop
endfacet
facet normal 1.7403686974147497e-14 -1.0 -7.758184962115985e-15
  outer loop
    vertex -139.82699607747062 -466.70000000000016 -88.09449261028188
    vertex -119.27599009815883 -466.7000000000005 -89.23486259789445
    vertex -117.89163264904424 -466.7000000000005 -89.07443619630416
  endloop
endfacet
facet normal 1.7403686974147497e-14 -1.0 -7.758184962115985e-15
  outer loop
    vertex -139.82699607747062 -466.70000000000016 -88.09449261028188
    vertex -117.89163264904424 -466.7000000000005 -89.07443619630416
    vertex -116.4999999999855 -466.70000000000033 -88.99999999999986
  endloop
endfacet
facet normal 1.7403686974147497e-14 -1.0 -7.758184962115985e-15
  outer loop
    vertex -139.82699607747062 -466.70000000000016 -88.09449261028188
    vertex -116.4999999999855 -466.70000000000033 -88.99999999999986
    vertex -116.49999999998434 -466.6999999999998 -84.88819660112414
  endloop
endfacet
facet normal 1.7403686974147497e-14 -1.0 -7.758184962115985e-15
  outer loop
    vertex -139.82699607747062 -466.70000000000016 -88.09449261028188
    vertex -116.49999999998434 -466.6999999999998 -84.88819660112414
    vertex -138.40550738970344 -466.70000000000016 -86.67300392251474
  endloop
endfacet
facet normal 1.7403686974147497e-14 -1.0 -7.758184962115985e-15
  outer loop
    vertex -138.40550738970344 -466.70000000000016 -86.67300392251474
    vertex -116.49999999998434 -466.6999999999998 -84.88819660112414
    vertex -136.89756767194353 -466.70000000000016 -85.34357623117464
  endloop
endfacet
facet normal 1.7403686974147497e-14 -1.0 -7.758184962115985e-15
  outer loop
    vertex -136.89756767194353 -466.70000000000016 -85.34357623117464
    vertex -116.49999999998434 -466.6999999999998 -84.88819660112414
    vertex -135.3091280733446 -466.70000000000016 -84.1114561800016
  endloop
endfacet
facet normal 0.11511471962122896 3.2876636617759326e-15 -0.9933522040678854
  outer loop
    vertex -119.27599009815873 -401.6999999999997 -89.23486259789422
    vertex -117.89163264904424 -466.7000000000005 -89.07443619630416
    vertex -119.27599009815883 -466.7000000000005 -89.23486259789445
  endloop
endfacet
facet normal 0.11511471962122896 3.2876636617759326e-15 -0.9933522040678854
  outer loop
    vertex -117.89163264904424 -466.7000000000005 -89.07443619630416
    vertex -119.27599009815873 -401.6999999999997 -89.23486259789422
    vertex -117.89163264904415 -401.6999999999997 -89.07443619630394
  endloop
endfacet
facet normal 0.3551761944391574 -4.0623526364447685e-15 0.9347993746808553
  outer loop
    vertex -123.33258986611908 -466.70000000000016 -132.77570169908427
    vertex -124.63534680617268 -401.6999999999993 -132.28072035358898
    vertex -124.63534680617276 -466.70000000000016 -132.2807203535892
  endloop
endfacet
facet normal 0.3551761944391574 -4.0623526364447685e-15 0.9347993746808553
  outer loop
    vertex -124.63534680617268 -401.6999999999993 -132.28072035358898
    vertex -123.33258986611908 -466.70000000000016 -132.77570169908427
    vertex -123.332589866119 -401.6999999999993 -132.775701699084
  endloop
endfacet
facet normal 0.6231529238961006 -3.85073981123827e-15 0.78210001498513
  outer loop
    vertex -129.46710005919493 -466.70000000000016 -129.5274752138363
    vertex -130.55705181775886 -401.6999999999993 -128.65903561245366
    vertex -130.55705181775895 -466.70000000000016 -128.6590356124539
  endloop
endfacet
facet normal 0.6231529238961006 -3.85073981123827e-15 0.78210001498513
  outer loop
    vertex -130.55705181775886 -401.6999999999993 -128.65903561245366
    vertex -129.46710005919493 -466.70000000000016 -129.5274752138363
    vertex -129.46710005919482 -401.6999999999993 -129.52747521383608
  endloop
endfacet
facet normal 0.8940467365197654 -3.2618937630559603e-15 0.44797369668135334
  outer loop
    vertex -135.79365002036815 -401.69999999999953 -122.20010153445489
    vertex -136.4179560031492 -466.70000000000033 -120.9541383660147
    vertex -135.79365002036823 -466.70000000000033 -122.20010153445513
  endloop
endfacet
facet normal 0.8940467365197654 -3.2618937630559603e-15 0.44797369668135334
  outer loop
    vertex -136.4179560031492 -466.70000000000033 -120.9541383660147
    vertex -135.79365002036815 -401.69999999999953 -122.20010153445489
    vertex -136.41795600314904 -401.69999999999953 -120.95413836601446
  endloop
endfacet
facet normal 0.920059266105057 -3.092022718404062e-15 0.39177920676603545
  outer loop
    vertex -136.41795600314904 -401.69999999999953 -120.95413836601446
    vertex -136.9639481105545 -466.70000000000033 -119.67192356501712
    vertex -136.4179560031492 -466.70000000000033 -120.9541383660147
  endloop
endfacet
facet normal 0.920059266105057 -3.092022718404062e-15 0.39177920676603545
  outer loop
    vertex -136.9639481105545 -466.70000000000033 -119.67192356501712
    vertex -136.41795600314904 -401.69999999999953 -120.95413836601446
    vertex -136.9639481105544 -401.69999999999953 -119.67192356501688
  endloop
endfacet
facet normal 0.9425438538352037 -2.5843003559067358e-15 0.33408245029854855
  outer loop
    vertex -136.9639481105544 -401.69999999999953 -119.67192356501688
    vertex -137.42953275092202 -466.70000000000033 -118.35837374871781
    vertex -136.9639481105545 -466.70000000000033 -119.67192356501712
  endloop
endfacet
facet normal 0.9425438538352037 -2.5843003559067358e-15 0.33408245029854855
  outer loop
    vertex -137.42953275092202 -466.70000000000033 -118.35837374871781
    vertex -136.9639481105544 -401.69999999999953 -119.67192356501688
    vertex -137.42953275092194 -401.69999999999953 -118.35837374871757
  endloop
endfacet
facet normal 0.17637599198365933 -4.125652720525656e-15 0.9843228684998536
  outer loop
    vertex -119.27599009815864 -466.70000000000016 -133.76513740210572
    vertex -120.64776406690937 -401.6999999999993 -133.51933594583684
    vertex -120.64776406690946 -466.70000000000016 -133.5193359458371
  endloop
endfacet
facet normal 0.17637599198365933 -4.125652720525656e-15 0.9843228684998536
  outer loop
    vertex -120.64776406690937 -401.6999999999993 -133.51933594583684
    vertex -119.27599009815864 -466.70000000000016 -133.76513740210572
    vertex -119.27599009815846 -401.6999999999993 -133.7651374021055
  endloop
endfacet
facet normal 0.7959042336702548 -3.692963607566322e-15 0.6054225390797443
  outer loop
    vertex -133.47623293033098 -401.69999999999953 -125.6735094745958
    vertex -134.31996307801154 -466.70000000000033 -124.56431985368299
    vertex -133.47623293033112 -466.70000000000033 -125.67350947459605
  endloop
endfacet
facet normal 0.7959042336702548 -3.692963607566322e-15 0.6054225390797443
  outer loop
    vertex -134.31996307801154 -466.70000000000033 -124.56431985368299
    vertex -133.47623293033098 -401.69999999999953 -125.6735094745958
    vertex -134.31996307801143 -401.69999999999953 -124.56431985368275
  endloop
endfacet
facet normal 0.41235317684343753 -4.0510053069117535e-15 0.9110240707836017
  outer loop
    vertex -124.63534680617276 -466.70000000000016 -132.2807203535892
    vertex -125.90496996052545 -401.6999999999993 -131.70605590960668
    vertex -125.90496996052553 -466.70000000000016 -131.7060559096069
  endloop
endfacet
facet normal 0.41235317684343753 -4.0510053069117535e-15 0.9110240707836017
  outer loop
    vertex -125.90496996052545 -401.6999999999993 -131.70605590960668
    vertex -124.63534680617276 -466.70000000000016 -132.2807203535892
    vertex -124.63534680617268 -401.6999999999993 -132.28072035358898
  endloop
endfacet
facet normal 0.9765981959970723 -9.481567892921427e-16 -0.2150719962600059
  outer loop
    vertex -138.11265371053108 -401.69999999999953 -107.34248300786676
    vertex -137.812924652802 -466.70000000000033 -105.98147431237713
    vertex -138.11265371053116 -466.70000000000033 -107.34248300786699
  endloop
endfacet
facet normal 0.9765981959970723 -9.481567892921427e-16 -0.2150719962600059
  outer loop
    vertex -137.812924652802 -466.70000000000033 -105.98147431237713
    vertex -138.11265371053108 -401.69999999999953 -107.34248300786676
    vertex -137.81292465280185 -401.69999999999953 -105.9814743123769
  endloop
endfacet
facet normal 1.0 9.023892744152179e-15 -1.4265103932995896e-13
  outer loop
    vertex -116.4999999999855 -401.6999999999997 -88.99999999999991
    vertex -116.49999999998434 -466.6999999999998 -84.88819660112414
    vertex -116.4999999999855 -466.70000000000033 -88.99999999999986
  endloop
endfacet
facet normal 1.0 9.023892744152179e-15 -1.4265103932995896e-13
  outer loop
    vertex -116.49999999998434 -466.6999999999998 -84.88819660112414
    vertex -116.4999999999855 -401.6999999999997 -88.99999999999991
    vertex -116.4999999999855 -401.69999999999953 -84.88819660112499
  endloop
endfacet
facet normal -0.4472135954999579 -1.9867815194114672e-14 -0.8944271909999159
  outer loop
    vertex -114.69999999998542 -401.69999999999953 -85.78819660112504
    vertex -116.49999999998434 -466.6999999999998 -84.88819660112414
    vertex -116.4999999999855 -401.69999999999953 -84.88819660112499
  endloop
endfacet
facet normal -0.4472135954999579 -1.9867815194114672e-14 -0.8944271909999159
  outer loop
    vertex -116.49999999998434 -466.6999999999998 -84.88819660112414
    vertex -114.69999999998542 -401.69999999999953 -85.78819660112504
    vertex -114.69999999998424 -466.6999999999998 -85.78819660112418
  endloop
endfacet
facet normal -0.4472135954999579 3.72497842112516e-15 0.8944271909999159
  outer loop
    vertex -116.49999999998434 -466.6999999999998 -82.11180339887417
    vertex -114.69999999998542 -401.6999999999994 -81.21180339887499
    vertex -116.4999999999855 -401.69999999999953 -82.11180339887503
  endloop
endfacet
facet normal -0.4472135954999579 3.72497842112516e-15 0.8944271909999159
  outer loop
    vertex -114.69999999998542 -401.6999999999994 -81.21180339887499
    vertex -116.49999999998434 -466.6999999999998 -82.11180339887417
    vertex -114.69999999998424 -466.6999999999996 -81.21180339887412
  endloop
endfacet
facet normal 1.0 2.5066368733757877e-14 -4.942674567989822e-28
  outer loop
    vertex -114.69999999998542 -401.69999999999953 -85.78819660112504
    vertex -114.69999999998424 -466.6999999999996 -81.21180339887412
    vertex -114.69999999998424 -466.6999999999998 -85.78819660112418
  endloop
endfacet
facet normal 1.0 2.5066368733757877e-14 -4.942674567989822e-28
  outer loop
    vertex -114.69999999998424 -466.6999999999996 -81.21180339887412
    vertex -114.69999999998542 -401.69999999999953 -85.78819660112504
    vertex -114.69999999998542 -401.6999999999994 -81.21180339887499
  endloop
endfacet
facet normal 1.0 9.858881702927276e-15 1.3016922772325672e-13
  outer loop
    vertex -116.49999999998434 -466.6999999999998 -82.11180339887417
    vertex -116.4999999999855 -401.69999999999953 -77.99999999999991
    vertex -116.4999999999855 -466.70000000000033 -77.99999999999991
  endloop
endfacet
facet normal 1.0 9.858881702927276e-15 1.3016922772325672e-13
  outer loop
    vertex -116.4999999999855 -401.69999999999953 -77.99999999999991
    vertex -116.49999999998434 -466.6999999999998 -82.11180339887417
    vertex -116.4999999999855 -401.69999999999953 -82.11180339887503
  endloop
endfacet
facet normal 1.0 9.858881702927276e-15 1.3016922772325672e-13
  outer loop
    vertex -116.4999999999855 -401.69999999999953 -77.99999999999991
    vertex -116.4999999999855 -401.69999999999953 -82.11180339887503
    vertex -116.49999999998542 -401.69999999999953 -82.0
  endloop
endfacet
facet normal -0.4472135955000117 2.5082784983693614e-13 -0.894427190999889
  outer loop
    vertex -116.49999999998542 -401.69999999999914 -138.8881966011248
    vertex -114.70000000001082 -466.69999999999754 -139.78819660113047
    vertex -116.50000000001059 -466.699999999997 -138.88819660113043
  endloop
endfacet
facet normal -0.4472135955000117 2.5082784983693614e-13 -0.894427190999889
  outer loop
    vertex -114.70000000001082 -466.69999999999754 -139.78819660113047
    vertex -116.49999999998542 -401.69999999999914 -138.8881966011248
    vertex -114.69999999998565 -401.6999999999997 -139.7881966011248
  endloop
endfacet
facet normal -0.4472135955000117 9.561267598285031e-14 0.894427190999889
  outer loop
    vertex -114.70000000001082 -466.6999999999979 -136.2118033988805
    vertex -116.49999999998542 -401.69999999999925 -137.11180339887488
    vertex -116.50000000001059 -466.6999999999972 -137.1118033988805
  endloop
endfacet
facet normal -0.4472135955000117 9.561267598285031e-14 0.894427190999889
  outer loop
    vertex -116.49999999998542 -401.69999999999925 -137.11180339887488
    vertex -114.70000000001082 -466.6999999999979 -136.2118033988805
    vertex -114.69999999998565 -401.70000000000005 -136.21180339887485
  endloop
endfacet
facet normal 1.0 -3.7599553100643414e-13 -3.7948213769654383e-26
  outer loop
    vertex -114.70000000001082 -466.69999999999754 -139.78819660113047
    vertex -114.69999999998565 -401.70000000000005 -136.21180339887485
    vertex -114.70000000001082 -466.6999999999979 -136.2118033988805
  endloop
endfacet
facet normal 1.0 -3.7599553100643414e-13 -3.7948213769654383e-26
  outer loop
    vertex -114.69999999998565 -401.70000000000005 -136.21180339887485
    vertex -114.70000000001082 -466.69999999999754 -139.78819660113047
    vertex -114.69999999998565 -401.6999999999997 -139.7881966011248
  endloop
endfacet
facet normal 1.0 -1.9366662120126534e-13 -4.045348874753672e-12
  outer loop
    vertex -116.50000000001059 -466.6999999999972 -137.1118033988805
    vertex -116.49999999998542 -401.6999999999993 -133.99999999999974
    vertex -116.49999999998542 -466.70000000000016 -133.99999999999974
  endloop
endfacet
facet normal 1.0 -1.9366662120126534e-13 -4.045348874753672e-12
  outer loop
    vertex -116.49999999998542 -401.6999999999993 -133.99999999999974
    vertex -116.50000000001059 -466.6999999999972 -137.1118033988805
    vertex -116.49999999998542 -401.69999999999925 -137.11180339887488
  endloop
endfacet
endsolid matrix4-final
