solid matrix4-final
facet normal 0.9685831611286297 0.24868988716485999 7.568699770679885e-16
  outer loop
    vertex -111.41143625362893 -412.63690657292784 -141.99999999999974
    vertex -111.25528258146124 -413.245084971874 -139.99999999999974
    vertex -111.25528258146124 -413.245084971874 -141.99999999999974
  endloop
endfacet
facet normal 0.9685831611286297 0.24868988716485999 7.568699770679885e-16
  outer loop
    vertex -111.25528258146124 -413.245084971874 -139.99999999999974
    vertex -111.41143625362893 -412.63690657292784 -141.99999999999974
    vertex -111.41143625362893 -412.63690657292784 -139.99999999999974
  endloop
endfacet
facet normal 0.7289686274214421 -0.6845471059286561 -1.4754193158648913e-15
  outer loop
    vertex -109.9227355296289 -408.0551568628922 -141.99999999999974
    vertex -110.3525662138644 -408.5128800512559 -139.99999999999974
    vertex -110.3525662138644 -408.5128800512559 -141.99999999999974
  endloop
endfacet
facet normal 0.7289686274214421 -0.6845471059286561 -1.4754193158648913e-15
  outer loop
    vertex -110.3525662138644 -408.5128800512559 -139.99999999999974
    vertex -109.9227355296289 -408.0551568628922 -141.99999999999974
    vertex -109.9227355296289 -408.0551568628922 -139.99999999999974
  endloop
endfacet
facet normal 0.8090169943749064 -0.5877852522925295 -1.2340811294238281e-15
  outer loop
    vertex -110.3525662138644 -408.5128800512559 -141.99999999999974
    vertex -110.72163962749552 -409.0208660251042 -139.99999999999974
    vertex -110.72163962749552 -409.0208660251042 -141.99999999999974
  endloop
endfacet
facet normal 0.8090169943749064 -0.5877852522925295 -1.2340811294238281e-15
  outer loop
    vertex -110.72163962749552 -409.0208660251042 -139.99999999999974
    vertex -110.3525662138644 -408.5128800512559 -141.99999999999974
    vertex -110.3525662138644 -408.5128800512559 -139.99999999999974
  endloop
endfacet
facet normal 0.18738131458572002 -0.9822872507286895 -2.270900754770219e-15
  outer loop
    vertex -107.12666616780695 -406.73942649342695 -139.99999999999974
    vertex -107.74344943580971 -406.8570841943562 -141.99999999999974
    vertex -107.12666616780695 -406.73942649342695 -141.99999999999974
  endloop
endfacet
facet normal 0.18738131458572002 -0.9822872507286895 -2.270900754770219e-15
  outer loop
    vertex -107.74344943580971 -406.8570841943562 -141.99999999999974
    vertex -107.12666616780695 -406.73942649342695 -139.99999999999974
    vertex -107.74344943580971 -406.8570841943562 -139.99999999999974
  endloop
endfacet
facet normal 0.3090169943749376 -0.9510565162951569 -2.1758522366177506e-15
  outer loop
    vertex -107.74344943580971 -406.8570841943562 -139.99999999999974
    vertex -108.34062276340882 -407.0511175705581 -141.99999999999974
    vertex -107.74344943580971 -406.8570841943562 -141.99999999999974
  endloop
endfacet
facet normal 0.3090169943749376 -0.9510565162951569 -2.1758522366177506e-15
  outer loop
    vertex -108.34062276340882 -407.0511175705581 -141.99999999999974
    vertex -107.74344943580971 -406.8570841943562 -139.99999999999974
    vertex -108.34062276340882 -407.0511175705581 -139.99999999999974
  endloop
endfacet
facet normal 0.8763066800438659 -0.48175367410171105 -9.732807463670488e-16
  outer loop
    vertex -110.72163962749552 -409.0208660251042 -141.99999999999974
    vertex -111.02413526231555 -409.5711035421739 -139.99999999999974
    vertex -111.02413526231555 -409.5711035421739 -141.99999999999974
  endloop
endfacet
facet normal 0.8763066800438659 -0.48175367410171105 -9.732807463670488e-16
  outer loop
    vertex -111.02413526231555 -409.5711035421739 -139.99999999999974
    vertex -110.72163962749552 -409.0208660251042 -141.99999999999974
    vertex -110.72163962749552 -409.0208660251042 -139.99999999999974
  endloop
endfacet
facet normal 0.0627905195292965 -0.9980267284282728 -2.330135811449616e-15
  outer loop
    vertex -106.49999999998543 -406.69999999999936 -139.99999999999974
    vertex -107.12666616780695 -406.73942649342695 -141.99999999999974
    vertex -106.49999999998543 -406.69999999999936 -141.99999999999974
  endloop
endfacet
facet normal 0.0627905195292965 -0.9980267284282728 -2.330135811449616e-15
  outer loop
    vertex -107.12666616780695 -406.73942649342695 -141.99999999999974
    vertex -106.49999999998543 -406.69999999999936 -139.99999999999974
    vertex -107.12666616780695 -406.73942649342695 -139.99999999999974
  endloop
endfacet
facet normal 0.9685831611286297 -0.24868988716485999 -4.099873680987183e-16
  outer loop
    vertex -111.25528258146123 -410.15491502812455 -141.99999999999974
    vertex -111.4114362536289 -410.7630934270707 -139.99999999999974
    vertex -111.4114362536289 -410.7630934270707 -141.99999999999974
  endloop
endfacet
facet normal 0.9685831611286297 -0.24868988716485999 -4.099873680987183e-16
  outer loop
    vertex -111.4114362536289 -410.7630934270707 -139.99999999999974
    vertex -111.25528258146123 -410.15491502812455 -141.99999999999974
    vertex -111.25528258146123 -410.15491502812455 -139.99999999999974
  endloop
endfacet
facet normal 0.6374239897486362 -0.7705132427758334 -1.6934892583224034e-15
  outer loop
    vertex -109.43892626144779 -407.65491502812455 -139.99999999999974
    vertex -109.9227355296289 -408.0551568628922 -141.99999999999974
    vertex -109.43892626144779 -407.65491502812455 -141.99999999999974
  endloop
endfacet
facet normal 0.6374239897486362 -0.7705132427758334 -1.6934892583224034e-15
  outer loop
    vertex -109.9227355296289 -408.0551568628922 -141.99999999999974
    vertex -109.43892626144779 -407.65491502812455 -139.99999999999974
    vertex -109.9227355296289 -408.0551568628922 -139.99999999999974
  endloop
endfacet
facet normal 0.9921147013144804 0.12533323356428347 4.716879006848648e-16
  outer loop
    vertex -111.49013364212684 -412.0139525976458 -141.99999999999974
    vertex -111.41143625362893 -412.63690657292784 -139.99999999999974
    vertex -111.41143625362893 -412.63690657292784 -141.99999999999974
  endloop
endfacet
facet normal 0.9921147013144804 0.12533323356428347 4.716879006848648e-16
  outer loop
    vertex -111.41143625362893 -412.63690657292784 -139.99999999999974
    vertex -111.49013364212684 -412.0139525976458 -141.99999999999974
    vertex -111.49013364212684 -412.0139525976458 -139.99999999999974
  endloop
endfacet
facet normal 1.0 0.0 1.7906702433535472e-16
  outer loop
    vertex -111.49013364212684 -411.38604740235274 -141.99999999999974
    vertex -111.49013364212684 -412.0139525976458 -139.99999999999974
    vertex -111.49013364212684 -412.0139525976458 -141.99999999999974
  endloop
endfacet
facet normal 1.0 0.0 1.7906702433535472e-16
  outer loop
    vertex -111.49013364212684 -412.0139525976458 -139.99999999999974
    vertex -111.49013364212684 -411.38604740235274 -141.99999999999974
    vertex -111.49013364212684 -411.38604740235274 -139.99999999999974
  endloop
endfacet
facet normal 0.9921147013144761 -0.12533323356431886 -1.163778459574622e-16
  outer loop
    vertex -111.4114362536289 -410.7630934270707 -141.99999999999974
    vertex -111.49013364212684 -411.38604740235274 -139.99999999999974
    vertex -111.49013364212684 -411.38604740235274 -141.99999999999974
  endloop
endfacet
facet normal 0.9921147013144761 -0.12533323356431886 -1.163778459574622e-16
  outer loop
    vertex -111.49013364212684 -411.38604740235274 -139.99999999999974
    vertex -111.4114362536289 -410.7630934270707 -141.99999999999974
    vertex -111.4114362536289 -410.7630934270707 -139.99999999999974
  endloop
endfacet
facet normal 0.929776485888257 -0.3681245526846637 -6.971311445304509e-16
  outer loop
    vertex -111.02413526231555 -409.5711035421739 -141.99999999999974
    vertex -111.25528258146123 -410.15491502812455 -139.99999999999974
    vertex -111.25528258146123 -410.15491502812455 -141.99999999999974
  endloop
endfacet
facet normal 0.929776485888257 -0.3681245526846637 -6.971311445304509e-16
  outer loop
    vertex -111.25528258146123 -410.15491502812455 -139.99999999999974
    vertex -111.02413526231555 -409.5711035421739 -141.99999999999974
    vertex -111.02413526231555 -409.5711035421739 -139.99999999999974
  endloop
endfacet
facet normal 0.4257792915650494 -0.9048270524660305 -2.0464892289027106e-15
  outer loop
    vertex -108.34062276340882 -407.0511175705581 -139.99999999999974
    vertex -108.90876837049402 -407.31846659978004 -141.99999999999974
    vertex -108.34062276340882 -407.0511175705581 -141.99999999999974
  endloop
endfacet
facet normal 0.4257792915650494 -0.9048270524660305 -2.0464892289027106e-15
  outer loop
    vertex -108.90876837049402 -407.31846659978004 -141.99999999999974
    vertex -108.34062276340882 -407.0511175705581 -139.99999999999974
    vertex -108.90876837049402 -407.31846659978004 -139.99999999999974
  endloop
endfacet
facet normal 0.53582679497898 -0.8443279255020258 -1.8848518635344454e-15
  outer loop
    vertex -108.90876837049402 -407.31846659978004 -139.99999999999974
    vertex -109.43892626144779 -407.65491502812455 -141.99999999999974
    vertex -108.90876837049402 -407.31846659978004 -141.99999999999974
  endloop
endfacet
facet normal 0.53582679497898 -0.8443279255020258 -1.8848518635344454e-15
  outer loop
    vertex -109.43892626144779 -407.65491502812455 -141.99999999999974
    vertex -108.90876837049402 -407.31846659978004 -139.99999999999974
    vertex -109.43892626144779 -407.65491502812455 -139.99999999999974
  endloop
endfacet
facet normal -6.19607650422756e-16 -6.4766413994876216e-24 -1.0
  outer loop
    vertex -111.41143626144697 -455.7630934680551 -139.99999999999977
    vertex -111.49013363988117 -457.01395263333825 -139.99999999999977
    vertex -111.49013364455942 -456.3860474410195 -139.99999999999977
  endloop
endfacet
facet normal -6.19607650422756e-16 -6.4766413994876216e-24 -1.0
  outer loop
    vertex -111.49013363988117 -457.01395263333825 -139.99999999999977
    vertex -111.41143626144697 -455.7630934680551 -139.99999999999977
    vertex -111.41143624748598 -457.63690660513004 -139.99999999999977
  endloop
endfacet
facet normal -6.19607650422756e-16 -6.4766413994876216e-24 -1.0
  outer loop
    vertex -111.41143624748598 -457.63690660513004 -139.99999999999977
    vertex -111.41143626144697 -455.7630934680551 -139.99999999999977
    vertex -111.25528259527528 -455.1549150706403 -139.99999999999977
  endloop
endfacet
facet normal -6.19607650422756e-16 -6.4766413994876216e-24 -1.0
  outer loop
    vertex -111.41143624748598 -457.63690660513004 -139.99999999999977
    vertex -111.25528259527528 -455.1549150706403 -139.99999999999977
    vertex -111.25528257225173 -458.2450850002179 -139.99999999999977
  endloop
endfacet
facet normal -6.19607650422756e-16 -6.4766413994876216e-24 -1.0
  outer loop
    vertex -111.25528257225173 -458.2450850002179 -139.99999999999977
    vertex -111.25528259527528 -455.1549150706403 -139.99999999999977
    vertex -111.0241352826182 -454.5711035853197 -139.99999999999977
  endloop
endfacet
facet normal -6.19607650422756e-16 -6.4766413994876216e-24 -1.0
  outer loop
    vertex -111.25528257225173 -458.2450850002179 -139.99999999999977
    vertex -111.0241352826182 -454.5711035853197 -139.99999999999977
    vertex -111.0241352508952 -458.8288964820942 -139.99999999999977
  endloop
endfacet
facet normal -6.19607650422756e-16 -6.4766413994876216e-24 -1.0
  outer loop
    vertex -111.0241352508952 -458.8288964820942 -139.99999999999977
    vertex -111.0241352826182 -454.5711035853197 -139.99999999999977
    vertex -110.72163965464253 -454.0208660678815 -139.99999999999977
  endloop
endfacet
facet normal -6.19607650422756e-16 -6.4766413994876216e-24 -1.0
  outer loop
    vertex -111.0241352508952 -458.8288964820942 -139.99999999999977
    vertex -110.72163965464253 -454.0208660678815 -139.99999999999977
    vertex -110.72163961472037 -459.37913399502486 -139.99999999999977
  endloop
endfacet
facet normal -6.19607650422756e-16 -6.4766413994876216e-24 -1.0
  outer loop
    vertex -110.72163961472037 -459.37913399502486 -139.99999999999977
    vertex -110.72163965464253 -454.0208660678815 -139.99999999999977
    vertex -110.3525662480584 -453.51288009258957 -139.99999999999977
  endloop
endfacet
facet normal -6.19607650422756e-16 -6.4766413994876216e-24 -1.0
  outer loop
    vertex -110.72163961472037 -459.37913399502486 -139.99999999999977
    vertex -110.3525662480584 -453.51288009258957 -139.99999999999977
    vertex -110.35256620056666 -459.8871199648171 -139.99999999999977
  endloop
endfacet
facet normal -6.19607650422756e-16 -6.4766413994876216e-24 -1.0
  outer loop
    vertex -110.35256620056666 -459.8871199648171 -139.99999999999977
    vertex -110.3525662480584 -453.51288009258957 -139.99999999999977
    vertex -109.92273557090621 -453.0551569016546 -139.99999999999977
  endloop
endfacet
facet normal -6.19607650422756e-16 -6.4766413994876216e-24 -1.0
  outer loop
    vertex -110.35256620056666 -459.8871199648171 -139.99999999999977
    vertex -109.92273557090621 -453.0551569016546 -139.99999999999977
    vertex -109.92273551659387 -460.3448431493472 -139.99999999999977
  endloop
endfacet
facet normal -6.19607650422756e-16 -6.4766413994876216e-24 -1.0
  outer loop
    vertex -109.92273551659387 -460.3448431493472 -139.99999999999977
    vertex -109.92273557090621 -453.0551569016546 -139.99999999999977
    vertex -109.43892630966889 -452.65491506315954 -139.99999999999977
  endloop
endfacet
facet normal -6.19607650422756e-16 -6.4766413994876216e-24 -1.0
  outer loop
    vertex -109.92273551659387 -460.3448431493472 -139.99999999999977
    vertex -109.43892630966889 -452.65491506315954 -139.99999999999977
    vertex -109.43892624939248 -460.74508498063295 -139.99999999999977
  endloop
endfacet
facet normal -6.19607650422756e-16 -6.4766413994876216e-24 -1.0
  outer loop
    vertex -109.43892624939248 -460.74508498063295 -139.99999999999977
    vertex -109.43892630966889 -452.65491506315954 -139.99999999999977
    vertex -108.90876842533747 -452.3184666299307 -139.9999999999998
  endloop
endfacet
facet normal -6.19607650422756e-16 -6.4766413994876216e-24 -1.0
  outer loop
    vertex -109.43892624939248 -460.74508498063295 -139.99999999999977
    vertex -108.90876842533747 -452.3184666299307 -139.9999999999998
    vertex -108.9087683600476 -461.0815334059618 -139.9999999999998
  endloop
endfacet
facet normal -6.19607650422756e-16 -6.4766413994876216e-24 -1.0
  outer loop
    vertex -108.9087683600476 -461.0815334059618 -139.9999999999998
    vertex -108.90876842533747 -452.3184666299307 -139.9999999999998
    vertex -108.34062282436965 -452.05111759469446 -139.9999999999998
  endloop
endfacet
facet normal -6.19607650422756e-16 -6.4766413994876216e-24 -1.0
  outer loop
    vertex -108.9087683600476 -461.0815334059618 -139.9999999999998
    vertex -108.34062282436965 -452.05111759469446 -139.9999999999998
    vertex -108.34062275509596 -461.34888243273207 -139.9999999999998
  endloop
endfacet
facet normal -6.19607650422756e-16 -6.4766413994876216e-24 -1.0
  outer loop
    vertex -108.34062275509596 -461.34888243273207 -139.9999999999998
    vertex -108.34062282436965 -452.05111759469446 -139.9999999999998
    vertex -107.74344950220149 -451.85708421140293 -139.9999999999998
  endloop
endfacet
facet normal -6.19607650422756e-16 -6.4766413994876216e-24 -1.0
  outer loop
    vertex -108.34062275509596 -461.34888243273207 -139.9999999999998
    vertex -107.74344950220149 -451.85708421140293 -139.9999999999998
    vertex -107.7434494300365 -461.54291580712504 -139.9999999999998
  endloop
endfacet
facet normal -6.19607650422756e-16 -6.4766413994876216e-24 -1.0
  outer loop
    vertex -107.7434494300365 -461.54291580712504 -139.9999999999998
    vertex -107.74344950220149 -451.85708421140293 -139.9999999999998
    vertex -107.12666623876845 -451.7394265023917 -139.9999999999998
  endloop
endfacet
facet normal -6.19607650422756e-16 -6.4766413994876216e-24 -1.0
  outer loop
    vertex -107.7434494300365 -461.54291580712504 -139.9999999999998
    vertex -107.12666623876845 -451.7394265023917 -139.9999999999998
    vertex -107.12666616485022 -461.66057350694547 -139.9999999999998
  endloop
endfacet
facet normal -6.19607650422756e-16 -6.4766413994876216e-24 -1.0
  outer loop
    vertex -107.12666616485022 -461.66057350694547 -139.9999999999998
    vertex -107.12666623876845 -451.7394265023917 -139.9999999999998
    vertex -106.50000007449115 -451.6999999999996 -139.9999999999998
  endloop
endfacet
facet normal -6.19607650422756e-16 -6.4766413994876216e-24 -1.0
  outer loop
    vertex -107.12666616485022 -461.66057350694547 -139.9999999999998
    vertex -106.50000007449115 -451.6999999999996 -139.9999999999998
    vertex -106.49999999998543 -461.6999999999995 -139.9999999999998
  endloop
endfacet
facet normal -6.19607650422756e-16 -6.4766413994876216e-24 -1.0
  outer loop
    vertex -106.49999999998543 -461.6999999999995 -139.9999999999998
    vertex -106.50000007449115 -451.6999999999996 -139.9999999999998
    vertex -76.49999999998546 -451.6999999999996 -139.9999999999998
  endloop
endfacet
facet normal -6.19607650422756e-16 -6.4766413994876216e-24 -1.0
  outer loop
    vertex -106.49999999998543 -461.6999999999995 -139.9999999999998
    vertex -76.49999999998546 -451.6999999999996 -139.9999999999998
    vertex -76.49999999998545 -461.6999999999995 -139.9999999999998
  endloop
endfacet
facet normal -6.19607650422756e-16 -6.4766413994876216e-24 -1.0
  outer loop
    vertex -76.49999999998545 -461.6999999999995 -139.9999999999998
    vertex -76.49999999998546 -451.6999999999996 -139.9999999999998
    vertex -75.87333383216394 -451.7394264934272 -139.9999999999998
  endloop
endfacet
facet normal -6.19607650422756e-16 -6.4766413994876216e-24 -1.0
  outer loop
    vertex -76.49999999998545 -461.6999999999995 -139.9999999999998
    vertex -75.87333383216394 -451.7394264934272 -139.9999999999998
    vertex -75.87333383216394 -461.6605735065719 -139.9999999999998
  endloop
endfacet
facet normal -6.19607650422756e-16 -6.4766413994876216e-24 -1.0
  outer loop
    vertex -75.87333383216394 -461.6605735065719 -139.9999999999998
    vertex -75.87333383216394 -451.7394264934272 -139.9999999999998
    vertex -75.25655056416119 -451.85708419435645 -139.9999999999998
  endloop
endfacet
facet normal -6.19607650422756e-16 -6.4766413994876216e-24 -1.0
  outer loop
    vertex -75.87333383216394 -461.6605735065719 -139.9999999999998
    vertex -75.25655056416119 -451.85708419435645 -139.9999999999998
    vertex -75.25655056416119 -461.5429158056427 -139.9999999999998
  endloop
endfacet
facet normal -6.19607650422756e-16 -6.4766413994876216e-24 -1.0
  outer loop
    vertex -75.25655056416119 -461.5429158056427 -139.9999999999998
    vertex -75.25655056416119 -451.85708419435645 -139.9999999999998
    vertex -74.65937723656208 -452.05111757055835 -139.9999999999998
  endloop
endfacet
facet normal -6.19607650422756e-16 -6.4766413994876216e-24 -1.0
  outer loop
    vertex -75.25655056416119 -461.5429158056427 -139.9999999999998
    vertex -74.65937723656208 -452.05111757055835 -139.9999999999998
    vertex -74.65937723656208 -461.3488824294408 -139.9999999999998
  endloop
endfacet
facet normal -6.19607650422756e-16 -6.4766413994876216e-24 -1.0
  outer loop
    vertex -74.65937723656208 -461.3488824294408 -139.9999999999998
    vertex -74.65937723656208 -452.05111757055835 -139.9999999999998
    vertex -74.0912316294769 -452.31846659978027 -139.9999999999998
  endloop
endfacet
facet normal -6.19607650422756e-16 -6.4766413994876216e-24 -1.0
  outer loop
    vertex -74.65937723656208 -461.3488824294408 -139.9999999999998
    vertex -74.0912316294769 -452.31846659978027 -139.9999999999998
    vertex -74.0912316294769 -461.08153340021886 -139.9999999999998
  endloop
endfacet
facet normal -6.19607650422756e-16 -6.4766413994876216e-24 -1.0
  outer loop
    vertex -74.0912316294769 -461.08153340021886 -139.9999999999998
    vertex -74.0912316294769 -452.31846659978027 -139.9999999999998
    vertex -73.56107373852312 -452.65491502812483 -139.9999999999998
  endloop
endfacet
facet normal -6.19607650422756e-16 -6.4766413994876216e-24 -1.0
  outer loop
    vertex -74.0912316294769 -461.08153340021886 -139.9999999999998
    vertex -73.56107373852312 -452.65491502812483 -139.9999999999998
    vertex -73.5610737385231 -460.7450849718743 -139.9999999999998
  endloop
endfacet
facet normal -6.19607650422756e-16 -6.4766413994876216e-24 -1.0
  outer loop
    vertex -73.5610737385231 -460.7450849718743 -139.9999999999998
    vertex -73.56107373852312 -452.65491502812483 -139.9999999999998
    vertex -73.07726447034203 -453.05515686289255 -139.9999999999998
  endloop
endfacet
facet normal -6.19607650422756e-16 -6.4766413994876216e-24 -1.0
  outer loop
    vertex -73.5610737385231 -460.7450849718743 -139.9999999999998
    vertex -73.07726447034203 -453.05515686289255 -139.9999999999998
    vertex -73.07726447034203 -460.3448431371066 -139.9999999999998
  endloop
endfacet
facet normal -6.19607650422756e-16 -6.4766413994876216e-24 -1.0
  outer loop
    vertex -73.07726447034203 -460.3448431371066 -139.9999999999998
    vertex -73.07726447034203 -453.05515686289255 -139.9999999999998
    vertex -72.64743378610653 -453.5128800512561 -139.9999999999998
  endloop
endfacet
facet normal -6.19607650422756e-16 -6.4766413994876216e-24 -1.0
  outer loop
    vertex -73.07726447034203 -460.3448431371066 -139.9999999999998
    vertex -72.64743378610653 -453.5128800512561 -139.9999999999998
    vertex -72.64743378610655 -459.88711994874296 -139.9999999999998
  endloop
endfacet
facet normal -6.19607650422756e-16 -6.4766413994876216e-24 -1.0
  outer loop
    vertex -72.64743378610655 -459.88711994874296 -139.9999999999998
    vertex -72.64743378610653 -453.5128800512561 -139.9999999999998
    vertex -72.27836037247542 -459.3791339748945 -139.9999999999998
  endloop
endfacet
facet normal -6.19607650422756e-16 -6.4766413994876216e-24 -1.0
  outer loop
    vertex -72.27836037247542 -459.3791339748945 -139.9999999999998
    vertex -72.64743378610653 -453.5128800512561 -139.9999999999998
    vertex -72.27836037247542 -454.02086602510457 -139.9999999999998
  endloop
endfacet
facet normal -6.19607650422756e-16 -6.4766413994876216e-24 -1.0
  outer loop
    vertex -72.27836037247542 -459.3791339748945 -139.9999999999998
    vertex -72.27836037247542 -454.02086602510457 -139.9999999999998
    vertex -71.9758647376554 -454.5711035421742 -139.9999999999998
  endloop
endfacet
facet normal -6.19607650422756e-16 -6.4766413994876216e-24 -1.0
  outer loop
    vertex -72.27836037247542 -459.3791339748945 -139.9999999999998
    vertex -71.9758647376554 -454.5711035421742 -139.9999999999998
    vertex -71.9758647376554 -458.8288964578249 -139.9999999999998
  endloop
endfacet
facet normal -6.19607650422756e-16 -6.4766413994876216e-24 -1.0
  outer loop
    vertex -71.9758647376554 -458.8288964578249 -139.9999999999998
    vertex -71.9758647376554 -454.5711035421742 -139.9999999999998
    vertex -71.74471741850972 -455.1549150281249 -139.9999999999998
  endloop
endfacet
facet normal -6.19607650422756e-16 -6.4766413994876216e-24 -1.0
  outer loop
    vertex -71.9758647376554 -458.8288964578249 -139.9999999999998
    vertex -71.74471741850972 -455.1549150281249 -139.9999999999998
    vertex -71.74471741850974 -458.2450849718743 -139.9999999999998
  endloop
endfacet
facet normal -6.19607650422756e-16 -6.4766413994876216e-24 -1.0
  outer loop
    vertex -71.74471741850974 -458.2450849718743 -139.9999999999998
    vertex -71.74471741850972 -455.1549150281249 -139.9999999999998
    vertex -71.58856374634206 -457.6369065729282 -139.9999999999998
  endloop
endfacet
facet normal -6.19607650422756e-16 -6.4766413994876216e-24 -1.0
  outer loop
    vertex -71.58856374634206 -457.6369065729282 -139.9999999999998
    vertex -71.74471741850972 -455.1549150281249 -139.9999999999998
    vertex -71.58856374634206 -455.76309342707094 -139.9999999999998
  endloop
endfacet
facet normal -6.19607650422756e-16 -6.4766413994876216e-24 -1.0
  outer loop
    vertex -71.58856374634206 -457.6369065729282 -139.9999999999998
    vertex -71.58856374634206 -455.76309342707094 -139.9999999999998
    vertex -71.50986635784413 -456.386047402353 -139.9999999999998
  endloop
endfacet
facet normal -6.19607650422756e-16 -6.4766413994876216e-24 -1.0
  outer loop
    vertex -71.58856374634206 -457.6369065729282 -139.9999999999998
    vertex -71.50986635784413 -456.386047402353 -139.9999999999998
    vertex -71.50986635784413 -457.01395259764615 -139.9999999999998
  endloop
endfacet
facet normal -0.8763066800438737 -0.48175367410169734 5.429663261918962e-16
  outer loop
    vertex -72.27836037247542 -454.02086602510457 -139.9999999999998
    vertex -71.9758647376554 -454.5711035421742 -141.99999999999977
    vertex -71.9758647376554 -454.5711035421742 -139.9999999999998
  endloop
endfacet
facet normal -0.8763066800438737 -0.48175367410169734 5.429663261918962e-16
  outer loop
    vertex -71.9758647376554 -454.5711035421742 -141.99999999999977
    vertex -72.27836037247542 -454.02086602510457 -139.9999999999998
    vertex -72.27836037247542 -454.02086602510457 -141.99999999999977
  endloop
endfacet
facet normal 4.8703764321808926e-39 -1.0 6.4766413994876216e-24
  outer loop
    vertex -76.49999999998546 -451.6999999999996 -139.9999999999998
    vertex -106.50000007449115 -451.6999999999996 -141.99999999999977
    vertex -76.49999999998546 -451.6999999999996 -141.9999999999998
  endloop
endfacet
facet normal 4.8703764321808926e-39 -1.0 6.4766413994876216e-24
  outer loop
    vertex -106.50000007449115 -451.6999999999996 -141.99999999999977
    vertex -76.49999999998546 -451.6999999999996 -139.9999999999998
    vertex -106.50000007449115 -451.6999999999996 -139.9999999999998
  endloop
endfacet
facet normal -0.06279051952929537 -0.9980267284282729 3.89054927382321e-17
  outer loop
    vertex -75.87333383216394 -451.7394264934272 -139.9999999999998
    vertex -76.49999999998546 -451.6999999999996 -141.9999999999998
    vertex -75.87333383216394 -451.7394264934272 -141.9999999999998
  endloop
endfacet
facet normal -0.06279051952929537 -0.9980267284282729 3.89054927382321e-17
  outer loop
    vertex -76.49999999998546 -451.6999999999996 -141.9999999999998
    vertex -75.87333383216394 -451.7394264934272 -139.9999999999998
    vertex -76.49999999998546 -451.6999999999996 -139.9999999999998
  endloop
endfacet
facet normal -0.3090169943749429 -0.9510565162951552 1.9146929998501242e-16
  outer loop
    vertex -74.65937723656208 -452.05111757055835 -139.9999999999998
    vertex -75.25655056416119 -451.85708419435645 -141.9999999999998
    vertex -74.65937723656208 -452.05111757055835 -141.9999999999998
  endloop
endfacet
facet normal -0.3090169943749429 -0.9510565162951552 1.9146929998501242e-16
  outer loop
    vertex -75.25655056416119 -451.85708419435645 -141.9999999999998
    vertex -74.65937723656208 -452.05111757055835 -139.9999999999998
    vertex -75.25655056416119 -451.85708419435645 -139.9999999999998
  endloop
endfacet
facet normal -0.18738131458572332 -0.9822872507286889 1.1610290242550961e-16
  outer loop
    vertex -75.25655056416119 -451.85708419435645 -139.9999999999998
    vertex -75.87333383216394 -451.7394264934272 -141.9999999999998
    vertex -75.25655056416119 -451.85708419435645 -141.9999999999998
  endloop
endfacet
facet normal -0.18738131458572332 -0.9822872507286889 1.1610290242550961e-16
  outer loop
    vertex -75.87333383216394 -451.7394264934272 -141.9999999999998
    vertex -75.25655056416119 -451.85708419435645 -139.9999999999998
    vertex -75.87333383216394 -451.7394264934272 -139.9999999999998
  endloop
endfacet
facet normal -0.6374239897487304 -0.7705132427757556 3.9495278560164777e-16
  outer loop
    vertex -73.07726447034203 -453.05515686289255 -139.9999999999998
    vertex -73.56107373852312 -452.65491502812483 -141.99999999999977
    vertex -73.07726447034203 -453.05515686289255 -141.99999999999977
  endloop
endfacet
facet normal -0.6374239897487304 -0.7705132427757556 3.9495278560164777e-16
  outer loop
    vertex -73.56107373852312 -452.65491502812483 -141.99999999999977
    vertex -73.07726447034203 -453.05515686289255 -139.9999999999998
    vertex -73.56107373852312 -452.65491502812483 -139.9999999999998
  endloop
endfacet
facet normal -0.7289686274213838 -0.6845471059287184 4.516745429020312e-16
  outer loop
    vertex -73.07726447034203 -453.05515686289255 -139.9999999999998
    vertex -72.64743378610653 -453.5128800512561 -141.99999999999977
    vertex -72.64743378610653 -453.5128800512561 -139.9999999999998
  endloop
endfacet
facet normal -0.7289686274213838 -0.6845471059287184 4.516745429020312e-16
  outer loop
    vertex -72.64743378610653 -453.5128800512561 -141.99999999999977
    vertex -73.07726447034203 -453.05515686289255 -139.9999999999998
    vertex -73.07726447034203 -453.05515686289255 -141.99999999999977
  endloop
endfacet
facet normal -0.8090169943749563 -0.5877852522924613 5.01273122843621e-16
  outer loop
    vertex -72.64743378610653 -453.5128800512561 -139.9999999999998
    vertex -72.27836037247542 -454.02086602510457 -141.99999999999977
    vertex -72.27836037247542 -454.02086602510457 -139.9999999999998
  endloop
endfacet
facet normal -0.8090169943749563 -0.5877852522924613 5.01273122843621e-16
  outer loop
    vertex -72.27836037247542 -454.02086602510457 -141.99999999999977
    vertex -72.64743378610653 -453.5128800512561 -139.9999999999998
    vertex -72.64743378610653 -453.5128800512561 -141.99999999999977
  endloop
endfacet
facet normal -0.929776485888257 -0.3681245526846637 5.760966262237603e-16
  outer loop
    vertex -71.9758647376554 -454.5711035421742 -139.9999999999998
    vertex -71.74471741850972 -455.1549150281249 -141.99999999999977
    vertex -71.74471741850972 -455.1549150281249 -139.9999999999998
  endloop
endfacet
facet normal -0.929776485888257 -0.3681245526846637 5.760966262237603e-16
  outer loop
    vertex -71.74471741850972 -455.1549150281249 -141.99999999999977
    vertex -71.9758647376554 -454.5711035421742 -139.9999999999998
    vertex -71.9758647376554 -454.5711035421742 -141.99999999999977
  endloop
endfacet
facet normal -0.9685831611286296 -0.24868988716486096 6.001415383166311e-16
  outer loop
    vertex -71.74471741850972 -455.1549150281249 -139.9999999999998
    vertex -71.58856374634206 -455.76309342707094 -141.99999999999977
    vertex -71.58856374634206 -455.76309342707094 -139.9999999999998
  endloop
endfacet
facet normal -0.9685831611286296 -0.24868988716486096 6.001415383166311e-16
  outer loop
    vertex -71.58856374634206 -455.76309342707094 -141.99999999999977
    vertex -71.74471741850972 -455.1549150281249 -139.9999999999998
    vertex -71.74471741850972 -455.1549150281249 -141.99999999999977
  endloop
endfacet
facet normal -0.9921147013144761 -0.12533323356431886 6.147218598430754e-16
  outer loop
    vertex -71.58856374634206 -455.76309342707094 -139.9999999999998
    vertex -71.50986635784413 -456.386047402353 -141.99999999999977
    vertex -71.50986635784413 -456.386047402353 -139.9999999999998
  endloop
endfacet
facet normal -0.9921147013144761 -0.12533323356431886 6.147218598430754e-16
  outer loop
    vertex -71.50986635784413 -456.386047402353 -141.99999999999977
    vertex -71.58856374634206 -455.76309342707094 -139.9999999999998
    vertex -71.58856374634206 -455.76309342707094 -141.99999999999977
  endloop
endfacet
facet normal -1.0 0.0 6.196076504227561e-16
  outer loop
    vertex -71.50986635784413 -456.386047402353 -139.9999999999998
    vertex -71.50986635784413 -457.01395259764615 -141.99999999999977
    vertex -71.50986635784413 -457.01395259764615 -139.9999999999998
  endloop
endfacet
facet normal -1.0 0.0 6.196076504227561e-16
  outer loop
    vertex -71.50986635784413 -457.01395259764615 -141.99999999999977
    vertex -71.50986635784413 -456.386047402353 -139.9999999999998
    vertex -71.50986635784413 -456.386047402353 -141.99999999999977
  endloop
endfacet
facet normal -0.4257792915650564 -0.9048270524660272 2.638161123055305e-16
  outer loop
    vertex -74.0912316294769 -452.31846659978027 -139.9999999999998
    vertex -74.65937723656208 -452.05111757055835 -141.9999999999998
    vertex -74.0912316294769 -452.31846659978027 -141.9999999999998
  endloop
endfacet
facet normal -0.4257792915650564 -0.9048270524660272 2.638161123055305e-16
  outer loop
    vertex -74.65937723656208 -452.05111757055835 -141.9999999999998
    vertex -74.0912316294769 -452.31846659978027 -139.9999999999998
    vertex -74.65937723656208 -452.05111757055835 -139.9999999999998
  endloop
endfacet
facet normal -0.9921147013144761 0.12533323356431886 6.147218582195985e-16
  outer loop
    vertex -71.50986635784413 -457.01395259764615 -139.9999999999998
    vertex -71.58856374634206 -457.6369065729282 -141.99999999999977
    vertex -71.58856374634206 -457.6369065729282 -139.9999999999998
  endloop
endfacet
facet normal -0.9921147013144761 0.12533323356431886 6.147218582195985e-16
  outer loop
    vertex -71.58856374634206 -457.6369065729282 -141.99999999999977
    vertex -71.50986635784413 -457.01395259764615 -139.9999999999998
    vertex -71.50986635784413 -457.01395259764615 -141.99999999999977
  endloop
endfacet
facet normal -0.53582679497898 -0.8443279255020258 3.320023869388908e-16
  outer loop
    vertex -73.56107373852312 -452.65491502812483 -141.99999999999977
    vertex -74.0912316294769 -452.31846659978027 -139.9999999999998
    vertex -74.0912316294769 -452.31846659978027 -141.9999999999998
  endloop
endfacet
facet normal -0.53582679497898 -0.8443279255020258 3.320023869388908e-16
  outer loop
    vertex -74.0912316294769 -452.31846659978027 -139.9999999999998
    vertex -73.56107373852312 -452.65491502812483 -141.99999999999977
    vertex -73.56107373852312 -452.65491502812483 -139.9999999999998
  endloop
endfacet
facet normal 0.6374239987043158 -0.7705132353670512 -3.949527811699211e-16
  outer loop
    vertex -109.43892630966889 -452.65491506315954 -139.99999999999977
    vertex -109.92273557090621 -453.0551569016546 -141.99999999999977
    vertex -109.43892630966889 -452.65491506315954 -141.99999999999977
  endloop
endfacet
facet normal 0.6374239987043158 -0.7705132353670512 -3.949527811699211e-16
  outer loop
    vertex -109.92273557090621 -453.0551569016546 -141.99999999999977
    vertex -109.43892630966889 -452.65491506315954 -139.99999999999977
    vertex -109.92273557090621 -453.0551569016546 -139.99999999999977
  endloop
endfacet
facet normal -4.8703764442765884e-39 1.0 -6.4766413994876216e-24
  outer loop
    vertex -106.49999999998543 -461.6999999999995 -141.99999999999977
    vertex -76.49999999998545 -461.6999999999995 -139.9999999999998
    vertex -76.49999999998545 -461.6999999999995 -141.9999999999998
  endloop
endfacet
facet normal -4.8703764442765884e-39 1.0 -6.4766413994876216e-24
  outer loop
    vertex -76.49999999998545 -461.6999999999995 -139.9999999999998
    vertex -106.49999999998543 -461.6999999999995 -141.99999999999977
    vertex -106.49999999998543 -461.6999999999995 -139.9999999999998
  endloop
endfacet
facet normal 0.6374239872228107 0.7705132448653781 -3.9495278403656854e-16
  outer loop
    vertex -109.92273551659387 -460.3448431493472 -139.99999999999977
    vertex -109.43892624939248 -460.74508498063295 -141.99999999999977
    vertex -109.92273551659387 -460.3448431493472 -141.99999999999977
  endloop
endfacet
facet normal 0.6374239872228107 0.7705132448653781 -3.9495278403656854e-16
  outer loop
    vertex -109.43892624939248 -460.74508498063295 -141.99999999999977
    vertex -109.92273551659387 -460.3448431493472 -139.99999999999977
    vertex -109.43892624939248 -460.74508498063295 -139.99999999999977
  endloop
endfacet
facet normal -0.8763066800438737 0.48175367410169734 5.429663199516046e-16
  outer loop
    vertex -71.9758647376554 -458.8288964578249 -139.9999999999998
    vertex -72.27836037247542 -459.3791339748945 -141.99999999999977
    vertex -72.27836037247542 -459.3791339748945 -139.9999999999998
  endloop
endfacet
facet normal -0.8763066800438737 0.48175367410169734 5.429663199516046e-16
  outer loop
    vertex -72.27836037247542 -459.3791339748945 -141.99999999999977
    vertex -71.9758647376554 -458.8288964578249 -139.9999999999998
    vertex -71.9758647376554 -458.8288964578249 -141.99999999999977
  endloop
endfacet
facet normal -0.0627905195292965 0.9980267284282728 3.8905479810510354e-17
  outer loop
    vertex -76.49999999998545 -461.6999999999995 -139.9999999999998
    vertex -75.87333383216394 -461.6605735065719 -141.9999999999998
    vertex -76.49999999998545 -461.6999999999995 -141.9999999999998
  endloop
endfacet
facet normal -0.0627905195292965 0.9980267284282728 3.8905479810510354e-17
  outer loop
    vertex -75.87333383216394 -461.6605735065719 -141.9999999999998
    vertex -76.49999999998545 -461.6999999999995 -139.9999999999998
    vertex -75.87333383216394 -461.6605735065719 -139.9999999999998
  endloop
endfacet
facet normal -0.8090169943749476 0.5877852522924729 5.01273115229867e-16
  outer loop
    vertex -72.27836037247542 -459.3791339748945 -139.9999999999998
    vertex -72.64743378610655 -459.88711994874296 -141.99999999999977
    vertex -72.64743378610655 -459.88711994874296 -139.9999999999998
  endloop
endfacet
facet normal -0.8090169943749476 0.5877852522924729 5.01273115229867e-16
  outer loop
    vertex -72.64743378610655 -459.88711994874296 -141.99999999999977
    vertex -72.27836037247542 -459.3791339748945 -139.9999999999998
    vertex -72.27836037247542 -459.3791339748945 -141.99999999999977
  endloop
endfacet
facet normal -0.7289686274213927 0.6845471059287087 4.516745340349044e-16
  outer loop
    vertex -72.64743378610655 -459.88711994874296 -139.9999999999998
    vertex -73.07726447034203 -460.3448431371066 -141.99999999999977
    vertex -73.07726447034203 -460.3448431371066 -139.9999999999998
  endloop
endfacet
facet normal -0.7289686274213927 0.6845471059287087 4.516745340349044e-16
  outer loop
    vertex -73.07726447034203 -460.3448431371066 -141.99999999999977
    vertex -72.64743378610655 -459.88711994874296 -139.9999999999998
    vertex -72.64743378610655 -459.88711994874296 -141.99999999999977
  endloop
endfacet
facet normal 0.7289686247692834 0.6845471087529184 -4.516745412587694e-16
  outer loop
    vertex -110.35256620056666 -459.8871199648171 -141.99999999999977
    vertex -109.92273551659387 -460.3448431493472 -139.99999999999977
    vertex -109.92273551659387 -460.3448431493472 -141.99999999999977
  endloop
endfacet
facet normal 0.7289686247692834 0.6845471087529184 -4.516745412587694e-16
  outer loop
    vertex -109.92273551659387 -460.3448431493472 -139.99999999999977
    vertex -110.35256620056666 -459.8871199648171 -141.99999999999977
    vertex -110.35256620056666 -459.8871199648171 -139.99999999999977
  endloop
endfacet
facet normal 0.809016991747321 0.5877852559090905 -5.012731212155182e-16
  outer loop
    vertex -110.72163961472037 -459.37913399502486 -141.99999999999977
    vertex -110.35256620056666 -459.8871199648171 -139.99999999999977
    vertex -110.35256620056666 -459.8871199648171 -141.99999999999977
  endloop
endfacet
facet normal 0.809016991747321 0.5877852559090905 -5.012731212155182e-16
  outer loop
    vertex -110.35256620056666 -459.8871199648171 -139.99999999999977
    vertex -110.72163961472037 -459.37913399502486 -141.99999999999977
    vertex -110.72163961472037 -459.37913399502486 -139.99999999999977
  endloop
endfacet
facet normal -0.6374239897487393 0.7705132427757484 3.949527756209773e-16
  outer loop
    vertex -73.5610737385231 -460.7450849718743 -139.9999999999998
    vertex -73.07726447034203 -460.3448431371066 -141.99999999999977
    vertex -73.5610737385231 -460.7450849718743 -141.99999999999977
  endloop
endfacet
facet normal -0.6374239897487393 0.7705132427757484 3.949527756209773e-16
  outer loop
    vertex -73.07726447034203 -460.3448431371066 -141.99999999999977
    vertex -73.5610737385231 -460.7450849718743 -139.9999999999998
    vertex -73.07726447034203 -460.3448431371066 -139.9999999999998
  endloop
endfacet
facet normal 0.9297764838037721 0.36812455794947146 -5.7609662493219775e-16
  outer loop
    vertex -111.25528257225173 -458.2450850002179 -141.99999999999977
    vertex -111.0241352508952 -458.8288964820942 -139.99999999999977
    vertex -111.0241352508952 -458.8288964820942 -141.99999999999977
  endloop
endfacet
facet normal 0.9297764838037721 0.36812455794947146 -5.7609662493219775e-16
  outer loop
    vertex -111.0241352508952 -458.8288964820942 -139.99999999999977
    vertex -111.25528257225173 -458.2450850002179 -141.99999999999977
    vertex -111.25528257225173 -458.2450850002179 -139.99999999999977
  endloop
endfacet
facet normal -0.9297764858882437 0.3681245526846974 5.760966214553308e-16
  outer loop
    vertex -71.74471741850974 -458.2450849718743 -139.9999999999998
    vertex -71.9758647376554 -458.8288964578249 -141.99999999999977
    vertex -71.9758647376554 -458.8288964578249 -139.9999999999998
  endloop
endfacet
facet normal -0.9297764858882437 0.3681245526846974 5.760966214553308e-16
  outer loop
    vertex -71.9758647376554 -458.8288964578249 -141.99999999999977
    vertex -71.74471741850974 -458.2450849718743 -139.9999999999998
    vertex -71.74471741850974 -458.2450849718743 -141.99999999999977
  endloop
endfacet
facet normal 0.9685831595722082 0.24868989322672164 -6.001415373522606e-16
  outer loop
    vertex -111.41143624748598 -457.63690660513004 -141.99999999999977
    vertex -111.25528257225173 -458.2450850002179 -139.99999999999977
    vertex -111.25528257225173 -458.2450850002179 -141.99999999999977
  endloop
endfacet
facet normal 0.9685831595722082 0.24868989322672164 -6.001415373522606e-16
  outer loop
    vertex -111.25528257225173 -458.2450850002179 -139.99999999999977
    vertex -111.41143624748598 -457.63690660513004 -141.99999999999977
    vertex -111.41143624748598 -457.63690660513004 -139.99999999999977
  endloop
endfacet
facet normal 0.06279051923175417 0.9980267284469924 -3.89054925538733e-17
  outer loop
    vertex -107.12666616485022 -461.66057350694547 -139.9999999999998
    vertex -106.49999999998543 -461.6999999999995 -141.99999999999977
    vertex -107.12666616485022 -461.66057350694547 -141.99999999999977
  endloop
endfacet
facet normal 0.06279051923175417 0.9980267284469924 -3.89054925538733e-17
  outer loop
    vertex -106.49999999998543 -461.6999999999995 -141.99999999999977
    vertex -107.12666616485022 -461.66057350694547 -139.9999999999998
    vertex -106.49999999998543 -461.6999999999995 -139.9999999999998
  endloop
endfacet
facet normal 1.0 7.4505781646361226e-09 -6.196076504227561e-16
  outer loop
    vertex -111.49013364455942 -456.3860474410195 -141.99999999999977
    vertex -111.49013363988117 -457.01395263333825 -139.99999999999977
    vertex -111.49013363988117 -457.01395263333825 -141.99999999999977
  endloop
endfacet
facet normal 1.0 7.4505781646361226e-09 -6.196076504227561e-16
  outer loop
    vertex -111.49013363988117 -457.01395263333825 -139.99999999999977
    vertex -111.49013364455942 -456.3860474410195 -141.99999999999977
    vertex -111.49013364455942 -456.3860474410195 -139.99999999999977
  endloop
endfacet
facet normal 0.929776489289244 -0.36812454409475137 -5.760966235626166e-16
  outer loop
    vertex -111.0241352826182 -454.5711035853197 -141.99999999999977
    vertex -111.25528259527528 -455.1549150706403 -139.99999999999977
    vertex -111.25528259527528 -455.1549150706403 -141.99999999999977
  endloop
endfacet
facet normal 0.929776489289244 -0.36812454409475137 -5.760966235626166e-16
  outer loop
    vertex -111.25528259527528 -455.1549150706403 -139.99999999999977
    vertex -111.0241352826182 -454.5711035853197 -141.99999999999977
    vertex -111.0241352826182 -454.5711035853197 -139.99999999999977
  endloop
endfacet
facet normal 0.9921147004553795 0.1253332403647689 -6.147218593107725e-16
  outer loop
    vertex -111.49013363988117 -457.01395263333825 -141.99999999999977
    vertex -111.41143624748598 -457.63690660513004 -139.99999999999977
    vertex -111.41143624748598 -457.63690660513004 -141.99999999999977
  endloop
endfacet
facet normal 0.9921147004553795 0.1253332403647689 -6.147218593107725e-16
  outer loop
    vertex -111.41143624748598 -457.63690660513004 -139.99999999999977
    vertex -111.49013363988117 -457.01395263333825 -141.99999999999977
    vertex -111.49013363988117 -457.01395263333825 -139.99999999999977
  endloop
endfacet
facet normal 0.8090170005060467 -0.5877852438537391 -5.01273119028743e-16
  outer loop
    vertex -110.3525662480584 -453.51288009258957 -141.99999999999977
    vertex -110.72163965464253 -454.0208660678815 -139.99999999999977
    vertex -110.72163965464253 -454.0208660678815 -141.99999999999977
  endloop
endfacet
facet normal 0.8090170005060467 -0.5877852438537391 -5.01273119028743e-16
  outer loop
    vertex -110.72163965464253 -454.0208660678815 -139.99999999999977
    vertex -110.3525662480584 -453.51288009258957 -141.99999999999977
    vertex -110.3525662480584 -453.51288009258957 -139.99999999999977
  endloop
endfacet
facet normal -0.9685831611286343 0.2486898871648432 6.001415350952836e-16
  outer loop
    vertex -71.58856374634206 -457.6369065729282 -139.9999999999998
    vertex -71.74471741850974 -458.2450849718743 -141.99999999999977
    vertex -71.74471741850974 -458.2450849718743 -139.9999999999998
  endloop
endfacet
facet normal -0.9685831611286343 0.2486898871648432 6.001415350952836e-16
  outer loop
    vertex -71.74471741850974 -458.2450849718743 -141.99999999999977
    vertex -71.58856374634206 -457.6369065729282 -139.9999999999998
    vertex -71.58856374634206 -457.6369065729282 -141.99999999999977
  endloop
endfacet
facet normal 0.4257792896773956 0.904827053354293 -2.6381611113592147e-16
  outer loop
    vertex -108.9087683600476 -461.0815334059618 -139.9999999999998
    vertex -108.34062275509596 -461.34888243273207 -141.99999999999977
    vertex -108.9087683600476 -461.0815334059618 -141.99999999999977
  endloop
endfacet
facet normal 0.4257792896773956 0.904827053354293 -2.6381611113592147e-16
  outer loop
    vertex -108.34062275509596 -461.34888243273207 -141.99999999999977
    vertex -108.9087683600476 -461.0815334059618 -139.9999999999998
    vertex -108.34062275509596 -461.34888243273207 -139.9999999999998
  endloop
endfacet
facet normal 0.1873813137075155 0.982287250896216 -1.1610290188136534e-16
  outer loop
    vertex -107.7434494300365 -461.54291580712504 -139.9999999999998
    vertex -107.12666616485022 -461.66057350694547 -141.99999999999977
    vertex -107.7434494300365 -461.54291580712504 -141.99999999999977
  endloop
endfacet
facet normal 0.1873813137075155 0.982287250896216 -1.1610290188136534e-16
  outer loop
    vertex -107.12666616485022 -461.66057350694547 -141.99999999999977
    vertex -107.7434494300365 -461.54291580712504 -139.9999999999998
    vertex -107.12666616485022 -461.66057350694547 -139.9999999999998
  endloop
endfacet
facet normal 0.8763066776031272 0.4817536785413983 -5.429663246795911e-16
  outer loop
    vertex -111.0241352508952 -458.8288964820942 -141.99999999999977
    vertex -110.72163961472037 -459.37913399502486 -139.99999999999977
    vertex -110.72163961472037 -459.37913399502486 -141.99999999999977
  endloop
endfacet
facet normal 0.8763066776031272 0.4817536785413983 -5.429663246795911e-16
  outer loop
    vertex -110.72163961472037 -459.37913399502486 -139.99999999999977
    vertex -111.0241352508952 -458.8288964820942 -141.99999999999977
    vertex -111.0241352508952 -458.8288964820942 -139.99999999999977
  endloop
endfacet
facet normal 0.3090169929578379 0.9510565167556003 -1.9146929910696327e-16
  outer loop
    vertex -108.34062275509596 -461.34888243273207 -139.9999999999998
    vertex -107.7434494300365 -461.54291580712504 -141.99999999999977
    vertex -108.34062275509596 -461.34888243273207 -141.99999999999977
  endloop
endfacet
facet normal 0.3090169929578379 0.9510565167556003 -1.9146929910696327e-16
  outer loop
    vertex -107.7434494300365 -461.54291580712504 -141.99999999999977
    vertex -108.34062275509596 -461.34888243273207 -139.9999999999998
    vertex -107.7434494300365 -461.54291580712504 -139.9999999999998
  endloop
endfacet
facet normal 0.8763066847817961 -0.48175366548344806 -5.429663228872576e-16
  outer loop
    vertex -110.72163965464253 -454.0208660678815 -141.99999999999977
    vertex -111.0241352826182 -454.5711035853197 -139.99999999999977
    vertex -111.0241352826182 -454.5711035853197 -141.99999999999977
  endloop
endfacet
facet normal 0.8763066847817961 -0.48175366548344806 -5.429663228872576e-16
  outer loop
    vertex -111.0241352826182 -454.5711035853197 -139.99999999999977
    vertex -110.72163965464253 -454.0208660678815 -141.99999999999977
    vertex -110.72163965464253 -454.0208660678815 -139.99999999999977
  endloop
endfacet
facet normal 0.7289686349697562 -0.684547097890518 -4.516745387119282e-16
  outer loop
    vertex -109.92273557090621 -453.0551569016546 -141.99999999999977
    vertex -110.3525662480584 -453.51288009258957 -139.99999999999977
    vertex -110.3525662480584 -453.51288009258957 -141.99999999999977
  endloop
endfacet
facet normal 0.7289686349697562 -0.684547097890518 -4.516745387119282e-16
  outer loop
    vertex -110.3525662480584 -453.51288009258957 -139.99999999999977
    vertex -109.92273557090621 -453.0551569016546 -141.99999999999977
    vertex -109.92273557090621 -453.0551569016546 -139.99999999999977
  endloop
endfacet
facet normal 0.9685831632779777 -0.2486898787937026 -6.001415364270333e-16
  outer loop
    vertex -111.25528259527528 -455.1549150706403 -141.99999999999977
    vertex -111.41143626144697 -455.7630934680551 -139.99999999999977
    vertex -111.41143626144697 -455.7630934680551 -141.99999999999977
  endloop
endfacet
facet normal 0.9685831632779777 -0.2486898787937026 -6.001415364270333e-16
  outer loop
    vertex -111.41143626144697 -455.7630934680551 -139.99999999999977
    vertex -111.25528259527528 -455.1549150706403 -141.99999999999977
    vertex -111.25528259527528 -455.1549150706403 -139.99999999999977
  endloop
endfacet
facet normal -0.5358267949789718 0.8443279255020308 3.320023760020673e-16
  outer loop
    vertex -74.0912316294769 -461.08153340021886 -139.9999999999998
    vertex -73.5610737385231 -460.7450849718743 -141.99999999999977
    vertex -74.0912316294769 -461.08153340021886 -141.9999999999998
  endloop
endfacet
facet normal -0.5358267949789718 0.8443279255020308 3.320023760020673e-16
  outer loop
    vertex -73.5610737385231 -460.7450849718743 -141.99999999999977
    vertex -74.0912316294769 -461.08153340021886 -139.9999999999998
    vertex -73.5610737385231 -460.7450849718743 -139.9999999999998
  endloop
endfacet
facet normal 0.992114702322986 -0.1253332255811399 -6.147218588444791e-16
  outer loop
    vertex -111.41143626144697 -455.7630934680551 -141.99999999999977
    vertex -111.49013364455942 -456.3860474410195 -139.99999999999977
    vertex -111.49013364455942 -456.3860474410195 -141.99999999999977
  endloop
endfacet
facet normal 0.992114702322986 -0.1253332255811399 -6.147218588444791e-16
  outer loop
    vertex -111.49013364455942 -456.3860474410195 -139.99999999999977
    vertex -111.41143626144697 -455.7630934680551 -141.99999999999977
    vertex -111.41143626144697 -455.7630934680551 -139.99999999999977
  endloop
endfacet
facet normal -0.3090169943749429 0.9510565162951552 1.914692876657084e-16
  outer loop
    vertex -75.25655056416119 -461.5429158056427 -139.9999999999998
    vertex -74.65937723656208 -461.3488824294408 -141.9999999999998
    vertex -75.25655056416119 -461.5429158056427 -141.9999999999998
  endloop
endfacet
facet normal -0.3090169943749429 0.9510565162951552 1.914692876657084e-16
  outer loop
    vertex -74.65937723656208 -461.3488824294408 -141.9999999999998
    vertex -75.25655056416119 -461.5429158056427 -139.9999999999998
    vertex -74.65937723656208 -461.3488824294408 -139.9999999999998
  endloop
endfacet
facet normal 0.5358267927143501 0.8443279269392036 -3.320023855357088e-16
  outer loop
    vertex -109.43892624939248 -460.74508498063295 -141.99999999999977
    vertex -108.9087683600476 -461.0815334059618 -139.9999999999998
    vertex -108.9087683600476 -461.0815334059618 -141.99999999999977
  endloop
endfacet
facet normal 0.5358267927143501 0.8443279269392036 -3.320023855357088e-16
  outer loop
    vertex -108.9087683600476 -461.0815334059618 -139.9999999999998
    vertex -109.43892624939248 -460.74508498063295 -141.99999999999977
    vertex -109.43892624939248 -460.74508498063295 -139.99999999999977
  endloop
endfacet
facet normal -0.4257792915650564 0.9048270524660272 2.638161005850498e-16
  outer loop
    vertex -74.65937723656208 -461.3488824294408 -139.9999999999998
    vertex -74.0912316294769 -461.08153340021886 -141.9999999999998
    vertex -74.65937723656208 -461.3488824294408 -141.9999999999998
  endloop
endfacet
facet normal -0.4257792915650564 0.9048270524660272 2.638161005850498e-16
  outer loop
    vertex -74.0912316294769 -461.08153340021886 -141.9999999999998
    vertex -74.65937723656208 -461.3488824294408 -139.9999999999998
    vertex -74.0912316294769 -461.08153340021886 -139.9999999999998
  endloop
endfacet
facet normal -0.18738131458572332 0.9822872507286889 1.1610288970166506e-16
  outer loop
    vertex -75.87333383216394 -461.6605735065719 -139.9999999999998
    vertex -75.25655056416119 -461.5429158056427 -141.9999999999998
    vertex -75.87333383216394 -461.6605735065719 -141.9999999999998
  endloop
endfacet
facet normal -0.18738131458572332 0.9822872507286889 1.1610288970166506e-16
  outer loop
    vertex -75.25655056416119 -461.5429158056427 -141.9999999999998
    vertex -75.87333383216394 -461.6605735065719 -139.9999999999998
    vertex -75.25655056416119 -461.5429158056427 -139.9999999999998
  endloop
endfacet
facet normal 0.5358268052958148 -0.8443279189547631 -3.3200238239446223e-16
  outer loop
    vertex -108.90876842533747 -452.3184666299307 -139.9999999999998
    vertex -109.43892630966889 -452.65491506315954 -141.99999999999977
    vertex -108.90876842533747 -452.3184666299307 -141.99999999999977
  endloop
endfacet
facet normal 0.5358268052958148 -0.8443279189547631 -3.3200238239446223e-16
  outer loop
    vertex -109.43892630966889 -452.65491506315954 -141.99999999999977
    vertex -108.90876842533747 -452.3184666299307 -139.9999999999998
    vertex -109.43892630966889 -452.65491506315954 -139.99999999999977
  endloop
endfacet
facet normal 0.30901700712963776 -0.9510565121509034 -1.9146929556861492e-16
  outer loop
    vertex -107.74344950220149 -451.85708421140293 -139.9999999999998
    vertex -108.34062282436965 -452.05111759469446 -141.99999999999977
    vertex -107.74344950220149 -451.85708421140293 -141.99999999999977
  endloop
endfacet
facet normal 0.30901700712963776 -0.9510565121509034 -1.9146929556861492e-16
  outer loop
    vertex -108.34062282436965 -452.05111759469446 -141.99999999999977
    vertex -107.74344950220149 -451.85708421140293 -139.9999999999998
    vertex -108.34062282436965 -452.05111759469446 -139.9999999999998
  endloop
endfacet
facet normal 0.06279053410359245 -0.9980267275113355 -3.8905488840855636e-17
  outer loop
    vertex -106.50000007449115 -451.6999999999996 -139.9999999999998
    vertex -107.12666623876845 -451.7394265023917 -141.99999999999977
    vertex -106.50000007449115 -451.6999999999996 -141.99999999999977
  endloop
endfacet
facet normal 0.06279053410359245 -0.9980267275113355 -3.8905488840855636e-17
  outer loop
    vertex -107.12666623876845 -451.7394265023917 -141.99999999999977
    vertex -106.50000007449115 -451.6999999999996 -139.9999999999998
    vertex -107.12666623876845 -451.7394265023917 -139.9999999999998
  endloop
endfacet
facet normal 0.42577930316037127 -0.9048270470096861 -2.6381610776959566e-16
  outer loop
    vertex -108.34062282436965 -452.05111759469446 -139.9999999999998
    vertex -108.90876842533747 -452.3184666299307 -141.99999999999977
    vertex -108.34062282436965 -452.05111759469446 -141.99999999999977
  endloop
endfacet
facet normal 0.42577930316037127 -0.9048270470096861 -2.6381610776959566e-16
  outer loop
    vertex -108.90876842533747 -452.3184666299307 -141.99999999999977
    vertex -108.34062282436965 -452.05111759469446 -139.9999999999998
    vertex -108.90876842533747 -452.3184666299307 -139.9999999999998
  endloop
endfacet
facet normal 0.18738132834467572 -0.9822872481040283 -1.1610289822681724e-16
  outer loop
    vertex -107.12666623876845 -451.7394265023917 -139.9999999999998
    vertex -107.74344950220149 -451.85708421140293 -141.99999999999977
    vertex -107.12666623876845 -451.7394265023917 -141.99999999999977
  endloop
endfacet
facet normal 0.18738132834467572 -0.9822872481040283 -1.1610289822681724e-16
  outer loop
    vertex -107.74344950220149 -451.85708421140293 -141.99999999999977
    vertex -107.12666623876845 -451.7394265023917 -139.9999999999998
    vertex -107.74344950220149 -451.85708421140293 -139.9999999999998
  endloop
endfacet
facet normal 0.0 0.0 -1.0
  outer loop
    vertex -111.49013364455942 -456.3860474410195 -141.99999999999977
    vertex -111.49013364212684 -412.0139525976458 -141.99999999999974
    vertex -111.41143626144697 -455.7630934680551 -141.99999999999977
  endloop
endfacet
facet normal 0.0 0.0 -1.0
  outer loop
    vertex -111.49013364212684 -412.0139525976458 -141.99999999999974
    vertex -111.49013364455942 -456.3860474410195 -141.99999999999977
    vertex -111.49013364212684 -411.38604740235274 -141.99999999999974
  endloop
endfacet
facet normal 0.0 0.0 -1.0
  outer loop
    vertex -111.41143626144697 -455.7630934680551 -141.99999999999977
    vertex -111.49013364212684 -412.0139525976458 -141.99999999999974
    vertex -111.41143625362893 -412.63690657292784 -141.99999999999974
  endloop
endfacet
facet normal 0.0 0.0 -1.0
  outer loop
    vertex -111.41143626144697 -455.7630934680551 -141.99999999999977
    vertex -111.41143625362893 -412.63690657292784 -141.99999999999974
    vertex -111.25528259527528 -455.1549150706403 -141.99999999999977
  endloop
endfacet
facet normal 0.0 0.0 -1.0
  outer loop
    vertex -111.25528259527528 -455.1549150706403 -141.99999999999977
    vertex -111.41143625362893 -412.63690657292784 -141.99999999999974
    vertex -111.25528258146124 -413.245084971874 -141.99999999999974
  endloop
endfacet
facet normal 0.0 0.0 -1.0
  outer loop
    vertex -111.25528259527528 -455.1549150706403 -141.99999999999977
    vertex -111.25528258146124 -413.245084971874 -141.99999999999974
    vertex -111.0241352826182 -454.5711035853197 -141.99999999999977
  endloop
endfacet
facet normal 0.0 0.0 -1.0
  outer loop
    vertex -111.0241352826182 -454.5711035853197 -141.99999999999977
    vertex -111.25528258146124 -413.245084971874 -141.99999999999974
    vertex -111.0241352623156 -413.82889645782467 -141.99999999999974
  endloop
endfacet
facet normal 0.0 0.0 -1.0
  outer loop
    vertex -111.0241352826182 -454.5711035853197 -141.99999999999977
    vertex -111.0241352623156 -413.82889645782467 -141.99999999999974
    vertex -110.72163965464253 -454.0208660678815 -141.99999999999977
  endloop
endfacet
facet normal 0.0 0.0 -1.0
  outer loop
    vertex -110.72163965464253 -454.0208660678815 -141.99999999999977
    vertex -111.0241352623156 -413.82889645782467 -141.99999999999974
    vertex -110.72163962749556 -414.3791339748943 -141.99999999999974
  endloop
endfacet
facet normal 0.0 0.0 -1.0
  outer loop
    vertex -110.72163965464253 -454.0208660678815 -141.99999999999977
    vertex -110.72163962749556 -414.3791339748943 -141.99999999999974
    vertex -110.3525662480584 -453.51288009258957 -141.99999999999977
  endloop
endfacet
facet normal 0.0 0.0 -1.0
  outer loop
    vertex -110.3525662480584 -453.51288009258957 -141.99999999999977
    vertex -110.72163962749556 -414.3791339748943 -141.99999999999974
    vertex -110.35256621386445 -414.88711994874274 -141.99999999999974
  endloop
endfacet
facet normal 0.0 0.0 -1.0
  outer loop
    vertex -110.3525662480584 -453.51288009258957 -141.99999999999977
    vertex -110.35256621386445 -414.88711994874274 -141.99999999999974
    vertex -109.92273557090621 -453.0551569016546 -141.99999999999977
  endloop
endfacet
facet normal 0.0 0.0 -1.0
  outer loop
    vertex -109.92273557090621 -453.0551569016546 -141.99999999999977
    vertex -110.35256621386445 -414.88711994874274 -141.99999999999974
    vertex -109.92273552962895 -415.34484313710635 -141.99999999999974
  endloop
endfacet
facet normal 0.0 0.0 -1.0
  outer loop
    vertex -109.92273557090621 -453.0551569016546 -141.99999999999977
    vertex -109.92273552962895 -415.34484313710635 -141.99999999999974
    vertex -109.43892630966889 -452.65491506315954 -141.99999999999977
  endloop
endfacet
facet normal 0.0 0.0 -1.0
  outer loop
    vertex -109.43892630966889 -452.65491506315954 -141.99999999999977
    vertex -109.92273552962895 -415.34484313710635 -141.99999999999974
    vertex -109.43892626144786 -415.74508497187406 -141.99999999999974
  endloop
endfacet
facet normal 0.0 0.0 -1.0
  outer loop
    vertex -109.43892630966889 -452.65491506315954 -141.99999999999977
    vertex -109.43892626144786 -415.74508497187406 -141.99999999999974
    vertex -108.90876842533747 -452.3184666299307 -141.99999999999977
  endloop
endfacet
facet normal 0.0 0.0 -1.0
  outer loop
    vertex -108.90876842533747 -452.3184666299307 -141.99999999999977
    vertex -109.43892626144786 -415.74508497187406 -141.99999999999974
    vertex -108.90876837049409 -416.08153340021863 -141.99999999999974
  endloop
endfacet
facet normal 0.0 0.0 -1.0
  outer loop
    vertex -108.90876842533747 -452.3184666299307 -141.99999999999977
    vertex -108.90876837049409 -416.08153340021863 -141.99999999999974
    vertex -108.34062282436965 -452.05111759469446 -141.99999999999977
  endloop
endfacet
facet normal 0.0 0.0 -1.0
  outer loop
    vertex -108.34062282436965 -452.05111759469446 -141.99999999999977
    vertex -108.90876837049409 -416.08153340021863 -141.99999999999974
    vertex -108.34062276340892 -416.34888242944055 -141.99999999999974
  endloop
endfacet
facet normal 0.0 0.0 -1.0
  outer loop
    vertex -108.34062282436965 -452.05111759469446 -141.99999999999977
    vertex -108.34062276340892 -416.34888242944055 -141.99999999999974
    vertex -107.74344950220149 -451.85708421140293 -141.99999999999977
  endloop
endfacet
facet normal 0.0 0.0 -1.0
  outer loop
    vertex -107.74344950220149 -451.85708421140293 -141.99999999999977
    vertex -108.34062276340892 -416.34888242944055 -141.99999999999974
    vertex -107.7434494358098 -416.54291580564245 -141.99999999999974
  endloop
endfacet
facet normal 0.0 0.0 -1.0
  outer loop
    vertex -107.74344950220149 -451.85708421140293 -141.99999999999977
    vertex -107.7434494358098 -416.54291580564245 -141.99999999999974
    vertex -107.12666623876845 -451.7394265023917 -141.99999999999977
  endloop
endfacet
facet normal 0.0 0.0 -1.0
  outer loop
    vertex -107.12666623876845 -451.7394265023917 -141.99999999999977
    vertex -107.7434494358098 -416.54291580564245 -141.99999999999974
    vertex -107.12666616780703 -416.66057350657167 -141.99999999999974
  endloop
endfacet
facet normal 0.0 0.0 -1.0
  outer loop
    vertex -107.12666623876845 -451.7394265023917 -141.99999999999977
    vertex -107.12666616780703 -416.66057350657167 -141.99999999999974
    vertex -106.50000007449115 -451.6999999999996 -141.99999999999977
  endloop
endfacet
facet normal 0.0 0.0 -1.0
  outer loop
    vertex -106.50000007449115 -451.6999999999996 -141.99999999999977
    vertex -107.12666616780703 -416.66057350657167 -141.99999999999974
    vertex -106.49999999998552 -416.69999999999925 -141.99999999999974
  endloop
endfacet
facet normal 0.0 0.0 -1.0
  outer loop
    vertex -106.50000007449115 -451.6999999999996 -141.99999999999977
    vertex -106.49999999998552 -416.69999999999925 -141.99999999999974
    vertex -76.49999999998546 -451.6999999999996 -141.9999999999998
  endloop
endfacet
facet normal 0.0 0.0 -1.0
  outer loop
    vertex -76.49999999998546 -451.6999999999996 -141.9999999999998
    vertex -106.49999999998552 -416.69999999999925 -141.99999999999974
    vertex -76.49999999998542 -416.69999999999925 -141.99999999999977
  endloop
endfacet
facet normal 0.0 0.0 -1.0
  outer loop
    vertex -76.49999999998546 -451.6999999999996 -141.9999999999998
    vertex -76.49999999998542 -416.69999999999925 -141.99999999999977
    vertex -75.87333383216394 -451.7394264934272 -141.9999999999998
  endloop
endfacet
facet normal 0.0 0.0 -1.0
  outer loop
    vertex -75.87333383216394 -451.7394264934272 -141.9999999999998
    vertex -76.49999999998542 -416.69999999999925 -141.99999999999977
    vertex -75.87333383512063 -416.66057350694524 -141.99999999999977
  endloop
endfacet
facet normal 0.0 0.0 -1.0
  outer loop
    vertex -75.87333383216394 -451.7394264934272 -141.9999999999998
    vertex -75.87333383512063 -416.66057350694524 -141.99999999999977
    vertex -75.25655056993436 -416.54291580712476 -141.99999999999977
  endloop
endfacet
facet normal 0.0 0.0 -1.0
  outer loop
    vertex -75.87333383216394 -451.7394264934272 -141.9999999999998
    vertex -75.25655056993436 -416.54291580712476 -141.99999999999977
    vertex -75.25655056416119 -451.85708419435645 -141.9999999999998
  endloop
endfacet
facet normal 0.0 0.0 -1.0
  outer loop
    vertex -75.25655056416119 -451.85708419435645 -141.9999999999998
    vertex -75.25655056993436 -416.54291580712476 -141.99999999999977
    vertex -74.65937724487489 -416.34888243273184 -141.99999999999977
  endloop
endfacet
facet normal 0.0 0.0 -1.0
  outer loop
    vertex -75.25655056416119 -451.85708419435645 -141.9999999999998
    vertex -74.65937724487489 -416.34888243273184 -141.99999999999977
    vertex -74.65937723656208 -452.05111757055835 -141.9999999999998
  endloop
endfacet
facet normal 0.0 0.0 -1.0
  outer loop
    vertex -74.65937723656208 -452.05111757055835 -141.9999999999998
    vertex -74.65937724487489 -416.34888243273184 -141.99999999999977
    vertex -74.09123163992324 -416.0815334059616 -141.99999999999977
  endloop
endfacet
facet normal 0.0 0.0 -1.0
  outer loop
    vertex -74.65937723656208 -452.05111757055835 -141.9999999999998
    vertex -74.09123163992324 -416.0815334059616 -141.99999999999977
    vertex -74.0912316294769 -452.31846659978027 -141.9999999999998
  endloop
endfacet
facet normal 0.0 0.0 -1.0
  outer loop
    vertex -74.0912316294769 -452.31846659978027 -141.9999999999998
    vertex -74.09123163992324 -416.0815334059616 -141.99999999999977
    vertex -73.56107375057836 -415.7450849806327 -141.99999999999977
  endloop
endfacet
facet normal 0.0 0.0 -1.0
  outer loop
    vertex -74.0912316294769 -452.31846659978027 -141.9999999999998
    vertex -73.56107375057836 -415.7450849806327 -141.99999999999977
    vertex -73.56107373852312 -452.65491502812483 -141.99999999999977
  endloop
endfacet
facet normal 0.0 0.0 -1.0
  outer loop
    vertex -73.56107373852312 -452.65491502812483 -141.99999999999977
    vertex -73.56107375057836 -415.7450849806327 -141.99999999999977
    vertex -73.07726448337696 -415.34484314934696 -141.99999999999974
  endloop
endfacet
facet normal 0.0 0.0 -1.0
  outer loop
    vertex -73.56107373852312 -452.65491502812483 -141.99999999999977
    vertex -73.07726448337696 -415.34484314934696 -141.99999999999974
    vertex -73.07726447034203 -453.05515686289255 -141.99999999999977
  endloop
endfacet
facet normal 0.0 0.0 -1.0
  outer loop
    vertex -73.07726447034203 -453.05515686289255 -141.99999999999977
    vertex -73.07726448337696 -415.34484314934696 -141.99999999999974
    vertex -72.6474337994042 -414.88711996481686 -141.99999999999974
  endloop
endfacet
facet normal 0.0 0.0 -1.0
  outer loop
    vertex -73.07726447034203 -453.05515686289255 -141.99999999999977
    vertex -72.6474337994042 -414.88711996481686 -141.99999999999974
    vertex -72.64743378610653 -453.5128800512561 -141.99999999999977
  endloop
endfacet
facet normal 0.0 0.0 -1.0
  outer loop
    vertex -72.64743378610653 -453.5128800512561 -141.99999999999977
    vertex -72.6474337994042 -414.88711996481686 -141.99999999999974
    vertex -72.27836038525048 -414.37913399502463 -141.99999999999974
  endloop
endfacet
facet normal 0.0 0.0 -1.0
  outer loop
    vertex -72.64743378610653 -453.5128800512561 -141.99999999999977
    vertex -72.27836038525048 -414.37913399502463 -141.99999999999974
    vertex -72.27836037247542 -454.02086602510457 -141.99999999999977
  endloop
endfacet
facet normal 0.0 0.0 -1.0
  outer loop
    vertex -72.27836037247542 -454.02086602510457 -141.99999999999977
    vertex -72.27836038525048 -414.37913399502463 -141.99999999999974
    vertex -71.97586474907565 -413.82889648209397 -141.99999999999974
  endloop
endfacet
facet normal 0.0 0.0 -1.0
  outer loop
    vertex -72.27836037247542 -454.02086602510457 -141.99999999999977
    vertex -71.97586474907565 -413.82889648209397 -141.99999999999974
    vertex -71.9758647376554 -454.5711035421742 -141.99999999999977
  endloop
endfacet
facet normal 0.0 0.0 -1.0
  outer loop
    vertex -71.9758647376554 -454.5711035421742 -141.99999999999977
    vertex -71.97586474907565 -413.82889648209397 -141.99999999999974
    vertex -71.74471742771912 -413.24508500021767 -141.99999999999974
  endloop
endfacet
facet normal 0.0 0.0 -1.0
  outer loop
    vertex -71.9758647376554 -454.5711035421742 -141.99999999999977
    vertex -71.74471742771912 -413.24508500021767 -141.99999999999974
    vertex -71.74471741850972 -455.1549150281249 -141.99999999999977
  endloop
endfacet
facet normal 0.0 0.0 -1.0
  outer loop
    vertex -71.74471741850972 -455.1549150281249 -141.99999999999977
    vertex -71.74471742771912 -413.24508500021767 -141.99999999999974
    vertex -71.58856375248486 -412.6369066051298 -141.99999999999974
  endloop
endfacet
facet normal 0.0 0.0 -1.0
  outer loop
    vertex -71.74471741850972 -455.1549150281249 -141.99999999999977
    vertex -71.58856375248486 -412.6369066051298 -141.99999999999974
    vertex -71.58856374634206 -455.76309342707094 -141.99999999999977
  endloop
endfacet
facet normal 0.0 0.0 -1.0
  outer loop
    vertex -71.58856374634206 -455.76309342707094 -141.99999999999977
    vertex -71.58856375248486 -412.6369066051298 -141.99999999999974
    vertex -71.50986636008967 -412.013952633338 -141.99999999999974
  endloop
endfacet
facet normal 0.0 0.0 -1.0
  outer loop
    vertex -71.58856374634206 -455.76309342707094 -141.99999999999977
    vertex -71.50986636008967 -412.013952633338 -141.99999999999974
    vertex -71.50986635784413 -456.386047402353 -141.99999999999977
  endloop
endfacet
facet normal 0.0 0.0 -1.0
  outer loop
    vertex -71.50986635784413 -456.386047402353 -141.99999999999977
    vertex -71.50986636008967 -412.013952633338 -141.99999999999974
    vertex -71.50986635541143 -411.3860474410193 -141.99999999999972
  endloop
endfacet
facet normal 0.0 0.0 -1.0
  outer loop
    vertex -71.50986635784413 -456.386047402353 -141.99999999999977
    vertex -71.50986635541143 -411.3860474410193 -141.99999999999972
    vertex -71.50986635784413 -457.01395259764615 -141.99999999999977
  endloop
endfacet
facet normal 0.0 0.0 -1.0
  outer loop
    vertex -116.49999999998532 -401.69999999999925 -141.99999999999983
    vertex -111.49013364212684 -411.38604740235274 -141.99999999999974
    vertex -116.49999999998532 -466.69999999999953 -141.99999999999983
  endloop
endfacet
facet normal 0.0 0.0 -1.0
  outer loop
    vertex -111.49013364212684 -411.38604740235274 -141.99999999999974
    vertex -116.49999999998532 -401.69999999999925 -141.99999999999983
    vertex -111.4114362536289 -410.7630934270707 -141.99999999999974
  endloop
endfacet
facet normal 0.0 0.0 -1.0
  outer loop
    vertex -111.4114362536289 -410.7630934270707 -141.99999999999974
    vertex -116.49999999998532 -401.69999999999925 -141.99999999999983
    vertex -111.25528258146123 -410.15491502812455 -141.99999999999974
  endloop
endfacet
facet normal 0.0 0.0 -1.0
  outer loop
    vertex -111.25528258146123 -410.15491502812455 -141.99999999999974
    vertex -116.49999999998532 -401.69999999999925 -141.99999999999983
    vertex -111.02413526231555 -409.5711035421739 -141.99999999999974
  endloop
endfacet
facet normal 0.0 0.0 -1.0
  outer loop
    vertex -111.02413526231555 -409.5711035421739 -141.99999999999974
    vertex -116.49999999998532 -401.69999999999925 -141.99999999999983
    vertex -110.72163962749552 -409.0208660251042 -141.99999999999974
  endloop
endfacet
facet normal 0.0 0.0 -1.0
  outer loop
    vertex -110.72163962749552 -409.0208660251042 -141.99999999999974
    vertex -116.49999999998532 -401.69999999999925 -141.99999999999983
    vertex -110.3525662138644 -408.5128800512559 -141.99999999999974
  endloop
endfacet
facet normal 0.0 0.0 -1.0
  outer loop
    vertex -110.3525662138644 -408.5128800512559 -141.99999999999974
    vertex -116.49999999998532 -401.69999999999925 -141.99999999999983
    vertex -109.9227355296289 -408.0551568628922 -141.99999999999974
  endloop
endfacet
facet normal 0.0 0.0 -1.0
  outer loop
    vertex -109.9227355296289 -408.0551568628922 -141.99999999999974
    vertex -116.49999999998532 -401.69999999999925 -141.99999999999983
    vertex -109.43892626144779 -407.65491502812455 -141.99999999999974
  endloop
endfacet
facet normal 0.0 0.0 -1.0
  outer loop
    vertex -109.43892626144779 -407.65491502812455 -141.99999999999974
    vertex -116.49999999998532 -401.69999999999925 -141.99999999999983
    vertex -108.90876837049402 -407.31846659978004 -141.99999999999974
  endloop
endfacet
facet normal 0.0 0.0 -1.0
  outer loop
    vertex -108.90876837049402 -407.31846659978004 -141.99999999999974
    vertex -116.49999999998532 -401.69999999999925 -141.99999999999983
    vertex -108.34062276340882 -407.0511175705581 -141.99999999999974
  endloop
endfacet
facet normal 0.0 0.0 -1.0
  outer loop
    vertex -108.34062276340882 -407.0511175705581 -141.99999999999974
    vertex -116.49999999998532 -401.69999999999925 -141.99999999999983
    vertex -107.74344943580971 -406.8570841943562 -141.99999999999974
  endloop
endfacet
facet normal 0.0 0.0 -1.0
  outer loop
    vertex -107.74344943580971 -406.8570841943562 -141.99999999999974
    vertex -116.49999999998532 -401.69999999999925 -141.99999999999983
    vertex -107.12666616780695 -406.73942649342695 -141.99999999999974
  endloop
endfacet
facet normal 0.0 0.0 -1.0
  outer loop
    vertex -107.12666616780695 -406.73942649342695 -141.99999999999974
    vertex -116.49999999998532 -401.69999999999925 -141.99999999999983
    vertex -106.49999999998543 -406.69999999999936 -141.99999999999974
  endloop
endfacet
facet normal 0.0 0.0 -1.0
  outer loop
    vertex -106.49999999998543 -406.69999999999936 -141.99999999999974
    vertex -116.49999999998532 -401.69999999999925 -141.99999999999983
    vertex 118.50000000001457 -401.6999999999994 -141.99999999999983
  endloop
endfacet
facet normal 0.0 0.0 -1.0
  outer loop
    vertex -116.49999999998532 -466.69999999999953 -141.99999999999983
    vertex -111.49013364212684 -411.38604740235274 -141.99999999999974
    vertex -111.49013364455942 -456.3860474410195 -141.99999999999977
  endloop
endfacet
facet normal 0.0 0.0 -1.0
  outer loop
    vertex -106.49999999998543 -406.69999999999936 -141.99999999999974
    vertex 118.50000000001457 -401.6999999999994 -141.99999999999983
    vertex -76.4999999254797 -406.69999999999936 -141.99999999999972
  endloop
endfacet
facet normal 0.0 0.0 -1.0
  outer loop
    vertex -76.4999999254797 -406.69999999999936 -141.99999999999972
    vertex 118.50000000001457 -401.6999999999994 -141.99999999999983
    vertex -75.87333376120242 -406.7394265023915 -141.99999999999972
  endloop
endfacet
facet normal 0.0 0.0 -1.0
  outer loop
    vertex -75.87333376120242 -406.7394265023915 -141.99999999999972
    vertex 118.50000000001457 -401.6999999999994 -141.99999999999983
    vertex -75.25655049776937 -406.8570842114027 -141.99999999999972
  endloop
endfacet
facet normal 0.0 0.0 -1.0
  outer loop
    vertex -75.25655049776937 -406.8570842114027 -141.99999999999972
    vertex 118.50000000001457 -401.6999999999994 -141.99999999999983
    vertex -74.65937717560122 -407.05111759469423 -141.99999999999972
  endloop
endfacet
facet normal 0.0 0.0 -1.0
  outer loop
    vertex -74.65937717560122 -407.05111759469423 -141.99999999999972
    vertex 118.50000000001457 -401.6999999999994 -141.99999999999983
    vertex -74.09123157463338 -407.31846662993047 -141.99999999999972
  endloop
endfacet
facet normal 0.0 0.0 -1.0
  outer loop
    vertex -74.09123157463338 -407.31846662993047 -141.99999999999972
    vertex 118.50000000001457 -401.6999999999994 -141.99999999999983
    vertex -73.56107369030197 -407.6549150631593 -141.99999999999972
  endloop
endfacet
facet normal 0.0 0.0 -1.0
  outer loop
    vertex -73.56107369030197 -407.6549150631593 -141.99999999999972
    vertex 118.50000000001457 -401.6999999999994 -141.99999999999983
    vertex -73.07726442906464 -408.05515690165436 -141.99999999999972
  endloop
endfacet
facet normal 0.0 0.0 -1.0
  outer loop
    vertex -73.07726442906464 -408.05515690165436 -141.99999999999972
    vertex 118.50000000001457 -401.6999999999994 -141.99999999999983
    vertex -72.64743375191247 -408.51288009258934 -141.99999999999972
  endloop
endfacet
facet normal 0.0 0.0 -1.0
  outer loop
    vertex -72.64743375191247 -408.51288009258934 -141.99999999999972
    vertex 118.50000000001457 -401.6999999999994 -141.99999999999983
    vertex -72.27836034532832 -409.0208660678813 -141.99999999999972
  endloop
endfacet
facet normal 0.0 0.0 -1.0
  outer loop
    vertex -72.27836034532832 -409.0208660678813 -141.99999999999972
    vertex 118.50000000001457 -401.6999999999994 -141.99999999999983
    vertex -71.97586471735266 -409.57110358531946 -141.99999999999972
  endloop
endfacet
facet normal 0.0 0.0 -1.0
  outer loop
    vertex -71.97586471735266 -409.57110358531946 -141.99999999999972
    vertex 118.50000000001457 -401.6999999999994 -141.99999999999983
    vertex -71.74471740469559 -410.1549150706401 -141.99999999999972
  endloop
endfacet
facet normal 0.0 0.0 -1.0
  outer loop
    vertex -71.74471740469559 -410.1549150706401 -141.99999999999972
    vertex 118.50000000001457 -401.6999999999994 -141.99999999999983
    vertex -71.58856373852389 -410.7630934680549 -141.99999999999972
  endloop
endfacet
facet normal 0.0 0.0 -1.0
  outer loop
    vertex -71.58856373852389 -410.7630934680549 -141.99999999999972
    vertex 118.50000000001457 -401.6999999999994 -141.99999999999983
    vertex -71.50986635541143 -411.3860474410193 -141.99999999999972
  endloop
endfacet
facet normal 0.0 0.0 -1.0
  outer loop
    vertex -71.50986635541143 -411.3860474410193 -141.99999999999972
    vertex 118.50000000001457 -401.6999999999994 -141.99999999999983
    vertex 77.87333376123158 -406.7394265023915 -141.99999999999983
  endloop
endfacet
facet normal 0.0 0.0 -1.0
  outer loop
    vertex -71.50986635541143 -411.3860474410193 -141.99999999999972
    vertex 77.87333376123158 -406.7394265023915 -141.99999999999983
    vertex 77.25655049779851 -406.8570842114027 -141.99999999999983
  endloop
endfacet
facet normal 0.0 0.0 -1.0
  outer loop
    vertex -71.50986635541143 -411.3860474410193 -141.99999999999972
    vertex 77.25655049779851 -406.8570842114027 -141.99999999999983
    vertex 76.65937717563038 -407.05111759469423 -141.99999999999983
  endloop
endfacet
facet normal 0.0 0.0 -1.0
  outer loop
    vertex -71.50986635541143 -411.3860474410193 -141.99999999999972
    vertex 76.65937717563038 -407.05111759469423 -141.99999999999983
    vertex 76.09123157466254 -407.31846662993047 -141.99999999999983
  endloop
endfacet
facet normal 0.0 0.0 -1.0
  outer loop
    vertex -71.50986635541143 -411.3860474410193 -141.99999999999972
    vertex 76.09123157466254 -407.31846662993047 -141.99999999999983
    vertex 75.56107369033114 -407.6549150631593 -141.99999999999983
  endloop
endfacet
facet normal 0.0 0.0 -1.0
  outer loop
    vertex -71.50986635541143 -411.3860474410193 -141.99999999999972
    vertex 75.56107369033114 -407.6549150631593 -141.99999999999983
    vertex 75.07726442909379 -408.05515690165436 -141.99999999999983
  endloop
endfacet
facet normal 0.0 0.0 -1.0
  outer loop
    vertex -71.50986635541143 -411.3860474410193 -141.99999999999972
    vertex 75.07726442909379 -408.05515690165436 -141.99999999999983
    vertex 74.6474337519416 -408.51288009258934 -141.99999999999983
  endloop
endfacet
facet normal 0.0 0.0 -1.0
  outer loop
    vertex -71.50986635541143 -411.3860474410193 -141.99999999999972
    vertex 74.6474337519416 -408.51288009258934 -141.99999999999983
    vertex 74.27836034535747 -409.0208660678813 -141.99999999999983
  endloop
endfacet
facet normal 0.0 0.0 -1.0
  outer loop
    vertex -71.50986635541143 -411.3860474410193 -141.99999999999972
    vertex 74.27836034535747 -409.0208660678813 -141.99999999999983
    vertex 73.97586471738184 -409.57110358531946 -141.99999999999983
  endloop
endfacet
facet normal 0.0 0.0 -1.0
  outer loop
    vertex -71.50986635541143 -411.3860474410193 -141.99999999999972
    vertex 73.97586471738184 -409.57110358531946 -141.99999999999983
    vertex 73.74471740472475 -410.1549150706401 -141.99999999999983
  endloop
endfacet
facet normal 0.0 0.0 -1.0
  outer loop
    vertex -71.50986635541143 -411.3860474410193 -141.99999999999972
    vertex 73.74471740472475 -410.1549150706401 -141.99999999999983
    vertex 73.58856373855303 -410.7630934680549 -141.99999999999983
  endloop
endfacet
facet normal 0.0 0.0 -1.0
  outer loop
    vertex -71.50986635541143 -411.3860474410193 -141.99999999999972
    vertex 73.58856373855303 -410.7630934680549 -141.99999999999983
    vertex 73.50986635544058 -411.3860474410193 -141.99999999999983
  endloop
endfacet
facet normal 0.0 0.0 -1.0
  outer loop
    vertex 77.87333376123158 -406.7394265023915 -141.99999999999983
    vertex 118.50000000001457 -401.6999999999994 -141.99999999999983
    vertex 78.49999992550886 -406.69999999999936 -141.99999999999983
  endloop
endfacet
facet normal 0.0 0.0 -1.0
  outer loop
    vertex 78.49999992550886 -406.69999999999936 -141.99999999999983
    vertex 118.50000000001457 -401.6999999999994 -141.99999999999983
    vertex 108.5000000745203 -406.69999999999936 -141.99999999999983
  endloop
endfacet
facet normal 0.0 0.0 -1.0
  outer loop
    vertex 108.5000000745203 -406.69999999999936 -141.99999999999983
    vertex 118.50000000001457 -401.6999999999994 -141.99999999999983
    vertex 109.12666623879758 -406.7394265023915 -141.99999999999983
  endloop
endfacet
facet normal 0.0 0.0 -1.0
  outer loop
    vertex 109.12666623879758 -406.7394265023915 -141.99999999999983
    vertex 118.50000000001457 -401.6999999999994 -141.99999999999983
    vertex 109.74344950223065 -406.8570842114027 -141.99999999999983
  endloop
endfacet
facet normal 0.0 0.0 -1.0
  outer loop
    vertex 109.74344950223065 -406.8570842114027 -141.99999999999983
    vertex 118.50000000001457 -401.6999999999994 -141.99999999999983
    vertex 110.34062282439878 -407.05111759469423 -141.99999999999983
  endloop
endfacet
facet normal 0.0 0.0 -1.0
  outer loop
    vertex 110.34062282439878 -407.05111759469423 -141.99999999999983
    vertex 118.50000000001457 -401.6999999999994 -141.99999999999983
    vertex 110.90876842536662 -407.31846662993047 -141.99999999999983
  endloop
endfacet
facet normal 0.0 0.0 -1.0
  outer loop
    vertex 110.90876842536662 -407.31846662993047 -141.99999999999983
    vertex 118.50000000001457 -401.6999999999994 -141.99999999999983
    vertex 111.43892630969803 -407.6549150631593 -141.99999999999983
  endloop
endfacet
facet normal 0.0 0.0 -1.0
  outer loop
    vertex 111.43892630969803 -407.6549150631593 -141.99999999999983
    vertex 118.50000000001457 -401.6999999999994 -141.99999999999983
    vertex 111.92273557093537 -408.05515690165436 -141.99999999999983
  endloop
endfacet
facet normal 0.0 0.0 -1.0
  outer loop
    vertex 111.92273557093537 -408.05515690165436 -141.99999999999983
    vertex 118.50000000001457 -401.6999999999994 -141.99999999999983
    vertex 112.35256624808756 -408.51288009258934 -141.99999999999983
  endloop
endfacet
facet normal 0.0 0.0 -1.0
  outer loop
    vertex 112.35256624808756 -408.51288009258934 -141.99999999999983
    vertex 118.50000000001457 -401.6999999999994 -141.99999999999983
    vertex 112.72163965467169 -409.0208660678813 -141.99999999999983
  endloop
endfacet
facet normal 0.0 0.0 -1.0
  outer loop
    vertex 112.72163965467169 -409.0208660678813 -141.99999999999983
    vertex 118.50000000001457 -401.6999999999994 -141.99999999999983
    vertex 113.02413528264736 -409.57110358531946 -141.99999999999983
  endloop
endfacet
facet normal 0.0 0.0 -1.0
  outer loop
    vertex 113.02413528264736 -409.57110358531946 -141.99999999999983
    vertex 118.50000000001457 -401.6999999999994 -141.99999999999983
    vertex 113.25528259530441 -410.1549150706401 -141.99999999999983
  endloop
endfacet
facet normal 0.0 0.0 -1.0
  outer loop
    vertex 113.25528259530441 -410.1549150706401 -141.99999999999983
    vertex 118.50000000001457 -401.6999999999994 -141.99999999999983
    vertex 113.41143626147608 -410.7630934680549 -141.99999999999983
  endloop
endfacet
facet normal 0.0 0.0 -1.0
  outer loop
    vertex 113.41143626147608 -410.7630934680549 -141.99999999999983
    vertex 118.50000000001457 -401.6999999999994 -141.99999999999983
    vertex 113.4901336445886 -411.3860474410193 -141.99999999999983
  endloop
endfacet
facet normal 0.0 0.0 -1.0
  outer loop
    vertex 113.4901336445886 -411.3860474410193 -141.99999999999983
    vertex 118.50000000001457 -401.6999999999994 -141.99999999999983
    vertex 113.4901336445886 -456.38604744101974 -141.99999999999983
  endloop
endfacet
facet normal 0.0 0.0 -1.0
  outer loop
    vertex -116.49999999998532 -466.69999999999953 -141.99999999999983
    vertex -106.49999999998543 -461.6999999999995 -141.99999999999977
    vertex 118.50000000001457 -466.6999999999997 -141.99999999999983
  endloop
endfacet
facet normal 0.0 0.0 -1.0
  outer loop
    vertex -106.49999999998543 -461.6999999999995 -141.99999999999977
    vertex -116.49999999998532 -466.69999999999953 -141.99999999999983
    vertex -107.12666616485022 -461.66057350694547 -141.99999999999977
  endloop
endfacet
facet normal 0.0 0.0 -1.0
  outer loop
    vertex -107.12666616485022 -461.66057350694547 -141.99999999999977
    vertex -116.49999999998532 -466.69999999999953 -141.99999999999983
    vertex -107.7434494300365 -461.54291580712504 -141.99999999999977
  endloop
endfacet
facet normal 0.0 0.0 -1.0
  outer loop
    vertex -107.7434494300365 -461.54291580712504 -141.99999999999977
    vertex -116.49999999998532 -466.69999999999953 -141.99999999999983
    vertex -108.34062275509596 -461.34888243273207 -141.99999999999977
  endloop
endfacet
facet normal 0.0 0.0 -1.0
  outer loop
    vertex -108.34062275509596 -461.34888243273207 -141.99999999999977
    vertex -116.49999999998532 -466.69999999999953 -141.99999999999983
    vertex -108.9087683600476 -461.0815334059618 -141.99999999999977
  endloop
endfacet
facet normal 0.0 0.0 -1.0
  outer loop
    vertex -108.9087683600476 -461.0815334059618 -141.99999999999977
    vertex -116.49999999998532 -466.69999999999953 -141.99999999999983
    vertex -109.43892624939248 -460.74508498063295 -141.99999999999977
  endloop
endfacet
facet normal 0.0 0.0 -1.0
  outer loop
    vertex -109.43892624939248 -460.74508498063295 -141.99999999999977
    vertex -116.49999999998532 -466.69999999999953 -141.99999999999983
    vertex -109.92273551659387 -460.3448431493472 -141.99999999999977
  endloop
endfacet
facet normal 0.0 0.0 -1.0
  outer loop
    vertex -109.92273551659387 -460.3448431493472 -141.99999999999977
    vertex -116.49999999998532 -466.69999999999953 -141.99999999999983
    vertex -110.35256620056666 -459.8871199648171 -141.99999999999977
  endloop
endfacet
facet normal 0.0 0.0 -1.0
  outer loop
    vertex -110.35256620056666 -459.8871199648171 -141.99999999999977
    vertex -116.49999999998532 -466.69999999999953 -141.99999999999983
    vertex -110.72163961472037 -459.37913399502486 -141.99999999999977
  endloop
endfacet
facet normal 0.0 0.0 -1.0
  outer loop
    vertex -110.72163961472037 -459.37913399502486 -141.99999999999977
    vertex -116.49999999998532 -466.69999999999953 -141.99999999999983
    vertex -111.0241352508952 -458.8288964820942 -141.99999999999977
  endloop
endfacet
facet normal 0.0 0.0 -1.0
  outer loop
    vertex -111.0241352508952 -458.8288964820942 -141.99999999999977
    vertex -116.49999999998532 -466.69999999999953 -141.99999999999983
    vertex -111.25528257225173 -458.2450850002179 -141.99999999999977
  endloop
endfacet
facet normal 0.0 0.0 -1.0
  outer loop
    vertex -111.25528257225173 -458.2450850002179 -141.99999999999977
    vertex -116.49999999998532 -466.69999999999953 -141.99999999999983
    vertex -111.41143624748598 -457.63690660513004 -141.99999999999977
  endloop
endfacet
facet normal 0.0 0.0 -1.0
  outer loop
    vertex -111.41143624748598 -457.63690660513004 -141.99999999999977
    vertex -116.49999999998532 -466.69999999999953 -141.99999999999983
    vertex -111.49013363988117 -457.01395263333825 -141.99999999999977
  endloop
endfacet
facet normal 0.0 0.0 -1.0
  outer loop
    vertex -111.49013363988117 -457.01395263333825 -141.99999999999977
    vertex -116.49999999998532 -466.69999999999953 -141.99999999999983
    vertex -111.49013364455942 -456.3860474410195 -141.99999999999977
  endloop
endfacet
facet normal 0.0 0.0 -1.0
  outer loop
    vertex 118.50000000001457 -466.6999999999997 -141.99999999999983
    vertex -106.49999999998543 -461.6999999999995 -141.99999999999977
    vertex -76.49999999998545 -461.6999999999995 -141.9999999999998
  endloop
endfacet
facet normal 0.0 0.0 -1.0
  outer loop
    vertex 118.50000000001457 -466.6999999999997 -141.99999999999983
    vertex -76.49999999998545 -461.6999999999995 -141.9999999999998
    vertex -75.87333383216394 -461.6605735065719 -141.9999999999998
  endloop
endfacet
facet normal 0.0 0.0 -1.0
  outer loop
    vertex 118.50000000001457 -466.6999999999997 -141.99999999999983
    vertex -75.87333383216394 -461.6605735065719 -141.9999999999998
    vertex -75.25655056416119 -461.5429158056427 -141.9999999999998
  endloop
endfacet
facet normal 0.0 0.0 -1.0
  outer loop
    vertex 118.50000000001457 -466.6999999999997 -141.99999999999983
    vertex -75.25655056416119 -461.5429158056427 -141.9999999999998
    vertex -74.65937723656208 -461.3488824294408 -141.9999999999998
  endloop
endfacet
facet normal 0.0 0.0 -1.0
  outer loop
    vertex 118.50000000001457 -466.6999999999997 -141.99999999999983
    vertex -74.65937723656208 -461.3488824294408 -141.9999999999998
    vertex -74.0912316294769 -461.08153340021886 -141.9999999999998
  endloop
endfacet
facet normal 0.0 0.0 -1.0
  outer loop
    vertex 118.50000000001457 -466.6999999999997 -141.99999999999983
    vertex -74.0912316294769 -461.08153340021886 -141.9999999999998
    vertex -73.5610737385231 -460.7450849718743 -141.99999999999977
  endloop
endfacet
facet normal 0.0 0.0 -1.0
  outer loop
    vertex 118.50000000001457 -466.6999999999997 -141.99999999999983
    vertex -73.5610737385231 -460.7450849718743 -141.99999999999977
    vertex -73.07726447034203 -460.3448431371066 -141.99999999999977
  endloop
endfacet
facet normal 0.0 0.0 -1.0
  outer loop
    vertex 118.50000000001457 -466.6999999999997 -141.99999999999983
    vertex -73.07726447034203 -460.3448431371066 -141.99999999999977
    vertex -72.64743378610655 -459.88711994874296 -141.99999999999977
  endloop
endfacet
facet normal 0.0 0.0 -1.0
  outer loop
    vertex 118.50000000001457 -466.6999999999997 -141.99999999999983
    vertex -72.64743378610655 -459.88711994874296 -141.99999999999977
    vertex -72.27836037247542 -459.3791339748945 -141.99999999999977
  endloop
endfacet
facet normal 0.0 0.0 -1.0
  outer loop
    vertex 118.50000000001457 -466.6999999999997 -141.99999999999983
    vertex -72.27836037247542 -459.3791339748945 -141.99999999999977
    vertex -71.9758647376554 -458.8288964578249 -141.99999999999977
  endloop
endfacet
facet normal 0.0 0.0 -1.0
  outer loop
    vertex 118.50000000001457 -466.6999999999997 -141.99999999999983
    vertex -71.9758647376554 -458.8288964578249 -141.99999999999977
    vertex -71.74471741850974 -458.2450849718743 -141.99999999999977
  endloop
endfacet
facet normal 0.0 0.0 -1.0
  outer loop
    vertex 118.50000000001457 -466.6999999999997 -141.99999999999983
    vertex -71.74471741850974 -458.2450849718743 -141.99999999999977
    vertex -71.58856374634206 -457.6369065729282 -141.99999999999977
  endloop
endfacet
facet normal 0.0 0.0 -1.0
  outer loop
    vertex 118.50000000001457 -466.6999999999997 -141.99999999999983
    vertex -71.58856374634206 -457.6369065729282 -141.99999999999977
    vertex -71.50986635784413 -457.01395259764615 -141.99999999999977
  endloop
endfacet
facet normal 0.0 0.0 -1.0
  outer loop
    vertex 118.50000000001457 -466.6999999999997 -141.99999999999983
    vertex -71.50986635784413 -457.01395259764615 -141.99999999999977
    vertex 77.87333383219308 -461.660573506572 -141.99999999999983
  endloop
endfacet
facet normal 0.0 0.0 -1.0
  outer loop
    vertex 77.87333383219308 -461.660573506572 -141.99999999999983
    vertex -71.50986635784413 -457.01395259764615 -141.99999999999977
    vertex 77.25655056419032 -461.54291580564274 -141.99999999999983
  endloop
endfacet
facet normal 0.0 0.0 -1.0
  outer loop
    vertex 77.25655056419032 -461.54291580564274 -141.99999999999983
    vertex -71.50986635784413 -457.01395259764615 -141.99999999999977
    vertex 76.6593772365912 -461.34888242944083 -141.99999999999983
  endloop
endfacet
facet normal 0.0 0.0 -1.0
  outer loop
    vertex 76.6593772365912 -461.34888242944083 -141.99999999999983
    vertex -71.50986635784413 -457.01395259764615 -141.99999999999977
    vertex -71.50986635541143 -411.3860474410193 -141.99999999999972
  endloop
endfacet
facet normal 0.0 0.0 -1.0
  outer loop
    vertex 76.6593772365912 -461.34888242944083 -141.99999999999983
    vertex -71.50986635541143 -411.3860474410193 -141.99999999999972
    vertex 76.09123162950603 -461.0815334002189 -141.99999999999983
  endloop
endfacet
facet normal 0.0 0.0 -1.0
  outer loop
    vertex 76.09123162950603 -461.0815334002189 -141.99999999999983
    vertex -71.50986635541143 -411.3860474410193 -141.99999999999972
    vertex 75.56107373855225 -460.74508497187435 -141.99999999999983
  endloop
endfacet
facet normal 0.0 0.0 -1.0
  outer loop
    vertex 75.56107373855225 -460.74508497187435 -141.99999999999983
    vertex -71.50986635541143 -411.3860474410193 -141.99999999999972
    vertex 75.07726447037115 -460.34484313710664 -141.99999999999983
  endloop
endfacet
facet normal 0.0 0.0 -1.0
  outer loop
    vertex 75.07726447037115 -460.34484313710664 -141.99999999999983
    vertex -71.50986635541143 -411.3860474410193 -141.99999999999972
    vertex 74.64743378613566 -459.8871199487431 -141.99999999999983
  endloop
endfacet
facet normal 0.0 0.0 -1.0
  outer loop
    vertex 74.64743378613566 -459.8871199487431 -141.99999999999983
    vertex -71.50986635541143 -411.3860474410193 -141.99999999999972
    vertex 74.27836037250455 -459.3791339748946 -141.99999999999983
  endloop
endfacet
facet normal 0.0 0.0 -1.0
  outer loop
    vertex 74.27836037250455 -459.3791339748946 -141.99999999999983
    vertex -71.50986635541143 -411.3860474410193 -141.99999999999972
    vertex 73.97586473768452 -458.82889645782495 -141.99999999999983
  endloop
endfacet
facet normal 0.0 0.0 -1.0
  outer loop
    vertex 73.97586473768452 -458.82889645782495 -141.99999999999983
    vertex -71.50986635541143 -411.3860474410193 -141.99999999999972
    vertex 73.74471741853884 -458.2450849718744 -141.99999999999983
  endloop
endfacet
facet normal 0.0 0.0 -1.0
  outer loop
    vertex 73.74471741853884 -458.2450849718744 -141.99999999999983
    vertex -71.50986635541143 -411.3860474410193 -141.99999999999972
    vertex 73.58856374637121 -457.63690657292824 -141.99999999999983
  endloop
endfacet
facet normal 0.0 0.0 -1.0
  outer loop
    vertex 73.58856374637121 -457.63690657292824 -141.99999999999983
    vertex -71.50986635541143 -411.3860474410193 -141.99999999999972
    vertex 73.50986635787328 -457.0139525976462 -141.99999999999983
  endloop
endfacet
facet normal 0.0 0.0 -1.0
  outer loop
    vertex 73.50986635787328 -457.0139525976462 -141.99999999999983
    vertex -71.50986635541143 -411.3860474410193 -141.99999999999972
    vertex 73.50986635544058 -411.3860474410193 -141.99999999999983
  endloop
endfacet
facet normal 0.0 0.0 -1.0
  outer loop
    vertex 73.50986635787328 -457.0139525976462 -141.99999999999983
    vertex 73.50986635544058 -411.3860474410193 -141.99999999999983
    vertex 73.50986635787328 -456.3860474023531 -141.99999999999983
  endloop
endfacet
facet normal 0.0 0.0 -1.0
  outer loop
    vertex 118.50000000001457 -466.6999999999997 -141.99999999999983
    vertex 77.87333383219308 -461.660573506572 -141.99999999999983
    vertex 78.5000000000146 -461.6999999999996 -141.99999999999983
  endloop
endfacet
facet normal 0.0 0.0 -1.0
  outer loop
    vertex 118.50000000001457 -466.6999999999997 -141.99999999999983
    vertex 78.5000000000146 -461.6999999999996 -141.99999999999983
    vertex 108.50000000001458 -461.69999999999965 -141.99999999999983
  endloop
endfacet
facet normal 0.0 0.0 -1.0
  outer loop
    vertex 118.50000000001457 -466.6999999999997 -141.99999999999983
    vertex 108.50000000001458 -461.69999999999965 -141.99999999999983
    vertex 109.12666616487937 -461.66057350694564 -141.99999999999983
  endloop
endfacet
facet normal 0.0 0.0 -1.0
  outer loop
    vertex 118.50000000001457 -466.6999999999997 -141.99999999999983
    vertex 109.12666616487937 -461.66057350694564 -141.99999999999983
    vertex 109.74344943006568 -461.5429158071252 -141.99999999999983
  endloop
endfacet
facet normal 0.0 0.0 -1.0
  outer loop
    vertex 118.50000000001457 -466.6999999999997 -141.99999999999983
    vertex 109.74344943006568 -461.5429158071252 -141.99999999999983
    vertex 110.34062275512511 -461.34888243273224 -141.99999999999983
  endloop
endfacet
facet normal 0.0 0.0 -1.0
  outer loop
    vertex 118.50000000001457 -466.6999999999997 -141.99999999999983
    vertex 110.34062275512511 -461.34888243273224 -141.99999999999983
    vertex 110.90876836007672 -461.08153340596203 -141.99999999999983
  endloop
endfacet
facet normal 0.0 0.0 -1.0
  outer loop
    vertex 118.50000000001457 -466.6999999999997 -141.99999999999983
    vertex 110.90876836007672 -461.08153340596203 -141.99999999999983
    vertex 111.43892624942163 -460.7450849806331 -141.99999999999983
  endloop
endfacet
facet normal 0.0 0.0 -1.0
  outer loop
    vertex 118.50000000001457 -466.6999999999997 -141.99999999999983
    vertex 111.43892624942163 -460.7450849806331 -141.99999999999983
    vertex 111.92273551662299 -460.34484314934735 -141.99999999999983
  endloop
endfacet
facet normal 0.0 0.0 -1.0
  outer loop
    vertex 118.50000000001457 -466.6999999999997 -141.99999999999983
    vertex 111.92273551662299 -460.34484314934735 -141.99999999999983
    vertex 112.3525662005958 -459.88711996481726 -141.99999999999983
  endloop
endfacet
facet normal 0.0 0.0 -1.0
  outer loop
    vertex 118.50000000001457 -466.6999999999997 -141.99999999999983
    vertex 112.3525662005958 -459.88711996481726 -141.99999999999983
    vertex 112.72163961474955 -459.37913399502503 -141.99999999999983
  endloop
endfacet
facet normal 0.0 0.0 -1.0
  outer loop
    vertex 118.50000000001457 -466.6999999999997 -141.99999999999983
    vertex 112.72163961474955 -459.37913399502503 -141.99999999999983
    vertex 113.02413525092433 -458.82889648209436 -141.99999999999983
  endloop
endfacet
facet normal 0.0 0.0 -1.0
  outer loop
    vertex 118.50000000001457 -466.6999999999997 -141.99999999999983
    vertex 113.02413525092433 -458.82889648209436 -141.99999999999983
    vertex 113.25528257228085 -458.24508500021807 -141.99999999999983
  endloop
endfacet
facet normal 0.0 0.0 -1.0
  outer loop
    vertex 118.50000000001457 -466.6999999999997 -141.99999999999983
    vertex 113.25528257228085 -458.24508500021807 -141.99999999999983
    vertex 113.41143624751513 -457.6369066051302 -141.99999999999983
  endloop
endfacet
facet normal 0.0 0.0 -1.0
  outer loop
    vertex 118.50000000001457 -466.6999999999997 -141.99999999999983
    vertex 113.41143624751513 -457.6369066051302 -141.99999999999983
    vertex 113.49013363991034 -457.0139526333384 -141.99999999999983
  endloop
endfacet
facet normal 0.0 0.0 -1.0
  outer loop
    vertex 118.50000000001457 -466.6999999999997 -141.99999999999983
    vertex 113.49013363991034 -457.0139526333384 -141.99999999999983
    vertex 113.4901336445886 -456.38604744101974 -141.99999999999983
  endloop
endfacet
facet normal 0.0 0.0 -1.0
  outer loop
    vertex 118.50000000001457 -466.6999999999997 -141.99999999999983
    vertex 113.4901336445886 -456.38604744101974 -141.99999999999983
    vertex 118.50000000001457 -401.6999999999994 -141.99999999999983
  endloop
endfacet
facet normal 0.0 0.0 -1.0
  outer loop
    vertex 73.50986636011883 -412.013952633338 -141.99999999999983
    vertex 73.50986635787328 -456.3860474023531 -141.99999999999983
    vertex 73.50986635544058 -411.3860474410193 -141.99999999999983
  endloop
endfacet
facet normal 0.0 0.0 -1.0
  outer loop
    vertex 73.50986635787328 -456.3860474023531 -141.99999999999983
    vertex 73.50986636011883 -412.013952633338 -141.99999999999983
    vertex 73.58856374637121 -455.763093427071 -141.99999999999983
  endloop
endfacet
facet normal 0.0 0.0 -1.0
  outer loop
    vertex 73.58856374637121 -455.763093427071 -141.99999999999983
    vertex 73.50986636011883 -412.013952633338 -141.99999999999983
    vertex 73.58856375251399 -412.6369066051298 -141.99999999999983
  endloop
endfacet
facet normal 0.0 0.0 -1.0
  outer loop
    vertex 73.58856374637121 -455.763093427071 -141.99999999999983
    vertex 73.58856375251399 -412.6369066051298 -141.99999999999983
    vertex 73.74471741853884 -455.15491502812495 -141.99999999999983
  endloop
endfacet
facet normal 0.0 0.0 -1.0
  outer loop
    vertex 73.74471741853884 -455.15491502812495 -141.99999999999983
    vertex 73.58856375251399 -412.6369066051298 -141.99999999999983
    vertex 73.74471742774827 -413.24508500021767 -141.99999999999983
  endloop
endfacet
facet normal 0.0 0.0 -1.0
  outer loop
    vertex 73.74471741853884 -455.15491502812495 -141.99999999999983
    vertex 73.74471742774827 -413.24508500021767 -141.99999999999983
    vertex 73.97586473768452 -454.5711035421743 -141.99999999999983
  endloop
endfacet
facet normal 0.0 0.0 -1.0
  outer loop
    vertex 73.97586473768452 -454.5711035421743 -141.99999999999983
    vertex 73.74471742774827 -413.24508500021767 -141.99999999999983
    vertex 73.9758647491048 -413.82889648209397 -141.99999999999983
  endloop
endfacet
facet normal 0.0 0.0 -1.0
  outer loop
    vertex 73.97586473768452 -454.5711035421743 -141.99999999999983
    vertex 73.9758647491048 -413.82889648209397 -141.99999999999983
    vertex 74.27836037250455 -454.0208660251047 -141.99999999999983
  endloop
endfacet
facet normal 0.0 0.0 -1.0
  outer loop
    vertex 74.27836037250455 -454.0208660251047 -141.99999999999983
    vertex 73.9758647491048 -413.82889648209397 -141.99999999999983
    vertex 74.27836038527963 -414.37913399502463 -141.99999999999983
  endloop
endfacet
facet normal 0.0 0.0 -1.0
  outer loop
    vertex 74.27836037250455 -454.0208660251047 -141.99999999999983
    vertex 74.27836038527963 -414.37913399502463 -141.99999999999983
    vertex 74.64743378613566 -453.5128800512562 -141.99999999999983
  endloop
endfacet
facet normal 0.0 0.0 -1.0
  outer loop
    vertex 74.64743378613566 -453.5128800512562 -141.99999999999983
    vertex 74.27836038527963 -414.37913399502463 -141.99999999999983
    vertex 74.64743379943337 -414.88711996481686 -141.99999999999983
  endloop
endfacet
facet normal 0.0 0.0 -1.0
  outer loop
    vertex 74.64743378613566 -453.5128800512562 -141.99999999999983
    vertex 74.64743379943337 -414.88711996481686 -141.99999999999983
    vertex 75.0772644703712 -453.0551568628926 -141.99999999999983
  endloop
endfacet
facet normal 0.0 0.0 -1.0
  outer loop
    vertex 75.0772644703712 -453.0551568628926 -141.99999999999983
    vertex 74.64743379943337 -414.88711996481686 -141.99999999999983
    vertex 75.07726448340613 -415.34484314934696 -141.99999999999983
  endloop
endfacet
facet normal 0.0 0.0 -1.0
  outer loop
    vertex 75.0772644703712 -453.0551568628926 -141.99999999999983
    vertex 75.07726448340613 -415.34484314934696 -141.99999999999983
    vertex 75.56107373855225 -452.6549150281249 -141.99999999999983
  endloop
endfacet
facet normal 0.0 0.0 -1.0
  outer loop
    vertex 75.56107373855225 -452.6549150281249 -141.99999999999983
    vertex 75.07726448340613 -415.34484314934696 -141.99999999999983
    vertex 75.56107375060753 -415.7450849806327 -141.99999999999983
  endloop
endfacet
facet normal 0.0 0.0 -1.0
  outer loop
    vertex 75.56107373855225 -452.6549150281249 -141.99999999999983
    vertex 75.56107375060753 -415.7450849806327 -141.99999999999983
    vertex 76.09123162950603 -452.3184665997803 -141.99999999999983
  endloop
endfacet
facet normal 0.0 0.0 -1.0
  outer loop
    vertex 76.09123162950603 -452.3184665997803 -141.99999999999983
    vertex 75.56107375060753 -415.7450849806327 -141.99999999999983
    vertex 76.0912316399524 -416.0815334059616 -141.99999999999983
  endloop
endfacet
facet normal 0.0 0.0 -1.0
  outer loop
    vertex 76.09123162950603 -452.3184665997803 -141.99999999999983
    vertex 76.0912316399524 -416.0815334059616 -141.99999999999983
    vertex 76.6593772365912 -452.0511175705584 -141.99999999999983
  endloop
endfacet
facet normal 0.0 0.0 -1.0
  outer loop
    vertex 76.6593772365912 -452.0511175705584 -141.99999999999983
    vertex 76.0912316399524 -416.0815334059616 -141.99999999999983
    vertex 76.65937724490405 -416.34888243273184 -141.99999999999983
  endloop
endfacet
facet normal 0.0 0.0 -1.0
  outer loop
    vertex 76.6593772365912 -452.0511175705584 -141.99999999999983
    vertex 76.65937724490405 -416.34888243273184 -141.99999999999983
    vertex 77.25655056419032 -451.8570841943565 -141.99999999999983
  endloop
endfacet
facet normal 0.0 0.0 -1.0
  outer loop
    vertex 77.25655056419032 -451.8570841943565 -141.99999999999983
    vertex 76.65937724490405 -416.34888243273184 -141.99999999999983
    vertex 77.25655056996354 -416.54291580712476 -141.99999999999983
  endloop
endfacet
facet normal 0.0 0.0 -1.0
  outer loop
    vertex 77.25655056419032 -451.8570841943565 -141.99999999999983
    vertex 77.25655056996354 -416.54291580712476 -141.99999999999983
    vertex 77.87333383219308 -451.7394264934273 -141.99999999999983
  endloop
endfacet
facet normal 0.0 0.0 -1.0
  outer loop
    vertex 77.87333383219308 -451.7394264934273 -141.99999999999983
    vertex 77.25655056996354 -416.54291580712476 -141.99999999999983
    vertex 77.87333383514981 -416.66057350694524 -141.99999999999983
  endloop
endfacet
facet normal 0.0 0.0 -1.0
  outer loop
    vertex 77.87333383219308 -451.7394264934273 -141.99999999999983
    vertex 77.87333383514981 -416.66057350694524 -141.99999999999983
    vertex 78.5000000000146 -451.6999999999997 -141.99999999999983
  endloop
endfacet
facet normal 0.0 0.0 -1.0
  outer loop
    vertex 78.5000000000146 -451.6999999999997 -141.99999999999983
    vertex 77.87333383514981 -416.66057350694524 -141.99999999999983
    vertex 78.5000000000146 -416.69999999999925 -141.99999999999983
  endloop
endfacet
facet normal 0.0 0.0 -1.0
  outer loop
    vertex 78.5000000000146 -451.6999999999997 -141.99999999999983
    vertex 78.5000000000146 -416.69999999999925 -141.99999999999983
    vertex 108.50000000001458 -416.69999999999925 -141.99999999999983
  endloop
endfacet
facet normal 0.0 0.0 -1.0
  outer loop
    vertex 78.5000000000146 -451.6999999999997 -141.99999999999983
    vertex 108.50000000001458 -416.69999999999925 -141.99999999999983
    vertex 108.5000000745203 -451.69999999999976 -141.99999999999983
  endloop
endfacet
facet normal 0.0 0.0 -1.0
  outer loop
    vertex 108.5000000745203 -451.69999999999976 -141.99999999999983
    vertex 108.50000000001458 -416.69999999999925 -141.99999999999983
    vertex 109.12666616487937 -416.66057350694524 -141.99999999999983
  endloop
endfacet
facet normal 0.0 0.0 -1.0
  outer loop
    vertex 108.5000000745203 -451.69999999999976 -141.99999999999983
    vertex 109.12666616487937 -416.66057350694524 -141.99999999999983
    vertex 109.12666623879758 -451.7394265023919 -141.99999999999983
  endloop
endfacet
facet normal 0.0 0.0 -1.0
  outer loop
    vertex 109.12666623879758 -451.7394265023919 -141.99999999999983
    vertex 109.12666616487937 -416.66057350694524 -141.99999999999983
    vertex 109.74344943006568 -416.54291580712476 -141.99999999999983
  endloop
endfacet
facet normal 0.0 0.0 -1.0
  outer loop
    vertex 109.12666623879758 -451.7394265023919 -141.99999999999983
    vertex 109.74344943006568 -416.54291580712476 -141.99999999999983
    vertex 109.74344950223065 -451.8570842114031 -141.99999999999983
  endloop
endfacet
facet normal 0.0 0.0 -1.0
  outer loop
    vertex 109.74344950223065 -451.8570842114031 -141.99999999999983
    vertex 109.74344943006568 -416.54291580712476 -141.99999999999983
    vertex 110.34062275512511 -416.34888243273184 -141.99999999999983
  endloop
endfacet
facet normal 0.0 0.0 -1.0
  outer loop
    vertex 109.74344950223065 -451.8570842114031 -141.99999999999983
    vertex 110.34062275512511 -416.34888243273184 -141.99999999999983
    vertex 110.34062282439878 -452.05111759469463 -141.99999999999983
  endloop
endfacet
facet normal 0.0 0.0 -1.0
  outer loop
    vertex 110.34062282439878 -452.05111759469463 -141.99999999999983
    vertex 110.34062275512511 -416.34888243273184 -141.99999999999983
    vertex 110.90876836007672 -416.0815334059616 -141.99999999999983
  endloop
endfacet
facet normal 0.0 0.0 -1.0
  outer loop
    vertex 110.34062282439878 -452.05111759469463 -141.99999999999983
    vertex 110.90876836007672 -416.0815334059616 -141.99999999999983
    vertex 110.90876842536662 -452.31846662993087 -141.99999999999983
  endloop
endfacet
facet normal 0.0 0.0 -1.0
  outer loop
    vertex 110.90876842536662 -452.31846662993087 -141.99999999999983
    vertex 110.90876836007672 -416.0815334059616 -141.99999999999983
    vertex 111.43892624942163 -415.7450849806327 -141.99999999999983
  endloop
endfacet
facet normal 0.0 0.0 -1.0
  outer loop
    vertex 110.90876842536662 -452.31846662993087 -141.99999999999983
    vertex 111.43892624942163 -415.7450849806327 -141.99999999999983
    vertex 111.43892630969803 -452.6549150631597 -141.99999999999983
  endloop
endfacet
facet normal 0.0 0.0 -1.0
  outer loop
    vertex 111.43892630969803 -452.6549150631597 -141.99999999999983
    vertex 111.43892624942163 -415.7450849806327 -141.99999999999983
    vertex 111.92273551662299 -415.34484314934696 -141.99999999999983
  endloop
endfacet
facet normal 0.0 0.0 -1.0
  outer loop
    vertex 111.43892630969803 -452.6549150631597 -141.99999999999983
    vertex 111.92273551662299 -415.34484314934696 -141.99999999999983
    vertex 111.92273557093537 -453.05515690165475 -141.99999999999983
  endloop
endfacet
facet normal 0.0 0.0 -1.0
  outer loop
    vertex 111.92273557093537 -453.05515690165475 -141.99999999999983
    vertex 111.92273551662299 -415.34484314934696 -141.99999999999983
    vertex 112.3525662005958 -414.88711996481686 -141.99999999999983
  endloop
endfacet
facet normal 0.0 0.0 -1.0
  outer loop
    vertex 111.92273557093537 -453.05515690165475 -141.99999999999983
    vertex 112.3525662005958 -414.88711996481686 -141.99999999999983
    vertex 112.35256624808756 -453.5128800925898 -141.99999999999983
  endloop
endfacet
facet normal 0.0 0.0 -1.0
  outer loop
    vertex 112.35256624808756 -453.5128800925898 -141.99999999999983
    vertex 112.3525662005958 -414.88711996481686 -141.99999999999983
    vertex 112.72163961474955 -414.37913399502463 -141.99999999999983
  endloop
endfacet
facet normal 0.0 0.0 -1.0
  outer loop
    vertex 112.35256624808756 -453.5128800925898 -141.99999999999983
    vertex 112.72163961474955 -414.37913399502463 -141.99999999999983
    vertex 112.72163965467169 -454.0208660678817 -141.99999999999983
  endloop
endfacet
facet normal 0.0 0.0 -1.0
  outer loop
    vertex 112.72163965467169 -454.0208660678817 -141.99999999999983
    vertex 112.72163961474955 -414.37913399502463 -141.99999999999983
    vertex 113.02413525092433 -413.82889648209397 -141.99999999999983
  endloop
endfacet
facet normal 0.0 0.0 -1.0
  outer loop
    vertex 112.72163965467169 -454.0208660678817 -141.99999999999983
    vertex 113.02413525092433 -413.82889648209397 -141.99999999999983
    vertex 113.02413528264736 -454.57110358531986 -141.99999999999983
  endloop
endfacet
facet normal 0.0 0.0 -1.0
  outer loop
    vertex 113.02413528264736 -454.57110358531986 -141.99999999999983
    vertex 113.02413525092433 -413.82889648209397 -141.99999999999983
    vertex 113.25528257228085 -413.24508500021767 -141.99999999999983
  endloop
endfacet
facet normal 0.0 0.0 -1.0
  outer loop
    vertex 113.02413528264736 -454.57110358531986 -141.99999999999983
    vertex 113.25528257228085 -413.24508500021767 -141.99999999999983
    vertex 113.25528259530441 -455.15491507064047 -141.99999999999983
  endloop
endfacet
facet normal 0.0 0.0 -1.0
  outer loop
    vertex 113.25528259530441 -455.15491507064047 -141.99999999999983
    vertex 113.25528257228085 -413.24508500021767 -141.99999999999983
    vertex 113.41143624751513 -412.6369066051298 -141.99999999999983
  endloop
endfacet
facet normal 0.0 0.0 -1.0
  outer loop
    vertex 113.25528259530441 -455.15491507064047 -141.99999999999983
    vertex 113.41143624751513 -412.6369066051298 -141.99999999999983
    vertex 113.41143626147608 -455.7630934680553 -141.99999999999983
  endloop
endfacet
facet normal 0.0 0.0 -1.0
  outer loop
    vertex 113.41143626147608 -455.7630934680553 -141.99999999999983
    vertex 113.41143624751513 -412.6369066051298 -141.99999999999983
    vertex 113.49013363991034 -412.013952633338 -141.99999999999983
  endloop
endfacet
facet normal 0.0 0.0 -1.0
  outer loop
    vertex 113.41143626147608 -455.7630934680553 -141.99999999999983
    vertex 113.49013363991034 -412.013952633338 -141.99999999999983
    vertex 113.4901336445886 -456.38604744101974 -141.99999999999983
  endloop
endfacet
facet normal 0.0 0.0 -1.0
  outer loop
    vertex 113.4901336445886 -456.38604744101974 -141.99999999999983
    vertex 113.49013363991034 -412.013952633338 -141.99999999999983
    vertex 113.4901336445886 -411.3860474410193 -141.99999999999983
  endloop
endfacet
facet normal -1.0 -0.0 -0.0
  outer loop
    vertex 98.50000000001478 -454.69999999999965 -132.11342195448884
    vertex 98.50000000001478 -458.69999999999965 -133.99999999999986
    vertex 98.50000000001478 -458.69999999999965 -132.11342195448884
  endloop
endfacet
facet normal -1.0 -0.0 -0.0
  outer loop
    vertex 98.50000000001478 -458.69999999999965 -133.99999999999986
    vertex 98.50000000001478 -454.69999999999965 -132.11342195448884
    vertex 98.50000000001478 -454.69999999999965 -133.99999999999986
  endloop
endfacet
facet normal 0.0 -1.0 0.0
  outer loop
    vertex 118.50000000001465 -458.69999999999965 -132.11342195448884
    vertex 98.50000000001478 -458.69999999999965 -133.99999999999986
    vertex 118.50000000001465 -458.69999999999965 -133.99999999999986
  endloop
endfacet
facet normal 0.0 -1.0 0.0
  outer loop
    vertex 98.50000000001478 -458.69999999999965 -133.99999999999986
    vertex 118.50000000001465 -458.69999999999965 -132.11342195448884
    vertex 98.50000000001478 -458.69999999999965 -132.11342195448884
  endloop
endfacet
facet normal 1.7906702433535472e-16 2.346008835480272e-15 -1.0
  outer loop
    vertex -111.4114362536289 -410.7630934270707 -139.99999999999974
    vertex -111.49013364212684 -412.0139525976458 -139.99999999999974
    vertex -111.49013364212684 -411.38604740235274 -139.99999999999974
  endloop
endfacet
facet normal 1.7906702433535472e-16 2.346008835480272e-15 -1.0
  outer loop
    vertex -111.49013364212684 -412.0139525976458 -139.99999999999974
    vertex -111.4114362536289 -410.7630934270707 -139.99999999999974
    vertex -111.41143625362893 -412.63690657292784 -139.99999999999974
  endloop
endfacet
facet normal 1.7906702433535472e-16 2.346008835480272e-15 -1.0
  outer loop
    vertex -111.41143625362893 -412.63690657292784 -139.99999999999974
    vertex -111.4114362536289 -410.7630934270707 -139.99999999999974
    vertex -111.25528258146124 -413.245084971874 -139.99999999999974
  endloop
endfacet
facet normal 1.7906702433535472e-16 2.346008835480272e-15 -1.0
  outer loop
    vertex -111.25528258146124 -413.245084971874 -139.99999999999974
    vertex -111.4114362536289 -410.7630934270707 -139.99999999999974
    vertex -111.25528258146123 -410.15491502812455 -139.99999999999974
  endloop
endfacet
facet normal 1.7906702433535472e-16 2.346008835480272e-15 -1.0
  outer loop
    vertex -111.25528258146124 -413.245084971874 -139.99999999999974
    vertex -111.25528258146123 -410.15491502812455 -139.99999999999974
    vertex -111.0241352623156 -413.82889645782467 -139.99999999999974
  endloop
endfacet
facet normal 1.7906702433535472e-16 2.346008835480272e-15 -1.0
  outer loop
    vertex -111.0241352623156 -413.82889645782467 -139.99999999999974
    vertex -111.25528258146123 -410.15491502812455 -139.99999999999974
    vertex -111.02413526231555 -409.5711035421739 -139.99999999999974
  endloop
endfacet
facet normal 1.7906702433535472e-16 2.346008835480272e-15 -1.0
  outer loop
    vertex -111.0241352623156 -413.82889645782467 -139.99999999999974
    vertex -111.02413526231555 -409.5711035421739 -139.99999999999974
    vertex -110.72163962749556 -414.3791339748943 -139.99999999999974
  endloop
endfacet
facet normal 1.7906702433535472e-16 2.346008835480272e-15 -1.0
  outer loop
    vertex -110.72163962749556 -414.3791339748943 -139.99999999999974
    vertex -111.02413526231555 -409.5711035421739 -139.99999999999974
    vertex -110.72163962749552 -409.0208660251042 -139.99999999999974
  endloop
endfacet
facet normal 1.7906702433535472e-16 2.346008835480272e-15 -1.0
  outer loop
    vertex -110.72163962749556 -414.3791339748943 -139.99999999999974
    vertex -110.72163962749552 -409.0208660251042 -139.99999999999974
    vertex -110.35256621386445 -414.88711994874274 -139.99999999999974
  endloop
endfacet
facet normal 1.7906702433535472e-16 2.346008835480272e-15 -1.0
  outer loop
    vertex -110.35256621386445 -414.88711994874274 -139.99999999999974
    vertex -110.72163962749552 -409.0208660251042 -139.99999999999974
    vertex -110.3525662138644 -408.5128800512559 -139.99999999999974
  endloop
endfacet
facet normal 1.7906702433535472e-16 2.346008835480272e-15 -1.0
  outer loop
    vertex -110.35256621386445 -414.88711994874274 -139.99999999999974
    vertex -110.3525662138644 -408.5128800512559 -139.99999999999974
    vertex -109.92273552962895 -415.34484313710635 -139.99999999999974
  endloop
endfacet
facet normal 1.7906702433535472e-16 2.346008835480272e-15 -1.0
  outer loop
    vertex -109.92273552962895 -415.34484313710635 -139.99999999999974
    vertex -110.3525662138644 -408.5128800512559 -139.99999999999974
    vertex -109.9227355296289 -408.0551568628922 -139.99999999999974
  endloop
endfacet
facet normal 1.7906702433535472e-16 2.346008835480272e-15 -1.0
  outer loop
    vertex -109.92273552962895 -415.34484313710635 -139.99999999999974
    vertex -109.9227355296289 -408.0551568628922 -139.99999999999974
    vertex -109.43892626144786 -415.74508497187406 -139.99999999999974
  endloop
endfacet
facet normal 1.7906702433535472e-16 2.346008835480272e-15 -1.0
  outer loop
    vertex -109.43892626144786 -415.74508497187406 -139.99999999999974
    vertex -109.9227355296289 -408.0551568628922 -139.99999999999974
    vertex -109.43892626144779 -407.65491502812455 -139.99999999999974
  endloop
endfacet
facet normal 1.7906702433535472e-16 2.346008835480272e-15 -1.0
  outer loop
    vertex -109.43892626144786 -415.74508497187406 -139.99999999999974
    vertex -109.43892626144779 -407.65491502812455 -139.99999999999974
    vertex -108.90876837049409 -416.08153340021863 -139.99999999999974
  endloop
endfacet
facet normal 1.7906702433535472e-16 2.346008835480272e-15 -1.0
  outer loop
    vertex -108.90876837049409 -416.08153340021863 -139.99999999999974
    vertex -109.43892626144779 -407.65491502812455 -139.99999999999974
    vertex -108.90876837049402 -407.31846659978004 -139.99999999999974
  endloop
endfacet
facet normal 1.7906702433535472e-16 2.346008835480272e-15 -1.0
  outer loop
    vertex -108.90876837049409 -416.08153340021863 -139.99999999999974
    vertex -108.90876837049402 -407.31846659978004 -139.99999999999974
    vertex -108.34062276340892 -416.34888242944055 -139.99999999999974
  endloop
endfacet
facet normal 1.7906702433535472e-16 2.346008835480272e-15 -1.0
  outer loop
    vertex -108.34062276340892 -416.34888242944055 -139.99999999999974
    vertex -108.90876837049402 -407.31846659978004 -139.99999999999974
    vertex -108.34062276340882 -407.0511175705581 -139.99999999999974
  endloop
endfacet
facet normal 1.7906702433535472e-16 2.346008835480272e-15 -1.0
  outer loop
    vertex -108.34062276340892 -416.34888242944055 -139.99999999999974
    vertex -108.34062276340882 -407.0511175705581 -139.99999999999974
    vertex -107.7434494358098 -416.54291580564245 -139.99999999999974
  endloop
endfacet
facet normal 1.7906702433535472e-16 2.346008835480272e-15 -1.0
  outer loop
    vertex -107.7434494358098 -416.54291580564245 -139.99999999999974
    vertex -108.34062276340882 -407.0511175705581 -139.99999999999974
    vertex -107.74344943580971 -406.8570841943562 -139.99999999999974
  endloop
endfacet
facet normal 1.7906702433535472e-16 2.346008835480272e-15 -1.0
  outer loop
    vertex -107.7434494358098 -416.54291580564245 -139.99999999999974
    vertex -107.74344943580971 -406.8570841943562 -139.99999999999974
    vertex -107.12666616780703 -416.66057350657167 -139.99999999999974
  endloop
endfacet
facet normal 1.7906702433535472e-16 2.346008835480272e-15 -1.0
  outer loop
    vertex -107.12666616780703 -416.66057350657167 -139.99999999999974
    vertex -107.74344943580971 -406.8570841943562 -139.99999999999974
    vertex -107.12666616780695 -406.73942649342695 -139.99999999999974
  endloop
endfacet
facet normal 1.7906702433535472e-16 2.346008835480272e-15 -1.0
  outer loop
    vertex -107.12666616780703 -416.66057350657167 -139.99999999999974
    vertex -107.12666616780695 -406.73942649342695 -139.99999999999974
    vertex -106.49999999998552 -416.69999999999925 -139.99999999999974
  endloop
endfacet
facet normal 1.7906702433535472e-16 2.346008835480272e-15 -1.0
  outer loop
    vertex -106.49999999998552 -416.69999999999925 -139.99999999999974
    vertex -107.12666616780695 -406.73942649342695 -139.99999999999974
    vertex -106.49999999998543 -406.69999999999936 -139.99999999999974
  endloop
endfacet
facet normal 1.7906702433535472e-16 2.346008835480272e-15 -1.0
  outer loop
    vertex -106.49999999998552 -416.69999999999925 -139.99999999999974
    vertex -106.49999999998543 -406.69999999999936 -139.99999999999974
    vertex -76.49999999998542 -416.69999999999925 -139.99999999999977
  endloop
endfacet
facet normal 1.7906702433535472e-16 2.346008835480272e-15 -1.0
  outer loop
    vertex -76.49999999998542 -416.69999999999925 -139.99999999999977
    vertex -106.49999999998543 -406.69999999999936 -139.99999999999974
    vertex -76.4999999254797 -406.69999999999936 -139.99999999999972
  endloop
endfacet
facet normal 1.7906702433535472e-16 2.346008835480272e-15 -1.0
  outer loop
    vertex -76.49999999998542 -416.69999999999925 -139.99999999999977
    vertex -76.4999999254797 -406.69999999999936 -139.99999999999972
    vertex -75.87333383512063 -416.66057350694524 -139.99999999999977
  endloop
endfacet
facet normal 1.7906702433535472e-16 2.346008835480272e-15 -1.0
  outer loop
    vertex -75.87333383512063 -416.66057350694524 -139.99999999999977
    vertex -76.4999999254797 -406.69999999999936 -139.99999999999972
    vertex -75.87333376120242 -406.7394265023915 -139.99999999999972
  endloop
endfacet
facet normal 1.7906702433535472e-16 2.346008835480272e-15 -1.0
  outer loop
    vertex -75.87333383512063 -416.66057350694524 -139.99999999999977
    vertex -75.87333376120242 -406.7394265023915 -139.99999999999972
    vertex -75.25655056993436 -416.54291580712476 -139.99999999999977
  endloop
endfacet
facet normal 1.7906702433535472e-16 2.346008835480272e-15 -1.0
  outer loop
    vertex -75.25655056993436 -416.54291580712476 -139.99999999999977
    vertex -75.87333376120242 -406.7394265023915 -139.99999999999972
    vertex -75.25655049776937 -406.8570842114027 -139.99999999999972
  endloop
endfacet
facet normal 1.7906702433535472e-16 2.346008835480272e-15 -1.0
  outer loop
    vertex -75.25655056993436 -416.54291580712476 -139.99999999999977
    vertex -75.25655049776937 -406.8570842114027 -139.99999999999972
    vertex -74.65937724487489 -416.34888243273184 -139.99999999999977
  endloop
endfacet
facet normal 1.7906702433535472e-16 2.346008835480272e-15 -1.0
  outer loop
    vertex -74.65937724487489 -416.34888243273184 -139.99999999999977
    vertex -75.25655049776937 -406.8570842114027 -139.99999999999972
    vertex -74.65937717560122 -407.05111759469423 -139.99999999999972
  endloop
endfacet
facet normal 1.7906702433535472e-16 2.346008835480272e-15 -1.0
  outer loop
    vertex -74.65937724487489 -416.34888243273184 -139.99999999999977
    vertex -74.65937717560122 -407.05111759469423 -139.99999999999972
    vertex -74.09123163992324 -416.0815334059616 -139.99999999999977
  endloop
endfacet
facet normal 1.7906702433535472e-16 2.346008835480272e-15 -1.0
  outer loop
    vertex -74.09123163992324 -416.0815334059616 -139.99999999999977
    vertex -74.65937717560122 -407.05111759469423 -139.99999999999972
    vertex -74.09123157463338 -407.31846662993047 -139.99999999999972
  endloop
endfacet
facet normal 1.7906702433535472e-16 2.346008835480272e-15 -1.0
  outer loop
    vertex -74.09123163992324 -416.0815334059616 -139.99999999999977
    vertex -74.09123157463338 -407.31846662993047 -139.99999999999972
    vertex -73.56107375057836 -415.7450849806327 -139.99999999999977
  endloop
endfacet
facet normal 1.7906702433535472e-16 2.346008835480272e-15 -1.0
  outer loop
    vertex -73.56107375057836 -415.7450849806327 -139.99999999999977
    vertex -74.09123157463338 -407.31846662993047 -139.99999999999972
    vertex -73.56107369030197 -407.6549150631593 -139.99999999999972
  endloop
endfacet
facet normal 1.7906702433535472e-16 2.346008835480272e-15 -1.0
  outer loop
    vertex -73.56107375057836 -415.7450849806327 -139.99999999999977
    vertex -73.56107369030197 -407.6549150631593 -139.99999999999972
    vertex -73.07726448337696 -415.34484314934696 -139.99999999999974
  endloop
endfacet
facet normal 1.7906702433535472e-16 2.346008835480272e-15 -1.0
  outer loop
    vertex -73.07726448337696 -415.34484314934696 -139.99999999999974
    vertex -73.56107369030197 -407.6549150631593 -139.99999999999972
    vertex -73.07726442906464 -408.05515690165436 -139.99999999999972
  endloop
endfacet
facet normal 1.7906702433535472e-16 2.346008835480272e-15 -1.0
  outer loop
    vertex -73.07726448337696 -415.34484314934696 -139.99999999999974
    vertex -73.07726442906464 -408.05515690165436 -139.99999999999972
    vertex -72.6474337994042 -414.88711996481686 -139.99999999999974
  endloop
endfacet
facet normal 1.7906702433535472e-16 2.346008835480272e-15 -1.0
  outer loop
    vertex -72.6474337994042 -414.88711996481686 -139.99999999999974
    vertex -73.07726442906464 -408.05515690165436 -139.99999999999972
    vertex -72.64743375191247 -408.51288009258934 -139.99999999999972
  endloop
endfacet
facet normal 1.7906702433535472e-16 2.346008835480272e-15 -1.0
  outer loop
    vertex -72.6474337994042 -414.88711996481686 -139.99999999999974
    vertex -72.64743375191247 -408.51288009258934 -139.99999999999972
    vertex -72.27836038525048 -414.37913399502463 -139.99999999999974
  endloop
endfacet
facet normal 1.7906702433535472e-16 2.346008835480272e-15 -1.0
  outer loop
    vertex -72.27836038525048 -414.37913399502463 -139.99999999999974
    vertex -72.64743375191247 -408.51288009258934 -139.99999999999972
    vertex -72.27836034532832 -409.0208660678813 -139.99999999999972
  endloop
endfacet
facet normal 1.7906702433535472e-16 2.346008835480272e-15 -1.0
  outer loop
    vertex -72.27836038525048 -414.37913399502463 -139.99999999999974
    vertex -72.27836034532832 -409.0208660678813 -139.99999999999972
    vertex -71.97586474907565 -413.82889648209397 -139.99999999999974
  endloop
endfacet
facet normal 1.7906702433535472e-16 2.346008835480272e-15 -1.0
  outer loop
    vertex -71.97586474907565 -413.82889648209397 -139.99999999999974
    vertex -72.27836034532832 -409.0208660678813 -139.99999999999972
    vertex -71.97586471735266 -409.57110358531946 -139.99999999999972
  endloop
endfacet
facet normal 1.7906702433535472e-16 2.346008835480272e-15 -1.0
  outer loop
    vertex -71.97586474907565 -413.82889648209397 -139.99999999999974
    vertex -71.97586471735266 -409.57110358531946 -139.99999999999972
    vertex -71.74471742771912 -413.24508500021767 -139.99999999999974
  endloop
endfacet
facet normal 1.7906702433535472e-16 2.346008835480272e-15 -1.0
  outer loop
    vertex -71.74471742771912 -413.24508500021767 -139.99999999999974
    vertex -71.97586471735266 -409.57110358531946 -139.99999999999972
    vertex -71.74471740469559 -410.1549150706401 -139.99999999999972
  endloop
endfacet
facet normal 1.7906702433535472e-16 2.346008835480272e-15 -1.0
  outer loop
    vertex -71.74471742771912 -413.24508500021767 -139.99999999999974
    vertex -71.74471740469559 -410.1549150706401 -139.99999999999972
    vertex -71.58856375248486 -412.6369066051298 -139.99999999999974
  endloop
endfacet
facet normal 1.7906702433535472e-16 2.346008835480272e-15 -1.0
  outer loop
    vertex -71.58856375248486 -412.6369066051298 -139.99999999999974
    vertex -71.74471740469559 -410.1549150706401 -139.99999999999972
    vertex -71.58856373852389 -410.7630934680549 -139.99999999999972
  endloop
endfacet
facet normal 1.7906702433535472e-16 2.346008835480272e-15 -1.0
  outer loop
    vertex -71.58856375248486 -412.6369066051298 -139.99999999999974
    vertex -71.58856373852389 -410.7630934680549 -139.99999999999972
    vertex -71.50986636008967 -412.013952633338 -139.99999999999974
  endloop
endfacet
facet normal 1.7906702433535472e-16 2.346008835480272e-15 -1.0
  outer loop
    vertex -71.50986636008967 -412.013952633338 -139.99999999999974
    vertex -71.58856373852389 -410.7630934680549 -139.99999999999972
    vertex -71.50986635541143 -411.3860474410193 -139.99999999999972
  endloop
endfacet
facet normal 0.0 1.0 0.0
  outer loop
    vertex 98.50000000001478 -454.69999999999965 -132.11342195448884
    vertex 118.50000000001465 -454.69999999999965 -133.99999999999986
    vertex 98.50000000001478 -454.69999999999965 -133.99999999999986
  endloop
endfacet
facet normal 0.0 1.0 0.0
  outer loop
    vertex 118.50000000001465 -454.69999999999965 -133.99999999999986
    vertex 98.50000000001478 -454.69999999999965 -132.11342195448884
    vertex 118.50000000001465 -454.69999999999965 -132.11342195448884
  endloop
endfacet
facet normal 0.0 0.0 1.0
  outer loop
    vertex 118.50000000001465 -458.69999999999965 -132.11342195448884
    vertex 98.50000000001478 -454.69999999999965 -132.11342195448884
    vertex 98.50000000001478 -458.69999999999965 -132.11342195448884
  endloop
endfacet
facet normal 0.0 0.0 1.0
  outer loop
    vertex 98.50000000001478 -454.69999999999965 -132.11342195448884
    vertex 118.50000000001465 -458.69999999999965 -132.11342195448884
    vertex 118.50000000001465 -454.69999999999965 -132.11342195448884
  endloop
endfacet
facet normal -0.06279053410359245 -0.9980267275113355 -2.352623234885413e-15
  outer loop
    vertex -75.87333376120242 -406.7394265023915 -139.99999999999972
    vertex -76.4999999254797 -406.69999999999936 -141.99999999999972
    vertex -75.87333376120242 -406.7394265023915 -141.99999999999972
  endloop
endfacet
facet normal -0.06279053410359245 -0.9980267275113355 -2.352623234885413e-15
  outer loop
    vertex -76.4999999254797 -406.69999999999936 -141.99999999999972
    vertex -75.87333376120242 -406.7394265023915 -139.99999999999972
    vertex -76.4999999254797 -406.69999999999936 -139.99999999999972
  endloop
endfacet
facet normal 1.7641776713027793e-30 -1.0 -2.346008835480272e-15
  outer loop
    vertex -76.4999999254797 -406.69999999999936 -141.99999999999972
    vertex -106.49999999998543 -406.69999999999936 -139.99999999999974
    vertex -106.49999999998543 -406.69999999999936 -141.99999999999974
  endloop
endfacet
facet normal 1.7641776713027793e-30 -1.0 -2.346008835480272e-15
  outer loop
    vertex -106.49999999998543 -406.69999999999936 -139.99999999999974
    vertex -76.4999999254797 -406.69999999999936 -141.99999999999972
    vertex -76.4999999254797 -406.69999999999936 -139.99999999999972
  endloop
endfacet
facet normal -0.4257793031603644 -0.9048270470096894 -2.1989752797067624e-15
  outer loop
    vertex -74.09123157463338 -407.31846662993047 -139.99999999999972
    vertex -74.65937717560122 -407.05111759469423 -141.99999999999972
    vertex -74.09123157463338 -407.31846662993047 -141.99999999999972
  endloop
endfacet
facet normal -0.4257793031603644 -0.9048270470096894 -2.1989752797067624e-15
  outer loop
    vertex -74.65937717560122 -407.05111759469423 -141.99999999999972
    vertex -74.09123157463338 -407.31846662993047 -139.99999999999972
    vertex -74.65937717560122 -407.05111759469423 -139.99999999999972
  endloop
endfacet
facet normal -0.5358268052958148 -0.8443279189547631 -2.0767496694939865e-15
  outer loop
    vertex -73.56107369030197 -407.6549150631593 -139.99999999999972
    vertex -74.09123157463338 -407.31846662993047 -141.99999999999972
    vertex -73.56107369030197 -407.6549150631593 -141.99999999999972
  endloop
endfacet
facet normal -0.5358268052958148 -0.8443279189547631 -2.0767496694939865e-15
  outer loop
    vertex -74.09123157463338 -407.31846662993047 -141.99999999999972
    vertex -73.56107369030197 -407.6549150631593 -139.99999999999972
    vertex -74.09123157463338 -407.31846662993047 -139.99999999999972
  endloop
endfacet
facet normal -0.3090170071296431 -0.9510565121509017 -2.2865217364827883e-15
  outer loop
    vertex -74.65937717560122 -407.05111759469423 -139.99999999999972
    vertex -75.25655049776937 -406.8570842114027 -141.99999999999972
    vertex -74.65937717560122 -407.05111759469423 -141.99999999999972
  endloop
endfacet
facet normal -0.3090170071296431 -0.9510565121509017 -2.2865217364827883e-15
  outer loop
    vertex -75.25655049776937 -406.8570842114027 -141.99999999999972
    vertex -74.65937717560122 -407.05111759469423 -139.99999999999972
    vertex -75.25655049776937 -406.8570842114027 -139.99999999999972
  endloop
endfacet
facet normal -0.18738132834467572 -0.9822872481040283 -2.3380083799143394e-15
  outer loop
    vertex -75.25655049776937 -406.8570842114027 -139.99999999999972
    vertex -75.87333376120242 -406.7394265023915 -141.99999999999972
    vertex -75.25655049776937 -406.8570842114027 -141.99999999999972
  endloop
endfacet
facet normal -0.18738132834467572 -0.9822872481040283 -2.3380083799143394e-15
  outer loop
    vertex -75.87333376120242 -406.7394265023915 -141.99999999999972
    vertex -75.25655049776937 -406.8570842114027 -139.99999999999972
    vertex -75.87333376120242 -406.7394265023915 -139.99999999999972
  endloop
endfacet
facet normal -0.9297764892892378 -0.36812454409476686 -1.0301157422374667e-15
  outer loop
    vertex -71.97586471735266 -409.57110358531946 -139.99999999999972
    vertex -71.74471740469559 -410.1549150706401 -141.99999999999972
    vertex -71.74471740469559 -410.1549150706401 -139.99999999999972
  endloop
endfacet
facet normal -0.9297764892892378 -0.36812454409476686 -1.0301157422374667e-15
  outer loop
    vertex -71.74471740469559 -410.1549150706401 -141.99999999999972
    vertex -71.97586471735266 -409.57110358531946 -139.99999999999972
    vertex -71.97586471735266 -409.57110358531946 -141.99999999999972
  endloop
endfacet
facet normal -0.9685831632779733 -0.24868987879371943 -7.568699578140954e-16
  outer loop
    vertex -71.74471740469559 -410.1549150706401 -139.99999999999972
    vertex -71.58856373852389 -410.7630934680549 -141.99999999999972
    vertex -71.58856373852389 -410.7630934680549 -139.99999999999972
  endloop
endfacet
facet normal -0.9685831632779733 -0.24868987879371943 -7.568699578140954e-16
  outer loop
    vertex -71.58856373852389 -410.7630934680549 -141.99999999999972
    vertex -71.74471740469559 -410.1549150706401 -139.99999999999972
    vertex -71.74471740469559 -410.1549150706401 -141.99999999999972
  endloop
endfacet
facet normal -0.9921147023229884 -0.12533322558112223 -4.716878821368886e-16
  outer loop
    vertex -71.58856373852389 -410.7630934680549 -139.99999999999972
    vertex -71.50986635541143 -411.3860474410193 -141.99999999999972
    vertex -71.50986635541143 -411.3860474410193 -139.99999999999972
  endloop
endfacet
facet normal -0.9921147023229884 -0.12533322558112223 -4.716878821368886e-16
  outer loop
    vertex -71.50986635541143 -411.3860474410193 -141.99999999999972
    vertex -71.58856373852389 -410.7630934680549 -139.99999999999972
    vertex -71.58856373852389 -410.7630934680549 -141.99999999999972
  endloop
endfacet
facet normal -1.0 7.4505602003541446e-09 -1.790670068562747e-16
  outer loop
    vertex -71.50986635541143 -411.3860474410193 -139.99999999999972
    vertex -71.50986636008967 -412.013952633338 -141.99999999999974
    vertex -71.50986636008967 -412.013952633338 -139.99999999999974
  endloop
endfacet
facet normal -1.0 7.4505602003541446e-09 -1.790670068562747e-16
  outer loop
    vertex -71.50986636008967 -412.013952633338 -141.99999999999974
    vertex -71.50986635541143 -411.3860474410193 -139.99999999999972
    vertex -71.50986635541143 -411.3860474410193 -141.99999999999972
  endloop
endfacet
facet normal -0.7289686349697652 -0.6845470978905085 -1.736487784251353e-15
  outer loop
    vertex -73.07726442906464 -408.05515690165436 -139.99999999999972
    vertex -72.64743375191247 -408.51288009258934 -141.99999999999972
    vertex -72.64743375191247 -408.51288009258934 -139.99999999999972
  endloop
endfacet
facet normal -0.7289686349697652 -0.6845470978905085 -1.736487784251353e-15
  outer loop
    vertex -72.64743375191247 -408.51288009258934 -141.99999999999972
    vertex -73.07726442906464 -408.05515690165436 -139.99999999999972
    vertex -73.07726442906464 -408.05515690165436 -141.99999999999972
  endloop
endfacet
facet normal -0.6374239987043069 -0.7705132353670583 -1.921772476713533e-15
  outer loop
    vertex -73.07726442906464 -408.05515690165436 -139.99999999999972
    vertex -73.56107369030197 -407.6549150631593 -141.99999999999972
    vertex -73.07726442906464 -408.05515690165436 -141.99999999999972
  endloop
endfacet
facet normal -0.6374239987043069 -0.7705132353670583 -1.921772476713533e-15
  outer loop
    vertex -73.56107369030197 -407.6549150631593 -141.99999999999972
    vertex -73.07726442906464 -408.05515690165436 -139.99999999999972
    vertex -73.56107369030197 -407.6549150631593 -139.99999999999972
  endloop
endfacet
facet normal -0.8090170005060467 -0.5877852438537391 -1.5238176423631303e-15
  outer loop
    vertex -72.64743375191247 -408.51288009258934 -139.99999999999972
    vertex -72.27836034532832 -409.0208660678813 -141.99999999999972
    vertex -72.27836034532832 -409.0208660678813 -139.99999999999972
  endloop
endfacet
facet normal -0.8090170005060467 -0.5877852438537391 -1.5238176423631303e-15
  outer loop
    vertex -72.27836034532832 -409.0208660678813 -141.99999999999972
    vertex -72.64743375191247 -408.51288009258934 -139.99999999999972
    vertex -72.64743375191247 -408.51288009258934 -141.99999999999972
  endloop
endfacet
facet normal -0.8763066847818036 -0.48175366548343423 -1.2871159861982015e-15
  outer loop
    vertex -72.27836034532832 -409.0208660678813 -139.99999999999972
    vertex -71.97586471735266 -409.57110358531946 -141.99999999999972
    vertex -71.97586471735266 -409.57110358531946 -139.99999999999972
  endloop
endfacet
facet normal -0.8763066847818036 -0.48175366548343423 -1.2871159861982015e-15
  outer loop
    vertex -71.97586471735266 -409.57110358531946 -141.99999999999972
    vertex -72.27836034532832 -409.0208660678813 -139.99999999999972
    vertex -72.27836034532832 -409.0208660678813 -141.99999999999972
  endloop
endfacet
facet normal -0.18738132834467572 -0.9822872481040283 -0.0
  outer loop
    vertex 109.74344950223065 -451.8570842114031 -139.99999999999983
    vertex 109.12666623879758 -451.7394265023919 -141.99999999999983
    vertex 109.74344950223065 -451.8570842114031 -141.99999999999983
  endloop
endfacet
facet normal -0.18738132834467572 -0.9822872481040283 -0.0
  outer loop
    vertex 109.12666623879758 -451.7394265023919 -141.99999999999983
    vertex 109.74344950223065 -451.8570842114031 -139.99999999999983
    vertex 109.12666623879758 -451.7394265023919 -139.99999999999983
  endloop
endfacet
facet normal -0.9921147004553795 0.1253332403647689 1.1637786206521388e-16
  outer loop
    vertex -71.50986636008967 -412.013952633338 -139.99999999999974
    vertex -71.58856375248486 -412.6369066051298 -141.99999999999974
    vertex -71.58856375248486 -412.6369066051298 -139.99999999999974
  endloop
endfacet
facet normal -0.9921147004553795 0.1253332403647689 1.1637786206521388e-16
  outer loop
    vertex -71.58856375248486 -412.6369066051298 -141.99999999999974
    vertex -71.50986636008967 -412.013952633338 -139.99999999999974
    vertex -71.50986636008967 -412.013952633338 -141.99999999999974
  endloop
endfacet
facet normal 0.0 0.0 -1.0
  outer loop
    vertex 73.58856374637121 -455.763093427071 -139.99999999999983
    vertex 73.50986635787328 -457.0139525976462 -139.99999999999983
    vertex 73.50986635787328 -456.3860474023531 -139.99999999999983
  endloop
endfacet
facet normal 0.0 0.0 -1.0
  outer loop
    vertex 73.50986635787328 -457.0139525976462 -139.99999999999983
    vertex 73.58856374637121 -455.763093427071 -139.99999999999983
    vertex 73.58856374637121 -457.63690657292824 -139.99999999999983
  endloop
endfacet
facet normal 0.0 0.0 -1.0
  outer loop
    vertex 73.58856374637121 -457.63690657292824 -139.99999999999983
    vertex 73.58856374637121 -455.763093427071 -139.99999999999983
    vertex 73.74471741853884 -455.15491502812495 -139.99999999999983
  endloop
endfacet
facet normal 0.0 0.0 -1.0
  outer loop
    vertex 73.58856374637121 -457.63690657292824 -139.99999999999983
    vertex 73.74471741853884 -455.15491502812495 -139.99999999999983
    vertex 73.74471741853884 -458.2450849718744 -139.99999999999983
  endloop
endfacet
facet normal 0.0 0.0 -1.0
  outer loop
    vertex 73.74471741853884 -458.2450849718744 -139.99999999999983
    vertex 73.74471741853884 -455.15491502812495 -139.99999999999983
    vertex 73.97586473768452 -454.5711035421743 -139.99999999999983
  endloop
endfacet
facet normal 0.0 0.0 -1.0
  outer loop
    vertex 73.74471741853884 -458.2450849718744 -139.99999999999983
    vertex 73.97586473768452 -454.5711035421743 -139.99999999999983
    vertex 73.97586473768452 -458.82889645782495 -139.99999999999983
  endloop
endfacet
facet normal 0.0 0.0 -1.0
  outer loop
    vertex 73.97586473768452 -458.82889645782495 -139.99999999999983
    vertex 73.97586473768452 -454.5711035421743 -139.99999999999983
    vertex 74.27836037250455 -454.0208660251047 -139.99999999999983
  endloop
endfacet
facet normal 0.0 0.0 -1.0
  outer loop
    vertex 73.97586473768452 -458.82889645782495 -139.99999999999983
    vertex 74.27836037250455 -454.0208660251047 -139.99999999999983
    vertex 74.27836037250455 -459.3791339748946 -139.99999999999983
  endloop
endfacet
facet normal 0.0 0.0 -1.0
  outer loop
    vertex 74.27836037250455 -459.3791339748946 -139.99999999999983
    vertex 74.27836037250455 -454.0208660251047 -139.99999999999983
    vertex 74.64743378613566 -453.5128800512562 -139.99999999999983
  endloop
endfacet
facet normal 0.0 0.0 -1.0
  outer loop
    vertex 74.27836037250455 -459.3791339748946 -139.99999999999983
    vertex 74.64743378613566 -453.5128800512562 -139.99999999999983
    vertex 74.64743378613566 -459.8871199487431 -139.99999999999983
  endloop
endfacet
facet normal 0.0 0.0 -1.0
  outer loop
    vertex 74.64743378613566 -459.8871199487431 -139.99999999999983
    vertex 74.64743378613566 -453.5128800512562 -139.99999999999983
    vertex 75.0772644703712 -453.0551568628926 -139.99999999999983
  endloop
endfacet
facet normal 0.0 0.0 -1.0
  outer loop
    vertex 74.64743378613566 -459.8871199487431 -139.99999999999983
    vertex 75.0772644703712 -453.0551568628926 -139.99999999999983
    vertex 75.07726447037115 -460.34484313710664 -139.99999999999983
  endloop
endfacet
facet normal 0.0 0.0 -1.0
  outer loop
    vertex 75.07726447037115 -460.34484313710664 -139.99999999999983
    vertex 75.0772644703712 -453.0551568628926 -139.99999999999983
    vertex 75.56107373855225 -460.74508497187435 -139.99999999999983
  endloop
endfacet
facet normal 0.0 0.0 -1.0
  outer loop
    vertex 75.56107373855225 -460.74508497187435 -139.99999999999983
    vertex 75.0772644703712 -453.0551568628926 -139.99999999999983
    vertex 75.56107373855225 -452.6549150281249 -139.99999999999983
  endloop
endfacet
facet normal 0.0 0.0 -1.0
  outer loop
    vertex 75.56107373855225 -460.74508497187435 -139.99999999999983
    vertex 75.56107373855225 -452.6549150281249 -139.99999999999983
    vertex 76.09123162950603 -452.3184665997803 -139.99999999999983
  endloop
endfacet
facet normal 0.0 0.0 -1.0
  outer loop
    vertex 75.56107373855225 -460.74508497187435 -139.99999999999983
    vertex 76.09123162950603 -452.3184665997803 -139.99999999999983
    vertex 76.09123162950603 -461.0815334002189 -139.99999999999983
  endloop
endfacet
facet normal 0.0 0.0 -1.0
  outer loop
    vertex 76.09123162950603 -461.0815334002189 -139.99999999999983
    vertex 76.09123162950603 -452.3184665997803 -139.99999999999983
    vertex 76.6593772365912 -452.0511175705584 -139.99999999999983
  endloop
endfacet
facet normal 0.0 0.0 -1.0
  outer loop
    vertex 76.09123162950603 -461.0815334002189 -139.99999999999983
    vertex 76.6593772365912 -452.0511175705584 -139.99999999999983
    vertex 76.6593772365912 -461.34888242944083 -139.99999999999983
  endloop
endfacet
facet normal 0.0 0.0 -1.0
  outer loop
    vertex 76.6593772365912 -461.34888242944083 -139.99999999999983
    vertex 76.6593772365912 -452.0511175705584 -139.99999999999983
    vertex 77.25655056419032 -451.8570841943565 -139.99999999999983
  endloop
endfacet
facet normal 0.0 0.0 -1.0
  outer loop
    vertex 76.6593772365912 -461.34888242944083 -139.99999999999983
    vertex 77.25655056419032 -451.8570841943565 -139.99999999999983
    vertex 77.25655056419032 -461.54291580564274 -139.99999999999983
  endloop
endfacet
facet normal 0.0 0.0 -1.0
  outer loop
    vertex 77.25655056419032 -461.54291580564274 -139.99999999999983
    vertex 77.25655056419032 -451.8570841943565 -139.99999999999983
    vertex 77.87333383219308 -451.7394264934273 -139.99999999999983
  endloop
endfacet
facet normal 0.0 0.0 -1.0
  outer loop
    vertex 77.25655056419032 -461.54291580564274 -139.99999999999983
    vertex 77.87333383219308 -451.7394264934273 -139.99999999999983
    vertex 77.87333383219308 -461.660573506572 -139.99999999999983
  endloop
endfacet
facet normal 0.0 0.0 -1.0
  outer loop
    vertex 77.87333383219308 -461.660573506572 -139.99999999999983
    vertex 77.87333383219308 -451.7394264934273 -139.99999999999983
    vertex 78.5000000000146 -451.6999999999997 -139.99999999999983
  endloop
endfacet
facet normal 0.0 0.0 -1.0
  outer loop
    vertex 77.87333383219308 -461.660573506572 -139.99999999999983
    vertex 78.5000000000146 -451.6999999999997 -139.99999999999983
    vertex 78.5000000000146 -461.6999999999996 -139.99999999999983
  endloop
endfacet
facet normal 0.0 0.0 -1.0
  outer loop
    vertex 78.5000000000146 -461.6999999999996 -139.99999999999983
    vertex 78.5000000000146 -451.6999999999997 -139.99999999999983
    vertex 108.5000000745203 -451.69999999999976 -139.99999999999983
  endloop
endfacet
facet normal 0.0 0.0 -1.0
  outer loop
    vertex 78.5000000000146 -461.6999999999996 -139.99999999999983
    vertex 108.5000000745203 -451.69999999999976 -139.99999999999983
    vertex 108.50000000001458 -461.69999999999965 -139.99999999999983
  endloop
endfacet
facet normal 0.0 0.0 -1.0
  outer loop
    vertex 108.50000000001458 -461.69999999999965 -139.99999999999983
    vertex 108.5000000745203 -451.69999999999976 -139.99999999999983
    vertex 109.12666616487937 -461.66057350694564 -139.99999999999983
  endloop
endfacet
facet normal 0.0 0.0 -1.0
  outer loop
    vertex 109.12666616487937 -461.66057350694564 -139.99999999999983
    vertex 108.5000000745203 -451.69999999999976 -139.99999999999983
    vertex 109.12666623879758 -451.7394265023919 -139.99999999999983
  endloop
endfacet
facet normal 0.0 0.0 -1.0
  outer loop
    vertex 109.12666616487937 -461.66057350694564 -139.99999999999983
    vertex 109.12666623879758 -451.7394265023919 -139.99999999999983
    vertex 109.74344943006568 -461.5429158071252 -139.99999999999983
  endloop
endfacet
facet normal 0.0 0.0 -1.0
  outer loop
    vertex 109.74344943006568 -461.5429158071252 -139.99999999999983
    vertex 109.12666623879758 -451.7394265023919 -139.99999999999983
    vertex 109.74344950223065 -451.8570842114031 -139.99999999999983
  endloop
endfacet
facet normal 0.0 0.0 -1.0
  outer loop
    vertex 109.74344943006568 -461.5429158071252 -139.99999999999983
    vertex 109.74344950223065 -451.8570842114031 -139.99999999999983
    vertex 110.34062275512511 -461.34888243273224 -139.99999999999983
  endloop
endfacet
facet normal 0.0 0.0 -1.0
  outer loop
    vertex 110.34062275512511 -461.34888243273224 -139.99999999999983
    vertex 109.74344950223065 -451.8570842114031 -139.99999999999983
    vertex 110.34062282439878 -452.05111759469463 -139.99999999999983
  endloop
endfacet
facet normal 0.0 0.0 -1.0
  outer loop
    vertex 110.34062275512511 -461.34888243273224 -139.99999999999983
    vertex 110.34062282439878 -452.05111759469463 -139.99999999999983
    vertex 110.90876836007672 -461.08153340596203 -139.99999999999983
  endloop
endfacet
facet normal 0.0 0.0 -1.0
  outer loop
    vertex 110.90876836007672 -461.08153340596203 -139.99999999999983
    vertex 110.34062282439878 -452.05111759469463 -139.99999999999983
    vertex 110.90876842536662 -452.31846662993087 -139.99999999999983
  endloop
endfacet
facet normal 0.0 0.0 -1.0
  outer loop
    vertex 110.90876836007672 -461.08153340596203 -139.99999999999983
    vertex 110.90876842536662 -452.31846662993087 -139.99999999999983
    vertex 111.43892624942163 -460.7450849806331 -139.99999999999983
  endloop
endfacet
facet normal 0.0 0.0 -1.0
  outer loop
    vertex 111.43892624942163 -460.7450849806331 -139.99999999999983
    vertex 110.90876842536662 -452.31846662993087 -139.99999999999983
    vertex 111.43892630969803 -452.6549150631597 -139.99999999999983
  endloop
endfacet
facet normal 0.0 0.0 -1.0
  outer loop
    vertex 111.43892624942163 -460.7450849806331 -139.99999999999983
    vertex 111.43892630969803 -452.6549150631597 -139.99999999999983
    vertex 111.92273551662299 -460.34484314934735 -139.99999999999983
  endloop
endfacet
facet normal 0.0 0.0 -1.0
  outer loop
    vertex 111.92273551662299 -460.34484314934735 -139.99999999999983
    vertex 111.43892630969803 -452.6549150631597 -139.99999999999983
    vertex 111.92273557093537 -453.05515690165475 -139.99999999999983
  endloop
endfacet
facet normal 0.0 0.0 -1.0
  outer loop
    vertex 111.92273551662299 -460.34484314934735 -139.99999999999983
    vertex 111.92273557093537 -453.05515690165475 -139.99999999999983
    vertex 112.3525662005958 -459.88711996481726 -139.99999999999983
  endloop
endfacet
facet normal 0.0 0.0 -1.0
  outer loop
    vertex 112.3525662005958 -459.88711996481726 -139.99999999999983
    vertex 111.92273557093537 -453.05515690165475 -139.99999999999983
    vertex 112.35256624808756 -453.5128800925898 -139.99999999999983
  endloop
endfacet
facet normal 0.0 0.0 -1.0
  outer loop
    vertex 112.3525662005958 -459.88711996481726 -139.99999999999983
    vertex 112.35256624808756 -453.5128800925898 -139.99999999999983
    vertex 112.72163961474955 -459.37913399502503 -139.99999999999983
  endloop
endfacet
facet normal 0.0 0.0 -1.0
  outer loop
    vertex 112.72163961474955 -459.37913399502503 -139.99999999999983
    vertex 112.35256624808756 -453.5128800925898 -139.99999999999983
    vertex 112.72163965467169 -454.0208660678817 -139.99999999999983
  endloop
endfacet
facet normal 0.0 0.0 -1.0
  outer loop
    vertex 112.72163961474955 -459.37913399502503 -139.99999999999983
    vertex 112.72163965467169 -454.0208660678817 -139.99999999999983
    vertex 113.02413525092433 -458.82889648209436 -139.99999999999983
  endloop
endfacet
facet normal 0.0 0.0 -1.0
  outer loop
    vertex 113.02413525092433 -458.82889648209436 -139.99999999999983
    vertex 112.72163965467169 -454.0208660678817 -139.99999999999983
    vertex 113.02413528264736 -454.57110358531986 -139.99999999999983
  endloop
endfacet
facet normal 0.0 0.0 -1.0
  outer loop
    vertex 113.02413525092433 -458.82889648209436 -139.99999999999983
    vertex 113.02413528264736 -454.57110358531986 -139.99999999999983
    vertex 113.25528257228085 -458.24508500021807 -139.99999999999983
  endloop
endfacet
facet normal 0.0 0.0 -1.0
  outer loop
    vertex 113.25528257228085 -458.24508500021807 -139.99999999999983
    vertex 113.02413528264736 -454.57110358531986 -139.99999999999983
    vertex 113.25528259530441 -455.15491507064047 -139.99999999999983
  endloop
endfacet
facet normal 0.0 0.0 -1.0
  outer loop
    vertex 113.25528257228085 -458.24508500021807 -139.99999999999983
    vertex 113.25528259530441 -455.15491507064047 -139.99999999999983
    vertex 113.41143624751513 -457.6369066051302 -139.99999999999983
  endloop
endfacet
facet normal 0.0 0.0 -1.0
  outer loop
    vertex 113.41143624751513 -457.6369066051302 -139.99999999999983
    vertex 113.25528259530441 -455.15491507064047 -139.99999999999983
    vertex 113.41143626147608 -455.7630934680553 -139.99999999999983
  endloop
endfacet
facet normal 0.0 0.0 -1.0
  outer loop
    vertex 113.41143624751513 -457.6369066051302 -139.99999999999983
    vertex 113.41143626147608 -455.7630934680553 -139.99999999999983
    vertex 113.49013363991034 -457.0139526333384 -139.99999999999983
  endloop
endfacet
facet normal 0.0 0.0 -1.0
  outer loop
    vertex 113.49013363991034 -457.0139526333384 -139.99999999999983
    vertex 113.41143626147608 -455.7630934680553 -139.99999999999983
    vertex 113.4901336445886 -456.38604744101974 -139.99999999999983
  endloop
endfacet
facet normal -3.0079642405807398e-15 -1.0 -0.0
  outer loop
    vertex 108.5000000745203 -451.69999999999976 -139.99999999999983
    vertex 78.5000000000146 -451.6999999999997 -141.99999999999983
    vertex 108.5000000745203 -451.69999999999976 -141.99999999999983
  endloop
endfacet
facet normal -3.0079642405807398e-15 -1.0 -0.0
  outer loop
    vertex 78.5000000000146 -451.6999999999997 -141.99999999999983
    vertex 108.5000000745203 -451.69999999999976 -139.99999999999983
    vertex 78.5000000000146 -451.6999999999997 -139.99999999999983
  endloop
endfacet
facet normal -0.06279053410359245 -0.9980267275113355 -0.0
  outer loop
    vertex 109.12666623879758 -451.7394265023919 -139.99999999999983
    vertex 108.5000000745203 -451.69999999999976 -141.99999999999983
    vertex 109.12666623879758 -451.7394265023919 -141.99999999999983
  endloop
endfacet
facet normal -0.06279053410359245 -0.9980267275113355 -0.0
  outer loop
    vertex 108.5000000745203 -451.69999999999976 -141.99999999999983
    vertex 109.12666623879758 -451.7394265023919 -139.99999999999983
    vertex 108.5000000745203 -451.69999999999976 -139.99999999999983
  endloop
endfacet
facet normal -0.5358268052958148 -0.8443279189547631 -0.0
  outer loop
    vertex 111.43892630969803 -452.6549150631597 -139.99999999999983
    vertex 110.90876842536662 -452.31846662993087 -141.99999999999983
    vertex 111.43892630969803 -452.6549150631597 -141.99999999999983
  endloop
endfacet
facet normal -0.5358268052958148 -0.8443279189547631 -0.0
  outer loop
    vertex 110.90876842536662 -452.31846662993087 -141.99999999999983
    vertex 111.43892630969803 -452.6549150631597 -139.99999999999983
    vertex 110.90876842536662 -452.31846662993087 -139.99999999999983
  endloop
endfacet
facet normal 0.8090169943749563 0.5877852522924613 0.0
  outer loop
    vertex 74.27836037250455 -459.3791339748946 -141.99999999999983
    vertex 74.64743378613566 -459.8871199487431 -139.99999999999983
    vertex 74.64743378613566 -459.8871199487431 -141.99999999999983
  endloop
endfacet
facet normal 0.8090169943749563 0.5877852522924613 0.0
  outer loop
    vertex 74.64743378613566 -459.8871199487431 -139.99999999999983
    vertex 74.27836037250455 -459.3791339748946 -141.99999999999983
    vertex 74.27836037250455 -459.3791339748946 -139.99999999999983
  endloop
endfacet
facet normal -0.5358267927143501 0.8443279269392036 0.0
  outer loop
    vertex 110.90876836007672 -461.08153340596203 -139.99999999999983
    vertex 111.43892624942163 -460.7450849806331 -141.99999999999983
    vertex 110.90876836007672 -461.08153340596203 -141.99999999999983
  endloop
endfacet
facet normal -0.5358267927143501 0.8443279269392036 0.0
  outer loop
    vertex 111.43892624942163 -460.7450849806331 -141.99999999999983
    vertex 110.90876836007672 -461.08153340596203 -139.99999999999983
    vertex 111.43892624942163 -460.7450849806331 -139.99999999999983
  endloop
endfacet
facet normal -0.42577930316037127 -0.9048270470096861 -0.0
  outer loop
    vertex 110.90876842536662 -452.31846662993087 -139.99999999999983
    vertex 110.34062282439878 -452.05111759469463 -141.99999999999983
    vertex 110.90876842536662 -452.31846662993087 -141.99999999999983
  endloop
endfacet
facet normal -0.42577930316037127 -0.9048270470096861 -0.0
  outer loop
    vertex 110.34062282439878 -452.05111759469463 -141.99999999999983
    vertex 110.90876842536662 -452.31846662993087 -139.99999999999983
    vertex 110.34062282439878 -452.05111759469463 -139.99999999999983
  endloop
endfacet
facet normal -0.8090170005060467 -0.5877852438537391 -0.0
  outer loop
    vertex 112.35256624808756 -453.5128800925898 -139.99999999999983
    vertex 112.72163965467169 -454.0208660678817 -141.99999999999983
    vertex 112.72163965467169 -454.0208660678817 -139.99999999999983
  endloop
endfacet
facet normal -0.8090170005060467 -0.5877852438537391 -0.0
  outer loop
    vertex 112.72163965467169 -454.0208660678817 -141.99999999999983
    vertex 112.35256624808756 -453.5128800925898 -139.99999999999983
    vertex 112.35256624808756 -453.5128800925898 -141.99999999999983
  endloop
endfacet
facet normal -0.6374239987043158 -0.7705132353670512 -0.0
  outer loop
    vertex 111.92273557093537 -453.05515690165475 -139.99999999999983
    vertex 111.43892630969803 -452.6549150631597 -141.99999999999983
    vertex 111.92273557093537 -453.05515690165475 -141.99999999999983
  endloop
endfacet
facet normal -0.6374239987043158 -0.7705132353670512 -0.0
  outer loop
    vertex 111.43892630969803 -452.6549150631597 -141.99999999999983
    vertex 111.92273557093537 -453.05515690165475 -139.99999999999983
    vertex 111.43892630969803 -452.6549150631597 -139.99999999999983
  endloop
endfacet
facet normal -0.3090169929578379 0.9510565167556003 0.0
  outer loop
    vertex 109.74344943006568 -461.5429158071252 -139.99999999999983
    vertex 110.34062275512511 -461.34888243273224 -141.99999999999983
    vertex 109.74344943006568 -461.5429158071252 -141.99999999999983
  endloop
endfacet
facet normal -0.3090169929578379 0.9510565167556003 0.0
  outer loop
    vertex 110.34062275512511 -461.34888243273224 -141.99999999999983
    vertex 109.74344943006568 -461.5429158071252 -139.99999999999983
    vertex 110.34062275512511 -461.34888243273224 -139.99999999999983
  endloop
endfacet
facet normal -0.6374239872228107 0.7705132448653781 0.0
  outer loop
    vertex 111.43892624942163 -460.7450849806331 -139.99999999999983
    vertex 111.92273551662299 -460.34484314934735 -141.99999999999983
    vertex 111.43892624942163 -460.7450849806331 -141.99999999999983
  endloop
endfacet
facet normal -0.6374239872228107 0.7705132448653781 0.0
  outer loop
    vertex 111.92273551662299 -460.34484314934735 -141.99999999999983
    vertex 111.43892624942163 -460.7450849806331 -139.99999999999983
    vertex 111.92273551662299 -460.34484314934735 -139.99999999999983
  endloop
endfacet
facet normal -1.0 7.4505781646361226e-09 0.0
  outer loop
    vertex 113.4901336445886 -456.38604744101974 -139.99999999999983
    vertex 113.49013363991034 -457.0139526333384 -141.99999999999983
    vertex 113.49013363991034 -457.0139526333384 -139.99999999999983
  endloop
endfacet
facet normal -1.0 7.4505781646361226e-09 0.0
  outer loop
    vertex 113.49013363991034 -457.0139526333384 -141.99999999999983
    vertex 113.4901336445886 -456.38604744101974 -139.99999999999983
    vertex 113.4901336445886 -456.38604744101974 -141.99999999999983
  endloop
endfacet
facet normal -0.809016991747321 0.5877852559090905 0.0
  outer loop
    vertex 112.72163961474955 -459.37913399502503 -139.99999999999983
    vertex 112.3525662005958 -459.88711996481726 -141.99999999999983
    vertex 112.3525662005958 -459.88711996481726 -139.99999999999983
  endloop
endfacet
facet normal -0.809016991747321 0.5877852559090905 0.0
  outer loop
    vertex 112.3525662005958 -459.88711996481726 -141.99999999999983
    vertex 112.72163961474955 -459.37913399502503 -139.99999999999983
    vertex 112.72163961474955 -459.37913399502503 -141.99999999999983
  endloop
endfacet
facet normal -0.4257792896773956 0.904827053354293 0.0
  outer loop
    vertex 110.34062275512511 -461.34888243273224 -139.99999999999983
    vertex 110.90876836007672 -461.08153340596203 -141.99999999999983
    vertex 110.34062275512511 -461.34888243273224 -141.99999999999983
  endloop
endfacet
facet normal -0.4257792896773956 0.904827053354293 0.0
  outer loop
    vertex 110.90876836007672 -461.08153340596203 -141.99999999999983
    vertex 110.34062275512511 -461.34888243273224 -139.99999999999983
    vertex 110.90876836007672 -461.08153340596203 -139.99999999999983
  endloop
endfacet
facet normal 0.0627905195292965 0.9980267284282728 0.0
  outer loop
    vertex 77.87333383219308 -461.660573506572 -139.99999999999983
    vertex 78.5000000000146 -461.6999999999996 -141.99999999999983
    vertex 77.87333383219308 -461.660573506572 -141.99999999999983
  endloop
endfacet
facet normal 0.0627905195292965 0.9980267284282728 0.0
  outer loop
    vertex 78.5000000000146 -461.6999999999996 -141.99999999999983
    vertex 77.87333383219308 -461.660573506572 -139.99999999999983
    vertex 78.5000000000146 -461.6999999999996 -139.99999999999983
  endloop
endfacet
facet normal 3.0079642480510904e-15 1.0 0.0
  outer loop
    vertex 78.5000000000146 -461.6999999999996 -139.99999999999983
    vertex 108.50000000001458 -461.69999999999965 -141.99999999999983
    vertex 78.5000000000146 -461.6999999999996 -141.99999999999983
  endloop
endfacet
facet normal 3.0079642480510904e-15 1.0 0.0
  outer loop
    vertex 108.50000000001458 -461.69999999999965 -141.99999999999983
    vertex 78.5000000000146 -461.6999999999996 -139.99999999999983
    vertex 108.50000000001458 -461.69999999999965 -139.99999999999983
  endloop
endfacet
facet normal -0.9685831632779777 -0.2486898787937026 -0.0
  outer loop
    vertex 113.25528259530441 -455.15491507064047 -139.99999999999983
    vertex 113.41143626147608 -455.7630934680553 -141.99999999999983
    vertex 113.41143626147608 -455.7630934680553 -139.99999999999983
  endloop
endfacet
facet normal -0.9685831632779777 -0.2486898787937026 -0.0
  outer loop
    vertex 113.41143626147608 -455.7630934680553 -141.99999999999983
    vertex 113.25528259530441 -455.15491507064047 -139.99999999999983
    vertex 113.25528259530441 -455.15491507064047 -141.99999999999983
  endloop
endfacet
facet normal -0.30901700712963776 -0.9510565121509034 -0.0
  outer loop
    vertex 110.34062282439878 -452.05111759469463 -139.99999999999983
    vertex 109.74344950223065 -451.8570842114031 -141.99999999999983
    vertex 110.34062282439878 -452.05111759469463 -141.99999999999983
  endloop
endfacet
facet normal -0.30901700712963776 -0.9510565121509034 -0.0
  outer loop
    vertex 109.74344950223065 -451.8570842114031 -141.99999999999983
    vertex 110.34062282439878 -452.05111759469463 -139.99999999999983
    vertex 109.74344950223065 -451.8570842114031 -139.99999999999983
  endloop
endfacet
facet normal -0.7289686349697562 -0.684547097890518 -0.0
  outer loop
    vertex 111.92273557093537 -453.05515690165475 -139.99999999999983
    vertex 112.35256624808756 -453.5128800925898 -141.99999999999983
    vertex 112.35256624808756 -453.5128800925898 -139.99999999999983
  endloop
endfacet
facet normal -0.7289686349697562 -0.684547097890518 -0.0
  outer loop
    vertex 112.35256624808756 -453.5128800925898 -141.99999999999983
    vertex 111.92273557093537 -453.05515690165475 -139.99999999999983
    vertex 111.92273557093537 -453.05515690165475 -141.99999999999983
  endloop
endfacet
facet normal -0.7289686247692834 0.6845471087529184 0.0
  outer loop
    vertex 112.3525662005958 -459.88711996481726 -139.99999999999983
    vertex 111.92273551662299 -460.34484314934735 -141.99999999999983
    vertex 111.92273551662299 -460.34484314934735 -139.99999999999983
  endloop
endfacet
facet normal -0.7289686247692834 0.6845471087529184 0.0
  outer loop
    vertex 111.92273551662299 -460.34484314934735 -141.99999999999983
    vertex 112.3525662005958 -459.88711996481726 -139.99999999999983
    vertex 112.3525662005958 -459.88711996481726 -141.99999999999983
  endloop
endfacet
facet normal 0.3090169943749429 0.9510565162951552 0.0
  outer loop
    vertex 76.6593772365912 -461.34888242944083 -139.99999999999983
    vertex 77.25655056419032 -461.54291580564274 -141.99999999999983
    vertex 76.6593772365912 -461.34888242944083 -141.99999999999983
  endloop
endfacet
facet normal 0.3090169943749429 0.9510565162951552 0.0
  outer loop
    vertex 77.25655056419032 -461.54291580564274 -141.99999999999983
    vertex 76.6593772365912 -461.34888242944083 -139.99999999999983
    vertex 77.25655056419032 -461.54291580564274 -139.99999999999983
  endloop
endfacet
facet normal -0.8763066847817961 -0.48175366548344806 -0.0
  outer loop
    vertex 112.72163965467169 -454.0208660678817 -139.99999999999983
    vertex 113.02413528264736 -454.57110358531986 -141.99999999999983
    vertex 113.02413528264736 -454.57110358531986 -139.99999999999983
  endloop
endfacet
facet normal -0.8763066847817961 -0.48175366548344806 -0.0
  outer loop
    vertex 113.02413528264736 -454.57110358531986 -141.99999999999983
    vertex 112.72163965467169 -454.0208660678817 -139.99999999999983
    vertex 112.72163965467169 -454.0208660678817 -141.99999999999983
  endloop
endfacet
facet normal 0.4257792915650564 0.9048270524660272 0.0
  outer loop
    vertex 76.09123162950603 -461.0815334002189 -139.99999999999983
    vertex 76.6593772365912 -461.34888242944083 -141.99999999999983
    vertex 76.09123162950603 -461.0815334002189 -141.99999999999983
  endloop
endfacet
facet normal 0.4257792915650564 0.9048270524660272 0.0
  outer loop
    vertex 76.6593772365912 -461.34888242944083 -141.99999999999983
    vertex 76.09123162950603 -461.0815334002189 -139.99999999999983
    vertex 76.6593772365912 -461.34888242944083 -139.99999999999983
  endloop
endfacet
facet normal -0.929776489289244 -0.36812454409475137 -0.0
  outer loop
    vertex 113.02413528264736 -454.57110358531986 -139.99999999999983
    vertex 113.25528259530441 -455.15491507064047 -141.99999999999983
    vertex 113.25528259530441 -455.15491507064047 -139.99999999999983
  endloop
endfacet
facet normal -0.929776489289244 -0.36812454409475137 -0.0
  outer loop
    vertex 113.25528259530441 -455.15491507064047 -141.99999999999983
    vertex 113.02413528264736 -454.57110358531986 -139.99999999999983
    vertex 113.02413528264736 -454.57110358531986 -141.99999999999983
  endloop
endfacet
facet normal 0.53582679497898 0.8443279255020258 0.0
  outer loop
    vertex 75.56107373855225 -460.74508497187435 -139.99999999999983
    vertex 76.09123162950603 -461.0815334002189 -141.99999999999983
    vertex 75.56107373855225 -460.74508497187435 -141.99999999999983
  endloop
endfacet
facet normal 0.53582679497898 0.8443279255020258 0.0
  outer loop
    vertex 76.09123162950603 -461.0815334002189 -141.99999999999983
    vertex 75.56107373855225 -460.74508497187435 -139.99999999999983
    vertex 76.09123162950603 -461.0815334002189 -139.99999999999983
  endloop
endfacet
facet normal -0.992114702322986 -0.1253332255811399 -0.0
  outer loop
    vertex 113.41143626147608 -455.7630934680553 -139.99999999999983
    vertex 113.4901336445886 -456.38604744101974 -141.99999999999983
    vertex 113.4901336445886 -456.38604744101974 -139.99999999999983
  endloop
endfacet
facet normal -0.992114702322986 -0.1253332255811399 -0.0
  outer loop
    vertex 113.4901336445886 -456.38604744101974 -141.99999999999983
    vertex 113.41143626147608 -455.7630934680553 -139.99999999999983
    vertex 113.41143626147608 -455.7630934680553 -141.99999999999983
  endloop
endfacet
facet normal 0.6374239897487304 0.7705132427757556 0.0
  outer loop
    vertex 75.07726447037115 -460.34484313710664 -139.99999999999983
    vertex 75.56107373855225 -460.74508497187435 -141.99999999999983
    vertex 75.07726447037115 -460.34484313710664 -141.99999999999983
  endloop
endfacet
facet normal 0.6374239897487304 0.7705132427757556 0.0
  outer loop
    vertex 75.56107373855225 -460.74508497187435 -141.99999999999983
    vertex 75.07726447037115 -460.34484313710664 -139.99999999999983
    vertex 75.56107373855225 -460.74508497187435 -139.99999999999983
  endloop
endfacet
facet normal -0.06279051923175417 0.9980267284469924 0.0
  outer loop
    vertex 108.50000000001458 -461.69999999999965 -139.99999999999983
    vertex 109.12666616487937 -461.66057350694564 -141.99999999999983
    vertex 108.50000000001458 -461.69999999999965 -141.99999999999983
  endloop
endfacet
facet normal -0.06279051923175417 0.9980267284469924 0.0
  outer loop
    vertex 109.12666616487937 -461.66057350694564 -141.99999999999983
    vertex 108.50000000001458 -461.69999999999965 -139.99999999999983
    vertex 109.12666616487937 -461.66057350694564 -139.99999999999983
  endloop
endfacet
facet normal -0.9297764838037721 0.36812455794947146 0.0
  outer loop
    vertex 113.25528257228085 -458.24508500021807 -139.99999999999983
    vertex 113.02413525092433 -458.82889648209436 -141.99999999999983
    vertex 113.02413525092433 -458.82889648209436 -139.99999999999983
  endloop
endfacet
facet normal -0.9297764838037721 0.36812455794947146 0.0
  outer loop
    vertex 113.02413525092433 -458.82889648209436 -141.99999999999983
    vertex 113.25528257228085 -458.24508500021807 -139.99999999999983
    vertex 113.25528257228085 -458.24508500021807 -141.99999999999983
  endloop
endfacet
facet normal -0.9685831595722082 0.24868989322672164 0.0
  outer loop
    vertex 113.41143624751513 -457.6369066051302 -139.99999999999983
    vertex 113.25528257228085 -458.24508500021807 -141.99999999999983
    vertex 113.25528257228085 -458.24508500021807 -139.99999999999983
  endloop
endfacet
facet normal -0.9685831595722082 0.24868989322672164 0.0
  outer loop
    vertex 113.25528257228085 -458.24508500021807 -141.99999999999983
    vertex 113.41143624751513 -457.6369066051302 -139.99999999999983
    vertex 113.41143624751513 -457.6369066051302 -141.99999999999983
  endloop
endfacet
facet normal -0.1873813137075155 0.982287250896216 0.0
  outer loop
    vertex 109.12666616487937 -461.66057350694564 -139.99999999999983
    vertex 109.74344943006568 -461.5429158071252 -141.99999999999983
    vertex 109.12666616487937 -461.66057350694564 -141.99999999999983
  endloop
endfacet
facet normal -0.1873813137075155 0.982287250896216 0.0
  outer loop
    vertex 109.74344943006568 -461.5429158071252 -141.99999999999983
    vertex 109.12666616487937 -461.66057350694564 -139.99999999999983
    vertex 109.74344943006568 -461.5429158071252 -139.99999999999983
  endloop
endfacet
facet normal -0.8763066776031272 0.4817536785413983 0.0
  outer loop
    vertex 113.02413525092433 -458.82889648209436 -139.99999999999983
    vertex 112.72163961474955 -459.37913399502503 -141.99999999999983
    vertex 112.72163961474955 -459.37913399502503 -139.99999999999983
  endloop
endfacet
facet normal -0.8763066776031272 0.4817536785413983 0.0
  outer loop
    vertex 112.72163961474955 -459.37913399502503 -141.99999999999983
    vertex 113.02413525092433 -458.82889648209436 -139.99999999999983
    vertex 113.02413525092433 -458.82889648209436 -141.99999999999983
  endloop
endfacet
facet normal -0.9921147004553795 0.1253332403647689 0.0
  outer loop
    vertex 113.49013363991034 -457.0139526333384 -139.99999999999983
    vertex 113.41143624751513 -457.6369066051302 -141.99999999999983
    vertex 113.41143624751513 -457.6369066051302 -139.99999999999983
  endloop
endfacet
facet normal -0.9921147004553795 0.1253332403647689 0.0
  outer loop
    vertex 113.41143624751513 -457.6369066051302 -141.99999999999983
    vertex 113.49013363991034 -457.0139526333384 -139.99999999999983
    vertex 113.49013363991034 -457.0139526333384 -141.99999999999983
  endloop
endfacet
facet normal 0.18738131458572332 0.9822872507286889 0.0
  outer loop
    vertex 77.25655056419032 -461.54291580564274 -139.99999999999983
    vertex 77.87333383219308 -461.660573506572 -141.99999999999983
    vertex 77.25655056419032 -461.54291580564274 -141.99999999999983
  endloop
endfacet
facet normal 0.18738131458572332 0.9822872507286889 0.0
  outer loop
    vertex 77.87333383219308 -461.660573506572 -141.99999999999983
    vertex 77.25655056419032 -461.54291580564274 -139.99999999999983
    vertex 77.87333383219308 -461.660573506572 -139.99999999999983
  endloop
endfacet
facet normal 0.7289686274213838 0.6845471059287184 0.0
  outer loop
    vertex 74.64743378613566 -459.8871199487431 -141.99999999999983
    vertex 75.07726447037115 -460.34484313710664 -139.99999999999983
    vertex 75.07726447037115 -460.34484313710664 -141.99999999999983
  endloop
endfacet
facet normal 0.7289686274213838 0.6845471059287184 0.0
  outer loop
    vertex 75.07726447037115 -460.34484313710664 -139.99999999999983
    vertex 74.64743378613566 -459.8871199487431 -141.99999999999983
    vertex 74.64743378613566 -459.8871199487431 -139.99999999999983
  endloop
endfacet
facet normal 0.3090169943749429 -0.9510565162951552 0.0
  outer loop
    vertex 77.25655056419032 -451.8570841943565 -139.99999999999983
    vertex 76.6593772365912 -452.0511175705584 -141.99999999999983
    vertex 77.25655056419032 -451.8570841943565 -141.99999999999983
  endloop
endfacet
facet normal 0.3090169943749429 -0.9510565162951552 0.0
  outer loop
    vertex 76.6593772365912 -452.0511175705584 -141.99999999999983
    vertex 77.25655056419032 -451.8570841943565 -139.99999999999983
    vertex 76.6593772365912 -452.0511175705584 -139.99999999999983
  endloop
endfacet
facet normal 0.4257792915650564 -0.9048270524660272 0.0
  outer loop
    vertex 76.6593772365912 -452.0511175705584 -139.99999999999983
    vertex 76.09123162950603 -452.3184665997803 -141.99999999999983
    vertex 76.6593772365912 -452.0511175705584 -141.99999999999983
  endloop
endfacet
facet normal 0.4257792915650564 -0.9048270524660272 0.0
  outer loop
    vertex 76.09123162950603 -452.3184665997803 -141.99999999999983
    vertex 76.6593772365912 -452.0511175705584 -139.99999999999983
    vertex 76.09123162950603 -452.3184665997803 -139.99999999999983
  endloop
endfacet
facet normal 0.9685831611286296 -0.24868988716486096 0.0
  outer loop
    vertex 73.74471741853884 -455.15491502812495 -141.99999999999983
    vertex 73.58856374637121 -455.763093427071 -139.99999999999983
    vertex 73.58856374637121 -455.763093427071 -141.99999999999983
  endloop
endfacet
facet normal 0.9685831611286296 -0.24868988716486096 0.0
  outer loop
    vertex 73.58856374637121 -455.763093427071 -139.99999999999983
    vertex 73.74471741853884 -455.15491502812495 -141.99999999999983
    vertex 73.74471741853884 -455.15491502812495 -139.99999999999983
  endloop
endfacet
facet normal 0.9297764858882437 0.3681245526846974 0.0
  outer loop
    vertex 73.74471741853884 -458.2450849718744 -141.99999999999983
    vertex 73.97586473768452 -458.82889645782495 -139.99999999999983
    vertex 73.97586473768452 -458.82889645782495 -141.99999999999983
  endloop
endfacet
facet normal 0.9297764858882437 0.3681245526846974 0.0
  outer loop
    vertex 73.97586473768452 -458.82889645782495 -139.99999999999983
    vertex 73.74471741853884 -458.2450849718744 -141.99999999999983
    vertex 73.74471741853884 -458.2450849718744 -139.99999999999983
  endloop
endfacet
facet normal 0.9921147013144761 0.12533323356431886 0.0
  outer loop
    vertex 73.50986635787328 -457.0139525976462 -141.99999999999983
    vertex 73.58856374637121 -457.63690657292824 -139.99999999999983
    vertex 73.58856374637121 -457.63690657292824 -141.99999999999983
  endloop
endfacet
facet normal 0.9921147013144761 0.12533323356431886 0.0
  outer loop
    vertex 73.58856374637121 -457.63690657292824 -139.99999999999983
    vertex 73.50986635787328 -457.0139525976462 -141.99999999999983
    vertex 73.50986635787328 -457.0139525976462 -139.99999999999983
  endloop
endfacet
facet normal 0.929776485888257 -0.3681245526846637 0.0
  outer loop
    vertex 73.97586473768452 -454.5711035421743 -141.99999999999983
    vertex 73.74471741853884 -455.15491502812495 -139.99999999999983
    vertex 73.74471741853884 -455.15491502812495 -141.99999999999983
  endloop
endfacet
facet normal 0.929776485888257 -0.3681245526846637 0.0
  outer loop
    vertex 73.74471741853884 -455.15491502812495 -139.99999999999983
    vertex 73.97586473768452 -454.5711035421743 -141.99999999999983
    vertex 73.97586473768452 -454.5711035421743 -139.99999999999983
  endloop
endfacet
facet normal 1.0 0.0 0.0
  outer loop
    vertex 73.50986635787328 -456.3860474023531 -141.99999999999983
    vertex 73.50986635787328 -457.0139525976462 -139.99999999999983
    vertex 73.50986635787328 -457.0139525976462 -141.99999999999983
  endloop
endfacet
facet normal 1.0 0.0 0.0
  outer loop
    vertex 73.50986635787328 -457.0139525976462 -139.99999999999983
    vertex 73.50986635787328 -456.3860474023531 -141.99999999999983
    vertex 73.50986635787328 -456.3860474023531 -139.99999999999983
  endloop
endfacet
facet normal 0.7289686274213748 -0.6845471059287279 0.0
  outer loop
    vertex 75.0772644703712 -453.0551568628926 -141.99999999999983
    vertex 74.64743378613566 -453.5128800512562 -139.99999999999983
    vertex 74.64743378613566 -453.5128800512562 -141.99999999999983
  endloop
endfacet
facet normal 0.7289686274213748 -0.6845471059287279 0.0
  outer loop
    vertex 74.64743378613566 -453.5128800512562 -139.99999999999983
    vertex 75.0772644703712 -453.0551568628926 -141.99999999999983
    vertex 75.0772644703712 -453.0551568628926 -139.99999999999983
  endloop
endfacet
facet normal 0.53582679497898 -0.8443279255020258 0.0
  outer loop
    vertex 76.09123162950603 -452.3184665997803 -139.99999999999983
    vertex 75.56107373855225 -452.6549150281249 -141.99999999999983
    vertex 76.09123162950603 -452.3184665997803 -141.99999999999983
  endloop
endfacet
facet normal 0.53582679497898 -0.8443279255020258 0.0
  outer loop
    vertex 75.56107373855225 -452.6549150281249 -141.99999999999983
    vertex 76.09123162950603 -452.3184665997803 -139.99999999999983
    vertex 75.56107373855225 -452.6549150281249 -139.99999999999983
  endloop
endfacet
facet normal 0.6374239897487393 -0.7705132427757484 0.0
  outer loop
    vertex 75.56107373855225 -452.6549150281249 -139.99999999999983
    vertex 75.0772644703712 -453.0551568628926 -141.99999999999983
    vertex 75.56107373855225 -452.6549150281249 -141.99999999999983
  endloop
endfacet
facet normal 0.6374239897487393 -0.7705132427757484 0.0
  outer loop
    vertex 75.0772644703712 -453.0551568628926 -141.99999999999983
    vertex 75.56107373855225 -452.6549150281249 -139.99999999999983
    vertex 75.0772644703712 -453.0551568628926 -139.99999999999983
  endloop
endfacet
facet normal 0.8090169943749563 -0.5877852522924613 0.0
  outer loop
    vertex 74.64743378613566 -453.5128800512562 -141.99999999999983
    vertex 74.27836037250455 -454.0208660251047 -139.99999999999983
    vertex 74.27836037250455 -454.0208660251047 -141.99999999999983
  endloop
endfacet
facet normal 0.8090169943749563 -0.5877852522924613 0.0
  outer loop
    vertex 74.27836037250455 -454.0208660251047 -139.99999999999983
    vertex 74.64743378613566 -453.5128800512562 -141.99999999999983
    vertex 74.64743378613566 -453.5128800512562 -139.99999999999983
  endloop
endfacet
facet normal 0.06279051952929537 -0.9980267284282729 0.0
  outer loop
    vertex 78.5000000000146 -451.6999999999997 -139.99999999999983
    vertex 77.87333383219308 -451.7394264934273 -141.99999999999983
    vertex 78.5000000000146 -451.6999999999997 -141.99999999999983
  endloop
endfacet
facet normal 0.06279051952929537 -0.9980267284282729 0.0
  outer loop
    vertex 77.87333383219308 -451.7394264934273 -141.99999999999983
    vertex 78.5000000000146 -451.6999999999997 -139.99999999999983
    vertex 77.87333383219308 -451.7394264934273 -139.99999999999983
  endloop
endfacet
facet normal 0.8763066800438737 -0.48175367410169734 0.0
  outer loop
    vertex 74.27836037250455 -454.0208660251047 -141.99999999999983
    vertex 73.97586473768452 -454.5711035421743 -139.99999999999983
    vertex 73.97586473768452 -454.5711035421743 -141.99999999999983
  endloop
endfacet
facet normal 0.8763066800438737 -0.48175367410169734 0.0
  outer loop
    vertex 73.97586473768452 -454.5711035421743 -139.99999999999983
    vertex 74.27836037250455 -454.0208660251047 -141.99999999999983
    vertex 74.27836037250455 -454.0208660251047 -139.99999999999983
  endloop
endfacet
facet normal 0.18738131458572332 -0.9822872507286889 0.0
  outer loop
    vertex 77.87333383219308 -451.7394264934273 -139.99999999999983
    vertex 77.25655056419032 -451.8570841943565 -141.99999999999983
    vertex 77.87333383219308 -451.7394264934273 -141.99999999999983
  endloop
endfacet
facet normal 0.18738131458572332 -0.9822872507286889 0.0
  outer loop
    vertex 77.25655056419032 -451.8570841943565 -141.99999999999983
    vertex 77.87333383219308 -451.7394264934273 -139.99999999999983
    vertex 77.25655056419032 -451.8570841943565 -139.99999999999983
  endloop
endfacet
facet normal 0.9921147013144761 -0.12533323356431886 0.0
  outer loop
    vertex 73.58856374637121 -455.763093427071 -141.99999999999983
    vertex 73.50986635787328 -456.3860474023531 -139.99999999999983
    vertex 73.50986635787328 -456.3860474023531 -141.99999999999983
  endloop
endfacet
facet normal 0.9921147013144761 -0.12533323356431886 0.0
  outer loop
    vertex 73.50986635787328 -456.3860474023531 -139.99999999999983
    vertex 73.58856374637121 -455.763093427071 -141.99999999999983
    vertex 73.58856374637121 -455.763093427071 -139.99999999999983
  endloop
endfacet
facet normal 0.8763066800438737 0.48175367410169734 0.0
  outer loop
    vertex 73.97586473768452 -458.82889645782495 -141.99999999999983
    vertex 74.27836037250455 -459.3791339748946 -139.99999999999983
    vertex 74.27836037250455 -459.3791339748946 -141.99999999999983
  endloop
endfacet
facet normal 0.8763066800438737 0.48175367410169734 0.0
  outer loop
    vertex 74.27836037250455 -459.3791339748946 -139.99999999999983
    vertex 73.97586473768452 -458.82889645782495 -141.99999999999983
    vertex 73.97586473768452 -458.82889645782495 -139.99999999999983
  endloop
endfacet
facet normal 0.9685831611286343 0.2486898871648432 0.0
  outer loop
    vertex 73.58856374637121 -457.63690657292824 -141.99999999999983
    vertex 73.74471741853884 -458.2450849718744 -139.99999999999983
    vertex 73.74471741853884 -458.2450849718744 -141.99999999999983
  endloop
endfacet
facet normal 0.9685831611286343 0.2486898871648432 0.0
  outer loop
    vertex 73.74471741853884 -458.2450849718744 -139.99999999999983
    vertex 73.58856374637121 -457.63690657292824 -141.99999999999983
    vertex 73.58856374637121 -457.63690657292824 -139.99999999999983
  endloop
endfacet
facet normal -0.5358267927143501 0.8443279269392036 1.8848518673115974e-15
  outer loop
    vertex -74.09123163992324 -416.0815334059616 -139.99999999999977
    vertex -73.56107375057836 -415.7450849806327 -141.99999999999977
    vertex -74.09123163992324 -416.0815334059616 -141.99999999999977
  endloop
endfacet
facet normal -0.5358267927143501 0.8443279269392036 1.8848518673115974e-15
  outer loop
    vertex -73.56107375057836 -415.7450849806327 -141.99999999999977
    vertex -74.09123163992324 -416.0815334059616 -139.99999999999977
    vertex -73.56107375057836 -415.7450849806327 -139.99999999999977
  endloop
endfacet
facet normal 0.0627905195292965 0.9980267284282728 2.3526232344267807e-15
  outer loop
    vertex -107.12666616780703 -416.66057350657167 -139.99999999999974
    vertex -106.49999999998552 -416.69999999999925 -141.99999999999974
    vertex -107.12666616780703 -416.66057350657167 -141.99999999999974
  endloop
endfacet
facet normal 0.0627905195292965 0.9980267284282728 2.3526232344267807e-15
  outer loop
    vertex -106.49999999998552 -416.69999999999925 -141.99999999999974
    vertex -107.12666616780703 -416.66057350657167 -139.99999999999974
    vertex -106.49999999998552 -416.69999999999925 -139.99999999999974
  endloop
endfacet
facet normal 0.9297764858882694 0.3681245526846327 1.0301157617803664e-15
  outer loop
    vertex -111.25528258146124 -413.245084971874 -141.99999999999974
    vertex -111.0241352623156 -413.82889645782467 -139.99999999999974
    vertex -111.0241352623156 -413.82889645782467 -141.99999999999974
  endloop
endfacet
facet normal 0.9297764858882694 0.3681245526846327 1.0301157617803664e-15
  outer loop
    vertex -111.0241352623156 -413.82889645782467 -139.99999999999974
    vertex -111.25528258146124 -413.245084971874 -141.99999999999974
    vertex -111.25528258146124 -413.245084971874 -139.99999999999974
  endloop
endfacet
facet normal 0.7289686274213927 0.6845471059287087 1.7364878017573767e-15
  outer loop
    vertex -110.35256621386445 -414.88711994874274 -141.99999999999974
    vertex -109.92273552962895 -415.34484313710635 -139.99999999999974
    vertex -109.92273552962895 -415.34484313710635 -141.99999999999974
  endloop
endfacet
facet normal 0.7289686274213927 0.6845471059287087 1.7364878017573767e-15
  outer loop
    vertex -109.92273552962895 -415.34484313710635 -139.99999999999974
    vertex -110.35256621386445 -414.88711994874274 -141.99999999999974
    vertex -110.35256621386445 -414.88711994874274 -139.99999999999974
  endloop
endfacet
facet normal -0.9297764838037721 0.36812455794947146 6.971311572549989e-16
  outer loop
    vertex -71.74471742771912 -413.24508500021767 -139.99999999999974
    vertex -71.97586474907565 -413.82889648209397 -141.99999999999974
    vertex -71.97586474907565 -413.82889648209397 -139.99999999999974
  endloop
endfacet
facet normal -0.9297764838037721 0.36812455794947146 6.971311572549989e-16
  outer loop
    vertex -71.97586474907565 -413.82889648209397 -141.99999999999974
    vertex -71.74471742771912 -413.24508500021767 -139.99999999999974
    vertex -71.74471742771912 -413.24508500021767 -141.99999999999974
  endloop
endfacet
facet normal -0.7289686247692924 0.6845471087529089 1.4754193229655265e-15
  outer loop
    vertex -72.6474337994042 -414.88711996481686 -139.99999999999974
    vertex -73.07726448337696 -415.34484314934696 -141.99999999999974
    vertex -73.07726448337696 -415.34484314934696 -139.99999999999974
  endloop
endfacet
facet normal -0.7289686247692924 0.6845471087529089 1.4754193229655265e-15
  outer loop
    vertex -73.07726448337696 -415.34484314934696 -141.99999999999974
    vertex -72.6474337994042 -414.88711996481686 -139.99999999999974
    vertex -72.6474337994042 -414.88711996481686 -141.99999999999974
  endloop
endfacet
facet normal 0.3090169943749376 0.9510565162951569 2.286521743921301e-15
  outer loop
    vertex -108.34062276340892 -416.34888242944055 -139.99999999999974
    vertex -107.7434494358098 -416.54291580564245 -141.99999999999974
    vertex -108.34062276340892 -416.34888242944055 -141.99999999999974
  endloop
endfacet
facet normal 0.3090169943749376 0.9510565162951569 2.286521743921301e-15
  outer loop
    vertex -107.7434494358098 -416.54291580564245 -141.99999999999974
    vertex -108.34062276340892 -416.34888242944055 -139.99999999999974
    vertex -107.7434494358098 -416.54291580564245 -139.99999999999974
  endloop
endfacet
facet normal -0.18738131370751884 0.9822872508962155 2.2709007553204934e-15
  outer loop
    vertex -75.87333383512063 -416.66057350694524 -139.99999999999977
    vertex -75.25655056993436 -416.54291580712476 -141.99999999999977
    vertex -75.87333383512063 -416.66057350694524 -141.99999999999977
  endloop
endfacet
facet normal -0.18738131370751884 0.9822872508962155 2.2709007553204934e-15
  outer loop
    vertex -75.25655056993436 -416.54291580712476 -141.99999999999977
    vertex -75.87333383512063 -416.66057350694524 -139.99999999999977
    vertex -75.25655056993436 -416.54291580712476 -139.99999999999977
  endloop
endfacet
facet normal -0.809016991747321 0.5877852559090905 1.2340811383788263e-15
  outer loop
    vertex -72.27836038525048 -414.37913399502463 -139.99999999999974
    vertex -72.6474337994042 -414.88711996481686 -141.99999999999974
    vertex -72.6474337994042 -414.88711996481686 -139.99999999999974
  endloop
endfacet
facet normal -0.809016991747321 0.5877852559090905 1.2340811383788263e-15
  outer loop
    vertex -72.6474337994042 -414.88711996481686 -141.99999999999974
    vertex -72.27836038525048 -414.37913399502463 -139.99999999999974
    vertex -72.27836038525048 -414.37913399502463 -141.99999999999974
  endloop
endfacet
facet normal -0.42577928967738865 0.9048270533542963 2.046489231324608e-15
  outer loop
    vertex -74.65937724487489 -416.34888243273184 -139.99999999999977
    vertex -74.09123163992324 -416.0815334059616 -141.99999999999977
    vertex -74.65937724487489 -416.34888243273184 -141.99999999999977
  endloop
endfacet
facet normal -0.42577928967738865 0.9048270533542963 2.046489231324608e-15
  outer loop
    vertex -74.09123163992324 -416.0815334059616 -141.99999999999977
    vertex -74.65937724487489 -416.34888243273184 -139.99999999999977
    vertex -74.09123163992324 -416.0815334059616 -139.99999999999977
  endloop
endfacet
facet normal -0.06279051923175417 0.9980267284469924 2.3301358115468123e-15
  outer loop
    vertex -76.49999999998542 -416.69999999999925 -139.99999999999977
    vertex -75.87333383512063 -416.66057350694524 -141.99999999999977
    vertex -76.49999999998542 -416.69999999999925 -141.99999999999977
  endloop
endfacet
facet normal -0.06279051923175417 0.9980267284469924 2.3301358115468123e-15
  outer loop
    vertex -75.87333383512063 -416.66057350694524 -141.99999999999977
    vertex -76.49999999998542 -416.69999999999925 -139.99999999999977
    vertex -75.87333383512063 -416.66057350694524 -139.99999999999977
  endloop
endfacet
facet normal 0.18738131458572002 0.9822872507286895 2.3380083836080433e-15
  outer loop
    vertex -107.7434494358098 -416.54291580564245 -139.99999999999974
    vertex -107.12666616780703 -416.66057350657167 -141.99999999999974
    vertex -107.7434494358098 -416.54291580564245 -141.99999999999974
  endloop
endfacet
facet normal 0.18738131458572002 0.9822872507286895 2.3380083836080433e-15
  outer loop
    vertex -107.12666616780703 -416.66057350657167 -141.99999999999974
    vertex -107.7434494358098 -416.54291580564245 -139.99999999999974
    vertex -107.12666616780703 -416.66057350657167 -139.99999999999974
  endloop
endfacet
facet normal 0.6374239897487216 0.7705132427757629 1.921772492490769e-15
  outer loop
    vertex -109.92273552962895 -415.34484313710635 -139.99999999999974
    vertex -109.43892626144786 -415.74508497187406 -141.99999999999974
    vertex -109.92273552962895 -415.34484313710635 -141.99999999999974
  endloop
endfacet
facet normal 0.6374239897487216 0.7705132427757629 1.921772492490769e-15
  outer loop
    vertex -109.43892626144786 -415.74508497187406 -141.99999999999974
    vertex -109.92273552962895 -415.34484313710635 -139.99999999999974
    vertex -109.43892626144786 -415.74508497187406 -139.99999999999974
  endloop
endfacet
facet normal 1.764177675684152e-30 1.0 2.346008835480272e-15
  outer loop
    vertex -106.49999999998552 -416.69999999999925 -141.99999999999974
    vertex -76.49999999998542 -416.69999999999925 -139.99999999999977
    vertex -76.49999999998542 -416.69999999999925 -141.99999999999977
  endloop
endfacet
facet normal 1.764177675684152e-30 1.0 2.346008835480272e-15
  outer loop
    vertex -76.49999999998542 -416.69999999999925 -139.99999999999977
    vertex -106.49999999998552 -416.69999999999925 -141.99999999999974
    vertex -106.49999999998552 -416.69999999999925 -139.99999999999974
  endloop
endfacet
facet normal 0.4257792915650634 0.9048270524660241 2.1989752904310357e-15
  outer loop
    vertex -108.90876837049409 -416.08153340021863 -139.99999999999974
    vertex -108.34062276340892 -416.34888242944055 -141.99999999999974
    vertex -108.90876837049409 -416.08153340021863 -141.99999999999974
  endloop
endfacet
facet normal 0.4257792915650634 0.9048270524660241 2.1989752904310357e-15
  outer loop
    vertex -108.34062276340892 -416.34888242944055 -141.99999999999974
    vertex -108.90876837049409 -416.08153340021863 -139.99999999999974
    vertex -108.34062276340892 -416.34888242944055 -139.99999999999974
  endloop
endfacet
facet normal 0.8763066800438659 0.48175367410171105 1.2871160055683465e-15
  outer loop
    vertex -111.0241352623156 -413.82889645782467 -141.99999999999974
    vertex -110.72163962749556 -414.3791339748943 -139.99999999999974
    vertex -110.72163962749556 -414.3791339748943 -141.99999999999974
  endloop
endfacet
facet normal 0.8763066800438659 0.48175367410171105 1.2871160055683465e-15
  outer loop
    vertex -110.72163962749556 -414.3791339748943 -139.99999999999974
    vertex -111.0241352623156 -413.82889645782467 -141.99999999999974
    vertex -111.0241352623156 -413.82889645782467 -139.99999999999974
  endloop
endfacet
facet normal 0.8090169943749563 0.5877852522924613 1.523817661062571e-15
  outer loop
    vertex -110.72163962749556 -414.3791339748943 -141.99999999999974
    vertex -110.35256621386445 -414.88711994874274 -139.99999999999974
    vertex -110.35256621386445 -414.88711994874274 -141.99999999999974
  endloop
endfacet
facet normal 0.8090169943749563 0.5877852522924613 1.523817661062571e-15
  outer loop
    vertex -110.35256621386445 -414.88711994874274 -139.99999999999974
    vertex -110.72163962749556 -414.3791339748943 -141.99999999999974
    vertex -110.72163962749556 -414.3791339748943 -139.99999999999974
  endloop
endfacet
facet normal -0.8763066776031272 0.4817536785413983 9.7328075721965e-16
  outer loop
    vertex -71.97586474907565 -413.82889648209397 -139.99999999999974
    vertex -72.27836038525048 -414.37913399502463 -141.99999999999974
    vertex -72.27836038525048 -414.37913399502463 -139.99999999999974
  endloop
endfacet
facet normal -0.8763066776031272 0.4817536785413983 9.7328075721965e-16
  outer loop
    vertex -72.27836038525048 -414.37913399502463 -141.99999999999974
    vertex -71.97586474907565 -413.82889648209397 -139.99999999999974
    vertex -71.97586474907565 -413.82889648209397 -141.99999999999974
  endloop
endfacet
facet normal -0.30901699295783264 0.9510565167556021 2.1758522379517156e-15
  outer loop
    vertex -75.25655056993436 -416.54291580712476 -139.99999999999977
    vertex -74.65937724487489 -416.34888243273184 -141.99999999999977
    vertex -75.25655056993436 -416.54291580712476 -141.99999999999977
  endloop
endfacet
facet normal -0.30901699295783264 0.9510565167556021 2.1758522379517156e-15
  outer loop
    vertex -74.65937724487489 -416.34888243273184 -141.99999999999977
    vertex -75.25655056993436 -416.54291580712476 -139.99999999999977
    vertex -74.65937724487489 -416.34888243273184 -139.99999999999977
  endloop
endfacet
facet normal -0.968583159572204 0.24868989322673848 4.0998738259864337e-16
  outer loop
    vertex -71.58856375248486 -412.6369066051298 -139.99999999999974
    vertex -71.74471742771912 -413.24508500021767 -141.99999999999974
    vertex -71.74471742771912 -413.24508500021767 -139.99999999999974
  endloop
endfacet
facet normal -0.968583159572204 0.24868989322673848 4.0998738259864337e-16
  outer loop
    vertex -71.74471742771912 -413.24508500021767 -141.99999999999974
    vertex -71.58856375248486 -412.6369066051298 -139.99999999999974
    vertex -71.58856375248486 -412.6369066051298 -141.99999999999974
  endloop
endfacet
facet normal 0.53582679497898 0.8443279255020258 2.0767496830065175e-15
  outer loop
    vertex -109.43892626144786 -415.74508497187406 -139.99999999999974
    vertex -108.90876837049409 -416.08153340021863 -141.99999999999974
    vertex -109.43892626144786 -415.74508497187406 -141.99999999999974
  endloop
endfacet
facet normal 0.53582679497898 0.8443279255020258 2.0767496830065175e-15
  outer loop
    vertex -108.90876837049409 -416.08153340021863 -141.99999999999974
    vertex -109.43892626144786 -415.74508497187406 -139.99999999999974
    vertex -108.90876837049409 -416.08153340021863 -139.99999999999974
  endloop
endfacet
facet normal -0.6374239872228107 0.7705132448653781 1.6934892636767854e-15
  outer loop
    vertex -73.56107375057836 -415.7450849806327 -139.99999999999977
    vertex -73.07726448337696 -415.34484314934696 -141.99999999999974
    vertex -73.56107375057836 -415.7450849806327 -141.99999999999977
  endloop
endfacet
facet normal -0.6374239872228107 0.7705132448653781 1.6934892636767854e-15
  outer loop
    vertex -73.07726448337696 -415.34484314934696 -141.99999999999974
    vertex -73.56107375057836 -415.7450849806327 -139.99999999999977
    vertex -73.07726448337696 -415.34484314934696 -139.99999999999974
  endloop
endfacet
facet normal 0.0 0.0 -1.0
  outer loop
    vertex 73.58856373855303 -410.7630934680549 -139.99999999999983
    vertex 73.50986636011883 -412.013952633338 -139.99999999999983
    vertex 73.50986635544058 -411.3860474410193 -139.99999999999983
  endloop
endfacet
facet normal 0.0 0.0 -1.0
  outer loop
    vertex 73.50986636011883 -412.013952633338 -139.99999999999983
    vertex 73.58856373855303 -410.7630934680549 -139.99999999999983
    vertex 73.58856375251399 -412.6369066051298 -139.99999999999983
  endloop
endfacet
facet normal 0.0 0.0 -1.0
  outer loop
    vertex 73.58856375251399 -412.6369066051298 -139.99999999999983
    vertex 73.58856373855303 -410.7630934680549 -139.99999999999983
    vertex 73.74471740472475 -410.1549150706401 -139.99999999999983
  endloop
endfacet
facet normal 0.0 0.0 -1.0
  outer loop
    vertex 73.58856375251399 -412.6369066051298 -139.99999999999983
    vertex 73.74471740472475 -410.1549150706401 -139.99999999999983
    vertex 73.74471742774827 -413.24508500021767 -139.99999999999983
  endloop
endfacet
facet normal 0.0 0.0 -1.0
  outer loop
    vertex 73.74471742774827 -413.24508500021767 -139.99999999999983
    vertex 73.74471740472475 -410.1549150706401 -139.99999999999983
    vertex 73.97586471738184 -409.57110358531946 -139.99999999999983
  endloop
endfacet
facet normal 0.0 0.0 -1.0
  outer loop
    vertex 73.74471742774827 -413.24508500021767 -139.99999999999983
    vertex 73.97586471738184 -409.57110358531946 -139.99999999999983
    vertex 73.9758647491048 -413.82889648209397 -139.99999999999983
  endloop
endfacet
facet normal 0.0 0.0 -1.0
  outer loop
    vertex 73.9758647491048 -413.82889648209397 -139.99999999999983
    vertex 73.97586471738184 -409.57110358531946 -139.99999999999983
    vertex 74.27836034535747 -409.0208660678813 -139.99999999999983
  endloop
endfacet
facet normal 0.0 0.0 -1.0
  outer loop
    vertex 73.9758647491048 -413.82889648209397 -139.99999999999983
    vertex 74.27836034535747 -409.0208660678813 -139.99999999999983
    vertex 74.27836038527963 -414.37913399502463 -139.99999999999983
  endloop
endfacet
facet normal 0.0 0.0 -1.0
  outer loop
    vertex 74.27836038527963 -414.37913399502463 -139.99999999999983
    vertex 74.27836034535747 -409.0208660678813 -139.99999999999983
    vertex 74.6474337519416 -408.51288009258934 -139.99999999999983
  endloop
endfacet
facet normal 0.0 0.0 -1.0
  outer loop
    vertex 74.27836038527963 -414.37913399502463 -139.99999999999983
    vertex 74.6474337519416 -408.51288009258934 -139.99999999999983
    vertex 74.64743379943337 -414.88711996481686 -139.99999999999983
  endloop
endfacet
facet normal 0.0 0.0 -1.0
  outer loop
    vertex 74.64743379943337 -414.88711996481686 -139.99999999999983
    vertex 74.6474337519416 -408.51288009258934 -139.99999999999983
    vertex 75.07726442909379 -408.05515690165436 -139.99999999999983
  endloop
endfacet
facet normal 0.0 0.0 -1.0
  outer loop
    vertex 74.64743379943337 -414.88711996481686 -139.99999999999983
    vertex 75.07726442909379 -408.05515690165436 -139.99999999999983
    vertex 75.07726448340613 -415.34484314934696 -139.99999999999983
  endloop
endfacet
facet normal 0.0 0.0 -1.0
  outer loop
    vertex 75.07726448340613 -415.34484314934696 -139.99999999999983
    vertex 75.07726442909379 -408.05515690165436 -139.99999999999983
    vertex 75.56107369033114 -407.6549150631593 -139.99999999999983
  endloop
endfacet
facet normal 0.0 0.0 -1.0
  outer loop
    vertex 75.07726448340613 -415.34484314934696 -139.99999999999983
    vertex 75.56107369033114 -407.6549150631593 -139.99999999999983
    vertex 75.56107375060753 -415.7450849806327 -139.99999999999983
  endloop
endfacet
facet normal 0.0 0.0 -1.0
  outer loop
    vertex 75.56107375060753 -415.7450849806327 -139.99999999999983
    vertex 75.56107369033114 -407.6549150631593 -139.99999999999983
    vertex 76.09123157466254 -407.31846662993047 -139.99999999999983
  endloop
endfacet
facet normal 0.0 0.0 -1.0
  outer loop
    vertex 75.56107375060753 -415.7450849806327 -139.99999999999983
    vertex 76.09123157466254 -407.31846662993047 -139.99999999999983
    vertex 76.0912316399524 -416.0815334059616 -139.99999999999983
  endloop
endfacet
facet normal 0.0 0.0 -1.0
  outer loop
    vertex 76.0912316399524 -416.0815334059616 -139.99999999999983
    vertex 76.09123157466254 -407.31846662993047 -139.99999999999983
    vertex 76.65937717563038 -407.05111759469423 -139.99999999999983
  endloop
endfacet
facet normal 0.0 0.0 -1.0
  outer loop
    vertex 76.0912316399524 -416.0815334059616 -139.99999999999983
    vertex 76.65937717563038 -407.05111759469423 -139.99999999999983
    vertex 76.65937724490405 -416.34888243273184 -139.99999999999983
  endloop
endfacet
facet normal 0.0 0.0 -1.0
  outer loop
    vertex 76.65937724490405 -416.34888243273184 -139.99999999999983
    vertex 76.65937717563038 -407.05111759469423 -139.99999999999983
    vertex 77.25655049779851 -406.8570842114027 -139.99999999999983
  endloop
endfacet
facet normal 0.0 0.0 -1.0
  outer loop
    vertex 76.65937724490405 -416.34888243273184 -139.99999999999983
    vertex 77.25655049779851 -406.8570842114027 -139.99999999999983
    vertex 77.25655056996354 -416.54291580712476 -139.99999999999983
  endloop
endfacet
facet normal 0.0 0.0 -1.0
  outer loop
    vertex 77.25655056996354 -416.54291580712476 -139.99999999999983
    vertex 77.25655049779851 -406.8570842114027 -139.99999999999983
    vertex 77.87333376123158 -406.7394265023915 -139.99999999999983
  endloop
endfacet
facet normal 0.0 0.0 -1.0
  outer loop
    vertex 77.25655056996354 -416.54291580712476 -139.99999999999983
    vertex 77.87333376123158 -406.7394265023915 -139.99999999999983
    vertex 77.87333383514981 -416.66057350694524 -139.99999999999983
  endloop
endfacet
facet normal 0.0 0.0 -1.0
  outer loop
    vertex 77.87333383514981 -416.66057350694524 -139.99999999999983
    vertex 77.87333376123158 -406.7394265023915 -139.99999999999983
    vertex 78.49999992550886 -406.69999999999936 -139.99999999999983
  endloop
endfacet
facet normal 0.0 0.0 -1.0
  outer loop
    vertex 77.87333383514981 -416.66057350694524 -139.99999999999983
    vertex 78.49999992550886 -406.69999999999936 -139.99999999999983
    vertex 78.5000000000146 -416.69999999999925 -139.99999999999983
  endloop
endfacet
facet normal 0.0 0.0 -1.0
  outer loop
    vertex 78.5000000000146 -416.69999999999925 -139.99999999999983
    vertex 78.49999992550886 -406.69999999999936 -139.99999999999983
    vertex 108.5000000745203 -406.69999999999936 -139.99999999999983
  endloop
endfacet
facet normal 0.0 0.0 -1.0
  outer loop
    vertex 78.5000000000146 -416.69999999999925 -139.99999999999983
    vertex 108.5000000745203 -406.69999999999936 -139.99999999999983
    vertex 108.50000000001458 -416.69999999999925 -139.99999999999983
  endloop
endfacet
facet normal 0.0 0.0 -1.0
  outer loop
    vertex 108.50000000001458 -416.69999999999925 -139.99999999999983
    vertex 108.5000000745203 -406.69999999999936 -139.99999999999983
    vertex 109.12666616487937 -416.66057350694524 -139.99999999999983
  endloop
endfacet
facet normal 0.0 0.0 -1.0
  outer loop
    vertex 109.12666616487937 -416.66057350694524 -139.99999999999983
    vertex 108.5000000745203 -406.69999999999936 -139.99999999999983
    vertex 109.12666623879758 -406.7394265023915 -139.99999999999983
  endloop
endfacet
facet normal 0.0 0.0 -1.0
  outer loop
    vertex 109.12666616487937 -416.66057350694524 -139.99999999999983
    vertex 109.12666623879758 -406.7394265023915 -139.99999999999983
    vertex 109.74344943006568 -416.54291580712476 -139.99999999999983
  endloop
endfacet
facet normal 0.0 0.0 -1.0
  outer loop
    vertex 109.74344943006568 -416.54291580712476 -139.99999999999983
    vertex 109.12666623879758 -406.7394265023915 -139.99999999999983
    vertex 109.74344950223065 -406.8570842114027 -139.99999999999983
  endloop
endfacet
facet normal 0.0 0.0 -1.0
  outer loop
    vertex 109.74344943006568 -416.54291580712476 -139.99999999999983
    vertex 109.74344950223065 -406.8570842114027 -139.99999999999983
    vertex 110.34062275512511 -416.34888243273184 -139.99999999999983
  endloop
endfacet
facet normal 0.0 0.0 -1.0
  outer loop
    vertex 110.34062275512511 -416.34888243273184 -139.99999999999983
    vertex 109.74344950223065 -406.8570842114027 -139.99999999999983
    vertex 110.34062282439878 -407.05111759469423 -139.99999999999983
  endloop
endfacet
facet normal 0.0 0.0 -1.0
  outer loop
    vertex 110.34062275512511 -416.34888243273184 -139.99999999999983
    vertex 110.34062282439878 -407.05111759469423 -139.99999999999983
    vertex 110.90876836007672 -416.0815334059616 -139.99999999999983
  endloop
endfacet
facet normal 0.0 0.0 -1.0
  outer loop
    vertex 110.90876836007672 -416.0815334059616 -139.99999999999983
    vertex 110.34062282439878 -407.05111759469423 -139.99999999999983
    vertex 110.90876842536662 -407.31846662993047 -139.99999999999983
  endloop
endfacet
facet normal 0.0 0.0 -1.0
  outer loop
    vertex 110.90876836007672 -416.0815334059616 -139.99999999999983
    vertex 110.90876842536662 -407.31846662993047 -139.99999999999983
    vertex 111.43892624942163 -415.7450849806327 -139.99999999999983
  endloop
endfacet
facet normal 0.0 0.0 -1.0
  outer loop
    vertex 111.43892624942163 -415.7450849806327 -139.99999999999983
    vertex 110.90876842536662 -407.31846662993047 -139.99999999999983
    vertex 111.43892630969803 -407.6549150631593 -139.99999999999983
  endloop
endfacet
facet normal 0.0 0.0 -1.0
  outer loop
    vertex 111.43892624942163 -415.7450849806327 -139.99999999999983
    vertex 111.43892630969803 -407.6549150631593 -139.99999999999983
    vertex 111.92273551662299 -415.34484314934696 -139.99999999999983
  endloop
endfacet
facet normal 0.0 0.0 -1.0
  outer loop
    vertex 111.92273551662299 -415.34484314934696 -139.99999999999983
    vertex 111.43892630969803 -407.6549150631593 -139.99999999999983
    vertex 111.92273557093537 -408.05515690165436 -139.99999999999983
  endloop
endfacet
facet normal 0.0 0.0 -1.0
  outer loop
    vertex 111.92273551662299 -415.34484314934696 -139.99999999999983
    vertex 111.92273557093537 -408.05515690165436 -139.99999999999983
    vertex 112.3525662005958 -414.88711996481686 -139.99999999999983
  endloop
endfacet
facet normal 0.0 0.0 -1.0
  outer loop
    vertex 112.3525662005958 -414.88711996481686 -139.99999999999983
    vertex 111.92273557093537 -408.05515690165436 -139.99999999999983
    vertex 112.35256624808756 -408.51288009258934 -139.99999999999983
  endloop
endfacet
facet normal 0.0 0.0 -1.0
  outer loop
    vertex 112.3525662005958 -414.88711996481686 -139.99999999999983
    vertex 112.35256624808756 -408.51288009258934 -139.99999999999983
    vertex 112.72163961474955 -414.37913399502463 -139.99999999999983
  endloop
endfacet
facet normal 0.0 0.0 -1.0
  outer loop
    vertex 112.72163961474955 -414.37913399502463 -139.99999999999983
    vertex 112.35256624808756 -408.51288009258934 -139.99999999999983
    vertex 112.72163965467169 -409.0208660678813 -139.99999999999983
  endloop
endfacet
facet normal 0.0 0.0 -1.0
  outer loop
    vertex 112.72163961474955 -414.37913399502463 -139.99999999999983
    vertex 112.72163965467169 -409.0208660678813 -139.99999999999983
    vertex 113.02413525092433 -413.82889648209397 -139.99999999999983
  endloop
endfacet
facet normal 0.0 0.0 -1.0
  outer loop
    vertex 113.02413525092433 -413.82889648209397 -139.99999999999983
    vertex 112.72163965467169 -409.0208660678813 -139.99999999999983
    vertex 113.02413528264736 -409.57110358531946 -139.99999999999983
  endloop
endfacet
facet normal 0.0 0.0 -1.0
  outer loop
    vertex 113.02413525092433 -413.82889648209397 -139.99999999999983
    vertex 113.02413528264736 -409.57110358531946 -139.99999999999983
    vertex 113.25528257228085 -413.24508500021767 -139.99999999999983
  endloop
endfacet
facet normal 0.0 0.0 -1.0
  outer loop
    vertex 113.25528257228085 -413.24508500021767 -139.99999999999983
    vertex 113.02413528264736 -409.57110358531946 -139.99999999999983
    vertex 113.25528259530441 -410.1549150706401 -139.99999999999983
  endloop
endfacet
facet normal 0.0 0.0 -1.0
  outer loop
    vertex 113.25528257228085 -413.24508500021767 -139.99999999999983
    vertex 113.25528259530441 -410.1549150706401 -139.99999999999983
    vertex 113.41143624751513 -412.6369066051298 -139.99999999999983
  endloop
endfacet
facet normal 0.0 0.0 -1.0
  outer loop
    vertex 113.41143624751513 -412.6369066051298 -139.99999999999983
    vertex 113.25528259530441 -410.1549150706401 -139.99999999999983
    vertex 113.41143626147608 -410.7630934680549 -139.99999999999983
  endloop
endfacet
facet normal 0.0 0.0 -1.0
  outer loop
    vertex 113.41143624751513 -412.6369066051298 -139.99999999999983
    vertex 113.41143626147608 -410.7630934680549 -139.99999999999983
    vertex 113.49013363991034 -412.013952633338 -139.99999999999983
  endloop
endfacet
facet normal 0.0 0.0 -1.0
  outer loop
    vertex 113.49013363991034 -412.013952633338 -139.99999999999983
    vertex 113.41143626147608 -410.7630934680549 -139.99999999999983
    vertex 113.4901336445886 -411.3860474410193 -139.99999999999983
  endloop
endfacet
facet normal -0.4257792896773956 0.904827053354293 0.0
  outer loop
    vertex 110.34062275512511 -416.34888243273184 -139.99999999999983
    vertex 110.90876836007672 -416.0815334059616 -141.99999999999983
    vertex 110.34062275512511 -416.34888243273184 -141.99999999999983
  endloop
endfacet
facet normal -0.4257792896773956 0.904827053354293 0.0
  outer loop
    vertex 110.90876836007672 -416.0815334059616 -141.99999999999983
    vertex 110.34062275512511 -416.34888243273184 -139.99999999999983
    vertex 110.90876836007672 -416.0815334059616 -139.99999999999983
  endloop
endfacet
facet normal -0.6374239872228107 0.7705132448653781 0.0
  outer loop
    vertex 111.43892624942163 -415.7450849806327 -139.99999999999983
    vertex 111.92273551662299 -415.34484314934696 -141.99999999999983
    vertex 111.43892624942163 -415.7450849806327 -141.99999999999983
  endloop
endfacet
facet normal -0.6374239872228107 0.7705132448653781 0.0
  outer loop
    vertex 111.92273551662299 -415.34484314934696 -141.99999999999983
    vertex 111.43892624942163 -415.7450849806327 -139.99999999999983
    vertex 111.92273551662299 -415.34484314934696 -139.99999999999983
  endloop
endfacet
facet normal -0.30901700712963776 -0.9510565121509034 -0.0
  outer loop
    vertex 110.34062282439878 -407.05111759469423 -139.99999999999983
    vertex 109.74344950223065 -406.8570842114027 -141.99999999999983
    vertex 110.34062282439878 -407.05111759469423 -141.99999999999983
  endloop
endfacet
facet normal -0.30901700712963776 -0.9510565121509034 -0.0
  outer loop
    vertex 109.74344950223065 -406.8570842114027 -141.99999999999983
    vertex 110.34062282439878 -407.05111759469423 -139.99999999999983
    vertex 109.74344950223065 -406.8570842114027 -139.99999999999983
  endloop
endfacet
facet normal -0.992114702322986 -0.1253332255811399 -0.0
  outer loop
    vertex 113.41143626147608 -410.7630934680549 -139.99999999999983
    vertex 113.4901336445886 -411.3860474410193 -141.99999999999983
    vertex 113.4901336445886 -411.3860474410193 -139.99999999999983
  endloop
endfacet
facet normal -0.992114702322986 -0.1253332255811399 -0.0
  outer loop
    vertex 113.4901336445886 -411.3860474410193 -141.99999999999983
    vertex 113.41143626147608 -410.7630934680549 -139.99999999999983
    vertex 113.41143626147608 -410.7630934680549 -141.99999999999983
  endloop
endfacet
facet normal -0.7289686247692834 0.6845471087529184 0.0
  outer loop
    vertex 112.3525662005958 -414.88711996481686 -139.99999999999983
    vertex 111.92273551662299 -415.34484314934696 -141.99999999999983
    vertex 111.92273551662299 -415.34484314934696 -139.99999999999983
  endloop
endfacet
facet normal -0.7289686247692834 0.6845471087529184 0.0
  outer loop
    vertex 111.92273551662299 -415.34484314934696 -141.99999999999983
    vertex 112.3525662005958 -414.88711996481686 -139.99999999999983
    vertex 112.3525662005958 -414.88711996481686 -141.99999999999983
  endloop
endfacet
facet normal -0.18738132834467572 -0.9822872481040283 -0.0
  outer loop
    vertex 109.74344950223065 -406.8570842114027 -139.99999999999983
    vertex 109.12666623879758 -406.7394265023915 -141.99999999999983
    vertex 109.74344950223065 -406.8570842114027 -141.99999999999983
  endloop
endfacet
facet normal -0.18738132834467572 -0.9822872481040283 -0.0
  outer loop
    vertex 109.12666623879758 -406.7394265023915 -141.99999999999983
    vertex 109.74344950223065 -406.8570842114027 -139.99999999999983
    vertex 109.12666623879758 -406.7394265023915 -139.99999999999983
  endloop
endfacet
facet normal -0.7289686349697562 -0.684547097890518 -0.0
  outer loop
    vertex 111.92273557093537 -408.05515690165436 -139.99999999999983
    vertex 112.35256624808756 -408.51288009258934 -141.99999999999983
    vertex 112.35256624808756 -408.51288009258934 -139.99999999999983
  endloop
endfacet
facet normal -0.7289686349697562 -0.684547097890518 -0.0
  outer loop
    vertex 112.35256624808756 -408.51288009258934 -141.99999999999983
    vertex 111.92273557093537 -408.05515690165436 -139.99999999999983
    vertex 111.92273557093537 -408.05515690165436 -141.99999999999983
  endloop
endfacet
facet normal -0.6374239987043158 -0.7705132353670512 -0.0
  outer loop
    vertex 111.92273557093537 -408.05515690165436 -139.99999999999983
    vertex 111.43892630969803 -407.6549150631593 -141.99999999999983
    vertex 111.92273557093537 -408.05515690165436 -141.99999999999983
  endloop
endfacet
facet normal -0.6374239987043158 -0.7705132353670512 -0.0
  outer loop
    vertex 111.43892630969803 -407.6549150631593 -141.99999999999983
    vertex 111.92273557093537 -408.05515690165436 -139.99999999999983
    vertex 111.43892630969803 -407.6549150631593 -139.99999999999983
  endloop
endfacet
facet normal -0.06279053410359245 -0.9980267275113355 -0.0
  outer loop
    vertex 109.12666623879758 -406.7394265023915 -139.99999999999983
    vertex 108.5000000745203 -406.69999999999936 -141.99999999999983
    vertex 109.12666623879758 -406.7394265023915 -141.99999999999983
  endloop
endfacet
facet normal -0.06279053410359245 -0.9980267275113355 -0.0
  outer loop
    vertex 108.5000000745203 -406.69999999999936 -141.99999999999983
    vertex 109.12666623879758 -406.7394265023915 -139.99999999999983
    vertex 108.5000000745203 -406.69999999999936 -139.99999999999983
  endloop
endfacet
facet normal -0.9685831595722082 0.24868989322672164 0.0
  outer loop
    vertex 113.41143624751513 -412.6369066051298 -139.99999999999983
    vertex 113.25528257228085 -413.24508500021767 -141.99999999999983
    vertex 113.25528257228085 -413.24508500021767 -139.99999999999983
  endloop
endfacet
facet normal -0.9685831595722082 0.24868989322672164 0.0
  outer loop
    vertex 113.25528257228085 -413.24508500021767 -141.99999999999983
    vertex 113.41143624751513 -412.6369066051298 -139.99999999999983
    vertex 113.41143624751513 -412.6369066051298 -141.99999999999983
  endloop
endfacet
facet normal -0.5358267927143501 0.8443279269392036 0.0
  outer loop
    vertex 110.90876836007672 -416.0815334059616 -139.99999999999983
    vertex 111.43892624942163 -415.7450849806327 -141.99999999999983
    vertex 110.90876836007672 -416.0815334059616 -141.99999999999983
  endloop
endfacet
facet normal -0.5358267927143501 0.8443279269392036 0.0
  outer loop
    vertex 111.43892624942163 -415.7450849806327 -141.99999999999983
    vertex 110.90876836007672 -416.0815334059616 -139.99999999999983
    vertex 111.43892624942163 -415.7450849806327 -139.99999999999983
  endloop
endfacet
facet normal -0.1873813137075155 0.982287250896216 0.0
  outer loop
    vertex 109.12666616487937 -416.66057350694524 -139.99999999999983
    vertex 109.74344943006568 -416.54291580712476 -141.99999999999983
    vertex 109.12666616487937 -416.66057350694524 -141.99999999999983
  endloop
endfacet
facet normal -0.1873813137075155 0.982287250896216 0.0
  outer loop
    vertex 109.74344943006568 -416.54291580712476 -141.99999999999983
    vertex 109.12666616487937 -416.66057350694524 -139.99999999999983
    vertex 109.74344943006568 -416.54291580712476 -139.99999999999983
  endloop
endfacet
facet normal -0.8763066847817961 -0.48175366548344806 -0.0
  outer loop
    vertex 112.72163965467169 -409.0208660678813 -139.99999999999983
    vertex 113.02413528264736 -409.57110358531946 -141.99999999999983
    vertex 113.02413528264736 -409.57110358531946 -139.99999999999983
  endloop
endfacet
facet normal -0.8763066847817961 -0.48175366548344806 -0.0
  outer loop
    vertex 113.02413528264736 -409.57110358531946 -141.99999999999983
    vertex 112.72163965467169 -409.0208660678813 -139.99999999999983
    vertex 112.72163965467169 -409.0208660678813 -141.99999999999983
  endloop
endfacet
facet normal -0.5358268052958148 -0.8443279189547631 -0.0
  outer loop
    vertex 111.43892630969803 -407.6549150631593 -139.99999999999983
    vertex 110.90876842536662 -407.31846662993047 -141.99999999999983
    vertex 111.43892630969803 -407.6549150631593 -141.99999999999983
  endloop
endfacet
facet normal -0.5358268052958148 -0.8443279189547631 -0.0
  outer loop
    vertex 110.90876842536662 -407.31846662993047 -141.99999999999983
    vertex 111.43892630969803 -407.6549150631593 -139.99999999999983
    vertex 110.90876842536662 -407.31846662993047 -139.99999999999983
  endloop
endfacet
facet normal -0.9921147004553795 0.1253332403647689 0.0
  outer loop
    vertex 113.49013363991034 -412.013952633338 -139.99999999999983
    vertex 113.41143624751513 -412.6369066051298 -141.99999999999983
    vertex 113.41143624751513 -412.6369066051298 -139.99999999999983
  endloop
endfacet
facet normal -0.9921147004553795 0.1253332403647689 0.0
  outer loop
    vertex 113.41143624751513 -412.6369066051298 -141.99999999999983
    vertex 113.49013363991034 -412.013952633338 -139.99999999999983
    vertex 113.49013363991034 -412.013952633338 -141.99999999999983
  endloop
endfacet
facet normal -0.9297764838037721 0.36812455794947146 0.0
  outer loop
    vertex 113.25528257228085 -413.24508500021767 -139.99999999999983
    vertex 113.02413525092433 -413.82889648209397 -141.99999999999983
    vertex 113.02413525092433 -413.82889648209397 -139.99999999999983
  endloop
endfacet
facet normal -0.9297764838037721 0.36812455794947146 0.0
  outer loop
    vertex 113.02413525092433 -413.82889648209397 -141.99999999999983
    vertex 113.25528257228085 -413.24508500021767 -139.99999999999983
    vertex 113.25528257228085 -413.24508500021767 -141.99999999999983
  endloop
endfacet
facet normal -0.42577930316037127 -0.9048270470096861 -0.0
  outer loop
    vertex 110.90876842536662 -407.31846662993047 -139.99999999999983
    vertex 110.34062282439878 -407.05111759469423 -141.99999999999983
    vertex 110.90876842536662 -407.31846662993047 -141.99999999999983
  endloop
endfacet
facet normal -0.42577930316037127 -0.9048270470096861 -0.0
  outer loop
    vertex 110.34062282439878 -407.05111759469423 -141.99999999999983
    vertex 110.90876842536662 -407.31846662993047 -139.99999999999983
    vertex 110.34062282439878 -407.05111759469423 -139.99999999999983
  endloop
endfacet
facet normal -0.06279051923175417 0.9980267284469924 0.0
  outer loop
    vertex 108.50000000001458 -416.69999999999925 -139.99999999999983
    vertex 109.12666616487937 -416.66057350694524 -141.99999999999983
    vertex 108.50000000001458 -416.69999999999925 -141.99999999999983
  endloop
endfacet
facet normal -0.06279051923175417 0.9980267284469924 0.0
  outer loop
    vertex 109.12666616487937 -416.66057350694524 -141.99999999999983
    vertex 108.50000000001458 -416.69999999999925 -139.99999999999983
    vertex 109.12666616487937 -416.66057350694524 -139.99999999999983
  endloop
endfacet
facet normal 0.06279051923175417 0.9980267284469924 0.0
  outer loop
    vertex 77.87333383514981 -416.66057350694524 -139.99999999999983
    vertex 78.5000000000146 -416.69999999999925 -141.99999999999983
    vertex 77.87333383514981 -416.66057350694524 -141.99999999999983
  endloop
endfacet
facet normal 0.06279051923175417 0.9980267284469924 0.0
  outer loop
    vertex 78.5000000000146 -416.69999999999925 -141.99999999999983
    vertex 77.87333383514981 -416.66057350694524 -139.99999999999983
    vertex 78.5000000000146 -416.69999999999925 -139.99999999999983
  endloop
endfacet
facet normal -0.9685831632779777 -0.2486898787937026 -0.0
  outer loop
    vertex 113.25528259530441 -410.1549150706401 -139.99999999999983
    vertex 113.41143626147608 -410.7630934680549 -141.99999999999983
    vertex 113.41143626147608 -410.7630934680549 -139.99999999999983
  endloop
endfacet
facet normal -0.9685831632779777 -0.2486898787937026 -0.0
  outer loop
    vertex 113.41143626147608 -410.7630934680549 -141.99999999999983
    vertex 113.25528259530441 -410.1549150706401 -139.99999999999983
    vertex 113.25528259530441 -410.1549150706401 -141.99999999999983
  endloop
endfacet
facet normal -0.3090169929578379 0.9510565167556003 0.0
  outer loop
    vertex 109.74344943006568 -416.54291580712476 -139.99999999999983
    vertex 110.34062275512511 -416.34888243273184 -141.99999999999983
    vertex 109.74344943006568 -416.54291580712476 -141.99999999999983
  endloop
endfacet
facet normal -0.3090169929578379 0.9510565167556003 0.0
  outer loop
    vertex 110.34062275512511 -416.34888243273184 -141.99999999999983
    vertex 109.74344943006568 -416.54291580712476 -139.99999999999983
    vertex 110.34062275512511 -416.34888243273184 -139.99999999999983
  endloop
endfacet
facet normal 0.18738131370751884 0.9822872508962155 0.0
  outer loop
    vertex 77.25655056996354 -416.54291580712476 -139.99999999999983
    vertex 77.87333383514981 -416.66057350694524 -141.99999999999983
    vertex 77.25655056996354 -416.54291580712476 -141.99999999999983
  endloop
endfacet
facet normal 0.18738131370751884 0.9822872508962155 0.0
  outer loop
    vertex 77.87333383514981 -416.66057350694524 -141.99999999999983
    vertex 77.25655056996354 -416.54291580712476 -139.99999999999983
    vertex 77.87333383514981 -416.66057350694524 -139.99999999999983
  endloop
endfacet
facet normal 0.0 -1.0 0.0
  outer loop
    vertex 108.5000000745203 -406.69999999999936 -139.99999999999983
    vertex 78.49999992550886 -406.69999999999936 -141.99999999999983
    vertex 108.5000000745203 -406.69999999999936 -141.99999999999983
  endloop
endfacet
facet normal 0.0 -1.0 0.0
  outer loop
    vertex 78.49999992550886 -406.69999999999936 -141.99999999999983
    vertex 108.5000000745203 -406.69999999999936 -139.99999999999983
    vertex 78.49999992550886 -406.69999999999936 -139.99999999999983
  endloop
endfacet
facet normal 0.0 1.0 0.0
  outer loop
    vertex 78.5000000000146 -416.69999999999925 -139.99999999999983
    vertex 108.50000000001458 -416.69999999999925 -141.99999999999983
    vertex 78.5000000000146 -416.69999999999925 -141.99999999999983
  endloop
endfacet
facet normal 0.0 1.0 0.0
  outer loop
    vertex 108.50000000001458 -416.69999999999925 -141.99999999999983
    vertex 78.5000000000146 -416.69999999999925 -139.99999999999983
    vertex 108.50000000001458 -416.69999999999925 -139.99999999999983
  endloop
endfacet
facet normal 0.30901699295783264 0.9510565167556021 0.0
  outer loop
    vertex 76.65937724490405 -416.34888243273184 -139.99999999999983
    vertex 77.25655056996354 -416.54291580712476 -141.99999999999983
    vertex 76.65937724490405 -416.34888243273184 -141.99999999999983
  endloop
endfacet
facet normal 0.30901699295783264 0.9510565167556021 0.0
  outer loop
    vertex 77.25655056996354 -416.54291580712476 -141.99999999999983
    vertex 76.65937724490405 -416.34888243273184 -139.99999999999983
    vertex 77.25655056996354 -416.54291580712476 -139.99999999999983
  endloop
endfacet
facet normal -0.8090170005060467 -0.5877852438537391 -0.0
  outer loop
    vertex 112.35256624808756 -408.51288009258934 -139.99999999999983
    vertex 112.72163965467169 -409.0208660678813 -141.99999999999983
    vertex 112.72163965467169 -409.0208660678813 -139.99999999999983
  endloop
endfacet
facet normal -0.8090170005060467 -0.5877852438537391 -0.0
  outer loop
    vertex 112.72163965467169 -409.0208660678813 -141.99999999999983
    vertex 112.35256624808756 -408.51288009258934 -139.99999999999983
    vertex 112.35256624808756 -408.51288009258934 -141.99999999999983
  endloop
endfacet
facet normal -0.8763066776031272 0.4817536785413983 0.0
  outer loop
    vertex 113.02413525092433 -413.82889648209397 -139.99999999999983
    vertex 112.72163961474955 -414.37913399502463 -141.99999999999983
    vertex 112.72163961474955 -414.37913399502463 -139.99999999999983
  endloop
endfacet
facet normal -0.8763066776031272 0.4817536785413983 0.0
  outer loop
    vertex 112.72163961474955 -414.37913399502463 -141.99999999999983
    vertex 113.02413525092433 -413.82889648209397 -139.99999999999983
    vertex 113.02413525092433 -413.82889648209397 -141.99999999999983
  endloop
endfacet
facet normal -1.0 7.4505781646361226e-09 0.0
  outer loop
    vertex 113.4901336445886 -411.3860474410193 -139.99999999999983
    vertex 113.49013363991034 -412.013952633338 -141.99999999999983
    vertex 113.49013363991034 -412.013952633338 -139.99999999999983
  endloop
endfacet
facet normal -1.0 7.4505781646361226e-09 0.0
  outer loop
    vertex 113.49013363991034 -412.013952633338 -141.99999999999983
    vertex 113.4901336445886 -411.3860474410193 -139.99999999999983
    vertex 113.4901336445886 -411.3860474410193 -141.99999999999983
  endloop
endfacet
facet normal -0.809016991747321 0.5877852559090905 0.0
  outer loop
    vertex 112.72163961474955 -414.37913399502463 -139.99999999999983
    vertex 112.3525662005958 -414.88711996481686 -141.99999999999983
    vertex 112.3525662005958 -414.88711996481686 -139.99999999999983
  endloop
endfacet
facet normal -0.809016991747321 0.5877852559090905 0.0
  outer loop
    vertex 112.3525662005958 -414.88711996481686 -141.99999999999983
    vertex 112.72163961474955 -414.37913399502463 -139.99999999999983
    vertex 112.72163961474955 -414.37913399502463 -141.99999999999983
  endloop
endfacet
facet normal 0.42577928967738865 0.9048270533542963 0.0
  outer loop
    vertex 76.0912316399524 -416.0815334059616 -139.99999999999983
    vertex 76.65937724490405 -416.34888243273184 -141.99999999999983
    vertex 76.0912316399524 -416.0815334059616 -141.99999999999983
  endloop
endfacet
facet normal 0.42577928967738865 0.9048270533542963 0.0
  outer loop
    vertex 76.65937724490405 -416.34888243273184 -141.99999999999983
    vertex 76.0912316399524 -416.0815334059616 -139.99999999999983
    vertex 76.65937724490405 -416.34888243273184 -139.99999999999983
  endloop
endfacet
facet normal -0.929776489289244 -0.36812454409475137 -0.0
  outer loop
    vertex 113.02413528264736 -409.57110358531946 -139.99999999999983
    vertex 113.25528259530441 -410.1549150706401 -141.99999999999983
    vertex 113.25528259530441 -410.1549150706401 -139.99999999999983
  endloop
endfacet
facet normal -0.929776489289244 -0.36812454409475137 -0.0
  outer loop
    vertex 113.25528259530441 -410.1549150706401 -141.99999999999983
    vertex 113.02413528264736 -409.57110358531946 -139.99999999999983
    vertex 113.02413528264736 -409.57110358531946 -141.99999999999983
  endloop
endfacet
facet normal 0.18738132834467572 -0.9822872481040283 0.0
  outer loop
    vertex 77.87333376123158 -406.7394265023915 -139.99999999999983
    vertex 77.25655049779851 -406.8570842114027 -141.99999999999983
    vertex 77.87333376123158 -406.7394265023915 -141.99999999999983
  endloop
endfacet
facet normal 0.18738132834467572 -0.9822872481040283 0.0
  outer loop
    vertex 77.25655049779851 -406.8570842114027 -141.99999999999983
    vertex 77.87333376123158 -406.7394265023915 -139.99999999999983
    vertex 77.25655049779851 -406.8570842114027 -139.99999999999983
  endloop
endfacet
facet normal 0.9685831632779733 -0.24868987879371943 0.0
  outer loop
    vertex 73.74471740472475 -410.1549150706401 -141.99999999999983
    vertex 73.58856373855303 -410.7630934680549 -139.99999999999983
    vertex 73.58856373855303 -410.7630934680549 -141.99999999999983
  endloop
endfacet
facet normal 0.9685831632779733 -0.24868987879371943 0.0
  outer loop
    vertex 73.58856373855303 -410.7630934680549 -139.99999999999983
    vertex 73.74471740472475 -410.1549150706401 -141.99999999999983
    vertex 73.74471740472475 -410.1549150706401 -139.99999999999983
  endloop
endfacet
facet normal 0.3090170071296431 -0.9510565121509017 0.0
  outer loop
    vertex 77.25655049779851 -406.8570842114027 -139.99999999999983
    vertex 76.65937717563038 -407.05111759469423 -141.99999999999983
    vertex 77.25655049779851 -406.8570842114027 -141.99999999999983
  endloop
endfacet
facet normal 0.3090170071296431 -0.9510565121509017 0.0
  outer loop
    vertex 76.65937717563038 -407.05111759469423 -141.99999999999983
    vertex 77.25655049779851 -406.8570842114027 -139.99999999999983
    vertex 76.65937717563038 -407.05111759469423 -139.99999999999983
  endloop
endfacet
facet normal 0.4257793031603644 -0.9048270470096894 0.0
  outer loop
    vertex 76.65937717563038 -407.05111759469423 -139.99999999999983
    vertex 76.09123157466254 -407.31846662993047 -141.99999999999983
    vertex 76.65937717563038 -407.05111759469423 -141.99999999999983
  endloop
endfacet
facet normal 0.4257793031603644 -0.9048270470096894 0.0
  outer loop
    vertex 76.09123157466254 -407.31846662993047 -141.99999999999983
    vertex 76.65937717563038 -407.05111759469423 -139.99999999999983
    vertex 76.09123157466254 -407.31846662993047 -139.99999999999983
  endloop
endfacet
facet normal 0.8763066847818036 -0.48175366548343423 0.0
  outer loop
    vertex 74.27836034535747 -409.0208660678813 -141.99999999999983
    vertex 73.97586471738184 -409.57110358531946 -139.99999999999983
    vertex 73.97586471738184 -409.57110358531946 -141.99999999999983
  endloop
endfacet
facet normal 0.8763066847818036 -0.48175366548343423 0.0
  outer loop
    vertex 73.97586471738184 -409.57110358531946 -139.99999999999983
    vertex 74.27836034535747 -409.0208660678813 -141.99999999999983
    vertex 74.27836034535747 -409.0208660678813 -139.99999999999983
  endloop
endfacet
facet normal 0.5358268052958148 -0.8443279189547631 0.0
  outer loop
    vertex 76.09123157466254 -407.31846662993047 -139.99999999999983
    vertex 75.56107369033114 -407.6549150631593 -141.99999999999983
    vertex 76.09123157466254 -407.31846662993047 -141.99999999999983
  endloop
endfacet
facet normal 0.5358268052958148 -0.8443279189547631 0.0
  outer loop
    vertex 75.56107369033114 -407.6549150631593 -141.99999999999983
    vertex 76.09123157466254 -407.31846662993047 -139.99999999999983
    vertex 75.56107369033114 -407.6549150631593 -139.99999999999983
  endloop
endfacet
facet normal 0.7289686349697652 -0.6845470978905085 0.0
  outer loop
    vertex 75.07726442909379 -408.05515690165436 -141.99999999999983
    vertex 74.6474337519416 -408.51288009258934 -139.99999999999983
    vertex 74.6474337519416 -408.51288009258934 -141.99999999999983
  endloop
endfacet
facet normal 0.7289686349697652 -0.6845470978905085 0.0
  outer loop
    vertex 74.6474337519416 -408.51288009258934 -139.99999999999983
    vertex 75.07726442909379 -408.05515690165436 -141.99999999999983
    vertex 75.07726442909379 -408.05515690165436 -139.99999999999983
  endloop
endfacet
facet normal 0.9921147023229884 -0.12533322558112223 0.0
  outer loop
    vertex 73.58856373855303 -410.7630934680549 -141.99999999999983
    vertex 73.50986635544058 -411.3860474410193 -139.99999999999983
    vertex 73.50986635544058 -411.3860474410193 -141.99999999999983
  endloop
endfacet
facet normal 0.9921147023229884 -0.12533322558112223 0.0
  outer loop
    vertex 73.50986635544058 -411.3860474410193 -139.99999999999983
    vertex 73.58856373855303 -410.7630934680549 -141.99999999999983
    vertex 73.58856373855303 -410.7630934680549 -139.99999999999983
  endloop
endfacet
facet normal 1.0 7.4505602003541446e-09 0.0
  outer loop
    vertex 73.50986635544058 -411.3860474410193 -141.99999999999983
    vertex 73.50986636011883 -412.013952633338 -139.99999999999983
    vertex 73.50986636011883 -412.013952633338 -141.99999999999983
  endloop
endfacet
facet normal 1.0 7.4505602003541446e-09 0.0
  outer loop
    vertex 73.50986636011883 -412.013952633338 -139.99999999999983
    vertex 73.50986635544058 -411.3860474410193 -141.99999999999983
    vertex 73.50986635544058 -411.3860474410193 -139.99999999999983
  endloop
endfacet
facet normal 0.8090170005060467 -0.5877852438537391 0.0
  outer loop
    vertex 74.6474337519416 -408.51288009258934 -141.99999999999983
    vertex 74.27836034535747 -409.0208660678813 -139.99999999999983
    vertex 74.27836034535747 -409.0208660678813 -141.99999999999983
  endloop
endfacet
facet normal 0.8090170005060467 -0.5877852438537391 0.0
  outer loop
    vertex 74.27836034535747 -409.0208660678813 -139.99999999999983
    vertex 74.6474337519416 -408.51288009258934 -141.99999999999983
    vertex 74.6474337519416 -408.51288009258934 -139.99999999999983
  endloop
endfacet
facet normal 0.6374239872228107 0.7705132448653781 0.0
  outer loop
    vertex 75.07726448340613 -415.34484314934696 -139.99999999999983
    vertex 75.56107375060753 -415.7450849806327 -141.99999999999983
    vertex 75.07726448340613 -415.34484314934696 -141.99999999999983
  endloop
endfacet
facet normal 0.6374239872228107 0.7705132448653781 0.0
  outer loop
    vertex 75.56107375060753 -415.7450849806327 -141.99999999999983
    vertex 75.07726448340613 -415.34484314934696 -139.99999999999983
    vertex 75.56107375060753 -415.7450849806327 -139.99999999999983
  endloop
endfacet
facet normal 0.06279053410359245 -0.9980267275113355 0.0
  outer loop
    vertex 78.49999992550886 -406.69999999999936 -139.99999999999983
    vertex 77.87333376123158 -406.7394265023915 -141.99999999999983
    vertex 78.49999992550886 -406.69999999999936 -141.99999999999983
  endloop
endfacet
facet normal 0.06279053410359245 -0.9980267275113355 0.0
  outer loop
    vertex 77.87333376123158 -406.7394265023915 -141.99999999999983
    vertex 78.49999992550886 -406.69999999999936 -139.99999999999983
    vertex 77.87333376123158 -406.7394265023915 -139.99999999999983
  endloop
endfacet
facet normal 0.9297764892892378 -0.36812454409476686 0.0
  outer loop
    vertex 73.97586471738184 -409.57110358531946 -141.99999999999983
    vertex 73.74471740472475 -410.1549150706401 -139.99999999999983
    vertex 73.74471740472475 -410.1549150706401 -141.99999999999983
  endloop
endfacet
facet normal 0.9297764892892378 -0.36812454409476686 0.0
  outer loop
    vertex 73.74471740472475 -410.1549150706401 -139.99999999999983
    vertex 73.97586471738184 -409.57110358531946 -141.99999999999983
    vertex 73.97586471738184 -409.57110358531946 -139.99999999999983
  endloop
endfacet
facet normal 0.6374239987043069 -0.7705132353670583 0.0
  outer loop
    vertex 75.56107369033114 -407.6549150631593 -139.99999999999983
    vertex 75.07726442909379 -408.05515690165436 -141.99999999999983
    vertex 75.56107369033114 -407.6549150631593 -141.99999999999983
  endloop
endfacet
facet normal 0.6374239987043069 -0.7705132353670583 0.0
  outer loop
    vertex 75.07726442909379 -408.05515690165436 -141.99999999999983
    vertex 75.56107369033114 -407.6549150631593 -139.99999999999983
    vertex 75.07726442909379 -408.05515690165436 -139.99999999999983
  endloop
endfacet
facet normal 0.7289686247692924 0.6845471087529089 0.0
  outer loop
    vertex 74.64743379943337 -414.88711996481686 -141.99999999999983
    vertex 75.07726448340613 -415.34484314934696 -139.99999999999983
    vertex 75.07726448340613 -415.34484314934696 -141.99999999999983
  endloop
endfacet
facet normal 0.7289686247692924 0.6845471087529089 0.0
  outer loop
    vertex 75.07726448340613 -415.34484314934696 -139.99999999999983
    vertex 74.64743379943337 -414.88711996481686 -141.99999999999983
    vertex 74.64743379943337 -414.88711996481686 -139.99999999999983
  endloop
endfacet
facet normal 0.5358267927143501 0.8443279269392036 0.0
  outer loop
    vertex 75.56107375060753 -415.7450849806327 -139.99999999999983
    vertex 76.0912316399524 -416.0815334059616 -141.99999999999983
    vertex 75.56107375060753 -415.7450849806327 -141.99999999999983
  endloop
endfacet
facet normal 0.5358267927143501 0.8443279269392036 0.0
  outer loop
    vertex 76.0912316399524 -416.0815334059616 -141.99999999999983
    vertex 75.56107375060753 -415.7450849806327 -139.99999999999983
    vertex 76.0912316399524 -416.0815334059616 -139.99999999999983
  endloop
endfacet
facet normal 0.9297764838037721 0.36812455794947146 0.0
  outer loop
    vertex 73.74471742774827 -413.24508500021767 -141.99999999999983
    vertex 73.9758647491048 -413.82889648209397 -139.99999999999983
    vertex 73.9758647491048 -413.82889648209397 -141.99999999999983
  endloop
endfacet
facet normal 0.9297764838037721 0.36812455794947146 0.0
  outer loop
    vertex 73.9758647491048 -413.82889648209397 -139.99999999999983
    vertex 73.74471742774827 -413.24508500021767 -141.99999999999983
    vertex 73.74471742774827 -413.24508500021767 -139.99999999999983
  endloop
endfacet
facet normal 0.968583159572204 0.24868989322673848 0.0
  outer loop
    vertex 73.58856375251399 -412.6369066051298 -141.99999999999983
    vertex 73.74471742774827 -413.24508500021767 -139.99999999999983
    vertex 73.74471742774827 -413.24508500021767 -141.99999999999983
  endloop
endfacet
facet normal 0.968583159572204 0.24868989322673848 0.0
  outer loop
    vertex 73.74471742774827 -413.24508500021767 -139.99999999999983
    vertex 73.58856375251399 -412.6369066051298 -141.99999999999983
    vertex 73.58856375251399 -412.6369066051298 -139.99999999999983
  endloop
endfacet
facet normal 0.809016991747321 0.5877852559090905 0.0
  outer loop
    vertex 74.27836038527963 -414.37913399502463 -141.99999999999983
    vertex 74.64743379943337 -414.88711996481686 -139.99999999999983
    vertex 74.64743379943337 -414.88711996481686 -141.99999999999983
  endloop
endfacet
facet normal 0.809016991747321 0.5877852559090905 0.0
  outer loop
    vertex 74.64743379943337 -414.88711996481686 -139.99999999999983
    vertex 74.27836038527963 -414.37913399502463 -141.99999999999983
    vertex 74.27836038527963 -414.37913399502463 -139.99999999999983
  endloop
endfacet
facet normal 0.8763066776031272 0.4817536785413983 0.0
  outer loop
    vertex 73.9758647491048 -413.82889648209397 -141.99999999999983
    vertex 74.27836038527963 -414.37913399502463 -139.99999999999983
    vertex 74.27836038527963 -414.37913399502463 -141.99999999999983
  endloop
endfacet
facet normal 0.8763066776031272 0.4817536785413983 0.0
  outer loop
    vertex 74.27836038527963 -414.37913399502463 -139.99999999999983
    vertex 73.9758647491048 -413.82889648209397 -141.99999999999983
    vertex 73.9758647491048 -413.82889648209397 -139.99999999999983
  endloop
endfacet
facet normal 0.9921147004553795 0.1253332403647689 0.0
  outer loop
    vertex 73.50986636011883 -412.013952633338 -141.99999999999983
    vertex 73.58856375251399 -412.6369066051298 -139.99999999999983
    vertex 73.58856375251399 -412.6369066051298 -141.99999999999983
  endloop
endfacet
facet normal 0.9921147004553795 0.1253332403647689 0.0
  outer loop
    vertex 73.58856375251399 -412.6369066051298 -139.99999999999983
    vertex 73.50986636011883 -412.013952633338 -141.99999999999983
    vertex 73.50986636011883 -412.013952633338 -139.99999999999983
  endloop
endfacet
facet normal -0.4472135954999741 -1.769376596423042e-14 0.8944271909999079
  outer loop
    vertex 116.5000000000161 -466.6999999999997 -140.0000000000004
    vertex 118.50000000001457 -401.6999999999993 -138.99999999999983
    vertex 116.50000000001465 -401.6999999999994 -139.99999999999983
  endloop
endfacet
facet normal -0.4472135954999741 -1.769376596423042e-14 0.8944271909999079
  outer loop
    vertex 118.50000000001457 -401.6999999999993 -138.99999999999983
    vertex 116.5000000000161 -466.6999999999997 -140.0000000000004
    vertex 118.500000000016 -466.6999999999997 -139.0000000000004
  endloop
endfacet
facet normal 1.0 2.2559731860384237e-14 0.0
  outer loop
    vertex 116.50000000001465 -401.6999999999994 -139.99999999999983
    vertex 116.5000000000161 -466.6999999999997 -136.0000000000004
    vertex 116.5000000000161 -466.6999999999997 -140.0000000000004
  endloop
endfacet
facet normal 1.0 2.2559731860384237e-14 0.0
  outer loop
    vertex 116.5000000000161 -466.6999999999997 -136.0000000000004
    vertex 116.50000000001465 -401.6999999999994 -139.99999999999983
    vertex 116.50000000001465 -401.6999999999994 -135.99999999999983
  endloop
endfacet
facet normal -0.44721359549997397 -2.1726276632568623e-15 -0.8944271909999079
  outer loop
    vertex 118.50000000001457 -401.6999999999994 -136.99999999999983
    vertex 116.5000000000161 -466.6999999999997 -136.0000000000004
    vertex 116.50000000001465 -401.6999999999994 -135.99999999999983
  endloop
endfacet
facet normal -0.44721359549997397 -2.1726276632568623e-15 -0.8944271909999079
  outer loop
    vertex 116.5000000000161 -466.6999999999997 -136.0000000000004
    vertex 118.50000000001457 -401.6999999999994 -136.99999999999983
    vertex 118.500000000016 -466.6999999999997 -137.0000000000004
  endloop
endfacet
facet normal 0.0 0.0 1.0
  outer loop
    vertex 2.000000000014525 -412.69999999999925 -135.99999999999983
    vertex 59.00000000001474 -411.6999999999995 -135.99999999999983
    vertex 2.0000000000143445 -411.6999999999993 -135.99999999999983
  endloop
endfacet
facet normal 0.0 0.0 1.0
  outer loop
    vertex 59.00000000001474 -411.6999999999995 -135.99999999999983
    vertex 2.000000000014525 -412.69999999999925 -135.99999999999983
    vertex 59.000000000014374 -412.6999999999994 -135.99999999999983
  endloop
endfacet
facet normal -1.0 3.6095570976614784e-13 0.0
  outer loop
    vertex 59.00000000001474 -411.6999999999995 -133.99999999999983
    vertex 59.000000000014374 -412.6999999999994 -135.99999999999983
    vertex 59.000000000014374 -412.6999999999994 -133.99999999999983
  endloop
endfacet
facet normal -1.0 3.6095570976614784e-13 0.0
  outer loop
    vertex 59.000000000014374 -412.6999999999994 -135.99999999999983
    vertex 59.00000000001474 -411.6999999999995 -133.99999999999983
    vertex 59.00000000001474 -411.6999999999995 -135.99999999999983
  endloop
endfacet
facet normal 0.0 0.0 1.0
  outer loop
    vertex 59.00000000001474 -438.70000000000005 -135.99999999999983
    vertex 2.000000000014525 -437.6999999999999 -135.99999999999983
    vertex 2.0000000000144347 -438.69999999999965 -135.99999999999983
  endloop
endfacet
facet normal 0.0 0.0 1.0
  outer loop
    vertex 2.000000000014525 -437.6999999999999 -135.99999999999983
    vertex 59.00000000001474 -438.70000000000005 -135.99999999999983
    vertex 59.000000000014374 -437.7000000000003 -135.99999999999983
  endloop
endfacet
facet normal -1.0 -3.6095570976621297e-13 -0.0
  outer loop
    vertex 59.000000000014374 -437.7000000000003 -133.99999999999983
    vertex 59.00000000001474 -438.70000000000005 -135.99999999999983
    vertex 59.00000000001474 -438.70000000000005 -133.99999999999983
  endloop
endfacet
facet normal -1.0 -3.6095570976621297e-13 -0.0
  outer loop
    vertex 59.00000000001474 -438.70000000000005 -135.99999999999983
    vertex 59.000000000014374 -437.7000000000003 -133.99999999999983
    vertex 59.000000000014374 -437.7000000000003 -135.99999999999983
  endloop
endfacet
facet normal 1.0 1.8047785488307392e-13 0.0
  outer loop
    vertex 2.0000000000143445 -411.6999999999993 -135.99999999999983
    vertex 2.000000000014525 -412.69999999999925 -133.99999999999983
    vertex 2.000000000014525 -412.69999999999925 -135.99999999999983
  endloop
endfacet
facet normal 1.0 1.8047785488307392e-13 0.0
  outer loop
    vertex 2.000000000014525 -412.69999999999925 -133.99999999999983
    vertex 2.0000000000143445 -411.6999999999993 -135.99999999999983
    vertex 2.0000000000143445 -411.6999999999993 -133.99999999999983
  endloop
endfacet
facet normal -3.1662781558432314e-15 -1.0 0.0
  outer loop
    vertex 59.00000000001474 -411.6999999999995 -133.99999999999983
    vertex 2.0000000000143445 -411.6999999999993 -135.99999999999983
    vertex 59.00000000001474 -411.6999999999995 -135.99999999999983
  endloop
endfacet
facet normal -3.1662781558432314e-15 -1.0 0.0
  outer loop
    vertex 2.0000000000143445 -411.6999999999993 -135.99999999999983
    vertex 59.00000000001474 -411.6999999999995 -133.99999999999983
    vertex 2.0000000000143445 -411.6999999999993 -133.99999999999983
  endloop
endfacet
facet normal 6.332556311686473e-15 1.0 0.0
  outer loop
    vertex 2.0000000000144347 -438.69999999999965 -133.99999999999983
    vertex 59.00000000001474 -438.70000000000005 -135.99999999999983
    vertex 2.0000000000144347 -438.69999999999965 -135.99999999999983
  endloop
endfacet
facet normal 6.332556311686473e-15 1.0 0.0
  outer loop
    vertex 59.00000000001474 -438.70000000000005 -135.99999999999983
    vertex 2.0000000000144347 -438.69999999999965 -133.99999999999983
    vertex 59.00000000001474 -438.70000000000005 -133.99999999999983
  endloop
endfacet
facet normal 1.0 -9.023892744155324e-14 0.0
  outer loop
    vertex 2.000000000014525 -437.6999999999999 -135.99999999999983
    vertex 2.0000000000144347 -438.69999999999965 -133.99999999999983
    vertex 2.0000000000144347 -438.69999999999965 -135.99999999999983
  endloop
endfacet
facet normal 1.0 -9.023892744155324e-14 0.0
  outer loop
    vertex 2.0000000000144347 -438.69999999999965 -133.99999999999983
    vertex 2.000000000014525 -437.6999999999999 -135.99999999999983
    vertex 2.000000000014525 -437.6999999999999 -133.99999999999983
  endloop
endfacet
facet normal -6.3325563116865234e-15 -1.0 -0.0
  outer loop
    vertex 59.000000000014374 -437.7000000000003 -133.99999999999983
    vertex 2.000000000014525 -437.6999999999999 -135.99999999999983
    vertex 59.000000000014374 -437.7000000000003 -135.99999999999983
  endloop
endfacet
facet normal -6.3325563116865234e-15 -1.0 -0.0
  outer loop
    vertex 2.000000000014525 -437.6999999999999 -135.99999999999983
    vertex 59.000000000014374 -437.7000000000003 -133.99999999999983
    vertex 2.000000000014525 -437.6999999999999 -133.99999999999983
  endloop
endfacet
facet normal 0.0 0.0 1.0
  outer loop
    vertex -31.9999999999855 -458.69999999999953 -132.11342195448844
    vertex -51.99999999998547 -454.6999999999995 -132.11342195448844
    vertex -51.99999999998547 -458.69999999999953 -132.11342195448844
  endloop
endfacet
facet normal 0.0 0.0 1.0
  outer loop
    vertex -51.99999999998547 -454.6999999999995 -132.11342195448844
    vertex -31.9999999999855 -458.69999999999953 -132.11342195448844
    vertex -31.9999999999855 -454.6999999999995 -132.11342195448844
  endloop
endfacet
facet normal 0.0 -1.0 0.0
  outer loop
    vertex -31.9999999999855 -458.69999999999953 -132.11342195448844
    vertex -51.99999999998547 -458.69999999999953 -133.99999999999986
    vertex -31.9999999999855 -458.69999999999953 -133.99999999999986
  endloop
endfacet
facet normal 0.0 -1.0 0.0
  outer loop
    vertex -51.99999999998547 -458.69999999999953 -133.99999999999986
    vertex -31.9999999999855 -458.69999999999953 -132.11342195448844
    vertex -51.99999999998547 -458.69999999999953 -132.11342195448844
  endloop
endfacet
facet normal 0.0 1.0 0.0
  outer loop
    vertex -51.99999999998547 -454.6999999999995 -132.11342195448844
    vertex -31.9999999999855 -454.6999999999995 -133.99999999999986
    vertex -51.99999999998547 -454.6999999999995 -133.99999999999986
  endloop
endfacet
facet normal 0.0 1.0 0.0
  outer loop
    vertex -31.9999999999855 -454.6999999999995 -133.99999999999986
    vertex -51.99999999998547 -454.6999999999995 -132.11342195448844
    vertex -31.9999999999855 -454.6999999999995 -132.11342195448844
  endloop
endfacet
facet normal -1.0 -0.0 -0.0
  outer loop
    vertex -51.99999999998547 -454.6999999999995 -132.11342195448844
    vertex -51.99999999998547 -458.69999999999953 -133.99999999999986
    vertex -51.99999999998547 -458.69999999999953 -132.11342195448844
  endloop
endfacet
facet normal -1.0 -0.0 -0.0
  outer loop
    vertex -51.99999999998547 -458.69999999999953 -133.99999999999986
    vertex -51.99999999998547 -454.6999999999995 -132.11342195448844
    vertex -51.99999999998547 -454.6999999999995 -133.99999999999986
  endloop
endfacet
facet normal 1.0 0.0 0.0
  outer loop
    vertex -31.9999999999855 -454.6999999999995 -133.99999999999986
    vertex -31.9999999999855 -458.69999999999953 -132.11342195448844
    vertex -31.9999999999855 -458.69999999999953 -133.99999999999986
  endloop
endfacet
facet normal 1.0 0.0 0.0
  outer loop
    vertex -31.9999999999855 -458.69999999999953 -132.11342195448844
    vertex -31.9999999999855 -454.6999999999995 -133.99999999999986
    vertex -31.9999999999855 -454.6999999999995 -132.11342195448844
  endloop
endfacet
facet normal 3.1662781558432617e-15 1.0 0.0
  outer loop
    vertex 2.000000000014525 -412.69999999999925 -133.99999999999983
    vertex 59.000000000014374 -412.6999999999994 -135.99999999999983
    vertex 2.000000000014525 -412.69999999999925 -135.99999999999983
  endloop
endfacet
facet normal 3.1662781558432617e-15 1.0 0.0
  outer loop
    vertex 59.000000000014374 -412.6999999999994 -135.99999999999983
    vertex 2.000000000014525 -412.69999999999925 -133.99999999999983
    vertex 59.000000000014374 -412.6999999999994 -133.99999999999983
  endloop
endfacet
facet normal 1.0 1.0734229117510137e-14 2.58330767174361e-13
  outer loop
    vertex 118.50000000001457 -401.6999999999994 -136.99999999999983
    vertex 118.50000000001465 -466.6999999999997 -133.99999999999986
    vertex 118.500000000016 -466.6999999999997 -137.0000000000004
  endloop
endfacet
facet normal 1.0 1.0734229117510137e-14 2.58330767174361e-13
  outer loop
    vertex 118.50000000001465 -466.6999999999997 -133.99999999999986
    vertex 118.50000000001457 -401.6999999999994 -136.99999999999983
    vertex 118.50000000001465 -458.69999999999965 -133.99999999999986
  endloop
endfacet
facet normal 1.0 1.0734229117510137e-14 2.58330767174361e-13
  outer loop
    vertex 118.50000000001465 -458.69999999999965 -133.99999999999986
    vertex 118.50000000001457 -401.6999999999994 -136.99999999999983
    vertex 118.50000000001465 -454.69999999999965 -133.99999999999986
  endloop
endfacet
facet normal 1.0 1.0734229117510137e-14 2.58330767174361e-13
  outer loop
    vertex 118.50000000001465 -458.69999999999965 -133.99999999999986
    vertex 118.50000000001465 -454.69999999999965 -133.99999999999986
    vertex 118.50000000001465 -458.69999999999965 -132.11342195448884
  endloop
endfacet
facet normal 1.0 1.0734229117510137e-14 2.58330767174361e-13
  outer loop
    vertex 118.50000000001465 -454.69999999999965 -133.99999999999986
    vertex 118.50000000001457 -401.6999999999994 -136.99999999999983
    vertex 118.50000000001457 -401.6999999999994 -133.99999999999986
  endloop
endfacet
facet normal 1.0 1.0734229117510137e-14 2.58330767174361e-13
  outer loop
    vertex 118.50000000001465 -454.69999999999965 -132.11342195448884
    vertex 118.50000000001465 -458.69999999999965 -132.11342195448884
    vertex 118.50000000001465 -454.69999999999965 -133.99999999999986
  endloop
endfacet
facet normal -3.932886368647274e-16 -1.0 -4.749417233754961e-15
  outer loop
    vertex 118.50000000001457 -466.6999999999997 -141.99999999999983
    vertex 116.5000000000161 -466.6999999999997 -140.0000000000004
    vertex -116.49999999998532 -466.69999999999953 -141.99999999999983
  endloop
endfacet
facet normal -3.932886368647274e-16 -1.0 -4.749417233754961e-15
  outer loop
    vertex 116.5000000000161 -466.6999999999997 -140.0000000000004
    vertex 118.50000000001457 -466.6999999999997 -141.99999999999983
    vertex 118.500000000016 -466.6999999999997 -139.0000000000004
  endloop
endfacet
facet normal -3.932886368647274e-16 -1.0 -4.749417233754961e-15
  outer loop
    vertex -116.49999999998532 -466.69999999999953 -141.99999999999983
    vertex 116.5000000000161 -466.6999999999997 -140.0000000000004
    vertex -114.50000000000036 -466.6999999999998 -140.00000000000395
  endloop
endfacet
facet normal -3.932886368647274e-16 -1.0 -4.749417233754961e-15
  outer loop
    vertex 116.5000000000161 -466.6999999999997 -140.0000000000004
    vertex -114.50000000000036 -466.7 -136.00000000000398
    vertex -114.50000000000036 -466.6999999999998 -140.00000000000395
  endloop
endfacet
facet normal -3.932886368647274e-16 -1.0 -4.749417233754961e-15
  outer loop
    vertex -114.50000000000036 -466.7 -136.00000000000398
    vertex 116.5000000000161 -466.6999999999997 -140.0000000000004
    vertex 116.5000000000161 -466.6999999999997 -136.0000000000004
  endloop
endfacet
facet normal -3.932886368647274e-16 -1.0 -4.749417233754961e-15
  outer loop
    vertex 118.50000000001465 -466.6999999999997 -133.99999999999986
    vertex 116.5000000000161 -466.6999999999997 -136.0000000000004
    vertex 118.500000000016 -466.6999999999997 -137.0000000000004
  endloop
endfacet
facet normal -3.932886368647274e-16 -1.0 -4.749417233754961e-15
  outer loop
    vertex -114.50000000000036 -466.7 -136.00000000000398
    vertex -116.49999999998532 -466.69999999999953 -133.99999999999986
    vertex -116.50000000000003 -466.6999999999994 -137.00000000000398
  endloop
endfacet
facet normal -3.932886368647274e-16 -1.0 -4.749417233754961e-15
  outer loop
    vertex -116.49999999998532 -466.69999999999953 -133.99999999999986
    vertex -114.50000000000036 -466.7 -136.00000000000398
    vertex 116.5000000000161 -466.6999999999997 -136.0000000000004
  endloop
endfacet
facet normal -3.932886368647274e-16 -1.0 -4.749417233754961e-15
  outer loop
    vertex -116.49999999998532 -466.69999999999953 -133.99999999999986
    vertex 116.5000000000161 -466.6999999999997 -136.0000000000004
    vertex 118.50000000001465 -466.6999999999997 -133.99999999999986
  endloop
endfacet
facet normal -3.932886368647274e-16 -1.0 -4.749417233754961e-15
  outer loop
    vertex -116.50000000000003 -466.6999999999994 -139.00000000000395
    vertex -116.49999999998532 -466.69999999999953 -141.99999999999983
    vertex -114.50000000000036 -466.6999999999998 -140.00000000000395
  endloop
endfacet
facet normal 2.5608911147879555e-16 1.0 2.3598478769636786e-15
  outer loop
    vertex -116.49999999998532 -401.69999999999925 -141.99999999999983
    vertex -114.49999999998565 -401.69999999999953 -139.99999999999983
    vertex 118.50000000001457 -401.6999999999994 -141.99999999999983
  endloop
endfacet
facet normal 2.5608911147879555e-16 1.0 2.3598478769636786e-15
  outer loop
    vertex -114.49999999998565 -401.69999999999953 -139.99999999999983
    vertex -116.49999999998532 -401.69999999999925 -141.99999999999983
    vertex -116.49999999998532 -401.69999999999914 -138.99999999999983
  endloop
endfacet
facet normal 2.5608911147879555e-16 1.0 2.3598478769636786e-15
  outer loop
    vertex -116.49999999998532 -401.69999999999925 -133.99999999999986
    vertex -114.49999999998565 -401.69999999999976 -135.99999999999983
    vertex -116.49999999998532 -401.69999999999925 -136.99999999999983
  endloop
endfacet
facet normal 2.5608911147879555e-16 1.0 2.3598478769636786e-15
  outer loop
    vertex -114.49999999998565 -401.69999999999976 -135.99999999999983
    vertex -116.49999999998532 -401.69999999999925 -133.99999999999986
    vertex -84.49999999998539 -401.6999999999993 -135.9999999999998
  endloop
endfacet
facet normal 2.5608911147879555e-16 1.0 2.3598478769636786e-15
  outer loop
    vertex -114.49999999998565 -401.69999999999976 -135.99999999999983
    vertex -84.49999999998539 -401.6999999999993 -135.9999999999998
    vertex 116.50000000001465 -401.6999999999994 -135.99999999999983
  endloop
endfacet
facet normal 2.5608911147879555e-16 1.0 2.3598478769636786e-15
  outer loop
    vertex -84.49999999998539 -401.6999999999993 -135.9999999999998
    vertex -116.49999999998532 -401.69999999999925 -133.99999999999986
    vertex -84.49999999998539 -401.6999999999993 -133.9999999999998
  endloop
endfacet
facet normal 2.5608911147879555e-16 1.0 2.3598478769636786e-15
  outer loop
    vertex -83.49999999998543 -401.6999999999993 -133.9999999999998
    vertex -58.499999999985434 -401.6999999999993 -135.9999999999998
    vertex -83.49999999998543 -401.6999999999993 -135.9999999999998
  endloop
endfacet
facet normal 2.5608911147879555e-16 1.0 2.3598478769636786e-15
  outer loop
    vertex -58.499999999985434 -401.6999999999993 -135.9999999999998
    vertex -83.49999999998543 -401.6999999999993 -133.9999999999998
    vertex -58.499999999985434 -401.6999999999993 -133.9999999999998
  endloop
endfacet
facet normal 2.5608911147879555e-16 1.0 2.3598478769636786e-15
  outer loop
    vertex 116.50000000001465 -401.6999999999994 -135.99999999999983
    vertex 118.50000000001457 -401.6999999999994 -133.99999999999986
    vertex 118.50000000001457 -401.6999999999994 -136.99999999999983
  endloop
endfacet
facet normal 2.5608911147879555e-16 1.0 2.3598478769636786e-15
  outer loop
    vertex 118.50000000001457 -401.6999999999994 -133.99999999999986
    vertex 116.50000000001465 -401.6999999999994 -135.99999999999983
    vertex -57.49999999998548 -401.6999999999993 -135.9999999999998
  endloop
endfacet
facet normal 2.5608911147879555e-16 1.0 2.3598478769636786e-15
  outer loop
    vertex -57.49999999998548 -401.6999999999993 -135.9999999999998
    vertex 116.50000000001465 -401.6999999999994 -135.99999999999983
    vertex -84.49999999998539 -401.6999999999993 -135.9999999999998
  endloop
endfacet
facet normal 2.5608911147879555e-16 1.0 2.3598478769636786e-15
  outer loop
    vertex -57.49999999998548 -401.6999999999993 -135.9999999999998
    vertex -84.49999999998539 -401.6999999999993 -135.9999999999998
    vertex -83.49999999998543 -401.6999999999993 -135.9999999999998
  endloop
endfacet
facet normal 2.5608911147879555e-16 1.0 2.3598478769636786e-15
  outer loop
    vertex -57.49999999998548 -401.6999999999993 -135.9999999999998
    vertex -83.49999999998543 -401.6999999999993 -135.9999999999998
    vertex -58.499999999985434 -401.6999999999993 -135.9999999999998
  endloop
endfacet
facet normal 2.5608911147879555e-16 1.0 2.3598478769636786e-15
  outer loop
    vertex 118.50000000001457 -401.6999999999994 -133.99999999999986
    vertex -57.49999999998548 -401.6999999999993 -135.9999999999998
    vertex -57.49999999998548 -401.6999999999993 -133.9999999999998
  endloop
endfacet
facet normal 2.5608911147879555e-16 1.0 2.3598478769636786e-15
  outer loop
    vertex -114.49999999998565 -401.69999999999976 -135.99999999999983
    vertex 116.50000000001465 -401.6999999999994 -139.99999999999983
    vertex -114.49999999998565 -401.69999999999953 -139.99999999999983
  endloop
endfacet
facet normal 2.5608911147879555e-16 1.0 2.3598478769636786e-15
  outer loop
    vertex 116.50000000001465 -401.6999999999994 -139.99999999999983
    vertex -114.49999999998565 -401.69999999999976 -135.99999999999983
    vertex 116.50000000001465 -401.6999999999994 -135.99999999999983
  endloop
endfacet
facet normal 2.5608911147879555e-16 1.0 2.3598478769636786e-15
  outer loop
    vertex 118.50000000001457 -401.6999999999994 -141.99999999999983
    vertex 116.50000000001465 -401.6999999999994 -139.99999999999983
    vertex 118.50000000001457 -401.6999999999993 -138.99999999999983
  endloop
endfacet
facet normal 2.5608911147879555e-16 1.0 2.3598478769636786e-15
  outer loop
    vertex 116.50000000001465 -401.6999999999994 -139.99999999999983
    vertex 118.50000000001457 -401.6999999999994 -141.99999999999983
    vertex -114.49999999998565 -401.69999999999953 -139.99999999999983
  endloop
endfacet
facet normal 1.5238458316743602e-16 -6.672760656555087e-17 1.0
  outer loop
    vertex -116.49999999998532 -466.69999999999953 -133.99999999999986
    vertex -84.49999999998539 -458.69999999999925 -133.9999999999998
    vertex -116.49999999998532 -401.69999999999925 -133.99999999999986
  endloop
endfacet
facet normal 1.5238458316743602e-16 -6.672760656555087e-17 1.0
  outer loop
    vertex -84.49999999998539 -458.69999999999925 -133.9999999999998
    vertex -116.49999999998532 -466.69999999999953 -133.99999999999986
    vertex 118.50000000001465 -466.6999999999997 -133.99999999999986
  endloop
endfacet
facet normal 1.5238458316743602e-16 -6.672760656555087e-17 1.0
  outer loop
    vertex -84.49999999998539 -458.69999999999925 -133.9999999999998
    vertex 118.50000000001465 -466.6999999999997 -133.99999999999986
    vertex -83.49999999998543 -458.69999999999925 -133.9999999999998
  endloop
endfacet
facet normal 1.5238458316743602e-16 -6.672760656555087e-17 1.0
  outer loop
    vertex -83.49999999998543 -458.69999999999925 -133.9999999999998
    vertex 118.50000000001465 -466.6999999999997 -133.99999999999986
    vertex -58.499999999985434 -458.69999999999925 -133.9999999999998
  endloop
endfacet
facet normal 1.5238458316743602e-16 -6.672760656555087e-17 1.0
  outer loop
    vertex -83.49999999998543 -458.69999999999925 -133.9999999999998
    vertex -58.499999999985434 -458.69999999999925 -133.9999999999998
    vertex -83.49999999998543 -401.6999999999993 -133.9999999999998
  endloop
endfacet
facet normal 1.5238458316743602e-16 -6.672760656555087e-17 1.0
  outer loop
    vertex -58.499999999985434 -458.69999999999925 -133.9999999999998
    vertex 118.50000000001465 -466.6999999999997 -133.99999999999986
    vertex -57.49999999998548 -458.69999999999925 -133.9999999999998
  endloop
endfacet
facet normal 1.5238458316743602e-16 -6.672760656555087e-17 1.0
  outer loop
    vertex -57.49999999998548 -458.69999999999925 -133.9999999999998
    vertex 118.50000000001465 -466.6999999999997 -133.99999999999986
    vertex -51.99999999998547 -458.69999999999953 -133.99999999999986
  endloop
endfacet
facet normal 1.5238458316743602e-16 -6.672760656555087e-17 1.0
  outer loop
    vertex -57.49999999998548 -458.69999999999925 -133.9999999999998
    vertex -51.99999999998547 -458.69999999999953 -133.99999999999986
    vertex -57.49999999998548 -401.6999999999993 -133.9999999999998
  endloop
endfacet
facet normal 1.5238458316743602e-16 -6.672760656555087e-17 1.0
  outer loop
    vertex -51.99999999998547 -458.69999999999953 -133.99999999999986
    vertex 118.50000000001465 -466.6999999999997 -133.99999999999986
    vertex -31.9999999999855 -458.69999999999953 -133.99999999999986
  endloop
endfacet
facet normal 1.5238458316743602e-16 -6.672760656555087e-17 1.0
  outer loop
    vertex -31.9999999999855 -458.69999999999953 -133.99999999999986
    vertex 118.50000000001465 -466.6999999999997 -133.99999999999986
    vertex -31.9999999999855 -454.6999999999995 -133.99999999999986
  endloop
endfacet
facet normal 1.5238458316743602e-16 -6.672760656555087e-17 1.0
  outer loop
    vertex -31.9999999999855 -454.6999999999995 -133.99999999999986
    vertex 118.50000000001465 -466.6999999999997 -133.99999999999986
    vertex 2.0000000000144347 -438.69999999999965 -133.99999999999983
  endloop
endfacet
facet normal 1.5238458316743602e-16 -6.672760656555087e-17 1.0
  outer loop
    vertex -31.9999999999855 -454.6999999999995 -133.99999999999986
    vertex 2.0000000000144347 -438.69999999999965 -133.99999999999983
    vertex 2.0000000000143445 -411.6999999999993 -133.99999999999983
  endloop
endfacet
facet normal 1.5238458316743602e-16 -6.672760656555087e-17 1.0
  outer loop
    vertex 2.0000000000144347 -438.69999999999965 -133.99999999999983
    vertex 118.50000000001465 -466.6999999999997 -133.99999999999986
    vertex 98.50000000001478 -458.69999999999965 -133.99999999999986
  endloop
endfacet
facet normal 1.5238458316743602e-16 -6.672760656555087e-17 1.0
  outer loop
    vertex 2.0000000000144347 -438.69999999999965 -133.99999999999983
    vertex 98.50000000001478 -458.69999999999965 -133.99999999999986
    vertex 59.00000000001474 -438.70000000000005 -133.99999999999983
  endloop
endfacet
facet normal 1.5238458316743602e-16 -6.672760656555087e-17 1.0
  outer loop
    vertex 59.00000000001474 -438.70000000000005 -133.99999999999983
    vertex 98.50000000001478 -458.69999999999965 -133.99999999999986
    vertex 59.00000000001474 -411.6999999999995 -133.99999999999983
  endloop
endfacet
facet normal 1.5238458316743602e-16 -6.672760656555087e-17 1.0
  outer loop
    vertex 98.50000000001478 -458.69999999999965 -133.99999999999986
    vertex 118.50000000001465 -466.6999999999997 -133.99999999999986
    vertex 118.50000000001465 -458.69999999999965 -133.99999999999986
  endloop
endfacet
facet normal 1.5238458316743602e-16 -6.672760656555087e-17 1.0
  outer loop
    vertex -57.49999999998548 -401.6999999999993 -133.9999999999998
    vertex 2.0000000000143445 -411.6999999999993 -133.99999999999983
    vertex 118.50000000001457 -401.6999999999994 -133.99999999999986
  endloop
endfacet
facet normal 1.5238458316743602e-16 -6.672760656555087e-17 1.0
  outer loop
    vertex 2.0000000000143445 -411.6999999999993 -133.99999999999983
    vertex -57.49999999998548 -401.6999999999993 -133.9999999999998
    vertex -51.99999999998547 -454.6999999999995 -133.99999999999986
  endloop
endfacet
facet normal 1.5238458316743602e-16 -6.672760656555087e-17 1.0
  outer loop
    vertex -51.99999999998547 -454.6999999999995 -133.99999999999986
    vertex -57.49999999998548 -401.6999999999993 -133.9999999999998
    vertex -51.99999999998547 -458.69999999999953 -133.99999999999986
  endloop
endfacet
facet normal 1.5238458316743602e-16 -6.672760656555087e-17 1.0
  outer loop
    vertex 2.0000000000143445 -411.6999999999993 -133.99999999999983
    vertex -51.99999999998547 -454.6999999999995 -133.99999999999986
    vertex -31.9999999999855 -454.6999999999995 -133.99999999999986
  endloop
endfacet
facet normal 1.5238458316743602e-16 -6.672760656555087e-17 1.0
  outer loop
    vertex 118.50000000001457 -401.6999999999994 -133.99999999999986
    vertex 2.0000000000143445 -411.6999999999993 -133.99999999999983
    vertex 59.00000000001474 -411.6999999999995 -133.99999999999983
  endloop
endfacet
facet normal 1.5238458316743602e-16 -6.672760656555087e-17 1.0
  outer loop
    vertex 118.50000000001457 -401.6999999999994 -133.99999999999986
    vertex 59.00000000001474 -411.6999999999995 -133.99999999999983
    vertex 98.50000000001478 -454.69999999999965 -133.99999999999986
  endloop
endfacet
facet normal 1.5238458316743602e-16 -6.672760656555087e-17 1.0
  outer loop
    vertex 98.50000000001478 -454.69999999999965 -133.99999999999986
    vertex 59.00000000001474 -411.6999999999995 -133.99999999999983
    vertex 98.50000000001478 -458.69999999999965 -133.99999999999986
  endloop
endfacet
facet normal 1.5238458316743602e-16 -6.672760656555087e-17 1.0
  outer loop
    vertex 118.50000000001457 -401.6999999999994 -133.99999999999986
    vertex 98.50000000001478 -454.69999999999965 -133.99999999999986
    vertex 118.50000000001465 -454.69999999999965 -133.99999999999986
  endloop
endfacet
facet normal 1.5238458316743602e-16 -6.672760656555087e-17 1.0
  outer loop
    vertex 2.0000000000144347 -438.69999999999965 -133.99999999999983
    vertex 2.000000000014525 -412.69999999999925 -133.99999999999983
    vertex 2.0000000000143445 -411.6999999999993 -133.99999999999983
  endloop
endfacet
facet normal 1.5238458316743602e-16 -6.672760656555087e-17 1.0
  outer loop
    vertex 2.000000000014525 -412.69999999999925 -133.99999999999983
    vertex 2.0000000000144347 -438.69999999999965 -133.99999999999983
    vertex 2.000000000014525 -437.6999999999999 -133.99999999999983
  endloop
endfacet
facet normal 1.5238458316743602e-16 -6.672760656555087e-17 1.0
  outer loop
    vertex 2.000000000014525 -412.69999999999925 -133.99999999999983
    vertex 2.000000000014525 -437.6999999999999 -133.99999999999983
    vertex 59.000000000014374 -437.7000000000003 -133.99999999999983
  endloop
endfacet
facet normal 1.5238458316743602e-16 -6.672760656555087e-17 1.0
  outer loop
    vertex 2.000000000014525 -412.69999999999925 -133.99999999999983
    vertex 59.000000000014374 -437.7000000000003 -133.99999999999983
    vertex 59.000000000014374 -412.6999999999994 -133.99999999999983
  endloop
endfacet
facet normal 1.5238458316743602e-16 -6.672760656555087e-17 1.0
  outer loop
    vertex 59.000000000014374 -412.6999999999994 -133.99999999999983
    vertex 59.000000000014374 -437.7000000000003 -133.99999999999983
    vertex 59.00000000001474 -438.70000000000005 -133.99999999999983
  endloop
endfacet
facet normal 1.5238458316743602e-16 -6.672760656555087e-17 1.0
  outer loop
    vertex 59.000000000014374 -412.6999999999994 -133.99999999999983
    vertex 59.00000000001474 -438.70000000000005 -133.99999999999983
    vertex 59.00000000001474 -411.6999999999995 -133.99999999999983
  endloop
endfacet
facet normal 1.5238458316743602e-16 -6.672760656555087e-17 1.0
  outer loop
    vertex -58.499999999985434 -401.6999999999993 -133.9999999999998
    vertex -83.49999999998543 -401.6999999999993 -133.9999999999998
    vertex -58.499999999985434 -458.69999999999925 -133.9999999999998
  endloop
endfacet
facet normal 1.5238458316743602e-16 -6.672760656555087e-17 1.0
  outer loop
    vertex -84.49999999998539 -401.6999999999993 -133.9999999999998
    vertex -116.49999999998532 -401.69999999999925 -133.99999999999986
    vertex -84.49999999998539 -458.69999999999925 -133.9999999999998
  endloop
endfacet
facet normal 1.0 0.0 0.0
  outer loop
    vertex -58.499999999985434 -401.6999999999993 -135.9999999999998
    vertex -58.499999999985434 -458.69999999999925 -133.9999999999998
    vertex -58.499999999985434 -458.69999999999925 -135.9999999999998
  endloop
endfacet
facet normal 1.0 0.0 0.0
  outer loop
    vertex -58.499999999985434 -458.69999999999925 -133.9999999999998
    vertex -58.499999999985434 -401.6999999999993 -135.9999999999998
    vertex -58.499999999985434 -401.6999999999993 -133.9999999999998
  endloop
endfacet
facet normal 0.0 0.0 1.0
  outer loop
    vertex -57.49999999998548 -458.69999999999925 -135.9999999999998
    vertex -58.499999999985434 -401.6999999999993 -135.9999999999998
    vertex -58.499999999985434 -458.69999999999925 -135.9999999999998
  endloop
endfacet
facet normal 0.0 0.0 1.0
  outer loop
    vertex -58.499999999985434 -401.6999999999993 -135.9999999999998
    vertex -57.49999999998548 -458.69999999999925 -135.9999999999998
    vertex -57.49999999998548 -401.6999999999993 -135.9999999999998
  endloop
endfacet
facet normal 0.0 1.0 0.0
  outer loop
    vertex -58.499999999985434 -458.69999999999925 -133.9999999999998
    vertex -57.49999999998548 -458.69999999999925 -135.9999999999998
    vertex -58.499999999985434 -458.69999999999925 -135.9999999999998
  endloop
endfacet
facet normal 0.0 1.0 0.0
  outer loop
    vertex -57.49999999998548 -458.69999999999925 -135.9999999999998
    vertex -58.499999999985434 -458.69999999999925 -133.9999999999998
    vertex -57.49999999998548 -458.69999999999925 -133.9999999999998
  endloop
endfacet
facet normal -1.0 0.0 0.0
  outer loop
    vertex -57.49999999998548 -401.6999999999993 -133.9999999999998
    vertex -57.49999999998548 -458.69999999999925 -135.9999999999998
    vertex -57.49999999998548 -458.69999999999925 -133.9999999999998
  endloop
endfacet
facet normal -1.0 0.0 0.0
  outer loop
    vertex -57.49999999998548 -458.69999999999925 -135.9999999999998
    vertex -57.49999999998548 -401.6999999999993 -133.9999999999998
    vertex -57.49999999998548 -401.6999999999993 -135.9999999999998
  endloop
endfacet
facet normal 1.0 0.0 0.0
  outer loop
    vertex -84.49999999998539 -401.6999999999993 -135.9999999999998
    vertex -84.49999999998539 -458.69999999999925 -133.9999999999998
    vertex -84.49999999998539 -458.69999999999925 -135.9999999999998
  endloop
endfacet
facet normal 1.0 0.0 0.0
  outer loop
    vertex -84.49999999998539 -458.69999999999925 -133.9999999999998
    vertex -84.49999999998539 -401.6999999999993 -135.9999999999998
    vertex -84.49999999998539 -401.6999999999993 -133.9999999999998
  endloop
endfacet
facet normal 0.0 1.0 0.0
  outer loop
    vertex -84.49999999998539 -458.69999999999925 -133.9999999999998
    vertex -83.49999999998543 -458.69999999999925 -135.9999999999998
    vertex -84.49999999998539 -458.69999999999925 -135.9999999999998
  endloop
endfacet
facet normal 0.0 1.0 0.0
  outer loop
    vertex -83.49999999998543 -458.69999999999925 -135.9999999999998
    vertex -84.49999999998539 -458.69999999999925 -133.9999999999998
    vertex -83.49999999998543 -458.69999999999925 -133.9999999999998
  endloop
endfacet
facet normal -1.0 0.0 0.0
  outer loop
    vertex -83.49999999998543 -401.6999999999993 -133.9999999999998
    vertex -83.49999999998543 -458.69999999999925 -135.9999999999998
    vertex -83.49999999998543 -458.69999999999925 -133.9999999999998
  endloop
endfacet
facet normal -1.0 0.0 0.0
  outer loop
    vertex -83.49999999998543 -458.69999999999925 -135.9999999999998
    vertex -83.49999999998543 -401.6999999999993 -133.9999999999998
    vertex -83.49999999998543 -401.6999999999993 -135.9999999999998
  endloop
endfacet
facet normal 0.0 0.0 1.0
  outer loop
    vertex -83.49999999998543 -458.69999999999925 -135.9999999999998
    vertex -84.49999999998539 -401.6999999999993 -135.9999999999998
    vertex -84.49999999998539 -458.69999999999925 -135.9999999999998
  endloop
endfacet
facet normal 0.0 0.0 1.0
  outer loop
    vertex -84.49999999998539 -401.6999999999993 -135.9999999999998
    vertex -83.49999999998543 -458.69999999999925 -135.9999999999998
    vertex -83.49999999998543 -401.6999999999993 -135.9999999999998
  endloop
endfacet
facet normal -1.0 1.1314573209984533e-13 -2.451490862161647e-12
  outer loop
    vertex -116.50000000000003 -466.6999999999994 -139.00000000000395
    vertex -116.49999999998532 -401.69999999999925 -141.99999999999983
    vertex -116.49999999998532 -466.69999999999953 -141.99999999999983
  endloop
endfacet
facet normal -1.0 1.1314573209984533e-13 -2.451490862161647e-12
  outer loop
    vertex -116.49999999998532 -401.69999999999925 -141.99999999999983
    vertex -116.50000000000003 -466.6999999999994 -139.00000000000395
    vertex -116.49999999998532 -401.69999999999914 -138.99999999999983
  endloop
endfacet
facet normal 1.0 1.1106329531266561e-14 -2.406371398440879e-13
  outer loop
    vertex 118.50000000001457 -401.6999999999994 -141.99999999999983
    vertex 118.500000000016 -466.6999999999997 -139.0000000000004
    vertex 118.50000000001457 -466.6999999999997 -141.99999999999983
  endloop
endfacet
facet normal 1.0 1.1106329531266561e-14 -2.406371398440879e-13
  outer loop
    vertex 118.500000000016 -466.6999999999997 -139.0000000000004
    vertex 118.50000000001457 -401.6999999999994 -141.99999999999983
    vertex 118.50000000001457 -401.6999999999993 -138.99999999999983
  endloop
endfacet
facet normal -1.0 1.1314573209968965e-13 2.4514908621616453e-12
  outer loop
    vertex -116.49999999998532 -401.69999999999925 -133.99999999999986
    vertex -116.50000000000003 -466.6999999999994 -137.00000000000398
    vertex -116.49999999998532 -466.69999999999953 -133.99999999999986
  endloop
endfacet
facet normal -1.0 1.1314573209968965e-13 2.4514908621616453e-12
  outer loop
    vertex -116.50000000000003 -466.6999999999994 -137.00000000000398
    vertex -116.49999999998532 -401.69999999999925 -133.99999999999986
    vertex -116.49999999998532 -401.69999999999925 -136.99999999999983
  endloop
endfacet
facet normal -1.0 2.2559731860386783e-13 1.5268245048374104e-26
  outer loop
    vertex -114.49999999998565 -401.69999999999976 -135.99999999999983
    vertex -114.50000000000036 -466.6999999999998 -140.00000000000395
    vertex -114.50000000000036 -466.7 -136.00000000000398
  endloop
endfacet
facet normal -1.0 2.2559731860386783e-13 1.5268245048374104e-26
  outer loop
    vertex -114.50000000000036 -466.6999999999998 -140.00000000000395
    vertex -114.49999999998565 -401.69999999999976 -135.99999999999983
    vertex -114.49999999998565 -401.69999999999953 -139.99999999999983
  endloop
endfacet
facet normal 0.4472135955000145 -1.5800949998936198e-13 0.8944271909998878
  outer loop
    vertex -114.50000000000036 -466.6999999999998 -140.00000000000395
    vertex -116.49999999998532 -401.69999999999914 -138.99999999999983
    vertex -116.50000000000003 -466.6999999999994 -139.00000000000395
  endloop
endfacet
facet normal 0.4472135955000145 -1.5800949998936198e-13 0.8944271909998878
  outer loop
    vertex -116.49999999998532 -401.69999999999914 -138.99999999999983
    vertex -114.50000000000036 -466.6999999999998 -140.00000000000395
    vertex -114.49999999998565 -401.69999999999953 -139.99999999999983
  endloop
endfacet
facet normal 0.4472135955000145 -4.43917349507648e-14 -0.8944271909998878
  outer loop
    vertex -116.49999999998532 -401.69999999999925 -136.99999999999983
    vertex -114.50000000000036 -466.7 -136.00000000000398
    vertex -116.50000000000003 -466.6999999999994 -137.00000000000398
  endloop
endfacet
facet normal 0.4472135955000145 -4.43917349507648e-14 -0.8944271909998878
  outer loop
    vertex -114.50000000000036 -466.7 -136.00000000000398
    vertex -116.49999999998532 -401.69999999999925 -136.99999999999983
    vertex -114.49999999998565 -401.69999999999976 -135.99999999999983
  endloop
endfacet
endsolid matrix4-final
