solid matrix4-final
facet normal 0.21872370529176446 -0.6731623503793187 -0.7064080908194872
  outer loop
    vertex 109.97249820410305 -460.4191059461857 -144.99999999999983
    vertex 109.74344943006572 -461.5429158071252 -143.99999999999983
    vertex 109.49475954405548 -460.5743326457001 -144.99999999999983
  endloop
endfacet
facet normal 0.21872370529176446 -0.6731623503793187 -0.7064080908194872
  outer loop
    vertex 109.74344943006572 -461.5429158071252 -143.99999999999983
    vertex 109.97249820410305 -460.4191059461857 -144.99999999999983
    vertex 110.34062275512515 -461.34888243273224 -143.99999999999983
  endloop
endfacet
facet normal 0.0 0.0 1.0
  outer loop
    vertex 73.58856374637121 -457.63690657292824 -139.99999999999983
    vertex 73.50986635787328 -456.3860474023531 -139.99999999999983
    vertex 73.50986635787328 -457.0139525976462 -139.99999999999983
  endloop
endfacet
facet normal 0.0 0.0 1.0
  outer loop
    vertex 73.50986635787328 -456.3860474023531 -139.99999999999983
    vertex 73.58856374637121 -457.63690657292824 -139.99999999999983
    vertex 73.58856374637121 -455.763093427071 -139.99999999999983
  endloop
endfacet
facet normal 0.0 0.0 1.0
  outer loop
    vertex 73.58856374637121 -455.763093427071 -139.99999999999983
    vertex 73.58856374637121 -457.63690657292824 -139.99999999999983
    vertex 73.74471741853884 -458.2450849718744 -139.99999999999983
  endloop
endfacet
facet normal 0.0 0.0 1.0
  outer loop
    vertex 73.58856374637121 -455.763093427071 -139.99999999999983
    vertex 73.74471741853884 -458.2450849718744 -139.99999999999983
    vertex 73.74471741853884 -455.15491502812495 -139.99999999999983
  endloop
endfacet
facet normal 0.0 0.0 1.0
  outer loop
    vertex 73.74471741853884 -455.15491502812495 -139.99999999999983
    vertex 73.74471741853884 -458.2450849718744 -139.99999999999983
    vertex 73.97586473768452 -458.82889645782495 -139.99999999999983
  endloop
endfacet
facet normal 0.0 0.0 1.0
  outer loop
    vertex 73.74471741853884 -455.15491502812495 -139.99999999999983
    vertex 73.97586473768452 -458.82889645782495 -139.99999999999983
    vertex 73.97586473768452 -454.5711035421743 -139.99999999999983
  endloop
endfacet
facet normal 0.0 0.0 1.0
  outer loop
    vertex 73.97586473768452 -454.5711035421743 -139.99999999999983
    vertex 73.97586473768452 -458.82889645782495 -139.99999999999983
    vertex 74.27836037250455 -459.3791339748946 -139.99999999999983
  endloop
endfacet
facet normal 0.0 0.0 1.0
  outer loop
    vertex 73.97586473768452 -454.5711035421743 -139.99999999999983
    vertex 74.27836037250455 -459.3791339748946 -139.99999999999983
    vertex 74.27836037250455 -454.0208660251047 -139.99999999999983
  endloop
endfacet
facet normal 0.0 0.0 1.0
  outer loop
    vertex 74.27836037250455 -454.0208660251047 -139.99999999999983
    vertex 74.27836037250455 -459.3791339748946 -139.99999999999983
    vertex 74.64743378613566 -459.8871199487431 -139.99999999999983
  endloop
endfacet
facet normal 0.0 0.0 1.0
  outer loop
    vertex 74.27836037250455 -454.0208660251047 -139.99999999999983
    vertex 74.64743378613566 -459.8871199487431 -139.99999999999983
    vertex 74.64743378613566 -453.5128800512562 -139.99999999999983
  endloop
endfacet
facet normal 0.0 0.0 1.0
  outer loop
    vertex 74.64743378613566 -453.5128800512562 -139.99999999999983
    vertex 74.64743378613566 -459.8871199487431 -139.99999999999983
    vertex 75.07726447037115 -460.34484313710664 -139.99999999999983
  endloop
endfacet
facet normal 0.0 0.0 1.0
  outer loop
    vertex 74.64743378613566 -453.5128800512562 -139.99999999999983
    vertex 75.07726447037115 -460.34484313710664 -139.99999999999983
    vertex 75.0772644703712 -453.0551568628926 -139.99999999999983
  endloop
endfacet
facet normal 0.0 0.0 1.0
  outer loop
    vertex 75.0772644703712 -453.0551568628926 -139.99999999999983
    vertex 75.07726447037115 -460.34484313710664 -139.99999999999983
    vertex 75.56107373855225 -460.74508497187435 -139.99999999999983
  endloop
endfacet
facet normal 0.0 0.0 1.0
  outer loop
    vertex 75.0772644703712 -453.0551568628926 -139.99999999999983
    vertex 75.56107373855225 -460.74508497187435 -139.99999999999983
    vertex 75.56107373855225 -452.6549150281249 -139.99999999999983
  endloop
endfacet
facet normal 0.0 0.0 1.0
  outer loop
    vertex 75.56107373855225 -452.6549150281249 -139.99999999999983
    vertex 75.56107373855225 -460.74508497187435 -139.99999999999983
    vertex 76.09123162950603 -461.0815334002189 -139.99999999999983
  endloop
endfacet
facet normal 0.0 0.0 1.0
  outer loop
    vertex 75.56107373855225 -452.6549150281249 -139.99999999999983
    vertex 76.09123162950603 -461.0815334002189 -139.99999999999983
    vertex 76.09123162950603 -452.3184665997803 -139.99999999999983
  endloop
endfacet
facet normal 0.0 0.0 1.0
  outer loop
    vertex 76.09123162950603 -452.3184665997803 -139.99999999999983
    vertex 76.09123162950603 -461.0815334002189 -139.99999999999983
    vertex 76.6593772365912 -461.34888242944083 -139.99999999999983
  endloop
endfacet
facet normal 0.0 0.0 1.0
  outer loop
    vertex 76.09123162950603 -452.3184665997803 -139.99999999999983
    vertex 76.6593772365912 -461.34888242944083 -139.99999999999983
    vertex 76.6593772365912 -452.0511175705584 -139.99999999999983
  endloop
endfacet
facet normal 0.0 0.0 1.0
  outer loop
    vertex 76.6593772365912 -452.0511175705584 -139.99999999999983
    vertex 76.6593772365912 -461.34888242944083 -139.99999999999983
    vertex 77.25655056419032 -461.54291580564274 -139.99999999999983
  endloop
endfacet
facet normal 0.0 0.0 1.0
  outer loop
    vertex 76.6593772365912 -452.0511175705584 -139.99999999999983
    vertex 77.25655056419032 -461.54291580564274 -139.99999999999983
    vertex 77.25655056419032 -451.8570841943565 -139.99999999999983
  endloop
endfacet
facet normal 0.0 0.0 1.0
  outer loop
    vertex 77.25655056419032 -451.8570841943565 -139.99999999999983
    vertex 77.25655056419032 -461.54291580564274 -139.99999999999983
    vertex 77.87333383219308 -461.660573506572 -139.99999999999983
  endloop
endfacet
facet normal 0.0 0.0 1.0
  outer loop
    vertex 77.25655056419032 -451.8570841943565 -139.99999999999983
    vertex 77.87333383219308 -461.660573506572 -139.99999999999983
    vertex 77.87333383219308 -451.7394264934273 -139.99999999999983
  endloop
endfacet
facet normal 0.0 0.0 1.0
  outer loop
    vertex 77.87333383219308 -451.7394264934273 -139.99999999999983
    vertex 77.87333383219308 -461.660573506572 -139.99999999999983
    vertex 78.5000000000146 -461.6999999999996 -139.99999999999983
  endloop
endfacet
facet normal 0.0 0.0 1.0
  outer loop
    vertex 77.87333383219308 -451.7394264934273 -139.99999999999983
    vertex 78.5000000000146 -461.6999999999996 -139.99999999999983
    vertex 78.5000000000146 -451.6999999999997 -139.99999999999983
  endloop
endfacet
facet normal 0.0 0.0 1.0
  outer loop
    vertex 78.5000000000146 -451.6999999999997 -139.99999999999983
    vertex 78.5000000000146 -461.6999999999996 -139.99999999999983
    vertex 108.50000000001462 -461.69999999999965 -139.99999999999983
  endloop
endfacet
facet normal 0.0 0.0 1.0
  outer loop
    vertex 78.5000000000146 -451.6999999999997 -139.99999999999983
    vertex 108.50000000001462 -461.69999999999965 -139.99999999999983
    vertex 108.50000007452034 -451.69999999999976 -139.99999999999983
  endloop
endfacet
facet normal 0.0 0.0 1.0
  outer loop
    vertex 108.50000007452034 -451.69999999999976 -139.99999999999983
    vertex 108.50000000001462 -461.69999999999965 -139.99999999999983
    vertex 109.12666616487941 -461.66057350694564 -139.99999999999983
  endloop
endfacet
facet normal 0.0 0.0 1.0
  outer loop
    vertex 108.50000007452034 -451.69999999999976 -139.99999999999983
    vertex 109.12666616487941 -461.66057350694564 -139.99999999999983
    vertex 109.12666623879764 -451.7394265023919 -139.99999999999983
  endloop
endfacet
facet normal 0.0 0.0 1.0
  outer loop
    vertex 109.12666623879764 -451.7394265023919 -139.99999999999983
    vertex 109.12666616487941 -461.66057350694564 -139.99999999999983
    vertex 109.74344943006572 -461.5429158071252 -139.99999999999983
  endloop
endfacet
facet normal 0.0 0.0 1.0
  outer loop
    vertex 109.12666623879764 -451.7394265023919 -139.99999999999983
    vertex 109.74344943006572 -461.5429158071252 -139.99999999999983
    vertex 109.74344950223069 -451.8570842114031 -139.99999999999983
  endloop
endfacet
facet normal 0.0 0.0 1.0
  outer loop
    vertex 109.74344950223069 -451.8570842114031 -139.99999999999983
    vertex 109.74344943006572 -461.5429158071252 -139.99999999999983
    vertex 110.34062275512515 -461.34888243273224 -139.99999999999983
  endloop
endfacet
facet normal 0.0 0.0 1.0
  outer loop
    vertex 109.74344950223069 -451.8570842114031 -139.99999999999983
    vertex 110.34062275512515 -461.34888243273224 -139.99999999999983
    vertex 110.34062282439884 -452.05111759469463 -139.99999999999983
  endloop
endfacet
facet normal 0.0 0.0 1.0
  outer loop
    vertex 110.34062282439884 -452.05111759469463 -139.99999999999983
    vertex 110.34062275512515 -461.34888243273224 -139.99999999999983
    vertex 110.90876836007676 -461.08153340596203 -139.99999999999983
  endloop
endfacet
facet normal 0.0 0.0 1.0
  outer loop
    vertex 110.34062282439884 -452.05111759469463 -139.99999999999983
    vertex 110.90876836007676 -461.08153340596203 -139.99999999999983
    vertex 110.90876842536666 -452.31846662993087 -139.99999999999983
  endloop
endfacet
facet normal 0.0 0.0 1.0
  outer loop
    vertex 110.90876842536666 -452.31846662993087 -139.99999999999983
    vertex 110.90876836007676 -461.08153340596203 -139.99999999999983
    vertex 111.43892624942167 -460.7450849806331 -139.99999999999983
  endloop
endfacet
facet normal 0.0 0.0 1.0
  outer loop
    vertex 110.90876842536666 -452.31846662993087 -139.99999999999983
    vertex 111.43892624942167 -460.7450849806331 -139.99999999999983
    vertex 111.43892630969808 -452.6549150631597 -139.99999999999983
  endloop
endfacet
facet normal 0.0 0.0 1.0
  outer loop
    vertex 111.43892630969808 -452.6549150631597 -139.99999999999983
    vertex 111.43892624942167 -460.7450849806331 -139.99999999999983
    vertex 111.92273551662305 -460.34484314934735 -139.99999999999983
  endloop
endfacet
facet normal 0.0 0.0 1.0
  outer loop
    vertex 111.43892630969808 -452.6549150631597 -139.99999999999983
    vertex 111.92273551662305 -460.34484314934735 -139.99999999999983
    vertex 111.92273557093542 -453.05515690165475 -139.99999999999983
  endloop
endfacet
facet normal 0.0 0.0 1.0
  outer loop
    vertex 111.92273557093542 -453.05515690165475 -139.99999999999983
    vertex 111.92273551662305 -460.34484314934735 -139.99999999999983
    vertex 112.35256620059585 -459.88711996481726 -139.99999999999983
  endloop
endfacet
facet normal 0.0 0.0 1.0
  outer loop
    vertex 111.92273557093542 -453.05515690165475 -139.99999999999983
    vertex 112.35256620059585 -459.88711996481726 -139.99999999999983
    vertex 112.3525662480876 -453.5128800925898 -139.99999999999983
  endloop
endfacet
facet normal 0.0 0.0 1.0
  outer loop
    vertex 112.3525662480876 -453.5128800925898 -139.99999999999983
    vertex 112.35256620059585 -459.88711996481726 -139.99999999999983
    vertex 112.72163961474959 -459.37913399502503 -139.99999999999983
  endloop
endfacet
facet normal 0.0 0.0 1.0
  outer loop
    vertex 112.3525662480876 -453.5128800925898 -139.99999999999983
    vertex 112.72163961474959 -459.37913399502503 -139.99999999999983
    vertex 112.72163965467173 -454.0208660678817 -139.99999999999983
  endloop
endfacet
facet normal 0.0 0.0 1.0
  outer loop
    vertex 112.72163965467173 -454.0208660678817 -139.99999999999983
    vertex 112.72163961474959 -459.37913399502503 -139.99999999999983
    vertex 113.02413525092437 -458.82889648209436 -139.99999999999983
  endloop
endfacet
facet normal 0.0 0.0 1.0
  outer loop
    vertex 112.72163965467173 -454.0208660678817 -139.99999999999983
    vertex 113.02413525092437 -458.82889648209436 -139.99999999999983
    vertex 113.02413528264742 -454.57110358531986 -139.99999999999983
  endloop
endfacet
facet normal 0.0 0.0 1.0
  outer loop
    vertex 113.02413528264742 -454.57110358531986 -139.99999999999983
    vertex 113.02413525092437 -458.82889648209436 -139.99999999999983
    vertex 113.2552825722809 -458.24508500021807 -139.99999999999983
  endloop
endfacet
facet normal 0.0 0.0 1.0
  outer loop
    vertex 113.02413528264742 -454.57110358531986 -139.99999999999983
    vertex 113.2552825722809 -458.24508500021807 -139.99999999999983
    vertex 113.25528259530446 -455.15491507064047 -139.99999999999983
  endloop
endfacet
facet normal 0.0 0.0 1.0
  outer loop
    vertex 113.25528259530446 -455.15491507064047 -139.99999999999983
    vertex 113.2552825722809 -458.24508500021807 -139.99999999999983
    vertex 113.41143624751517 -457.6369066051302 -139.99999999999983
  endloop
endfacet
facet normal 0.0 0.0 1.0
  outer loop
    vertex 113.25528259530446 -455.15491507064047 -139.99999999999983
    vertex 113.41143624751517 -457.6369066051302 -139.99999999999983
    vertex 113.41143626147613 -455.7630934680553 -139.99999999999983
  endloop
endfacet
facet normal 0.0 0.0 1.0
  outer loop
    vertex 113.41143626147613 -455.7630934680553 -139.99999999999983
    vertex 113.41143624751517 -457.6369066051302 -139.99999999999983
    vertex 113.49013363991038 -457.0139526333384 -139.99999999999983
  endloop
endfacet
facet normal 0.0 0.0 1.0
  outer loop
    vertex 113.41143626147613 -455.7630934680553 -139.99999999999983
    vertex 113.49013363991038 -457.0139526333384 -139.99999999999983
    vertex 113.49013364458864 -456.38604744101974 -139.99999999999983
  endloop
endfacet
facet normal -0.7289686274213927 -0.6845471059287087 0.0
  outer loop
    vertex 74.64743378613566 -459.8871199487431 -139.99999999999983
    vertex 75.07726447037115 -460.34484313710664 -143.99999999999983
    vertex 75.07726447037115 -460.34484313710664 -139.99999999999983
  endloop
endfacet
facet normal -0.7289686274213927 -0.6845471059287087 0.0
  outer loop
    vertex 75.07726447037115 -460.34484313710664 -143.99999999999983
    vertex 74.64743378613566 -459.8871199487431 -139.99999999999983
    vertex 74.64743378613566 -459.8871199487431 -143.99999999999983
  endloop
endfacet
facet normal -0.06279051953704133 -0.9980267284277854 1.3536610699766427e-12
  outer loop
    vertex 78.5000000000146 -461.6999999999996 -139.99999999999983
    vertex 78.46863574652804 -461.6980267284463 -143.99999999999983
    vertex 78.5000000000146 -461.6999999999996 -143.99999999999983
  endloop
endfacet
facet normal -0.06279051953704133 -0.9980267284277854 1.3536610699766427e-12
  outer loop
    vertex 78.46863574652804 -461.6980267284463 -143.99999999999983
    vertex 78.5000000000146 -461.6999999999996 -139.99999999999983
    vertex 77.87333383219308 -461.660573506572 -143.99999999999983
  endloop
endfacet
facet normal -0.06279051953704133 -0.9980267284277854 1.3536610699766427e-12
  outer loop
    vertex 77.87333383219308 -461.660573506572 -143.99999999999983
    vertex 78.5000000000146 -461.6999999999996 -139.99999999999983
    vertex 77.87333383219308 -461.660573506572 -139.99999999999983
  endloop
endfacet
facet normal -0.18738131458572 -0.9822872507286895 0.0
  outer loop
    vertex 77.87333383219308 -461.660573506572 -139.99999999999983
    vertex 77.25655056419032 -461.54291580564274 -143.99999999999983
    vertex 77.87333383219308 -461.660573506572 -143.99999999999983
  endloop
endfacet
facet normal -0.18738131458572 -0.9822872507286895 0.0
  outer loop
    vertex 77.25655056419032 -461.54291580564274 -143.99999999999983
    vertex 77.87333383219308 -461.660573506572 -139.99999999999983
    vertex 77.25655056419032 -461.54291580564274 -139.99999999999983
  endloop
endfacet
facet normal -3.0079642480510865e-15 -1.0 0.0
  outer loop
    vertex 108.50000000001462 -461.69999999999965 -139.99999999999983
    vertex 78.5000000000146 -461.6999999999996 -143.99999999999983
    vertex 108.50000000001462 -461.69999999999965 -143.99999999999983
  endloop
endfacet
facet normal -3.0079642480510865e-15 -1.0 0.0
  outer loop
    vertex 78.5000000000146 -461.6999999999996 -143.99999999999983
    vertex 108.50000000001462 -461.69999999999965 -139.99999999999983
    vertex 78.5000000000146 -461.6999999999996 -139.99999999999983
  endloop
endfacet
facet normal -0.42577929156506333 -0.904827052466024 0.0
  outer loop
    vertex 76.6593772365912 -461.34888242944083 -139.99999999999983
    vertex 76.09123162950603 -461.0815334002189 -143.99999999999983
    vertex 76.6593772365912 -461.34888242944083 -143.99999999999983
  endloop
endfacet
facet normal -0.42577929156506333 -0.904827052466024 0.0
  outer loop
    vertex 76.09123162950603 -461.0815334002189 -143.99999999999983
    vertex 76.6593772365912 -461.34888242944083 -139.99999999999983
    vertex 76.09123162950603 -461.0815334002189 -139.99999999999983
  endloop
endfacet
facet normal -0.8090169943749561 -0.5877852522924611 0.0
  outer loop
    vertex 74.27836037250455 -459.3791339748946 -139.99999999999983
    vertex 74.64743378613566 -459.8871199487431 -143.99999999999983
    vertex 74.64743378613566 -459.8871199487431 -139.99999999999983
  endloop
endfacet
facet normal -0.8090169943749561 -0.5877852522924611 0.0
  outer loop
    vertex 74.64743378613566 -459.8871199487431 -143.99999999999983
    vertex 74.27836037250455 -459.3791339748946 -139.99999999999983
    vertex 74.27836037250455 -459.3791339748946 -143.99999999999983
  endloop
endfacet
facet normal -0.3090169943749376 -0.9510565162951569 0.0
  outer loop
    vertex 77.25655056419032 -461.54291580564274 -139.99999999999983
    vertex 76.6593772365912 -461.34888242944083 -143.99999999999983
    vertex 77.25655056419032 -461.54291580564274 -143.99999999999983
  endloop
endfacet
facet normal -0.3090169943749376 -0.9510565162951569 0.0
  outer loop
    vertex 76.6593772365912 -461.34888242944083 -143.99999999999983
    vertex 77.25655056419032 -461.54291580564274 -139.99999999999983
    vertex 76.6593772365912 -461.34888242944083 -139.99999999999983
  endloop
endfacet
facet normal -0.6374239897487216 -0.7705132427757629 0.0
  outer loop
    vertex 75.56107373855225 -460.74508497187435 -139.99999999999983
    vertex 75.07726447037115 -460.34484313710664 -143.99999999999983
    vertex 75.56107373855225 -460.74508497187435 -143.99999999999983
  endloop
endfacet
facet normal -0.6374239897487216 -0.7705132427757629 0.0
  outer loop
    vertex 75.07726447037115 -460.34484313710664 -143.99999999999983
    vertex 75.56107373855225 -460.74508497187435 -139.99999999999983
    vertex 75.07726447037115 -460.34484313710664 -139.99999999999983
  endloop
endfacet
facet normal -0.8763066800438659 -0.4817536741017111 0.0
  outer loop
    vertex 73.97586473768452 -458.82889645782495 -139.99999999999983
    vertex 74.27836037250455 -459.3791339748946 -143.99999999999983
    vertex 74.27836037250455 -459.3791339748946 -139.99999999999983
  endloop
endfacet
facet normal -0.8763066800438659 -0.4817536741017111 0.0
  outer loop
    vertex 74.27836037250455 -459.3791339748946 -143.99999999999983
    vertex 73.97586473768452 -458.82889645782495 -139.99999999999983
    vertex 73.97586473768452 -458.82889645782495 -143.99999999999983
  endloop
endfacet
facet normal -0.53582679497898 -0.8443279255020257 0.0
  outer loop
    vertex 76.09123162950603 -461.0815334002189 -139.99999999999983
    vertex 75.56107373855225 -460.74508497187435 -143.99999999999983
    vertex 76.09123162950603 -461.0815334002189 -143.99999999999983
  endloop
endfacet
facet normal -0.53582679497898 -0.8443279255020257 0.0
  outer loop
    vertex 75.56107373855225 -460.74508497187435 -143.99999999999983
    vertex 76.09123162950603 -461.0815334002189 -139.99999999999983
    vertex 75.56107373855225 -460.74508497187435 -139.99999999999983
  endloop
endfacet
facet normal 0.0 0.0 -1.0
  outer loop
    vertex 73.58856374637121 -455.763093427071 -143.99999999999983
    vertex 73.50986635787328 -457.0139525976462 -143.99999999999983
    vertex 73.50986635787328 -456.3860474023531 -143.99999999999983
  endloop
endfacet
facet normal 0.0 0.0 -1.0
  outer loop
    vertex 73.50986635787328 -457.0139525976462 -143.99999999999983
    vertex 73.58856374637121 -455.763093427071 -143.99999999999983
    vertex 73.58856374637121 -457.63690657292824 -143.99999999999983
  endloop
endfacet
facet normal 0.0 0.0 -1.0
  outer loop
    vertex 73.58856374637121 -457.63690657292824 -143.99999999999983
    vertex 73.58856374637121 -455.763093427071 -143.99999999999983
    vertex 73.74471741853884 -455.15491502812495 -143.99999999999983
  endloop
endfacet
facet normal 0.0 0.0 -1.0
  outer loop
    vertex 73.58856374637121 -457.63690657292824 -143.99999999999983
    vertex 73.74471741853884 -455.15491502812495 -143.99999999999983
    vertex 73.74471741853884 -458.2450849718744 -143.99999999999983
  endloop
endfacet
facet normal 0.0 0.0 -1.0
  outer loop
    vertex 73.74471741853884 -458.2450849718744 -143.99999999999983
    vertex 73.74471741853884 -455.15491502812495 -143.99999999999983
    vertex 73.97586473768452 -454.5711035421743 -143.99999999999983
  endloop
endfacet
facet normal 0.0 0.0 -1.0
  outer loop
    vertex 73.74471741853884 -458.2450849718744 -143.99999999999983
    vertex 73.97586473768452 -454.5711035421743 -143.99999999999983
    vertex 73.97586473768452 -458.82889645782495 -143.99999999999983
  endloop
endfacet
facet normal 0.0 0.0 -1.0
  outer loop
    vertex 73.97586473768452 -458.82889645782495 -143.99999999999983
    vertex 73.97586473768452 -454.5711035421743 -143.99999999999983
    vertex 74.27836037250455 -454.0208660251047 -143.99999999999983
  endloop
endfacet
facet normal 0.0 0.0 -1.0
  outer loop
    vertex 73.97586473768452 -458.82889645782495 -143.99999999999983
    vertex 74.27836037250455 -454.0208660251047 -143.99999999999983
    vertex 74.27836037250455 -459.3791339748946 -143.99999999999983
  endloop
endfacet
facet normal 0.0 0.0 -1.0
  outer loop
    vertex 74.27836037250455 -459.3791339748946 -143.99999999999983
    vertex 74.27836037250455 -454.0208660251047 -143.99999999999983
    vertex 74.64743378613566 -453.5128800512562 -143.99999999999983
  endloop
endfacet
facet normal 0.0 0.0 -1.0
  outer loop
    vertex 74.27836037250455 -459.3791339748946 -143.99999999999983
    vertex 74.64743378613566 -453.5128800512562 -143.99999999999983
    vertex 74.5078930863016 -456.4488379218824 -143.99999999999983
  endloop
endfacet
facet normal 0.0 0.0 -1.0
  outer loop
    vertex 74.5078930863016 -456.4488379218824 -143.99999999999983
    vertex 74.64743378613566 -453.5128800512562 -143.99999999999983
    vertex 74.57085099709992 -455.95047474165676 -143.99999999999983
  endloop
endfacet
facet normal 0.0 0.0 -1.0
  outer loop
    vertex 74.57085099709992 -455.95047474165676 -143.99999999999983
    vertex 74.64743378613566 -453.5128800512562 -143.99999999999983
    vertex 74.69577393483407 -455.46393202249993 -143.99999999999983
  endloop
endfacet
facet normal 0.0 0.0 -1.0
  outer loop
    vertex 74.69577393483407 -455.46393202249993 -143.99999999999983
    vertex 74.64743378613566 -453.5128800512562 -143.99999999999983
    vertex 75.0772644703712 -453.0551568628926 -143.99999999999983
  endloop
endfacet
facet normal 0.0 0.0 -1.0
  outer loop
    vertex 74.69577393483407 -455.46393202249993 -143.99999999999983
    vertex 75.0772644703712 -453.0551568628926 -143.99999999999983
    vertex 74.88069179015059 -454.9968828337394 -143.99999999999983
  endloop
endfacet
facet normal 0.0 0.0 -1.0
  outer loop
    vertex 74.88069179015059 -454.9968828337394 -143.99999999999983
    vertex 75.0772644703712 -453.0551568628926 -143.99999999999983
    vertex 75.12268829800661 -454.5566928200837 -143.99999999999983
  endloop
endfacet
facet normal 0.0 0.0 -1.0
  outer loop
    vertex 75.12268829800661 -454.5566928200837 -143.99999999999983
    vertex 75.0772644703712 -453.0551568628926 -143.99999999999983
    vertex 75.56107373855225 -452.6549150281249 -143.99999999999983
  endloop
endfacet
facet normal 0.0 0.0 -1.0
  outer loop
    vertex 75.12268829800661 -454.5566928200837 -143.99999999999983
    vertex 75.56107373855225 -452.6549150281249 -143.99999999999983
    vertex 75.4179470289115 -454.150304041005 -143.99999999999983
  endloop
endfacet
facet normal 0.0 0.0 -1.0
  outer loop
    vertex 75.4179470289115 -454.150304041005 -143.99999999999983
    vertex 75.56107373855225 -452.6549150281249 -143.99999999999983
    vertex 75.7618115762999 -453.78412549031407 -143.99999999999983
  endloop
endfacet
facet normal 0.0 0.0 -1.0
  outer loop
    vertex 75.7618115762999 -453.78412549031407 -143.99999999999983
    vertex 75.56107373855225 -452.6549150281249 -143.99999999999983
    vertex 76.09123162950603 -452.3184665997803 -143.99999999999983
  endloop
endfacet
facet normal 0.0 0.0 -1.0
  outer loop
    vertex 75.7618115762999 -453.78412549031407 -143.99999999999983
    vertex 76.09123162950603 -452.3184665997803 -143.99999999999983
    vertex 76.14885899084476 -453.46393202249993 -143.99999999999983
  endloop
endfacet
facet normal 0.0 0.0 -1.0
  outer loop
    vertex 76.14885899084476 -453.46393202249993 -143.99999999999983
    vertex 76.09123162950603 -452.3184665997803 -143.99999999999983
    vertex 76.6593772365912 -452.0511175705584 -143.99999999999983
  endloop
endfacet
facet normal 0.0 0.0 -1.0
  outer loop
    vertex 76.14885899084476 -453.46393202249993 -143.99999999999983
    vertex 76.6593772365912 -452.0511175705584 -143.99999999999983
    vertex 76.57298530360777 -453.1947732798243 -143.99999999999983
  endloop
endfacet
facet normal 0.0 0.0 -1.0
  outer loop
    vertex 76.57298530360777 -453.1947732798243 -143.99999999999983
    vertex 76.6593772365912 -452.0511175705584 -143.99999999999983
    vertex 77.02750178927592 -452.9808940564467 -143.99999999999983
  endloop
endfacet
facet normal 0.0 0.0 -1.0
  outer loop
    vertex 77.02750178927592 -452.9808940564467 -143.99999999999983
    vertex 76.6593772365912 -452.0511175705584 -143.99999999999983
    vertex 77.25655056419032 -451.8570841943565 -143.99999999999983
  endloop
endfacet
facet normal 0.0 0.0 -1.0
  outer loop
    vertex 77.02750178927592 -452.9808940564467 -143.99999999999983
    vertex 77.25655056419032 -451.8570841943565 -143.99999999999983
    vertex 77.50524045135519 -452.82566735548517 -143.99999999999983
  endloop
endfacet
facet normal 0.0 0.0 -1.0
  outer loop
    vertex 77.50524045135519 -452.82566735548517 -143.99999999999983
    vertex 77.25655056419032 -451.8570841943565 -143.99999999999983
    vertex 77.87333383219308 -451.7394264934273 -143.99999999999983
  endloop
endfacet
facet normal 0.0 0.0 -1.0
  outer loop
    vertex 77.50524045135519 -452.82566735548517 -143.99999999999983
    vertex 77.87333383219308 -451.7394264934273 -143.99999999999983
    vertex 77.99866706575739 -452.73154119474185 -143.99999999999983
  endloop
endfacet
facet normal 0.0 0.0 -1.0
  outer loop
    vertex 77.99866706575739 -452.73154119474185 -143.99999999999983
    vertex 77.87333383219308 -451.7394264934273 -143.99999999999983
    vertex 78.46863574652804 -451.7019732715528 -143.99999999999983
  endloop
endfacet
facet normal 0.0 0.0 -1.0
  outer loop
    vertex 77.99866706575739 -452.73154119474185 -143.99999999999983
    vertex 78.46863574652804 -451.7019732715528 -143.99999999999983
    vertex 78.5000000000146 -452.69999999999976 -143.99999999999983
  endloop
endfacet
facet normal 0.0 0.0 -1.0
  outer loop
    vertex 74.27836037250455 -459.3791339748946 -143.99999999999983
    vertex 74.5078930863016 -456.9511620781169 -143.99999999999983
    vertex 74.64743378613566 -459.8871199487431 -143.99999999999983
  endloop
endfacet
facet normal 0.0 0.0 -1.0
  outer loop
    vertex 74.5078930863016 -456.9511620781169 -143.99999999999983
    vertex 74.27836037250455 -459.3791339748946 -143.99999999999983
    vertex 74.5078930863016 -456.4488379218824 -143.99999999999983
  endloop
endfacet
facet normal 0.0 0.0 -1.0
  outer loop
    vertex 74.64743378613566 -459.8871199487431 -143.99999999999983
    vertex 74.5078930863016 -456.9511620781169 -143.99999999999983
    vertex 74.57085099709992 -457.44952525834253 -143.99999999999983
  endloop
endfacet
facet normal 0.0 0.0 -1.0
  outer loop
    vertex 74.64743378613566 -459.8871199487431 -143.99999999999983
    vertex 74.57085099709992 -457.44952525834253 -143.99999999999983
    vertex 74.69577393483407 -457.93606797749936 -143.99999999999983
  endloop
endfacet
facet normal 0.0 0.0 -1.0
  outer loop
    vertex 74.64743378613566 -459.8871199487431 -143.99999999999983
    vertex 74.69577393483407 -457.93606797749936 -143.99999999999983
    vertex 75.07726447037115 -460.34484313710664 -143.99999999999983
  endloop
endfacet
facet normal 0.0 0.0 -1.0
  outer loop
    vertex 75.07726447037115 -460.34484313710664 -143.99999999999983
    vertex 74.69577393483407 -457.93606797749936 -143.99999999999983
    vertex 74.88069179015059 -458.40311716625985 -143.99999999999983
  endloop
endfacet
facet normal 0.0 0.0 -1.0
  outer loop
    vertex 75.07726447037115 -460.34484313710664 -143.99999999999983
    vertex 74.88069179015059 -458.40311716625985 -143.99999999999983
    vertex 75.12268829800662 -458.8433071799156 -143.99999999999983
  endloop
endfacet
facet normal 0.0 0.0 -1.0
  outer loop
    vertex 75.07726447037115 -460.34484313710664 -143.99999999999983
    vertex 75.12268829800662 -458.8433071799156 -143.99999999999983
    vertex 75.56107373855225 -460.74508497187435 -143.99999999999983
  endloop
endfacet
facet normal 0.0 0.0 -1.0
  outer loop
    vertex 75.56107373855225 -460.74508497187435 -143.99999999999983
    vertex 75.12268829800662 -458.8433071799156 -143.99999999999983
    vertex 75.4179470289115 -459.2496959589943 -143.99999999999983
  endloop
endfacet
facet normal 0.0 0.0 -1.0
  outer loop
    vertex 75.56107373855225 -460.74508497187435 -143.99999999999983
    vertex 75.4179470289115 -459.2496959589943 -143.99999999999983
    vertex 75.7618115762999 -459.6158745096852 -143.99999999999983
  endloop
endfacet
facet normal 0.0 0.0 -1.0
  outer loop
    vertex 75.56107373855225 -460.74508497187435 -143.99999999999983
    vertex 75.7618115762999 -459.6158745096852 -143.99999999999983
    vertex 76.09123162950603 -461.0815334002189 -143.99999999999983
  endloop
endfacet
facet normal 0.0 0.0 -1.0
  outer loop
    vertex 76.09123162950603 -461.0815334002189 -143.99999999999983
    vertex 75.7618115762999 -459.6158745096852 -143.99999999999983
    vertex 76.14885899084474 -459.93606797749936 -143.99999999999983
  endloop
endfacet
facet normal 0.0 0.0 -1.0
  outer loop
    vertex 76.09123162950603 -461.0815334002189 -143.99999999999983
    vertex 76.14885899084474 -459.93606797749936 -143.99999999999983
    vertex 76.6593772365912 -461.34888242944083 -143.99999999999983
  endloop
endfacet
facet normal 0.0 0.0 -1.0
  outer loop
    vertex 76.6593772365912 -461.34888242944083 -143.99999999999983
    vertex 76.14885899084474 -459.93606797749936 -143.99999999999983
    vertex 76.57298530360777 -460.205226720175 -143.99999999999983
  endloop
endfacet
facet normal 0.0 0.0 -1.0
  outer loop
    vertex 76.6593772365912 -461.34888242944083 -143.99999999999983
    vertex 76.57298530360777 -460.205226720175 -143.99999999999983
    vertex 77.02750178927592 -460.41910594355255 -143.99999999999983
  endloop
endfacet
facet normal 0.0 0.0 -1.0
  outer loop
    vertex 76.6593772365912 -461.34888242944083 -143.99999999999983
    vertex 77.02750178927592 -460.41910594355255 -143.99999999999983
    vertex 77.25655056419032 -461.54291580564274 -143.99999999999983
  endloop
endfacet
facet normal 0.0 0.0 -1.0
  outer loop
    vertex 77.25655056419032 -461.54291580564274 -143.99999999999983
    vertex 77.02750178927592 -460.41910594355255 -143.99999999999983
    vertex 77.50524045135519 -460.57433264451413 -143.99999999999983
  endloop
endfacet
facet normal 0.0 0.0 -1.0
  outer loop
    vertex 77.25655056419032 -461.54291580564274 -143.99999999999983
    vertex 77.50524045135519 -460.57433264451413 -143.99999999999983
    vertex 77.87333383219308 -461.660573506572 -143.99999999999983
  endloop
endfacet
facet normal 0.0 0.0 -1.0
  outer loop
    vertex 77.87333383219308 -461.660573506572 -143.99999999999983
    vertex 77.50524045135519 -460.57433264451413 -143.99999999999983
    vertex 77.99866706575739 -460.66845880525744 -143.99999999999983
  endloop
endfacet
facet normal 0.0 0.0 -1.0
  outer loop
    vertex 77.87333383219308 -461.660573506572 -143.99999999999983
    vertex 77.99866706575739 -460.66845880525744 -143.99999999999983
    vertex 78.46863574652804 -461.6980267284463 -143.99999999999983
  endloop
endfacet
facet normal 0.0 0.0 -1.0
  outer loop
    vertex 78.46863574652804 -461.6980267284463 -143.99999999999983
    vertex 77.99866706575739 -460.66845880525744 -143.99999999999983
    vertex 78.5000000000146 -460.69999999999953 -143.99999999999983
  endloop
endfacet
facet normal 0.992114702322977 0.12533322558121063 0.0
  outer loop
    vertex 113.41143626147613 -455.7630934680553 -143.99999999999983
    vertex 113.49013364458864 -456.38604744101974 -139.99999999999983
    vertex 113.49013364458864 -456.38604744101974 -143.99999999999983
  endloop
endfacet
facet normal 0.992114702322977 0.12533322558121063 0.0
  outer loop
    vertex 113.49013364458864 -456.38604744101974 -139.99999999999983
    vertex 113.41143626147613 -455.7630934680553 -143.99999999999983
    vertex 113.41143626147613 -455.7630934680553 -139.99999999999983
  endloop
endfacet
facet normal 0.1873813283446691 0.9822872481040297 0.0
  outer loop
    vertex 109.12666623879764 -451.7394265023919 -139.99999999999983
    vertex 109.74344950223069 -451.8570842114031 -143.99999999999983
    vertex 109.12666623879764 -451.7394265023919 -143.99999999999983
  endloop
endfacet
facet normal 0.1873813283446691 0.9822872481040297 0.0
  outer loop
    vertex 109.74344950223069 -451.8570842114031 -143.99999999999983
    vertex 109.12666623879764 -451.7394265023919 -139.99999999999983
    vertex 109.74344950223069 -451.8570842114031 -139.99999999999983
  endloop
endfacet
facet normal -0.8763066800438659 0.4817536741017111 0.0
  outer loop
    vertex 74.27836037250455 -454.0208660251047 -139.99999999999983
    vertex 73.97586473768452 -454.5711035421743 -143.99999999999983
    vertex 73.97586473768452 -454.5711035421743 -139.99999999999983
  endloop
endfacet
facet normal -0.8763066800438659 0.4817536741017111 0.0
  outer loop
    vertex 73.97586473768452 -454.5711035421743 -143.99999999999983
    vertex 74.27836037250455 -454.0208660251047 -139.99999999999983
    vertex 74.27836037250455 -454.0208660251047 -143.99999999999983
  endloop
endfacet
facet normal -0.53582679497898 0.8443279255020257 0.0
  outer loop
    vertex 75.56107373855225 -452.6549150281249 -139.99999999999983
    vertex 76.09123162950603 -452.3184665997803 -143.99999999999983
    vertex 75.56107373855225 -452.6549150281249 -143.99999999999983
  endloop
endfacet
facet normal -0.53582679497898 0.8443279255020257 0.0
  outer loop
    vertex 76.09123162950603 -452.3184665997803 -143.99999999999983
    vertex 75.56107373855225 -452.6549150281249 -139.99999999999983
    vertex 76.09123162950603 -452.3184665997803 -139.99999999999983
  endloop
endfacet
facet normal -0.8090169943749561 0.5877852522924611 0.0
  outer loop
    vertex 74.64743378613566 -453.5128800512562 -139.99999999999983
    vertex 74.27836037250455 -454.0208660251047 -143.99999999999983
    vertex 74.27836037250455 -454.0208660251047 -139.99999999999983
  endloop
endfacet
facet normal -0.8090169943749561 0.5877852522924611 0.0
  outer loop
    vertex 74.27836037250455 -454.0208660251047 -143.99999999999983
    vertex 74.64743378613566 -453.5128800512562 -139.99999999999983
    vertex 74.64743378613566 -453.5128800512562 -143.99999999999983
  endloop
endfacet
facet normal 0.8763066847817962 0.48175366548344806 0.0
  outer loop
    vertex 112.72163965467173 -454.0208660678817 -143.99999999999983
    vertex 113.02413528264742 -454.57110358531986 -139.99999999999983
    vertex 113.02413528264742 -454.57110358531986 -143.99999999999983
  endloop
endfacet
facet normal 0.8763066847817962 0.48175366548344806 0.0
  outer loop
    vertex 113.02413528264742 -454.57110358531986 -139.99999999999983
    vertex 112.72163965467173 -454.0208660678817 -143.99999999999983
    vertex 112.72163965467173 -454.0208660678817 -139.99999999999983
  endloop
endfacet
facet normal -0.9297764858882572 0.3681245526846637 0.0
  outer loop
    vertex 73.97586473768452 -454.5711035421743 -139.99999999999983
    vertex 73.74471741853884 -455.15491502812495 -143.99999999999983
    vertex 73.74471741853884 -455.15491502812495 -139.99999999999983
  endloop
endfacet
facet normal -0.9297764858882572 0.3681245526846637 0.0
  outer loop
    vertex 73.74471741853884 -455.15491502812495 -143.99999999999983
    vertex 73.97586473768452 -454.5711035421743 -139.99999999999983
    vertex 73.97586473768452 -454.5711035421743 -143.99999999999983
  endloop
endfacet
facet normal -0.9921147013144761 0.12533323356431886 0.0
  outer loop
    vertex 73.58856374637121 -455.763093427071 -139.99999999999983
    vertex 73.50986635787328 -456.3860474023531 -143.99999999999983
    vertex 73.50986635787328 -456.3860474023531 -139.99999999999983
  endloop
endfacet
facet normal -0.9921147013144761 0.12533323356431886 0.0
  outer loop
    vertex 73.50986635787328 -456.3860474023531 -143.99999999999983
    vertex 73.58856374637121 -455.763093427071 -139.99999999999983
    vertex 73.58856374637121 -455.763093427071 -143.99999999999983
  endloop
endfacet
facet normal 0.4257793031603713 0.9048270470096861 0.0
  outer loop
    vertex 110.34062282439884 -452.05111759469463 -139.99999999999983
    vertex 110.90876842536666 -452.31846662993087 -143.99999999999983
    vertex 110.34062282439884 -452.05111759469463 -143.99999999999983
  endloop
endfacet
facet normal 0.4257793031603713 0.9048270470096861 0.0
  outer loop
    vertex 110.90876842536666 -452.31846662993087 -143.99999999999983
    vertex 110.34062282439884 -452.05111759469463 -139.99999999999983
    vertex 110.90876842536666 -452.31846662993087 -139.99999999999983
  endloop
endfacet
facet normal 0.06279053410358816 0.9980267275113358 -7.5038122905997e-16
  outer loop
    vertex 108.50000007452034 -451.69999999999976 -139.99999999999983
    vertex 108.53136432040004 -451.7019732715528 -143.99999999999983
    vertex 108.50000007452034 -451.69999999999976 -143.99999999999983
  endloop
endfacet
facet normal 0.06279053410358816 0.9980267275113358 -7.5038122905997e-16
  outer loop
    vertex 108.53136432040004 -451.7019732715528 -143.99999999999983
    vertex 108.50000007452034 -451.69999999999976 -139.99999999999983
    vertex 109.12666623879764 -451.7394265023919 -143.99999999999983
  endloop
endfacet
facet normal 0.06279053410358816 0.9980267275113358 -7.5038122905997e-16
  outer loop
    vertex 109.12666623879764 -451.7394265023919 -143.99999999999983
    vertex 108.50000007452034 -451.69999999999976 -139.99999999999983
    vertex 109.12666623879764 -451.7394265023919 -139.99999999999983
  endloop
endfacet
facet normal -0.9685831611286383 0.2486898871648273 0.0
  outer loop
    vertex 73.74471741853884 -455.15491502812495 -139.99999999999983
    vertex 73.58856374637121 -455.763093427071 -143.99999999999983
    vertex 73.58856374637121 -455.763093427071 -139.99999999999983
  endloop
endfacet
facet normal -0.9685831611286383 0.2486898871648273 0.0
  outer loop
    vertex 73.58856374637121 -455.763093427071 -143.99999999999983
    vertex 73.74471741853884 -455.15491502812495 -139.99999999999983
    vertex 73.74471741853884 -455.15491502812495 -143.99999999999983
  endloop
endfacet
facet normal -0.18738131458572 0.9822872507286895 0.0
  outer loop
    vertex 77.25655056419032 -451.8570841943565 -139.99999999999983
    vertex 77.87333383219308 -451.7394264934273 -143.99999999999983
    vertex 77.25655056419032 -451.8570841943565 -143.99999999999983
  endloop
endfacet
facet normal -0.18738131458572 0.9822872507286895 0.0
  outer loop
    vertex 77.87333383219308 -451.7394264934273 -143.99999999999983
    vertex 77.25655056419032 -451.8570841943565 -139.99999999999983
    vertex 77.87333383219308 -451.7394264934273 -139.99999999999983
  endloop
endfacet
facet normal 0.8090170005060465 0.5877852438537391 0.0
  outer loop
    vertex 112.3525662480876 -453.5128800925898 -143.99999999999983
    vertex 112.72163965467173 -454.0208660678817 -139.99999999999983
    vertex 112.72163965467173 -454.0208660678817 -143.99999999999983
  endloop
endfacet
facet normal 0.8090170005060465 0.5877852438537391 0.0
  outer loop
    vertex 112.72163965467173 -454.0208660678817 -139.99999999999983
    vertex 112.3525662480876 -453.5128800925898 -143.99999999999983
    vertex 112.3525662480876 -453.5128800925898 -139.99999999999983
  endloop
endfacet
facet normal 0.7289686349697562 0.684547097890518 0.0
  outer loop
    vertex 111.92273557093542 -453.05515690165475 -143.99999999999983
    vertex 112.3525662480876 -453.5128800925898 -139.99999999999983
    vertex 112.3525662480876 -453.5128800925898 -143.99999999999983
  endloop
endfacet
facet normal 0.7289686349697562 0.684547097890518 0.0
  outer loop
    vertex 112.3525662480876 -453.5128800925898 -139.99999999999983
    vertex 111.92273557093542 -453.05515690165475 -143.99999999999983
    vertex 111.92273557093542 -453.05515690165475 -139.99999999999983
  endloop
endfacet
facet normal 0.9685831632779863 0.24868987879366894 0.0
  outer loop
    vertex 113.25528259530446 -455.15491507064047 -143.99999999999983
    vertex 113.41143626147613 -455.7630934680553 -139.99999999999983
    vertex 113.41143626147613 -455.7630934680553 -143.99999999999983
  endloop
endfacet
facet normal 0.9685831632779863 0.24868987879366894 0.0
  outer loop
    vertex 113.41143626147613 -455.7630934680553 -139.99999999999983
    vertex 113.25528259530446 -455.15491507064047 -143.99999999999983
    vertex 113.25528259530446 -455.15491507064047 -139.99999999999983
  endloop
endfacet
facet normal 1.0 -7.450578164636122e-09 0.0
  outer loop
    vertex 113.49013364458864 -456.38604744101974 -143.99999999999983
    vertex 113.49013363991038 -457.0139526333384 -139.99999999999983
    vertex 113.49013363991038 -457.0139526333384 -143.99999999999983
  endloop
endfacet
facet normal 1.0 -7.450578164636122e-09 0.0
  outer loop
    vertex 113.49013363991038 -457.0139526333384 -139.99999999999983
    vertex 113.49013364458864 -456.38604744101974 -143.99999999999983
    vertex 113.49013364458864 -456.38604744101974 -139.99999999999983
  endloop
endfacet
facet normal -0.9685831611286472 -0.24868988716479265 0.0
  outer loop
    vertex 73.58856374637121 -457.63690657292824 -139.99999999999983
    vertex 73.74471741853884 -458.2450849718744 -143.99999999999983
    vertex 73.74471741853884 -458.2450849718744 -139.99999999999983
  endloop
endfacet
facet normal -0.9685831611286472 -0.24868988716479265 0.0
  outer loop
    vertex 73.74471741853884 -458.2450849718744 -143.99999999999983
    vertex 73.58856374637121 -457.63690657292824 -139.99999999999983
    vertex 73.58856374637121 -457.63690657292824 -143.99999999999983
  endloop
endfacet
facet normal 0.9297764892892562 0.36812454409472023 0.0
  outer loop
    vertex 113.02413528264742 -454.57110358531986 -143.99999999999983
    vertex 113.25528259530446 -455.15491507064047 -139.99999999999983
    vertex 113.25528259530446 -455.15491507064047 -143.99999999999983
  endloop
endfacet
facet normal 0.9297764892892562 0.36812454409472023 0.0
  outer loop
    vertex 113.25528259530446 -455.15491507064047 -139.99999999999983
    vertex 113.02413528264742 -454.57110358531986 -143.99999999999983
    vertex 113.02413528264742 -454.57110358531986 -139.99999999999983
  endloop
endfacet
facet normal -0.0627905195371173 0.9980267284277807 1.3669379350586389e-12
  outer loop
    vertex 77.87333383219308 -451.7394264934273 -139.99999999999983
    vertex 78.46863574652804 -451.7019732715528 -143.99999999999983
    vertex 77.87333383219308 -451.7394264934273 -143.99999999999983
  endloop
endfacet
facet normal -0.0627905195371173 0.9980267284277807 1.3669379350586389e-12
  outer loop
    vertex 78.46863574652804 -451.7019732715528 -143.99999999999983
    vertex 77.87333383219308 -451.7394264934273 -139.99999999999983
    vertex 78.5000000000146 -451.6999999999997 -143.99999999999983
  endloop
endfacet
facet normal -0.0627905195371173 0.9980267284277807 1.3669379350586389e-12
  outer loop
    vertex 78.5000000000146 -451.6999999999997 -143.99999999999983
    vertex 77.87333383219308 -451.7394264934273 -139.99999999999983
    vertex 78.5000000000146 -451.6999999999997 -139.99999999999983
  endloop
endfacet
facet normal -0.7289686274213568 0.6845471059287469 0.0
  outer loop
    vertex 75.0772644703712 -453.0551568628926 -139.99999999999983
    vertex 74.64743378613566 -453.5128800512562 -143.99999999999983
    vertex 74.64743378613566 -453.5128800512562 -139.99999999999983
  endloop
endfacet
facet normal -0.7289686274213568 0.6845471059287469 0.0
  outer loop
    vertex 74.64743378613566 -453.5128800512562 -143.99999999999983
    vertex 75.0772644703712 -453.0551568628926 -139.99999999999983
    vertex 75.0772644703712 -453.0551568628926 -143.99999999999983
  endloop
endfacet
facet normal -0.3090169943749377 0.9510565162951569 0.0
  outer loop
    vertex 76.6593772365912 -452.0511175705584 -139.99999999999983
    vertex 77.25655056419032 -451.8570841943565 -143.99999999999983
    vertex 76.6593772365912 -452.0511175705584 -143.99999999999983
  endloop
endfacet
facet normal -0.3090169943749377 0.9510565162951569 0.0
  outer loop
    vertex 77.25655056419032 -451.8570841943565 -143.99999999999983
    vertex 76.6593772365912 -452.0511175705584 -139.99999999999983
    vertex 77.25655056419032 -451.8570841943565 -139.99999999999983
  endloop
endfacet
facet normal 0.5358268052958147 0.844327918954763 0.0
  outer loop
    vertex 110.90876842536666 -452.31846662993087 -139.99999999999983
    vertex 111.43892630969808 -452.6549150631597 -143.99999999999983
    vertex 110.90876842536666 -452.31846662993087 -143.99999999999983
  endloop
endfacet
facet normal 0.5358268052958147 0.844327918954763 0.0
  outer loop
    vertex 111.43892630969808 -452.6549150631597 -143.99999999999983
    vertex 110.90876842536666 -452.31846662993087 -139.99999999999983
    vertex 111.43892630969808 -452.6549150631597 -139.99999999999983
  endloop
endfacet
facet normal 0.30901700712964836 0.9510565121509 0.0
  outer loop
    vertex 109.74344950223069 -451.8570842114031 -139.99999999999983
    vertex 110.34062282439884 -452.05111759469463 -143.99999999999983
    vertex 109.74344950223069 -451.8570842114031 -143.99999999999983
  endloop
endfacet
facet normal 0.30901700712964836 0.9510565121509 0.0
  outer loop
    vertex 110.34062282439884 -452.05111759469463 -143.99999999999983
    vertex 109.74344950223069 -451.8570842114031 -139.99999999999983
    vertex 110.34062282439884 -452.05111759469463 -139.99999999999983
  endloop
endfacet
facet normal -1.0 0.0 0.0
  outer loop
    vertex 73.50986635787328 -456.3860474023531 -139.99999999999983
    vertex 73.50986635787328 -457.0139525976462 -143.99999999999983
    vertex 73.50986635787328 -457.0139525976462 -139.99999999999983
  endloop
endfacet
facet normal -1.0 0.0 0.0
  outer loop
    vertex 73.50986635787328 -457.0139525976462 -143.99999999999983
    vertex 73.50986635787328 -456.3860474023531 -139.99999999999983
    vertex 73.50986635787328 -456.3860474023531 -143.99999999999983
  endloop
endfacet
facet normal -0.9921147013144761 -0.12533323356431886 0.0
  outer loop
    vertex 73.50986635787328 -457.0139525976462 -139.99999999999983
    vertex 73.58856374637121 -457.63690657292824 -143.99999999999983
    vertex 73.58856374637121 -457.63690657292824 -139.99999999999983
  endloop
endfacet
facet normal -0.9921147013144761 -0.12533323356431886 0.0
  outer loop
    vertex 73.58856374637121 -457.63690657292824 -143.99999999999983
    vertex 73.50986635787328 -457.0139525976462 -139.99999999999983
    vertex 73.50986635787328 -457.0139525976462 -143.99999999999983
  endloop
endfacet
facet normal -0.42577929156506333 0.904827052466024 0.0
  outer loop
    vertex 76.09123162950603 -452.3184665997803 -139.99999999999983
    vertex 76.6593772365912 -452.0511175705584 -143.99999999999983
    vertex 76.09123162950603 -452.3184665997803 -143.99999999999983
  endloop
endfacet
facet normal -0.42577929156506333 0.904827052466024 0.0
  outer loop
    vertex 76.6593772365912 -452.0511175705584 -143.99999999999983
    vertex 76.09123162950603 -452.3184665997803 -139.99999999999983
    vertex 76.6593772365912 -452.0511175705584 -139.99999999999983
  endloop
endfacet
facet normal 3.007964240580735e-15 1.0 0.0
  outer loop
    vertex 78.5000000000146 -451.6999999999997 -139.99999999999983
    vertex 108.50000007452034 -451.69999999999976 -143.99999999999983
    vertex 78.5000000000146 -451.6999999999997 -143.99999999999983
  endloop
endfacet
facet normal 3.007964240580735e-15 1.0 0.0
  outer loop
    vertex 108.50000007452034 -451.69999999999976 -143.99999999999983
    vertex 78.5000000000146 -451.6999999999997 -139.99999999999983
    vertex 108.50000007452034 -451.69999999999976 -139.99999999999983
  endloop
endfacet
facet normal 0.637423998704298 0.7705132353670656 0.0
  outer loop
    vertex 111.43892630969808 -452.6549150631597 -139.99999999999983
    vertex 111.92273557093542 -453.05515690165475 -143.99999999999983
    vertex 111.43892630969808 -452.6549150631597 -143.99999999999983
  endloop
endfacet
facet normal 0.637423998704298 0.7705132353670656 0.0
  outer loop
    vertex 111.92273557093542 -453.05515690165475 -143.99999999999983
    vertex 111.43892630969808 -452.6549150631597 -139.99999999999983
    vertex 111.92273557093542 -453.05515690165475 -139.99999999999983
  endloop
endfacet
facet normal -0.6374239897487569 0.7705132427757336 0.0
  outer loop
    vertex 75.0772644703712 -453.0551568628926 -139.99999999999983
    vertex 75.56107373855225 -452.6549150281249 -143.99999999999983
    vertex 75.0772644703712 -453.0551568628926 -143.99999999999983
  endloop
endfacet
facet normal -0.6374239897487569 0.7705132427757336 0.0
  outer loop
    vertex 75.56107373855225 -452.6549150281249 -143.99999999999983
    vertex 75.0772644703712 -453.0551568628926 -139.99999999999983
    vertex 75.56107373855225 -452.6549150281249 -139.99999999999983
  endloop
endfacet
facet normal -0.9297764858882376 -0.36812455268471284 0.0
  outer loop
    vertex 73.74471741853884 -458.2450849718744 -139.99999999999983
    vertex 73.97586473768452 -458.82889645782495 -143.99999999999983
    vertex 73.97586473768452 -458.82889645782495 -139.99999999999983
  endloop
endfacet
facet normal -0.9297764858882376 -0.36812455268471284 0.0
  outer loop
    vertex 73.97586473768452 -458.82889645782495 -143.99999999999983
    vertex 73.74471741853884 -458.2450849718744 -139.99999999999983
    vertex 73.74471741853884 -458.2450849718744 -143.99999999999983
  endloop
endfacet
facet normal 0.992114700455375 -0.12533324036480423 0.0
  outer loop
    vertex 113.49013363991038 -457.0139526333384 -143.99999999999983
    vertex 113.41143624751517 -457.6369066051302 -139.99999999999983
    vertex 113.41143624751517 -457.6369066051302 -143.99999999999983
  endloop
endfacet
facet normal 0.992114700455375 -0.12533324036480423 0.0
  outer loop
    vertex 113.41143624751517 -457.6369066051302 -139.99999999999983
    vertex 113.49013363991038 -457.0139526333384 -143.99999999999983
    vertex 113.49013363991038 -457.0139526333384 -139.99999999999983
  endloop
endfacet
facet normal 0.9685831595721995 -0.2486898932267553 0.0
  outer loop
    vertex 113.41143624751517 -457.6369066051302 -143.99999999999983
    vertex 113.2552825722809 -458.24508500021807 -139.99999999999983
    vertex 113.2552825722809 -458.24508500021807 -143.99999999999983
  endloop
endfacet
facet normal 0.9685831595721995 -0.2486898932267553 0.0
  outer loop
    vertex 113.2552825722809 -458.24508500021807 -139.99999999999983
    vertex 113.41143624751517 -457.6369066051302 -143.99999999999983
    vertex 113.41143624751517 -457.6369066051302 -139.99999999999983
  endloop
endfacet
facet normal 0.18738131370750888 -0.9822872508962173 0.0
  outer loop
    vertex 109.74344943006572 -461.5429158071252 -139.99999999999983
    vertex 109.12666616487941 -461.66057350694564 -143.99999999999983
    vertex 109.74344943006572 -461.5429158071252 -143.99999999999983
  endloop
endfacet
facet normal 0.18738131370750888 -0.9822872508962173 0.0
  outer loop
    vertex 109.12666616487941 -461.66057350694564 -143.99999999999983
    vertex 109.74344943006572 -461.5429158071252 -139.99999999999983
    vertex 109.12666616487941 -461.66057350694564 -139.99999999999983
  endloop
endfacet
facet normal 0.8763066776031576 -0.4817536785413431 0.0
  outer loop
    vertex 113.02413525092437 -458.82889648209436 -143.99999999999983
    vertex 112.72163961474959 -459.37913399502503 -139.99999999999983
    vertex 112.72163961474959 -459.37913399502503 -143.99999999999983
  endloop
endfacet
facet normal 0.8763066776031576 -0.4817536785413431 0.0
  outer loop
    vertex 112.72163961474959 -459.37913399502503 -139.99999999999983
    vertex 113.02413525092437 -458.82889648209436 -143.99999999999983
    vertex 113.02413525092437 -458.82889648209436 -139.99999999999983
  endloop
endfacet
facet normal 0.6374239872228284 -0.7705132448653634 0.0
  outer loop
    vertex 111.92273551662305 -460.34484314934735 -139.99999999999983
    vertex 111.43892624942167 -460.7450849806331 -143.99999999999983
    vertex 111.92273551662305 -460.34484314934735 -143.99999999999983
  endloop
endfacet
facet normal 0.6374239872228284 -0.7705132448653634 0.0
  outer loop
    vertex 111.43892624942167 -460.7450849806331 -143.99999999999983
    vertex 111.92273551662305 -460.34484314934735 -139.99999999999983
    vertex 111.43892624942167 -460.7450849806331 -139.99999999999983
  endloop
endfacet
facet normal 0.5358267927143338 -0.8443279269392138 0.0
  outer loop
    vertex 111.43892624942167 -460.7450849806331 -139.99999999999983
    vertex 110.90876836007676 -461.08153340596203 -143.99999999999983
    vertex 111.43892624942167 -460.7450849806331 -143.99999999999983
  endloop
endfacet
facet normal 0.5358267927143338 -0.8443279269392138 0.0
  outer loop
    vertex 110.90876836007676 -461.08153340596203 -143.99999999999983
    vertex 111.43892624942167 -460.7450849806331 -139.99999999999983
    vertex 110.90876836007676 -461.08153340596203 -139.99999999999983
  endloop
endfacet
facet normal 0.8090169917473041 -0.587785255909114 0.0
  outer loop
    vertex 112.72163961474959 -459.37913399502503 -143.99999999999983
    vertex 112.35256620059585 -459.88711996481726 -139.99999999999983
    vertex 112.35256620059585 -459.88711996481726 -143.99999999999983
  endloop
endfacet
facet normal 0.8090169917473041 -0.587785255909114 0.0
  outer loop
    vertex 112.35256620059585 -459.88711996481726 -139.99999999999983
    vertex 112.72163961474959 -459.37913399502503 -143.99999999999983
    vertex 112.72163961474959 -459.37913399502503 -139.99999999999983
  endloop
endfacet
facet normal 0.04444342976779275 -0.7064080908194907 -0.7064080908194905
  outer loop
    vertex 109.12666616487941 -461.66057350694564 -143.99999999999983
    vertex 108.50000000001462 -460.6999999999997 -144.99999999999983
    vertex 109.00133293190648 -460.6684588055564 -144.99999999999983
  endloop
endfacet
facet normal 0.04444342976779275 -0.7064080908194907 -0.7064080908194905
  outer loop
    vertex 108.50000000001462 -460.6999999999997 -144.99999999999983
    vertex 109.12666616487941 -461.66057350694564 -143.99999999999983
    vertex 108.5626666165012 -461.6960573506942 -143.99999999999983
  endloop
endfacet
facet normal 0.9297764838037722 -0.3681245579494715 0.0
  outer loop
    vertex 113.2552825722809 -458.24508500021807 -143.99999999999983
    vertex 113.02413525092437 -458.82889648209436 -139.99999999999983
    vertex 113.02413525092437 -458.82889648209436 -143.99999999999983
  endloop
endfacet
facet normal 0.9297764838037722 -0.3681245579494715 0.0
  outer loop
    vertex 113.02413525092437 -458.82889648209436 -139.99999999999983
    vertex 113.2552825722809 -458.24508500021807 -143.99999999999983
    vertex 113.2552825722809 -458.24508500021807 -139.99999999999983
  endloop
endfacet
facet normal 0.7289686247692654 -0.6845471087529376 0.0
  outer loop
    vertex 112.35256620059585 -459.88711996481726 -143.99999999999983
    vertex 111.92273551662305 -460.34484314934735 -139.99999999999983
    vertex 111.92273551662305 -460.34484314934735 -143.99999999999983
  endloop
endfacet
facet normal 0.7289686247692654 -0.6845471087529376 0.0
  outer loop
    vertex 111.92273551662305 -460.34484314934735 -139.99999999999983
    vertex 112.35256620059585 -459.88711996481726 -143.99999999999983
    vertex 112.35256620059585 -459.88711996481726 -139.99999999999983
  endloop
endfacet
facet normal 0.42577928967740936 -0.9048270533542864 0.0
  outer loop
    vertex 110.90876836007676 -461.08153340596203 -139.99999999999983
    vertex 110.34062275512515 -461.34888243273224 -143.99999999999983
    vertex 110.90876836007676 -461.08153340596203 -143.99999999999983
  endloop
endfacet
facet normal 0.42577928967740936 -0.9048270533542864 0.0
  outer loop
    vertex 110.34062275512515 -461.34888243273224 -143.99999999999983
    vertex 110.90876836007676 -461.08153340596203 -139.99999999999983
    vertex 110.34062275512515 -461.34888243273224 -139.99999999999983
  endloop
endfacet
facet normal 0.30901699295784846 -0.951056516755597 0.0
  outer loop
    vertex 110.34062275512515 -461.34888243273224 -139.99999999999983
    vertex 109.74344943006572 -461.5429158071252 -143.99999999999983
    vertex 110.34062275512515 -461.34888243273224 -143.99999999999983
  endloop
endfacet
facet normal 0.30901699295784846 -0.951056516755597 0.0
  outer loop
    vertex 109.74344943006572 -461.5429158071252 -143.99999999999983
    vertex 110.34062275512515 -461.34888243273224 -139.99999999999983
    vertex 109.74344943006572 -461.5429158071252 -139.99999999999983
  endloop
endfacet
facet normal 0.06279051923168683 -0.9980267284469968 -1.131693227503281e-14
  outer loop
    vertex 109.12666616487941 -461.66057350694564 -139.99999999999983
    vertex 108.5626666165012 -461.6960573506942 -143.99999999999983
    vertex 109.12666616487941 -461.66057350694564 -143.99999999999983
  endloop
endfacet
facet normal 0.06279051923168683 -0.9980267284469968 -1.131693227503281e-14
  outer loop
    vertex 108.5626666165012 -461.6960573506942 -143.99999999999983
    vertex 109.12666616487941 -461.66057350694564 -139.99999999999983
    vertex 108.53136425335234 -461.69802672844645 -143.99999999999983
  endloop
endfacet
facet normal 0.06279051923168683 -0.9980267284469968 -1.131693227503281e-14
  outer loop
    vertex 108.53136425335234 -461.69802672844645 -143.99999999999983
    vertex 109.12666616487941 -461.66057350694564 -139.99999999999983
    vertex 108.50000000001462 -461.69999999999965 -143.99999999999983
  endloop
endfacet
facet normal 0.06279051923168683 -0.9980267284469968 -1.131693227503281e-14
  outer loop
    vertex 108.50000000001462 -461.69999999999965 -143.99999999999983
    vertex 109.12666616487941 -461.66057350694564 -139.99999999999983
    vertex 108.50000000001462 -461.69999999999965 -139.99999999999983
  endloop
endfacet
facet normal -0.42577929156509264 -0.9048270524660101 -3.68403231025251e-27
  outer loop
    vertex 77.02750178927592 -460.41910594355255 -143.99999999999983
    vertex 76.57298530360777 -460.205226720175 -144.99999999999983
    vertex 77.02750178927592 -460.41910594355255 -144.99999999999983
  endloop
endfacet
facet normal -0.42577929156509264 -0.9048270524660101 -3.68403231025251e-27
  outer loop
    vertex 76.57298530360777 -460.205226720175 -144.99999999999983
    vertex 77.02750178927592 -460.41910594355255 -143.99999999999983
    vertex 76.57298530360777 -460.205226720175 -143.99999999999983
  endloop
endfacet
facet normal -0.5358267949789779 -0.844327925502027 -2.727044936407551e-28
  outer loop
    vertex 76.57298530360777 -460.205226720175 -143.99999999999983
    vertex 76.14885899084474 -459.93606797749936 -144.99999999999983
    vertex 76.57298530360777 -460.205226720175 -144.99999999999983
  endloop
endfacet
facet normal -0.5358267949789779 -0.844327925502027 -2.727044936407551e-28
  outer loop
    vertex 76.14885899084474 -459.93606797749936 -144.99999999999983
    vertex 76.57298530360777 -460.205226720175 -143.99999999999983
    vertex 76.14885899084474 -459.93606797749936 -143.99999999999983
  endloop
endfacet
facet normal -0.6374239897487076 -0.7705132427757744 -1.1146695037211189e-17
  outer loop
    vertex 76.14885899084474 -459.93606797749936 -143.99999999999983
    vertex 75.7618115762999 -459.6158745096852 -144.99999999999983
    vertex 76.14885899084474 -459.93606797749936 -144.99999999999983
  endloop
endfacet
facet normal -0.6374239897487076 -0.7705132427757744 -1.1146695037211189e-17
  outer loop
    vertex 75.7618115762999 -459.6158745096852 -144.99999999999983
    vertex 76.14885899084474 -459.93606797749936 -143.99999999999983
    vertex 75.7618115762999 -459.6158745096852 -143.99999999999983
  endloop
endfacet
facet normal -0.18738131458562096 -0.9822872507287086 4.294338073551594e-18
  outer loop
    vertex 77.99866706575739 -460.66845880525744 -143.99999999999983
    vertex 77.50524045135519 -460.57433264451413 -144.99999999999983
    vertex 77.99866706575739 -460.66845880525744 -144.99999999999983
  endloop
endfacet
facet normal -0.18738131458562096 -0.9822872507287086 4.294338073551594e-18
  outer loop
    vertex 77.50524045135519 -460.57433264451413 -144.99999999999983
    vertex 77.99866706575739 -460.66845880525744 -143.99999999999983
    vertex 77.50524045135519 -460.57433264451413 -143.99999999999983
  endloop
endfacet
facet normal -0.30901699437501057 -0.9510565162951331 0.0
  outer loop
    vertex 77.50524045135519 -460.57433264451413 -143.99999999999983
    vertex 77.02750178927592 -460.41910594355255 -144.99999999999983
    vertex 77.50524045135519 -460.57433264451413 -144.99999999999983
  endloop
endfacet
facet normal -0.30901699437501057 -0.9510565162951331 0.0
  outer loop
    vertex 77.02750178927592 -460.41910594355255 -144.99999999999983
    vertex 77.50524045135519 -460.57433264451413 -143.99999999999983
    vertex 77.02750178927592 -460.41910594355255 -143.99999999999983
  endloop
endfacet
facet normal 1.598967610674175e-32 2.5858236601525777e-40 -1.0
  outer loop
    vertex 74.57085099709992 -455.95047474165676 -144.99999999999983
    vertex 74.5078930863016 -456.9511620781169 -144.99999999999983
    vertex 74.5078930863016 -456.4488379218824 -144.99999999999983
  endloop
endfacet
facet normal 1.598967610674175e-32 2.5858236601525777e-40 -1.0
  outer loop
    vertex 74.5078930863016 -456.9511620781169 -144.99999999999983
    vertex 74.57085099709992 -455.95047474165676 -144.99999999999983
    vertex 74.57085099709992 -457.44952525834253 -144.99999999999983
  endloop
endfacet
facet normal 1.598967610674175e-32 2.5858236601525777e-40 -1.0
  outer loop
    vertex 74.57085099709992 -457.44952525834253 -144.99999999999983
    vertex 74.57085099709992 -455.95047474165676 -144.99999999999983
    vertex 74.69577393483407 -455.46393202249993 -144.99999999999983
  endloop
endfacet
facet normal 1.598967610674175e-32 2.5858236601525777e-40 -1.0
  outer loop
    vertex 74.57085099709992 -457.44952525834253 -144.99999999999983
    vertex 74.69577393483407 -455.46393202249993 -144.99999999999983
    vertex 74.69577393483407 -457.93606797749936 -144.99999999999983
  endloop
endfacet
facet normal 1.598967610674175e-32 2.5858236601525777e-40 -1.0
  outer loop
    vertex 74.69577393483407 -457.93606797749936 -144.99999999999983
    vertex 74.69577393483407 -455.46393202249993 -144.99999999999983
    vertex 74.88069179015059 -454.9968828337394 -144.99999999999983
  endloop
endfacet
facet normal 1.598967610674175e-32 2.5858236601525777e-40 -1.0
  outer loop
    vertex 74.69577393483407 -457.93606797749936 -144.99999999999983
    vertex 74.88069179015059 -454.9968828337394 -144.99999999999983
    vertex 74.88069179015059 -458.40311716625985 -144.99999999999983
  endloop
endfacet
facet normal 1.598967610674175e-32 2.5858236601525777e-40 -1.0
  outer loop
    vertex 74.88069179015059 -458.40311716625985 -144.99999999999983
    vertex 74.88069179015059 -454.9968828337394 -144.99999999999983
    vertex 75.12268829800661 -454.5566928200837 -144.99999999999983
  endloop
endfacet
facet normal 1.598967610674175e-32 2.5858236601525777e-40 -1.0
  outer loop
    vertex 74.88069179015059 -458.40311716625985 -144.99999999999983
    vertex 75.12268829800661 -454.5566928200837 -144.99999999999983
    vertex 75.12268829800662 -458.8433071799156 -144.99999999999983
  endloop
endfacet
facet normal 1.598967610674175e-32 2.5858236601525777e-40 -1.0
  outer loop
    vertex 75.12268829800662 -458.8433071799156 -144.99999999999983
    vertex 75.12268829800661 -454.5566928200837 -144.99999999999983
    vertex 75.4179470289115 -454.150304041005 -144.99999999999983
  endloop
endfacet
facet normal 1.598967610674175e-32 2.5858236601525777e-40 -1.0
  outer loop
    vertex 75.12268829800662 -458.8433071799156 -144.99999999999983
    vertex 75.4179470289115 -454.150304041005 -144.99999999999983
    vertex 75.4179470289115 -459.2496959589943 -144.99999999999983
  endloop
endfacet
facet normal 1.598967610674175e-32 2.5858236601525777e-40 -1.0
  outer loop
    vertex 75.4179470289115 -459.2496959589943 -144.99999999999983
    vertex 75.4179470289115 -454.150304041005 -144.99999999999983
    vertex 75.7618115762999 -453.78412549031407 -144.99999999999983
  endloop
endfacet
facet normal 1.598967610674175e-32 2.5858236601525777e-40 -1.0
  outer loop
    vertex 75.4179470289115 -459.2496959589943 -144.99999999999983
    vertex 75.7618115762999 -453.78412549031407 -144.99999999999983
    vertex 75.7618115762999 -459.6158745096852 -144.99999999999983
  endloop
endfacet
facet normal 1.598967610674175e-32 2.5858236601525777e-40 -1.0
  outer loop
    vertex 75.7618115762999 -459.6158745096852 -144.99999999999983
    vertex 75.7618115762999 -453.78412549031407 -144.99999999999983
    vertex 76.14885899084476 -453.46393202249993 -144.99999999999983
  endloop
endfacet
facet normal 1.598967610674175e-32 2.5858236601525777e-40 -1.0
  outer loop
    vertex 75.7618115762999 -459.6158745096852 -144.99999999999983
    vertex 76.14885899084476 -453.46393202249993 -144.99999999999983
    vertex 76.14885899084474 -459.93606797749936 -144.99999999999983
  endloop
endfacet
facet normal 1.598967610674175e-32 2.5858236601525777e-40 -1.0
  outer loop
    vertex 76.14885899084474 -459.93606797749936 -144.99999999999983
    vertex 76.14885899084476 -453.46393202249993 -144.99999999999983
    vertex 76.57298530360777 -460.205226720175 -144.99999999999983
  endloop
endfacet
facet normal 1.598967610674175e-32 2.5858236601525777e-40 -1.0
  outer loop
    vertex 76.57298530360777 -460.205226720175 -144.99999999999983
    vertex 76.14885899084476 -453.46393202249993 -144.99999999999983
    vertex 76.57298530360777 -453.1947732798243 -144.99999999999983
  endloop
endfacet
facet normal 1.598967610674175e-32 2.5858236601525777e-40 -1.0
  outer loop
    vertex 76.57298530360777 -460.205226720175 -144.99999999999983
    vertex 76.57298530360777 -453.1947732798243 -144.99999999999983
    vertex 77.02750178927592 -452.9808940564467 -144.99999999999983
  endloop
endfacet
facet normal 1.598967610674175e-32 2.5858236601525777e-40 -1.0
  outer loop
    vertex 76.57298530360777 -460.205226720175 -144.99999999999983
    vertex 77.02750178927592 -452.9808940564467 -144.99999999999983
    vertex 77.02750178927592 -460.41910594355255 -144.99999999999983
  endloop
endfacet
facet normal 1.598967610674175e-32 2.5858236601525777e-40 -1.0
  outer loop
    vertex 77.02750178927592 -460.41910594355255 -144.99999999999983
    vertex 77.02750178927592 -452.9808940564467 -144.99999999999983
    vertex 77.50524045135519 -452.82566735548517 -144.99999999999983
  endloop
endfacet
facet normal 1.598967610674175e-32 2.5858236601525777e-40 -1.0
  outer loop
    vertex 77.02750178927592 -460.41910594355255 -144.99999999999983
    vertex 77.50524045135519 -452.82566735548517 -144.99999999999983
    vertex 77.50524045135519 -460.57433264451413 -144.99999999999983
  endloop
endfacet
facet normal 1.598967610674175e-32 2.5858236601525777e-40 -1.0
  outer loop
    vertex 77.50524045135519 -460.57433264451413 -144.99999999999983
    vertex 77.50524045135519 -452.82566735548517 -144.99999999999983
    vertex 77.99866706575739 -452.73154119474185 -144.99999999999983
  endloop
endfacet
facet normal 1.598967610674175e-32 2.5858236601525777e-40 -1.0
  outer loop
    vertex 77.50524045135519 -460.57433264451413 -144.99999999999983
    vertex 77.99866706575739 -452.73154119474185 -144.99999999999983
    vertex 77.99866706575739 -460.66845880525744 -144.99999999999983
  endloop
endfacet
facet normal 1.598967610674175e-32 2.5858236601525777e-40 -1.0
  outer loop
    vertex 77.99866706575739 -460.66845880525744 -144.99999999999983
    vertex 77.99866706575739 -452.73154119474185 -144.99999999999983
    vertex 78.5000000000146 -452.69999999999976 -144.99999999999983
  endloop
endfacet
facet normal 1.598967610674175e-32 2.5858236601525777e-40 -1.0
  outer loop
    vertex 77.99866706575739 -460.66845880525744 -144.99999999999983
    vertex 78.5000000000146 -452.69999999999976 -144.99999999999983
    vertex 78.5000000000146 -460.69999999999953 -144.99999999999983
  endloop
endfacet
facet normal 1.598967610674175e-32 2.5858236601525777e-40 -1.0
  outer loop
    vertex 78.5000000000146 -460.69999999999953 -144.99999999999983
    vertex 78.5000000000146 -452.69999999999976 -144.99999999999983
    vertex 108.5000000596192 -452.69999999999976 -144.99999999999983
  endloop
endfacet
facet normal 1.598967610674175e-32 2.5858236601525777e-40 -1.0
  outer loop
    vertex 78.5000000000146 -460.69999999999953 -144.99999999999983
    vertex 108.5000000596192 -452.69999999999976 -144.99999999999983
    vertex 108.50000000001462 -460.6999999999997 -144.99999999999983
  endloop
endfacet
facet normal 1.598967610674175e-32 2.5858236601525777e-40 -1.0
  outer loop
    vertex 108.50000000001462 -460.6999999999997 -144.99999999999983
    vertex 108.5000000596192 -452.69999999999976 -144.99999999999983
    vertex 109.00133293190648 -460.6684588055564 -144.99999999999983
  endloop
endfacet
facet normal 1.598967610674175e-32 2.5858236601525777e-40 -1.0
  outer loop
    vertex 109.00133293190648 -460.6684588055564 -144.99999999999983
    vertex 108.5000000596192 -452.69999999999976 -144.99999999999983
    vertex 109.00133299104101 -452.7315412019134 -144.99999999999983
  endloop
endfacet
facet normal 1.598967610674175e-32 2.5858236601525777e-40 -1.0
  outer loop
    vertex 109.00133293190648 -460.6684588055564 -144.99999999999983
    vertex 109.00133299104101 -452.7315412019134 -144.99999999999983
    vertex 109.49475954405548 -460.5743326457001 -144.99999999999983
  endloop
endfacet
facet normal 1.598967610674175e-32 2.5858236601525777e-40 -1.0
  outer loop
    vertex 109.49475954405548 -460.5743326457001 -144.99999999999983
    vertex 109.00133299104101 -452.7315412019134 -144.99999999999983
    vertex 109.49475960178744 -452.8256673691224 -144.99999999999983
  endloop
endfacet
facet normal 1.598967610674175e-32 2.5858236601525777e-40 -1.0
  outer loop
    vertex 109.49475954405548 -460.5743326457001 -144.99999999999983
    vertex 109.49475960178744 -452.8256673691224 -144.99999999999983
    vertex 109.97249820410305 -460.4191059461857 -144.99999999999983
  endloop
endfacet
facet normal 1.598967610674175e-32 2.5858236601525777e-40 -1.0
  outer loop
    vertex 109.97249820410305 -460.4191059461857 -144.99999999999983
    vertex 109.49475960178744 -452.8256673691224 -144.99999999999983
    vertex 109.97249825952197 -452.98089407575566 -144.99999999999983
  endloop
endfacet
facet normal 1.598967610674175e-32 2.5858236601525777e-40 -1.0
  outer loop
    vertex 109.97249820410305 -460.4191059461857 -144.99999999999983
    vertex 109.97249825952197 -452.98089407575566 -144.99999999999983
    vertex 110.42701468806438 -460.2052267247695 -144.99999999999983
  endloop
endfacet
facet normal 1.598967610674175e-32 2.5858236601525777e-40 -1.0
  outer loop
    vertex 110.42701468806438 -460.2052267247695 -144.99999999999983
    vertex 109.97249825952197 -452.98089407575566 -144.99999999999983
    vertex 110.42701474029623 -453.1947733039447 -144.99999999999983
  endloop
endfacet
facet normal 1.598967610674175e-32 2.5858236601525777e-40 -1.0
  outer loop
    vertex 110.42701468806438 -460.2052267247695 -144.99999999999983
    vertex 110.42701474029623 -453.1947733039447 -144.99999999999983
    vertex 110.85114099954026 -459.9360679845064 -144.99999999999983
  endloop
endfacet
facet normal 1.598967610674175e-32 2.5858236601525777e-40 -1.0
  outer loop
    vertex 110.85114099954026 -459.9360679845064 -144.99999999999983
    vertex 110.42701474029623 -453.1947733039447 -144.99999999999983
    vertex 110.85114104776137 -453.46393205052766 -144.99999999999983
  endloop
endfacet
facet normal 1.598967610674175e-32 2.5858236601525777e-40 -1.0
  outer loop
    vertex 110.85114099954026 -459.9360679845064 -144.99999999999983
    vertex 110.85114104776137 -453.46393205052766 -144.99999999999983
    vertex 111.23818841330137 -459.61587451947787 -144.99999999999983
  endloop
endfacet
facet normal 1.598967610674175e-32 2.5858236601525777e-40 -1.0
  outer loop
    vertex 111.23818841330137 -459.61587451947787 -144.99999999999983
    vertex 110.85114104776137 -453.46393205052766 -144.99999999999983
    vertex 111.23818845675125 -453.7841255213237 -144.99999999999983
  endloop
endfacet
facet normal 1.598967610674175e-32 2.5858236601525777e-40 -1.0
  outer loop
    vertex 111.23818841330137 -459.61587451947787 -144.99999999999983
    vertex 111.23818845675125 -453.7841255213237 -144.99999999999983
    vertex 111.5820529604796 -459.2496959718537 -144.99999999999983
  endloop
endfacet
facet normal 1.598967610674175e-32 2.5858236601525777e-40 -1.0
  outer loop
    vertex 111.5820529604796 -459.2496959718537 -144.99999999999983
    vertex 111.23818845675125 -453.7841255213237 -144.99999999999983
    vertex 111.58205299847296 -454.15030407407176 -144.99999999999983
  endloop
endfacet
facet normal 1.598967610674175e-32 2.5858236601525777e-40 -1.0
  outer loop
    vertex 111.5820529604796 -459.2496959718537 -144.99999999999983
    vertex 111.58205299847296 -454.15030407407176 -144.99999999999983
    vertex 111.87731169180259 -458.8433071960199 -144.99999999999983
  endloop
endfacet
facet normal 1.598967610674175e-32 2.5858236601525777e-40 -1.0
  outer loop
    vertex 111.87731169180259 -458.8433071960199 -144.99999999999983
    vertex 111.58205299847296 -454.15030407407176 -144.99999999999983
    vertex 111.87731172374029 -454.55669285430525 -144.99999999999983
  endloop
endfacet
facet normal 1.598967610674175e-32 2.5858236601525777e-40 -1.0
  outer loop
    vertex 111.87731169180259 -458.8433071960199 -144.99999999999983
    vertex 111.87731172374029 -454.55669285430525 -144.99999999999983
    vertex 112.11930820074244 -458.4031171856754 -144.99999999999983
  endloop
endfacet
facet normal 1.598967610674175e-32 2.5858236601525777e-40 -1.0
  outer loop
    vertex 112.11930820074244 -458.4031171856754 -144.99999999999983
    vertex 111.87731172374029 -454.55669285430525 -144.99999999999983
    vertex 112.11930822612084 -454.9968828682558 -144.99999999999983
  endloop
endfacet
facet normal 1.598967610674175e-32 2.5858236601525777e-40 -1.0
  outer loop
    vertex 112.11930820074244 -458.4031171856754 -144.99999999999983
    vertex 112.11930822612084 -454.9968828682558 -144.99999999999983
    vertex 112.30422605782763 -457.93606800017443 -144.99999999999983
  endloop
endfacet
facet normal 1.598967610674175e-32 2.5858236601525777e-40 -1.0
  outer loop
    vertex 112.30422605782763 -457.93606800017443 -144.99999999999983
    vertex 112.11930822612084 -454.9968828682558 -144.99999999999983
    vertex 112.3042260762465 -455.4639320565123 -144.99999999999983
  endloop
endfacet
facet normal 1.598967610674175e-32 2.5858236601525777e-40 -1.0
  outer loop
    vertex 112.30422605782763 -457.93606800017443 -144.99999999999983
    vertex 112.3042260762465 -455.4639320565123 -144.99999999999983
    vertex 112.42914899801508 -457.449525284104 -144.99999999999983
  endloop
endfacet
facet normal 1.598967610674175e-32 2.5858236601525777e-40 -1.0
  outer loop
    vertex 112.42914899801508 -457.449525284104 -144.99999999999983
    vertex 112.3042260762465 -455.4639320565123 -144.99999999999983
    vertex 112.42914900918385 -455.95047477444416 -144.99999999999983
  endloop
endfacet
facet normal 1.598967610674175e-32 2.5858236601525777e-40 -1.0
  outer loop
    vertex 112.42914899801508 -457.449525284104 -144.99999999999983
    vertex 112.42914900918385 -455.95047477444416 -144.99999999999983
    vertex 112.4921069119312 -456.9511621066708 -144.99999999999983
  endloop
endfacet
facet normal 1.598967610674175e-32 2.5858236601525777e-40 -1.0
  outer loop
    vertex 112.4921069119312 -456.9511621066708 -144.99999999999983
    vertex 112.42914900918385 -455.95047477444416 -144.99999999999983
    vertex 112.49210691567382 -456.4488379528157 -144.99999999999983
  endloop
endfacet
facet normal -0.06279051952933311 0.9980267284282703 -1.0980238996760785e-18
  outer loop
    vertex 77.99866706575739 -452.73154119474185 -143.99999999999983
    vertex 78.5000000000146 -452.69999999999976 -144.99999999999983
    vertex 77.99866706575739 -452.73154119474185 -144.99999999999983
  endloop
endfacet
facet normal -0.06279051952933311 0.9980267284282703 -1.0980238996760785e-18
  outer loop
    vertex 78.5000000000146 -452.69999999999976 -144.99999999999983
    vertex 77.99866706575739 -452.73154119474185 -143.99999999999983
    vertex 78.5000000000146 -452.69999999999976 -143.99999999999983
  endloop
endfacet
facet normal -0.728968627421432 0.6845471059286669 -7.768034512831173e-19
  outer loop
    vertex 75.7618115762999 -453.78412549031407 -143.99999999999983
    vertex 75.4179470289115 -454.150304041005 -144.99999999999983
    vertex 75.4179470289115 -454.150304041005 -143.99999999999983
  endloop
endfacet
facet normal -0.728968627421432 0.6845471059286669 -7.768034512831173e-19
  outer loop
    vertex 75.4179470289115 -454.150304041005 -144.99999999999983
    vertex 75.7618115762999 -453.78412549031407 -143.99999999999983
    vertex 75.7618115762999 -453.78412549031407 -144.99999999999983
  endloop
endfacet
facet normal -0.42577929156509264 0.9048270524660101 -3.68403231025251e-27
  outer loop
    vertex 76.57298530360777 -453.1947732798243 -143.99999999999983
    vertex 77.02750178927592 -452.9808940564467 -144.99999999999983
    vertex 76.57298530360777 -453.1947732798243 -144.99999999999983
  endloop
endfacet
facet normal -0.42577929156509264 0.9048270524660101 -3.68403231025251e-27
  outer loop
    vertex 77.02750178927592 -452.9808940564467 -144.99999999999983
    vertex 76.57298530360777 -453.1947732798243 -143.99999999999983
    vertex 77.02750178927592 -452.9808940564467 -143.99999999999983
  endloop
endfacet
facet normal -0.18738131458562096 0.9822872507287086 4.294338073551594e-18
  outer loop
    vertex 77.50524045135519 -452.82566735548517 -143.99999999999983
    vertex 77.99866706575739 -452.73154119474185 -144.99999999999983
    vertex 77.50524045135519 -452.82566735548517 -144.99999999999983
  endloop
endfacet
facet normal -0.18738131458562096 0.9822872507287086 4.294338073551594e-18
  outer loop
    vertex 77.99866706575739 -452.73154119474185 -144.99999999999983
    vertex 77.50524045135519 -452.82566735548517 -143.99999999999983
    vertex 77.99866706575739 -452.73154119474185 -143.99999999999983
  endloop
endfacet
facet normal -0.6374239897486965 0.7705132427757836 0.0
  outer loop
    vertex 75.7618115762999 -453.78412549031407 -143.99999999999983
    vertex 76.14885899084476 -453.46393202249993 -144.99999999999983
    vertex 75.7618115762999 -453.78412549031407 -144.99999999999983
  endloop
endfacet
facet normal -0.6374239897486965 0.7705132427757836 0.0
  outer loop
    vertex 76.14885899084476 -453.46393202249993 -144.99999999999983
    vertex 75.7618115762999 -453.78412549031407 -143.99999999999983
    vertex 76.14885899084476 -453.46393202249993 -143.99999999999983
  endloop
endfacet
facet normal -0.5358267949789881 0.8443279255020205 0.0
  outer loop
    vertex 76.14885899084476 -453.46393202249993 -143.99999999999983
    vertex 76.57298530360777 -453.1947732798243 -144.99999999999983
    vertex 76.14885899084476 -453.46393202249993 -144.99999999999983
  endloop
endfacet
facet normal -0.5358267949789881 0.8443279255020205 0.0
  outer loop
    vertex 76.57298530360777 -453.1947732798243 -144.99999999999983
    vertex 76.14885899084476 -453.46393202249993 -143.99999999999983
    vertex 76.57298530360777 -453.1947732798243 -143.99999999999983
  endloop
endfacet
facet normal -0.30901699437501057 0.9510565162951331 0.0
  outer loop
    vertex 77.02750178927592 -452.9808940564467 -143.99999999999983
    vertex 77.50524045135519 -452.82566735548517 -144.99999999999983
    vertex 77.02750178927592 -452.9808940564467 -144.99999999999983
  endloop
endfacet
facet normal -0.30901699437501057 0.9510565162951331 0.0
  outer loop
    vertex 77.50524045135519 -452.82566735548517 -144.99999999999983
    vertex 77.02750178927592 -452.9808940564467 -143.99999999999983
    vertex 77.50524045135519 -452.82566735548517 -143.99999999999983
  endloop
endfacet
facet normal -0.06279051952933311 -0.9980267284282703 -1.0980238996760785e-18
  outer loop
    vertex 78.5000000000146 -460.69999999999953 -143.99999999999983
    vertex 77.99866706575739 -460.66845880525744 -144.99999999999983
    vertex 78.5000000000146 -460.69999999999953 -144.99999999999983
  endloop
endfacet
facet normal -0.06279051952933311 -0.9980267284282703 -1.0980238996760785e-18
  outer loop
    vertex 77.99866706575739 -460.66845880525744 -144.99999999999983
    vertex 78.5000000000146 -460.69999999999953 -143.99999999999983
    vertex 77.99866706575739 -460.66845880525744 -143.99999999999983
  endloop
endfacet
facet normal -0.4511717480210242 -0.5453729577287079 -0.7064080908128774
  outer loop
    vertex 75.7618115762999 -459.6158745096852 -144.99999999999983
    vertex 75.56107373855225 -460.74508497187435 -143.99999999999983
    vertex 75.07726447037115 -460.34484313710664 -143.99999999999983
  endloop
endfacet
facet normal -0.4511717480210242 -0.5453729577287079 -0.7064080908128774
  outer loop
    vertex 75.56107373855225 -460.74508497187435 -143.99999999999983
    vertex 75.7618115762999 -459.6158745096852 -144.99999999999983
    vertex 76.14885899084474 -459.93606797749936 -144.99999999999983
  endloop
endfacet
facet normal -0.6581002427793952 -0.26056031871295354 -0.706408090812885
  outer loop
    vertex 74.69577393483407 -457.93606797749936 -144.99999999999983
    vertex 73.97586473768452 -458.82889645782495 -143.99999999999983
    vertex 73.74471741853884 -458.2450849718744 -143.99999999999983
  endloop
endfacet
facet normal -0.6581002427793952 -0.26056031871295354 -0.706408090812885
  outer loop
    vertex 73.97586473768452 -458.82889645782495 -143.99999999999983
    vertex 74.69577393483407 -457.93606797749936 -144.99999999999983
    vertex 74.88069179015059 -458.40311716625985 -144.99999999999983
  endloop
endfacet
facet normal -0.7022235297511645 0.0887114620437035 -0.7064080908128699
  outer loop
    vertex 73.58856374637121 -455.763093427071 -143.99999999999983
    vertex 74.5078930863016 -456.4488379218824 -144.99999999999983
    vertex 73.50986635787328 -456.3860474023531 -143.99999999999983
  endloop
endfacet
facet normal -0.7022235297511645 0.0887114620437035 -0.7064080908128699
  outer loop
    vertex 74.5078930863016 -456.4488379218824 -144.99999999999983
    vertex 73.58856374637121 -455.763093427071 -143.99999999999983
    vertex 74.57085099709992 -455.95047474165676 -144.99999999999983
  endloop
endfacet
facet normal -0.3013686185897978 -0.6404409144982716 -0.7064080908128775
  outer loop
    vertex 76.57298530360777 -460.205226720175 -144.99999999999983
    vertex 76.6593772365912 -461.34888242944083 -143.99999999999983
    vertex 76.09123162950603 -461.0815334002189 -143.99999999999983
  endloop
endfacet
facet normal -0.3013686185897978 -0.6404409144982716 -0.7064080908128775
  outer loop
    vertex 76.6593772365912 -461.34888242944083 -143.99999999999983
    vertex 76.57298530360777 -460.205226720175 -144.99999999999983
    vertex 77.02750178927592 -460.41910594355255 -144.99999999999983
  endloop
endfacet
facet normal -0.7078047818672278 0.0 -0.7064080908128716
  outer loop
    vertex 73.50986635787328 -456.3860474023531 -143.99999999999983
    vertex 74.5078930863016 -456.9511620781169 -144.99999999999983
    vertex 73.50986635787328 -457.0139525976462 -143.99999999999983
  endloop
endfacet
facet normal -0.7078047818672278 0.0 -0.7064080908128716
  outer loop
    vertex 74.5078930863016 -456.9511620781169 -144.99999999999983
    vertex 73.50986635787328 -456.3860474023531 -143.99999999999983
    vertex 74.5078930863016 -456.4488379218824 -144.99999999999983
  endloop
endfacet
facet normal -0.6855677930829188 -0.1760238913372859 -0.7064080908128781
  outer loop
    vertex 74.57085099709992 -457.44952525834253 -144.99999999999983
    vertex 73.74471741853884 -458.2450849718744 -143.99999999999983
    vertex 73.58856374637121 -457.63690657292824 -143.99999999999983
  endloop
endfacet
facet normal -0.6855677930829188 -0.1760238913372859 -0.7064080908128781
  outer loop
    vertex 73.74471741853884 -458.2450849718744 -143.99999999999983
    vertex 74.57085099709992 -457.44952525834253 -144.99999999999983
    vertex 74.69577393483407 -457.93606797749936 -144.99999999999983
  endloop
endfacet
facet normal -0.6202540585172384 -0.340987554211292 -0.7064080908128783
  outer loop
    vertex 74.88069179015059 -458.40311716625985 -144.99999999999983
    vertex 74.27836037250455 -459.3791339748946 -143.99999999999983
    vertex 73.97586473768452 -458.82889645782495 -143.99999999999983
  endloop
endfacet
facet normal -0.6202540585172384 -0.340987554211292 -0.7064080908128783
  outer loop
    vertex 74.27836037250455 -459.3791339748946 -143.99999999999983
    vertex 74.88069179015059 -458.40311716625985 -144.99999999999983
    vertex 75.12268829800662 -458.8433071799156 -144.99999999999983
  endloop
endfacet
facet normal -0.5159674803200547 -0.4845257149896935 -0.7064080908128817
  outer loop
    vertex 75.4179470289115 -459.2496959589943 -144.99999999999983
    vertex 75.07726447037115 -460.34484313710664 -143.99999999999983
    vertex 74.64743378613566 -459.8871199487431 -143.99999999999983
  endloop
endfacet
facet normal -0.5159674803200547 -0.4845257149896935 -0.7064080908128817
  outer loop
    vertex 75.07726447037115 -460.34484313710664 -143.99999999999983
    vertex 75.4179470289115 -459.2496959589943 -144.99999999999983
    vertex 75.7618115762999 -459.6158745096852 -144.99999999999983
  endloop
endfacet
facet normal -0.5726260972304311 -0.4160372122836423 -0.7064080908128816
  outer loop
    vertex 75.12268829800662 -458.8433071799156 -144.99999999999983
    vertex 74.64743378613566 -459.8871199487431 -143.99999999999983
    vertex 74.27836037250455 -459.3791339748946 -143.99999999999983
  endloop
endfacet
facet normal -0.5726260972304311 -0.4160372122836423 -0.7064080908128816
  outer loop
    vertex 74.64743378613566 -459.8871199487431 -143.99999999999983
    vertex 75.12268829800662 -458.8433071799156 -144.99999999999983
    vertex 75.4179470289115 -459.2496959589943 -144.99999999999983
  endloop
endfacet
facet normal -0.3792607677387072 -0.5976193431343628 -0.7064080908128807
  outer loop
    vertex 76.14885899084474 -459.93606797749936 -144.99999999999983
    vertex 76.09123162950603 -461.0815334002189 -143.99999999999983
    vertex 75.56107373855225 -460.74508497187435 -143.99999999999983
  endloop
endfacet
facet normal -0.3792607677387072 -0.5976193431343628 -0.7064080908128807
  outer loop
    vertex 76.09123162950603 -461.0815334002189 -143.99999999999983
    vertex 76.14885899084474 -459.93606797749936 -144.99999999999983
    vertex 76.57298530360777 -460.205226720175 -144.99999999999983
  endloop
endfacet
facet normal -0.7022235297511645 -0.0887114620437035 -0.7064080908128699
  outer loop
    vertex 74.5078930863016 -456.9511620781169 -144.99999999999983
    vertex 73.58856374637121 -457.63690657292824 -143.99999999999983
    vertex 73.50986635787328 -457.0139525976462 -143.99999999999983
  endloop
endfacet
facet normal -0.7022235297511645 -0.0887114620437035 -0.7064080908128699
  outer loop
    vertex 73.58856374637121 -457.63690657292824 -143.99999999999983
    vertex 74.5078930863016 -456.9511620781169 -144.99999999999983
    vertex 74.57085099709992 -457.44952525834253 -144.99999999999983
  endloop
endfacet
facet normal 0.3013686172508945 -0.6404409151210163 -0.7064080908194917
  outer loop
    vertex 110.42701468806438 -460.2052267247695 -144.99999999999983
    vertex 110.34062275512515 -461.34888243273224 -143.99999999999983
    vertex 109.97249820410305 -460.4191059461857 -144.99999999999983
  endloop
endfacet
facet normal 0.3013686172508945 -0.6404409151210163 -0.7064080908194917
  outer loop
    vertex 110.34062275512515 -461.34888243273224 -143.99999999999983
    vertex 110.42701468806438 -460.2052267247695 -144.99999999999983
    vertex 110.90876836007676 -461.08153340596203 -143.99999999999983
  endloop
endfacet
facet normal -0.04444342999133747 -0.706408090808674 -0.7064080908162429
  outer loop
    vertex 77.99866706575739 -460.66845880525744 -144.99999999999983
    vertex 78.46863574652804 -461.6980267284463 -143.99999999999983
    vertex 77.87333383219308 -461.660573506572 -143.99999999999983
  endloop
endfacet
facet normal -0.04444342999133747 -0.706408090808674 -0.7064080908162429
  outer loop
    vertex 78.46863574652804 -461.6980267284463 -143.99999999999983
    vertex 77.99866706575739 -460.66845880525744 -144.99999999999983
    vertex 78.5000000000146 -460.69999999999953 -144.99999999999983
  endloop
endfacet
facet normal -0.13262939049631328 -0.6952676132329879 -0.7064080908128679
  outer loop
    vertex 77.50524045135519 -460.57433264451413 -144.99999999999983
    vertex 77.87333383219308 -461.660573506572 -143.99999999999983
    vertex 77.25655056419032 -461.54291580564274 -143.99999999999983
  endloop
endfacet
facet normal -0.13262939049631328 -0.6952676132329879 -0.7064080908128679
  outer loop
    vertex 77.87333383219308 -461.660573506572 -143.99999999999983
    vertex 77.50524045135519 -460.57433264451413 -144.99999999999983
    vertex 77.99866706575739 -460.66845880525744 -144.99999999999983
  endloop
endfacet
facet normal -3.620806193162199e-15 -0.7074556956097902 -0.7067576945101256
  outer loop
    vertex 108.53136425335234 -461.69802672844645 -143.99999999999983
    vertex 78.5000000000146 -460.69999999999953 -144.99999999999983
    vertex 108.50000000001462 -460.6999999999997 -144.99999999999983
  endloop
endfacet
facet normal -3.620806193162199e-15 -0.7074556956097902 -0.7067576945101256
  outer loop
    vertex 78.5000000000146 -460.69999999999953 -144.99999999999983
    vertex 108.53136425335234 -461.69802672844645 -143.99999999999983
    vertex 78.46863574652804 -461.6980267284463 -143.99999999999983
  endloop
endfacet
facet normal -3.620806193162199e-15 -0.7074556956097902 -0.7067576945101256
  outer loop
    vertex 78.46863574652804 -461.6980267284463 -143.99999999999983
    vertex 108.53136425335234 -461.69802672844645 -143.99999999999983
    vertex 108.50000000001462 -461.69999999999965 -143.99999999999983
  endloop
endfacet
facet normal -3.620806193162199e-15 -0.7074556956097902 -0.7067576945101256
  outer loop
    vertex 78.46863574652804 -461.6980267284463 -143.99999999999983
    vertex 108.50000000001462 -461.69999999999965 -143.99999999999983
    vertex 78.5000000000146 -461.6999999999996 -143.99999999999983
  endloop
endfacet
facet normal -0.2187237062968407 -0.673162350059697 -0.7064080908128668
  outer loop
    vertex 77.02750178927592 -460.41910594355255 -144.99999999999983
    vertex 77.25655056419032 -461.54291580564274 -143.99999999999983
    vertex 76.6593772365912 -461.34888242944083 -143.99999999999983
  endloop
endfacet
facet normal -0.2187237062968407 -0.673162350059697 -0.7064080908128668
  outer loop
    vertex 77.25655056419032 -461.54291580564274 -143.99999999999983
    vertex 77.02750178927592 -460.41910594355255 -144.99999999999983
    vertex 77.50524045135519 -460.57433264451413 -144.99999999999983
  endloop
endfacet
facet normal 0.13262938987345368 -0.6952676133450658 -0.7064080908195005
  outer loop
    vertex 109.49475954405548 -460.5743326457001 -144.99999999999983
    vertex 109.12666616487941 -461.66057350694564 -143.99999999999983
    vertex 109.00133293190648 -460.6684588055564 -144.99999999999983
  endloop
endfacet
facet normal 0.13262938987345368 -0.6952676133450658 -0.7064080908195005
  outer loop
    vertex 109.12666616487941 -461.66057350694564 -143.99999999999983
    vertex 109.49475954405548 -460.5743326457001 -144.99999999999983
    vertex 109.74344943006572 -461.5429158071252 -143.99999999999983
  endloop
endfacet
facet normal -0.9921147013144778 0.12533323356430562 -5.0492834585871785e-28
  outer loop
    vertex 74.57085099709992 -455.95047474165676 -143.99999999999983
    vertex 74.5078930863016 -456.4488379218824 -144.99999999999983
    vertex 74.5078930863016 -456.4488379218824 -143.99999999999983
  endloop
endfacet
facet normal -0.9921147013144778 0.12533323356430562 -5.0492834585871785e-28
  outer loop
    vertex 74.5078930863016 -456.4488379218824 -144.99999999999983
    vertex 74.57085099709992 -455.95047474165676 -143.99999999999983
    vertex 74.57085099709992 -455.95047474165676 -144.99999999999983
  endloop
endfacet
facet normal -0.9297764858882522 0.36812455268467603 -1.4988309009898264e-27
  outer loop
    vertex 74.88069179015059 -454.9968828337394 -143.99999999999983
    vertex 74.69577393483407 -455.46393202249993 -144.99999999999983
    vertex 74.69577393483407 -455.46393202249993 -143.99999999999983
  endloop
endfacet
facet normal -0.9297764858882522 0.36812455268467603 -1.4988309009898264e-27
  outer loop
    vertex 74.69577393483407 -455.46393202249993 -144.99999999999983
    vertex 74.88069179015059 -454.9968828337394 -143.99999999999983
    vertex 74.88069179015059 -454.9968828337394 -144.99999999999983
  endloop
endfacet
facet normal -0.9685831611286284 0.24868988716486537 5.195966684147394e-28
  outer loop
    vertex 74.69577393483407 -455.46393202249993 -143.99999999999983
    vertex 74.57085099709992 -455.95047474165676 -144.99999999999983
    vertex 74.57085099709992 -455.95047474165676 -143.99999999999983
  endloop
endfacet
facet normal -0.9685831611286284 0.24868988716486537 5.195966684147394e-28
  outer loop
    vertex 74.57085099709992 -455.95047474165676 -144.99999999999983
    vertex 74.69577393483407 -455.46393202249993 -143.99999999999983
    vertex 74.69577393483407 -455.46393202249993 -144.99999999999983
  endloop
endfacet
facet normal -0.8090169943749317 -0.5877852522924948 -3.216671119313117e-27
  outer loop
    vertex 75.12268829800662 -458.8433071799156 -143.99999999999983
    vertex 75.4179470289115 -459.2496959589943 -144.99999999999983
    vertex 75.4179470289115 -459.2496959589943 -143.99999999999983
  endloop
endfacet
facet normal -0.8090169943749317 -0.5877852522924948 -3.216671119313117e-27
  outer loop
    vertex 75.4179470289115 -459.2496959589943 -144.99999999999983
    vertex 75.12268829800662 -458.8433071799156 -143.99999999999983
    vertex 75.12268829800662 -458.8433071799156 -144.99999999999983
  endloop
endfacet
facet normal -0.9297764858882599 -0.3681245526846566 -1.9720327418816094e-27
  outer loop
    vertex 74.69577393483407 -457.93606797749936 -143.99999999999983
    vertex 74.88069179015059 -458.40311716625985 -144.99999999999983
    vertex 74.88069179015059 -458.40311716625985 -143.99999999999983
  endloop
endfacet
facet normal -0.9297764858882599 -0.3681245526846566 -1.9720327418816094e-27
  outer loop
    vertex 74.88069179015059 -458.40311716625985 -144.99999999999983
    vertex 74.69577393483407 -457.93606797749936 -143.99999999999983
    vertex 74.69577393483407 -457.93606797749936 -144.99999999999983
  endloop
endfacet
facet normal -0.728968627421432 -0.6845471059286669 2.4718286511567163e-17
  outer loop
    vertex 75.4179470289115 -459.2496959589943 -143.99999999999983
    vertex 75.7618115762999 -459.6158745096852 -144.99999999999983
    vertex 75.7618115762999 -459.6158745096852 -143.99999999999983
  endloop
endfacet
facet normal -0.728968627421432 -0.6845471059286669 2.4718286511567163e-17
  outer loop
    vertex 75.7618115762999 -459.6158745096852 -144.99999999999983
    vertex 75.4179470289115 -459.2496959589943 -143.99999999999983
    vertex 75.4179470289115 -459.2496959589943 -144.99999999999983
  endloop
endfacet
facet normal -0.8763066800438697 -0.48175367410170405 0.0
  outer loop
    vertex 74.88069179015059 -458.40311716625985 -143.99999999999983
    vertex 75.12268829800662 -458.8433071799156 -144.99999999999983
    vertex 75.12268829800662 -458.8433071799156 -143.99999999999983
  endloop
endfacet
facet normal -0.8763066800438697 -0.48175367410170405 0.0
  outer loop
    vertex 75.12268829800662 -458.8433071799156 -144.99999999999983
    vertex 74.88069179015059 -458.40311716625985 -143.99999999999983
    vertex 74.88069179015059 -458.40311716625985 -144.99999999999983
  endloop
endfacet
facet normal -0.9921147013144778 -0.1253332335643056 -5.0492834585871785e-28
  outer loop
    vertex 74.5078930863016 -456.9511620781169 -143.99999999999983
    vertex 74.57085099709992 -457.44952525834253 -144.99999999999983
    vertex 74.57085099709992 -457.44952525834253 -143.99999999999983
  endloop
endfacet
facet normal -0.9921147013144778 -0.1253332335643056 -5.0492834585871785e-28
  outer loop
    vertex 74.57085099709992 -457.44952525834253 -144.99999999999983
    vertex 74.5078930863016 -456.9511620781169 -143.99999999999983
    vertex 74.5078930863016 -456.9511620781169 -144.99999999999983
  endloop
endfacet
facet normal -1.0 0.0 0.0
  outer loop
    vertex 74.5078930863016 -456.4488379218824 -143.99999999999983
    vertex 74.5078930863016 -456.9511620781169 -144.99999999999983
    vertex 74.5078930863016 -456.9511620781169 -143.99999999999983
  endloop
endfacet
facet normal -1.0 0.0 0.0
  outer loop
    vertex 74.5078930863016 -456.9511620781169 -144.99999999999983
    vertex 74.5078930863016 -456.4488379218824 -143.99999999999983
    vertex 74.5078930863016 -456.4488379218824 -144.99999999999983
  endloop
endfacet
facet normal -0.9685831611286231 -0.24868988716488646 1.0125488368761046e-27
  outer loop
    vertex 74.57085099709992 -457.44952525834253 -143.99999999999983
    vertex 74.69577393483407 -457.93606797749936 -144.99999999999983
    vertex 74.69577393483407 -457.93606797749936 -143.99999999999983
  endloop
endfacet
facet normal -0.9685831611286231 -0.24868988716488646 1.0125488368761046e-27
  outer loop
    vertex 74.69577393483407 -457.93606797749936 -144.99999999999983
    vertex 74.57085099709992 -457.44952525834253 -143.99999999999983
    vertex 74.57085099709992 -457.44952525834253 -144.99999999999983
  endloop
endfacet
facet normal -0.8763066800438792 0.4817536741016869 -4.459888376144999e-28
  outer loop
    vertex 75.12268829800661 -454.5566928200837 -143.99999999999983
    vertex 74.88069179015059 -454.9968828337394 -144.99999999999983
    vertex 74.88069179015059 -454.9968828337394 -143.99999999999983
  endloop
endfacet
facet normal -0.8763066800438792 0.4817536741016869 -4.459888376144999e-28
  outer loop
    vertex 74.88069179015059 -454.9968828337394 -144.99999999999983
    vertex 75.12268829800661 -454.5566928200837 -143.99999999999983
    vertex 75.12268829800661 -454.5566928200837 -144.99999999999983
  endloop
endfacet
facet normal -0.809016994374921 0.5877852522925094 -2.8049287953660516e-27
  outer loop
    vertex 75.4179470289115 -454.150304041005 -143.99999999999983
    vertex 75.12268829800661 -454.5566928200837 -144.99999999999983
    vertex 75.12268829800661 -454.5566928200837 -143.99999999999983
  endloop
endfacet
facet normal -0.809016994374921 0.5877852522925094 -2.8049287953660516e-27
  outer loop
    vertex 75.12268829800661 -454.5566928200837 -144.99999999999983
    vertex 75.4179470289115 -454.150304041005 -143.99999999999983
    vertex 75.4179470289115 -454.150304041005 -144.99999999999983
  endloop
endfacet
facet normal -0.3013686185897979 0.6404409144982716 -0.7064080908128775
  outer loop
    vertex 76.6593772365912 -452.0511175705584 -143.99999999999983
    vertex 76.57298530360777 -453.1947732798243 -144.99999999999983
    vertex 76.09123162950603 -452.3184665997803 -143.99999999999983
  endloop
endfacet
facet normal -0.3013686185897979 0.6404409144982716 -0.7064080908128775
  outer loop
    vertex 76.57298530360777 -453.1947732798243 -144.99999999999983
    vertex 76.6593772365912 -452.0511175705584 -143.99999999999983
    vertex 77.02750178927592 -452.9808940564467 -144.99999999999983
  endloop
endfacet
facet normal -0.13262939049631328 0.6952676132329879 -0.7064080908128678
  outer loop
    vertex 77.87333383219308 -451.7394264934273 -143.99999999999983
    vertex 77.50524045135519 -452.82566735548517 -144.99999999999983
    vertex 77.25655056419032 -451.8570841943565 -143.99999999999983
  endloop
endfacet
facet normal -0.13262939049631328 0.6952676132329879 -0.7064080908128678
  outer loop
    vertex 77.50524045135519 -452.82566735548517 -144.99999999999983
    vertex 77.87333383219308 -451.7394264934273 -143.99999999999983
    vertex 77.99866706575739 -452.73154119474185 -144.99999999999983
  endloop
endfacet
facet normal -0.6855677930829224 0.17602389133729637 -0.7064080908128721
  outer loop
    vertex 73.74471741853884 -455.15491502812495 -143.99999999999983
    vertex 74.57085099709992 -455.95047474165676 -144.99999999999983
    vertex 73.58856374637121 -455.763093427071 -143.99999999999983
  endloop
endfacet
facet normal -0.6855677930829224 0.17602389133729637 -0.7064080908128721
  outer loop
    vertex 74.57085099709992 -455.95047474165676 -144.99999999999983
    vertex 73.74471741853884 -455.15491502812495 -143.99999999999983
    vertex 74.69577393483407 -455.46393202249993 -144.99999999999983
  endloop
endfacet
facet normal -0.6581002427794088 0.26056031871294044 -0.7064080908128773
  outer loop
    vertex 73.97586473768452 -454.5711035421743 -143.99999999999983
    vertex 74.69577393483407 -455.46393202249993 -144.99999999999983
    vertex 73.74471741853884 -455.15491502812495 -143.99999999999983
  endloop
endfacet
facet normal -0.6581002427794088 0.26056031871294044 -0.7064080908128773
  outer loop
    vertex 74.69577393483407 -455.46393202249993 -144.99999999999983
    vertex 73.97586473768452 -454.5711035421743 -143.99999999999983
    vertex 74.88069179015059 -454.9968828337394 -144.99999999999983
  endloop
endfacet
facet normal -0.5159674803200436 0.4845257149897138 -0.7064080908128759
  outer loop
    vertex 75.0772644703712 -453.0551568628926 -143.99999999999983
    vertex 75.4179470289115 -454.150304041005 -144.99999999999983
    vertex 74.64743378613566 -453.5128800512562 -143.99999999999983
  endloop
endfacet
facet normal -0.5159674803200436 0.4845257149897138 -0.7064080908128759
  outer loop
    vertex 75.4179470289115 -454.150304041005 -144.99999999999983
    vertex 75.0772644703712 -453.0551568628926 -143.99999999999983
    vertex 75.7618115762999 -453.78412549031407 -144.99999999999983
  endloop
endfacet
facet normal -0.3792607677387094 0.5976193431343602 -0.7064080908128818
  outer loop
    vertex 76.09123162950603 -452.3184665997803 -143.99999999999983
    vertex 76.14885899084476 -453.46393202249993 -144.99999999999983
    vertex 75.56107373855225 -452.6549150281249 -143.99999999999983
  endloop
endfacet
facet normal -0.3792607677387094 0.5976193431343602 -0.7064080908128818
  outer loop
    vertex 76.14885899084476 -453.46393202249993 -144.99999999999983
    vertex 76.09123162950603 -452.3184665997803 -143.99999999999983
    vertex 76.57298530360777 -453.1947732798243 -144.99999999999983
  endloop
endfacet
facet normal -0.4511717480210389 0.545372957728701 -0.7064080908128736
  outer loop
    vertex 75.56107373855225 -452.6549150281249 -143.99999999999983
    vertex 75.7618115762999 -453.78412549031407 -144.99999999999983
    vertex 75.0772644703712 -453.0551568628926 -143.99999999999983
  endloop
endfacet
facet normal -0.4511717480210389 0.545372957728701 -0.7064080908128736
  outer loop
    vertex 75.7618115762999 -453.78412549031407 -144.99999999999983
    vertex 75.56107373855225 -452.6549150281249 -143.99999999999983
    vertex 76.14885899084476 -453.46393202249993 -144.99999999999983
  endloop
endfacet
facet normal -0.044443429991460656 0.7064080908086332 -0.706408090816276
  outer loop
    vertex 78.46863574652804 -451.7019732715528 -143.99999999999983
    vertex 77.99866706575739 -452.73154119474185 -144.99999999999983
    vertex 77.87333383219308 -451.7394264934273 -143.99999999999983
  endloop
endfacet
facet normal -0.044443429991460656 0.7064080908086332 -0.706408090816276
  outer loop
    vertex 77.99866706575739 -452.73154119474185 -144.99999999999983
    vertex 78.46863574652804 -451.7019732715528 -143.99999999999983
    vertex 78.5000000000146 -452.69999999999976 -144.99999999999983
  endloop
endfacet
facet normal -0.5726260972304297 0.41603721228364726 -0.70640809081288
  outer loop
    vertex 74.64743378613566 -453.5128800512562 -143.99999999999983
    vertex 75.12268829800661 -454.5566928200837 -144.99999999999983
    vertex 74.27836037250455 -454.0208660251047 -143.99999999999983
  endloop
endfacet
facet normal -0.5726260972304297 0.41603721228364726 -0.70640809081288
  outer loop
    vertex 75.12268829800661 -454.5566928200837 -144.99999999999983
    vertex 74.64743378613566 -453.5128800512562 -143.99999999999983
    vertex 75.4179470289115 -454.150304041005 -144.99999999999983
  endloop
endfacet
facet normal -0.6202540585172425 0.340987554211288 -0.7064080908128765
  outer loop
    vertex 74.27836037250455 -454.0208660251047 -143.99999999999983
    vertex 74.88069179015059 -454.9968828337394 -144.99999999999983
    vertex 73.97586473768452 -454.5711035421743 -143.99999999999983
  endloop
endfacet
facet normal -0.6202540585172425 0.340987554211288 -0.7064080908128765
  outer loop
    vertex 74.88069179015059 -454.9968828337394 -144.99999999999983
    vertex 74.27836037250455 -454.0208660251047 -143.99999999999983
    vertex 75.12268829800661 -454.5566928200837 -144.99999999999983
  endloop
endfacet
facet normal -0.21872370629684068 0.673162350059697 -0.7064080908128667
  outer loop
    vertex 77.25655056419032 -451.8570841943565 -143.99999999999983
    vertex 77.02750178927592 -452.9808940564467 -144.99999999999983
    vertex 76.6593772365912 -452.0511175705584 -143.99999999999983
  endloop
endfacet
facet normal -0.21872370629684068 0.673162350059697 -0.7064080908128667
  outer loop
    vertex 77.02750178927592 -452.9808940564467 -144.99999999999983
    vertex 77.25655056419032 -451.8570841943565 -143.99999999999983
    vertex 77.50524045135519 -452.82566735548517 -144.99999999999983
  endloop
endfacet
facet normal 0.7022235304584373 0.08871145639237779 -0.7064080908194863
  outer loop
    vertex 113.41143626147613 -455.7630934680553 -143.99999999999983
    vertex 112.49210691567382 -456.4488379528157 -144.99999999999983
    vertex 112.42914900918385 -455.95047477444416 -144.99999999999983
  endloop
endfacet
facet normal 0.7022235304584373 0.08871145639237779 -0.7064080908194863
  outer loop
    vertex 112.49210691567382 -456.4488379528157 -144.99999999999983
    vertex 113.41143626147613 -455.7630934680553 -143.99999999999983
    vertex 113.49013364458864 -456.38604744101974 -143.99999999999983
  endloop
endfacet
facet normal 0.37926077503744404 0.5976193384946303 -0.7064080908194907
  outer loop
    vertex 110.90876842536666 -452.31846662993087 -143.99999999999983
    vertex 110.85114104776137 -453.46393205052766 -144.99999999999983
    vertex 110.42701474029623 -453.1947733039447 -144.99999999999983
  endloop
endfacet
facet normal 0.37926077503744404 0.5976193384946303 -0.7064080908194907
  outer loop
    vertex 110.85114104776137 -453.46393205052766 -144.99999999999983
    vertex 110.90876842536666 -452.31846662993087 -143.99999999999983
    vertex 111.43892630969808 -452.6549150631597 -143.99999999999983
  endloop
endfacet
facet normal 0.6581002451805185 0.26056031263050944 -0.7064080908194872
  outer loop
    vertex 113.02413528264742 -454.57110358531986 -143.99999999999983
    vertex 112.3042260762465 -455.4639320565123 -144.99999999999983
    vertex 112.11930822612084 -454.9968828682558 -144.99999999999983
  endloop
endfacet
facet normal 0.6581002451805185 0.26056031263050944 -0.7064080908194872
  outer loop
    vertex 112.3042260762465 -455.4639320565123 -144.99999999999983
    vertex 113.02413528264742 -454.57110358531986 -143.99999999999983
    vertex 113.25528259530446 -455.15491507064047 -143.99999999999983
  endloop
endfacet
facet normal 0.7022235291365374 -0.08871146685628105 -0.7064080908194877
  outer loop
    vertex 112.4921069119312 -456.9511621066708 -144.99999999999983
    vertex 113.41143624751517 -457.6369066051302 -143.99999999999983
    vertex 112.42914899801508 -457.449525284104 -144.99999999999983
  endloop
endfacet
facet normal 0.7022235291365374 -0.08871146685628105 -0.7064080908194877
  outer loop
    vertex 113.41143624751517 -457.6369066051302 -143.99999999999983
    vertex 112.4921069119312 -456.9511621066708 -144.99999999999983
    vertex 113.49013363991038 -457.0139526333384 -143.99999999999983
  endloop
endfacet
facet normal 0.21872371532263615 0.6731623471200812 -0.7064080908194964
  outer loop
    vertex 109.74344950223069 -451.8570842114031 -143.99999999999983
    vertex 109.97249825952197 -452.98089407575566 -144.99999999999983
    vertex 109.49475960178744 -452.8256673691224 -144.99999999999983
  endloop
endfacet
facet normal 0.21872371532263615 0.6731623471200812 -0.7064080908194964
  outer loop
    vertex 109.97249825952197 -452.98089407575566 -144.99999999999983
    vertex 109.74344950223069 -451.8570842114031 -143.99999999999983
    vertex 110.34062282439884 -452.05111759469463 -143.99999999999983
  endloop
endfacet
facet normal 0.7078047818606171 -5.273559783431687e-09 -0.7064080908194953
  outer loop
    vertex 112.4921069119312 -456.9511621066708 -144.99999999999983
    vertex 113.49013364458864 -456.38604744101974 -143.99999999999983
    vertex 113.49013363991038 -457.0139526333384 -143.99999999999983
  endloop
endfacet
facet normal 0.7078047818606171 -5.273559783431687e-09 -0.7064080908194953
  outer loop
    vertex 113.49013364458864 -456.38604744101974 -143.99999999999983
    vertex 112.4921069119312 -456.9511621066708 -144.99999999999983
    vertex 112.49210691567382 -456.4488379528157 -144.99999999999983
  endloop
endfacet
facet normal 0.6202540618649822 0.34098754810807425 -0.7064080908194885
  outer loop
    vertex 112.72163965467173 -454.0208660678817 -143.99999999999983
    vertex 112.11930822612084 -454.9968828682558 -144.99999999999983
    vertex 111.87731172374029 -454.55669285430525 -144.99999999999983
  endloop
endfacet
facet normal 0.6202540618649822 0.34098754810807425 -0.7064080908194885
  outer loop
    vertex 112.11930822612084 -454.9968828682558 -144.99999999999983
    vertex 112.72163965467173 -454.0208660678817 -143.99999999999983
    vertex 113.02413528264742 -454.57110358531986 -143.99999999999983
  endloop
endfacet
facet normal 0.4511717543556233 0.5453729524797271 -0.7064080908194742
  outer loop
    vertex 111.43892630969808 -452.6549150631597 -143.99999999999983
    vertex 111.23818845675125 -453.7841255213237 -144.99999999999983
    vertex 110.85114104776137 -453.46393205052766 -144.99999999999983
  endloop
endfacet
facet normal 0.4511717543556233 0.5453729524797271 -0.7064080908194742
  outer loop
    vertex 111.23818845675125 -453.7841255213237 -144.99999999999983
    vertex 111.43892630969808 -452.6549150631597 -143.99999999999983
    vertex 111.92273557093542 -453.05515690165475 -143.99999999999983
  endloop
endfacet
facet normal -3.2196474159363963e-15 0.7074556956097583 -0.7067576945101576
  outer loop
    vertex 78.46863574652804 -451.7019732715528 -143.99999999999983
    vertex 108.5000000596192 -452.69999999999976 -144.99999999999983
    vertex 78.5000000000146 -452.69999999999976 -144.99999999999983
  endloop
endfacet
facet normal -3.2196474159363963e-15 0.7074556956097583 -0.7067576945101576
  outer loop
    vertex 108.5000000596192 -452.69999999999976 -144.99999999999983
    vertex 78.46863574652804 -451.7019732715528 -143.99999999999983
    vertex 108.53136432040004 -451.7019732715528 -143.99999999999983
  endloop
endfacet
facet normal -3.2196474159363963e-15 0.7074556956097583 -0.7067576945101576
  outer loop
    vertex 108.53136432040004 -451.7019732715528 -143.99999999999983
    vertex 78.46863574652804 -451.7019732715528 -143.99999999999983
    vertex 78.5000000000146 -451.6999999999997 -143.99999999999983
  endloop
endfacet
facet normal -3.2196474159363963e-15 0.7074556956097583 -0.7067576945101576
  outer loop
    vertex 108.53136432040004 -451.7019732715528 -143.99999999999983
    vertex 78.5000000000146 -451.6999999999997 -143.99999999999983
    vertex 108.50000007452034 -451.69999999999976 -143.99999999999983
  endloop
endfacet
facet normal 0.6855677945978521 0.17602388541050876 -0.7064080908194819
  outer loop
    vertex 113.25528259530446 -455.15491507064047 -143.99999999999983
    vertex 112.42914900918385 -455.95047477444416 -144.99999999999983
    vertex 112.3042260762465 -455.4639320565123 -144.99999999999983
  endloop
endfacet
facet normal 0.6855677945978521 0.17602388541050876 -0.7064080908194819
  outer loop
    vertex 112.42914900918385 -455.95047477444416 -144.99999999999983
    vertex 113.25528259530446 -455.15491507064047 -143.99999999999983
    vertex 113.41143626147613 -455.7630934680553 -143.99999999999983
  endloop
endfacet
facet normal 0.5726261015647042 0.4160372063067982 -0.7064080908194948
  outer loop
    vertex 112.3525662480876 -453.5128800925898 -143.99999999999983
    vertex 111.87731172374029 -454.55669285430525 -144.99999999999983
    vertex 111.58205299847296 -454.15030407407176 -144.99999999999983
  endloop
endfacet
facet normal 0.5726261015647042 0.4160372063067982 -0.7064080908194948
  outer loop
    vertex 111.87731172374029 -454.55669285430525 -144.99999999999983
    vertex 112.3525662480876 -453.5128800925898 -143.99999999999983
    vertex 112.72163965467173 -454.0208660678817 -143.99999999999983
  endloop
endfacet
facet normal 0.5159674856580313 0.48452570929569594 -0.7064080908194865
  outer loop
    vertex 111.92273557093542 -453.05515690165475 -143.99999999999983
    vertex 111.58205299847296 -454.15030407407176 -144.99999999999983
    vertex 111.23818845675125 -453.7841255213237 -144.99999999999983
  endloop
endfacet
facet normal 0.5159674856580313 0.48452570929569594 -0.7064080908194865
  outer loop
    vertex 111.58205299847296 -454.15030407407176 -144.99999999999983
    vertex 111.92273557093542 -453.05515690165475 -143.99999999999983
    vertex 112.3525662480876 -453.5128800925898 -143.99999999999983
  endloop
endfacet
facet normal 0.3013686267941912 0.64044091063027 -0.7064080908195024
  outer loop
    vertex 110.34062282439884 -452.05111759469463 -143.99999999999983
    vertex 110.42701474029623 -453.1947733039447 -144.99999999999983
    vertex 109.97249825952197 -452.98089407575566 -144.99999999999983
  endloop
endfacet
facet normal 0.3013686267941912 0.64044091063027 -0.7064080908195024
  outer loop
    vertex 110.42701474029623 -453.1947733039447 -144.99999999999983
    vertex 110.34062282439884 -452.05111759469463 -143.99999999999983
    vertex 110.90876842536666 -452.31846662993087 -143.99999999999983
  endloop
endfacet
facet normal 0.13262940023379413 0.6952676113687486 -0.7064080908194773
  outer loop
    vertex 109.12666623879764 -451.7394265023919 -143.99999999999983
    vertex 109.49475960178744 -452.8256673691224 -144.99999999999983
    vertex 109.00133299104101 -452.7315412019134 -144.99999999999983
  endloop
endfacet
facet normal 0.13262940023379413 0.6952676113687486 -0.7064080908194773
  outer loop
    vertex 109.49475960178744 -452.8256673691224 -144.99999999999983
    vertex 109.12666623879764 -451.7394265023919 -143.99999999999983
    vertex 109.74344950223069 -451.8570842114031 -143.99999999999983
  endloop
endfacet
facet normal 0.0444434402940791 0.7064080901572574 -0.7064080908194659
  outer loop
    vertex 108.53136432040004 -451.7019732715528 -143.99999999999983
    vertex 109.00133299104101 -452.7315412019134 -144.99999999999983
    vertex 108.5000000596192 -452.69999999999976 -144.99999999999983
  endloop
endfacet
facet normal 0.0444434402940791 0.7064080901572574 -0.7064080908194659
  outer loop
    vertex 109.00133299104101 -452.7315412019134 -144.99999999999983
    vertex 108.53136432040004 -451.7019732715528 -143.99999999999983
    vertex 109.12666623879764 -451.7394265023919 -143.99999999999983
  endloop
endfacet
facet normal 0.37926076613225745 -0.5976193441460247 -0.7064080908194982
  outer loop
    vertex 110.85114099954026 -459.9360679845064 -144.99999999999983
    vertex 110.90876836007676 -461.08153340596203 -143.99999999999983
    vertex 110.42701468806438 -460.2052267247695 -144.99999999999983
  endloop
endfacet
facet normal 0.37926076613225745 -0.5976193441460247 -0.7064080908194982
  outer loop
    vertex 110.90876836007676 -461.08153340596203 -143.99999999999983
    vertex 110.85114099954026 -459.9360679845064 -144.99999999999983
    vertex 111.43892624942167 -460.7450849806331 -143.99999999999983
  endloop
endfacet
facet normal 0.6581002412978726 -0.26056032243696203 -0.7064080908194841
  outer loop
    vertex 112.30422605782763 -457.93606800017443 -144.99999999999983
    vertex 113.02413525092437 -458.82889648209436 -143.99999999999983
    vertex 112.11930820074244 -458.4031171856754 -144.99999999999983
  endloop
endfacet
facet normal 0.6581002412978726 -0.26056032243696203 -0.7064080908194841
  outer loop
    vertex 113.02413525092437 -458.82889648209436 -143.99999999999983
    vertex 112.30422605782763 -457.93606800017443 -144.99999999999983
    vertex 113.2552825722809 -458.24508500021807 -143.99999999999983
  endloop
endfacet
facet normal 0.45117174622895995 -0.5453729592026655 -0.7064080908194913
  outer loop
    vertex 111.23818841330137 -459.61587451947787 -144.99999999999983
    vertex 111.43892624942167 -460.7450849806331 -143.99999999999983
    vertex 110.85114099954026 -459.9360679845064 -144.99999999999983
  endloop
endfacet
facet normal 0.45117174622895995 -0.5453729592026655 -0.7064080908194913
  outer loop
    vertex 111.43892624942167 -460.7450849806331 -143.99999999999983
    vertex 111.23818841330137 -459.61587451947787 -144.99999999999983
    vertex 111.92273551662305 -460.34484314934735 -143.99999999999983
  endloop
endfacet
facet normal 0.5726260953652393 -0.41603721483962236 -0.7064080908194991
  outer loop
    vertex 111.87731169180259 -458.8433071960199 -144.99999999999983
    vertex 112.35256620059585 -459.88711996481726 -143.99999999999983
    vertex 111.5820529604796 -459.2496959718537 -144.99999999999983
  endloop
endfacet
facet normal 0.5726260953652393 -0.41603721483962236 -0.7064080908194991
  outer loop
    vertex 112.35256620059585 -459.88711996481726 -143.99999999999983
    vertex 111.87731169180259 -458.8433071960199 -144.99999999999983
    vertex 112.72163961474959 -459.37913399502503 -143.99999999999983
  endloop
endfacet
facet normal 0.6202540567838956 -0.3409875573505256 -0.7064080908194939
  outer loop
    vertex 112.11930820074244 -458.4031171856754 -144.99999999999983
    vertex 112.72163961474959 -459.37913399502503 -143.99999999999983
    vertex 111.87731169180259 -458.8433071960199 -144.99999999999983
  endloop
endfacet
facet normal 0.6202540567838956 -0.3409875573505256 -0.7064080908194939
  outer loop
    vertex 112.72163961474959 -459.37913399502503 -143.99999999999983
    vertex 112.11930820074244 -458.4031171856754 -144.99999999999983
    vertex 113.02413525092437 -458.82889648209436 -143.99999999999983
  endloop
endfacet
facet normal 0.5159674784380647 -0.48452571698417984 -0.7064080908194864
  outer loop
    vertex 111.5820529604796 -459.2496959718537 -144.99999999999983
    vertex 111.92273551662305 -460.34484314934735 -143.99999999999983
    vertex 111.23818841330137 -459.61587451947787 -144.99999999999983
  endloop
endfacet
facet normal 0.5159674784380647 -0.48452571698417984 -0.7064080908194864
  outer loop
    vertex 111.92273551662305 -460.34484314934735 -143.99999999999983
    vertex 111.5820529604796 -459.2496959718537 -144.99999999999983
    vertex 112.35256620059585 -459.88711996481726 -143.99999999999983
  endloop
endfacet
facet normal 0.6855677919748768 -0.176023895626308 -0.7064080908194856
  outer loop
    vertex 112.42914899801508 -457.449525284104 -144.99999999999983
    vertex 113.2552825722809 -458.24508500021807 -143.99999999999983
    vertex 112.30422605782763 -457.93606800017443 -144.99999999999983
  endloop
endfacet
facet normal 0.6855677919748768 -0.176023895626308 -0.7064080908194856
  outer loop
    vertex 113.2552825722809 -458.24508500021807 -143.99999999999983
    vertex 112.42914899801508 -457.449525284104 -144.99999999999983
    vertex 113.41143624751517 -457.6369066051302 -143.99999999999983
  endloop
endfacet
endsolid matrix4-final
