solid matrix4-final
facet normal 1.1102230246252155e-16 1.0 -4.6868060190484855e-30
  outer loop
    vertex -118.50929662493796 -416.7 -7.936855309704655
    vertex -116.50000000000001 -416.7 -4.888196601124979
    vertex -116.49999999999993 -416.7 -7.999999999999963
  endloop
endfacet
facet normal 1.1102230246252155e-16 1.0 -4.6868060190484855e-30
  outer loop
    vertex -116.50000000000001 -416.7 -4.888196601124979
    vertex -118.50929662493796 -416.7 -7.936855309704655
    vertex -120.51066347405767 -416.7 -7.747670442063261
  endloop
endfacet
facet normal 1.1102230246252155e-16 1.0 -4.6868060190484855e-30
  outer loop
    vertex -116.50000000000001 -416.7 -4.888196601124979
    vertex -120.51066347405767 -416.7 -7.747670442063261
    vertex -122.49620206674311 -416.7 -7.433192023318019
  endloop
endfacet
facet normal 1.1102230246252155e-16 1.0 -4.6868060190484855e-30
  outer loop
    vertex -116.50000000000001 -416.7 -4.888196601124979
    vertex -122.49620206674311 -416.7 -7.433192023318019
    vertex -124.45807638927528 -416.7 -6.994661156116178
  endloop
endfacet
facet normal 1.1102230246252155e-16 1.0 -4.6868060190484855e-30
  outer loop
    vertex -116.50000000000001 -416.7 -4.888196601124979
    vertex -124.45807638927528 -416.7 -6.994661156116178
    vertex -126.38854381999826 -416.7 -6.4338085214449015
  endloop
endfacet
facet normal 1.1102230246252155e-16 1.0 -4.6868060190484855e-30
  outer loop
    vertex -116.50000000000001 -416.7 -4.888196601124979
    vertex -126.38854381999826 -416.7 -6.4338085214449015
    vertex -128.27998568590962 -416.7 -5.7528475484240325
  endloop
endfacet
facet normal 1.1102230246252155e-16 1.0 -4.6868060190484855e-30
  outer loop
    vertex -116.50000000000001 -416.7 -4.888196601124979
    vertex -128.27998568590962 -416.7 -5.7528475484240325
    vertex -130.12493733008228 -416.7 -4.954465678912619
  endloop
endfacet
facet normal 1.1102230246252155e-16 1.0 -4.6868060190484855e-30
  outer loop
    vertex -116.50000000000001 -416.7 -4.888196601124979
    vertex -130.12493733008228 -416.7 -4.954465678912619
    vertex -131.91611757125483 -416.7 -4.0418137614036285
  endloop
endfacet
facet normal 1.1102230246252155e-16 1.0 -4.6868060190484855e-30
  outer loop
    vertex -133.64645743932783 -416.7 -3.018493616064484
    vertex -116.50000000000003 -416.7 -3.111803398875
    vertex -131.91611757125483 -416.7 -4.0418137614036285
  endloop
endfacet
facet normal 1.1102230246252155e-16 1.0 -4.6868060190484855e-30
  outer loop
    vertex -116.50000000000003 -416.7 -3.111803398875
    vertex -133.64645743932783 -416.7 -3.018493616064484
    vertex -116.49999999999994 -416.7 0.0
  endloop
endfacet
facet normal 1.1102230246252155e-16 1.0 -4.6868060190484855e-30
  outer loop
    vertex -116.49999999999994 -416.7 0.0
    vertex -133.64645743932783 -416.7 -3.018493616064484
    vertex -135.3091280733591 -416.7 -1.8885438199983227
  endloop
endfacet
facet normal 1.1102230246252155e-16 1.0 -4.6868060190484855e-30
  outer loop
    vertex -116.49999999999994 -416.7 0.0
    vertex -135.3091280733591 -416.7 -1.8885438199983227
    vertex -136.89756767195803 -416.7 -0.6564237688252604
  endloop
endfacet
facet normal 1.1102230246252155e-16 1.0 -4.6868060190484855e-30
  outer loop
    vertex -116.49999999999994 -416.7 0.0
    vertex -136.89756767195803 -416.7 -0.6564237688252604
    vertex -138.405507389718 -416.7 0.6730039225148247
  endloop
endfacet
facet normal 1.1102230246252155e-16 1.0 -4.6868060190484855e-30
  outer loop
    vertex -116.49999999999994 -416.7 0.0
    vertex -138.405507389718 -416.7 0.6730039225148247
    vertex -118.00697246870348 -416.7 0.04735851772148052
  endloop
endfacet
facet normal 1.1102230246252155e-16 1.0 -4.6868060190484855e-30
  outer loop
    vertex -118.00697246870348 -416.7 0.04735851772148052
    vertex -138.405507389718 -416.7 0.6730039225148247
    vertex -119.50799760554327 -416.7 0.18924716845252665
  endloop
endfacet
facet normal 1.1102230246252155e-16 1.0 -4.6868060190484855e-30
  outer loop
    vertex -119.50799760554327 -416.7 0.18924716845252665
    vertex -138.405507389718 -416.7 0.6730039225148247
    vertex -120.99715155005734 -416.7 0.4251059825114608
  endloop
endfacet
facet normal 1.1102230246252155e-16 1.0 -4.6868060190484855e-30
  outer loop
    vertex -120.99715155005734 -416.7 0.4251059825114608
    vertex -138.405507389718 -416.7 0.6730039225148247
    vertex -122.46855729195647 -416.7 0.7540041329128406
  endloop
endfacet
facet normal 1.1102230246252155e-16 1.0 -4.6868060190484855e-30
  outer loop
    vertex -122.46855729195647 -416.7 0.7540041329128406
    vertex -138.405507389718 -416.7 0.6730039225148247
    vertex -139.82699607748512 -416.7 2.094492610281954
  endloop
endfacet
facet normal 1.1102230246252155e-16 1.0 -4.6868060190484855e-30
  outer loop
    vertex -122.46855729195647 -416.7 0.7540041329128406
    vertex -139.82699607748512 -416.7 2.094492610281954
    vertex -123.9164078649987 -416.7 1.174643608916299
  endloop
endfacet
facet normal 1.1102230246252155e-16 1.0 -4.6868060190484855e-30
  outer loop
    vertex -123.9164078649987 -416.7 1.174643608916299
    vertex -139.82699607748512 -416.7 2.094492610281954
    vertex -125.33498926443222 -416.7 1.6853643386819492
  endloop
endfacet
facet normal 1.1102230246252155e-16 1.0 -4.6868060190484855e-30
  outer loop
    vertex -125.33498926443222 -416.7 1.6853643386819492
    vertex -139.82699607748512 -416.7 2.094492610281954
    vertex -126.71870299756172 -416.7 2.284150740815509
  endloop
endfacet
facet normal 1.1102230246252155e-16 1.0 -4.6868060190484855e-30
  outer loop
    vertex -126.71870299756172 -416.7 2.284150740815509
    vertex -139.82699607748512 -416.7 2.094492610281954
    vertex -141.1564237688252 -416.7 3.6024323280419193
  endloop
endfacet
facet normal 1.1102230246252155e-16 1.0 -4.6868060190484855e-30
  outer loop
    vertex -126.71870299756172 -416.7 2.284150740815509
    vertex -141.1564237688252 -416.7 3.6024323280419193
    vertex -128.06208817844112 -416.7 2.968639678947251
  endloop
endfacet
facet normal 1.1102230246252155e-16 1.0 -4.6868060190484855e-30
  outer loop
    vertex -128.06208817844112 -416.7 2.968639678947251
    vertex -141.1564237688252 -416.7 3.6024323280419193
    vertex -129.35984307949587 -416.7 3.736129787951612
  endloop
endfacet
facet normal 1.1102230246252155e-16 1.0 -4.6868060190484855e-30
  outer loop
    vertex -129.35984307949587 -416.7 3.736129787951612
    vertex -141.1564237688252 -416.7 3.6024323280419193
    vertex -142.38854381999826 -416.7 5.190871926640851
  endloop
endfacet
facet normal 1.1102230246252155e-16 1.0 -4.6868060190484855e-30
  outer loop
    vertex -129.35984307949587 -416.7 3.736129787951612
    vertex -142.38854381999826 -416.7 5.190871926640851
    vertex -130.60684605501933 -416.7 4.5835921350012345
  endloop
endfacet
facet normal 1.1102230246252155e-16 1.0 -4.6868060190484855e-30
  outer loop
    vertex -130.60684605501933 -416.7 4.5835921350012345
    vertex -142.38854381999826 -416.7 5.190871926640851
    vertex -131.7981757539685 -416.7 5.507682173381031
  endloop
endfacet
facet normal 1.1102230246252155e-16 1.0 -4.6868060190484855e-30
  outer loop
    vertex -131.7981757539685 -416.7 5.507682173381031
    vertex -142.38854381999826 -416.7 5.190871926640851
    vertex -143.51849361606443 -416.7 6.853542560672099
  endloop
endfacet
facet normal 1.1102230246252155e-16 1.0 -4.6868060190484855e-30
  outer loop
    vertex -131.7981757539685 -416.7 5.507682173381031
    vertex -143.51849361606443 -416.7 6.853542560672099
    vertex -132.9291305422885 -416.7 6.504752941886093
  endloop
endfacet
facet normal 1.1102230246252155e-16 1.0 -4.6868060190484855e-30
  outer loop
    vertex -132.9291305422885 -416.7 6.504752941886093
    vertex -143.51849361606443 -416.7 6.853542560672099
    vertex -133.99524705811385 -416.7 7.570869457711442
  endloop
endfacet
facet normal 1.1102230246252155e-16 1.0 -4.6868060190484855e-30
  outer loop
    vertex -133.99524705811385 -416.7 7.570869457711442
    vertex -143.51849361606443 -416.7 6.853542560672099
    vertex -144.5418137614036 -416.7 8.583882428745099
  endloop
endfacet
facet normal 1.1102230246252155e-16 1.0 -4.6868060190484855e-30
  outer loop
    vertex -133.99524705811385 -416.7 7.570869457711442
    vertex -144.5418137614036 -416.7 8.583882428745099
    vertex -134.99231782661892 -416.7 8.701824246031416
  endloop
endfacet
facet normal 1.1102230246252155e-16 1.0 -4.6868060190484855e-30
  outer loop
    vertex -134.99231782661892 -416.7 8.701824246031416
    vertex -144.5418137614036 -416.7 8.583882428745099
    vertex -145.4544656789126 -416.7 10.375062669917662
  endloop
endfacet
facet normal 1.1102230246252155e-16 1.0 -4.6868060190484855e-30
  outer loop
    vertex -134.99231782661892 -416.7 8.701824246031416
    vertex -145.4544656789126 -416.7 10.375062669917662
    vertex -135.91640786499872 -416.7 9.893153944980615
  endloop
endfacet
facet normal 1.1102230246252155e-16 1.0 -4.6868060190484855e-30
  outer loop
    vertex -135.91640786499872 -416.7 9.893153944980615
    vertex -145.4544656789126 -416.7 10.375062669917662
    vertex -136.76387021204835 -416.7 11.140156920504051
  endloop
endfacet
facet normal 1.1102230246252155e-16 1.0 -4.6868060190484855e-30
  outer loop
    vertex -136.76387021204835 -416.7 11.140156920504051
    vertex -145.4544656789126 -416.7 10.375062669917662
    vertex -146.252847548424 -416.7 12.220014314090285
  endloop
endfacet
facet normal 1.1102230246252155e-16 1.0 -4.6868060190484855e-30
  outer loop
    vertex -136.76387021204835 -416.7 11.140156920504051
    vertex -146.252847548424 -416.7 12.220014314090285
    vertex -137.53136032105272 -416.7 12.437911821558801
  endloop
endfacet
facet normal 1.1102230246252155e-16 1.0 -4.6868060190484855e-30
  outer loop
    vertex -137.53136032105272 -416.7 12.437911821558801
    vertex -146.252847548424 -416.7 12.220014314090285
    vertex -146.93380852144486 -416.7 14.111456180001666
  endloop
endfacet
facet normal 1.1102230246252155e-16 1.0 -4.6868060190484855e-30
  outer loop
    vertex -137.53136032105272 -416.7 12.437911821558801
    vertex -146.93380852144486 -416.7 14.111456180001666
    vertex -138.21584925918444 -416.7 13.781297002438228
  endloop
endfacet
facet normal 1.1102230246252155e-16 1.0 -4.6868060190484855e-30
  outer loop
    vertex -138.21584925918444 -416.7 13.781297002438228
    vertex -146.93380852144486 -416.7 14.111456180001666
    vertex -138.81463566131802 -416.7 15.165010735567693
  endloop
endfacet
facet normal 1.1102230246252155e-16 1.0 -4.6868060190484855e-30
  outer loop
    vertex -138.81463566131802 -416.7 15.165010735567693
    vertex -146.93380852144486 -416.7 14.111456180001666
    vertex -147.49466115611617 -416.7 16.041923610724627
  endloop
endfacet
facet normal 1.1102230246252155e-16 1.0 -4.6868060190484855e-30
  outer loop
    vertex -138.81463566131802 -416.7 15.165010735567693
    vertex -147.49466115611617 -416.7 16.041923610724627
    vertex -139.3253563910837 -416.7 16.583592135001226
  endloop
endfacet
facet normal 1.1102230246252155e-16 1.0 -4.6868060190484855e-30
  outer loop
    vertex -139.3253563910837 -416.7 16.583592135001226
    vertex -147.49466115611617 -416.7 16.041923610724627
    vertex -147.933192023318 -416.7 18.003797933256795
  endloop
endfacet
facet normal 1.1102230246252155e-16 1.0 -4.6868060190484855e-30
  outer loop
    vertex -139.3253563910837 -416.7 16.583592135001226
    vertex -147.933192023318 -416.7 18.003797933256795
    vertex -139.74599586708712 -416.7 18.031442708043453
  endloop
endfacet
facet normal 1.1102230246252155e-16 1.0 -4.6868060190484855e-30
  outer loop
    vertex -139.74599586708712 -416.7 18.031442708043453
    vertex -147.933192023318 -416.7 18.003797933256795
    vertex -148.24767044206325 -416.7 19.989336525942246
  endloop
endfacet
facet normal 1.1102230246252155e-16 1.0 -4.6868060190484855e-30
  outer loop
    vertex -139.74599586708712 -416.7 18.031442708043453
    vertex -148.24767044206325 -416.7 19.989336525942246
    vertex -140.0748940174885 -416.7 19.502848449942572
  endloop
endfacet
facet normal 1.1102230246252155e-16 1.0 -4.6868060190484855e-30
  outer loop
    vertex -140.0748940174885 -416.7 19.502848449942572
    vertex -148.24767044206325 -416.7 19.989336525942246
    vertex -140.31075283154746 -416.7 20.99200239445667
  endloop
endfacet
facet normal 1.1102230246252155e-16 1.0 -4.6868060190484855e-30
  outer loop
    vertex -140.31075283154746 -416.7 20.99200239445667
    vertex -148.24767044206325 -416.7 19.989336525942246
    vertex -148.43685530970467 -416.7 21.99070337506195
  endloop
endfacet
facet normal 1.1102230246252155e-16 1.0 -4.6868060190484855e-30
  outer loop
    vertex -140.31075283154746 -416.7 20.99200239445667
    vertex -148.43685530970467 -416.7 21.99070337506195
    vertex -140.45264148227852 -416.7 22.493027531296445
  endloop
endfacet
facet normal 1.1102230246252155e-16 1.0 -4.6868060190484855e-30
  outer loop
    vertex -140.45264148227852 -416.7 22.493027531296445
    vertex -148.43685530970467 -416.7 21.99070337506195
    vertex -148.49999999999997 -416.7 23.99999999999998
  endloop
endfacet
facet normal 1.1102230246252155e-16 1.0 -4.6868060190484855e-30
  outer loop
    vertex -140.45264148227852 -416.7 22.493027531296445
    vertex -148.49999999999997 -416.7 23.99999999999998
    vertex -140.5 -416.7 23.999999999999968
  endloop
endfacet
facet normal 1.1102230246252155e-16 1.0 -4.6868060190484855e-30
  outer loop
    vertex -140.5 -416.7 23.999999999999968
    vertex -148.49999999999997 -416.7 23.99999999999998
    vertex -140.45264148227852 -416.7 25.506972468703495
  endloop
endfacet
facet normal 1.1102230246252155e-16 1.0 -4.6868060190484855e-30
  outer loop
    vertex -140.45264148227852 -416.7 25.506972468703495
    vertex -148.49999999999997 -416.7 23.99999999999998
    vertex -148.43685530970467 -416.7 26.00929662493801
  endloop
endfacet
facet normal 1.1102230246252155e-16 1.0 -4.6868060190484855e-30
  outer loop
    vertex -140.45264148227852 -416.7 25.506972468703495
    vertex -148.43685530970467 -416.7 26.00929662493801
    vertex -140.31075283154746 -416.7 27.007997605543277
  endloop
endfacet
facet normal 1.1102230246252155e-16 1.0 -4.6868060190484855e-30
  outer loop
    vertex -140.31075283154746 -416.7 27.007997605543277
    vertex -148.43685530970467 -416.7 26.00929662493801
    vertex -148.24767044206325 -416.7 28.01066347405772
  endloop
endfacet
facet normal 1.1102230246252155e-16 1.0 -4.6868060190484855e-30
  outer loop
    vertex -140.31075283154746 -416.7 27.007997605543277
    vertex -148.24767044206325 -416.7 28.01066347405772
    vertex -140.0748940174885 -416.7 28.497151550057364
  endloop
endfacet
facet normal 1.1102230246252155e-16 1.0 -4.6868060190484855e-30
  outer loop
    vertex -140.0748940174885 -416.7 28.497151550057364
    vertex -148.24767044206325 -416.7 28.01066347405772
    vertex -147.933192023318 -416.7 29.996202066743173
  endloop
endfacet
facet normal 1.1102230246252155e-16 1.0 -4.6868060190484855e-30
  outer loop
    vertex -140.0748940174885 -416.7 28.497151550057364
    vertex -147.933192023318 -416.7 29.996202066743173
    vertex -139.74599586708715 -416.7 29.968557291956493
  endloop
endfacet
facet normal 1.1102230246252155e-16 1.0 -4.6868060190484855e-30
  outer loop
    vertex -139.74599586708715 -416.7 29.968557291956493
    vertex -147.933192023318 -416.7 29.996202066743173
    vertex -139.3253563910837 -416.7 31.416407864998714
  endloop
endfacet
facet normal 1.1102230246252155e-16 1.0 -4.6868060190484855e-30
  outer loop
    vertex -139.3253563910837 -416.7 31.416407864998714
    vertex -147.933192023318 -416.7 29.996202066743173
    vertex -147.49466115611617 -416.7 31.958076389275337
  endloop
endfacet
facet normal 1.1102230246252155e-16 1.0 -4.6868060190484855e-30
  outer loop
    vertex -139.3253563910837 -416.7 31.416407864998714
    vertex -147.49466115611617 -416.7 31.958076389275337
    vertex -138.81463566131802 -416.7 32.834989264432245
  endloop
endfacet
facet normal 1.1102230246252155e-16 1.0 -4.6868060190484855e-30
  outer loop
    vertex -138.81463566131802 -416.7 32.834989264432245
    vertex -147.49466115611617 -416.7 31.958076389275337
    vertex -146.9338085214449 -416.7 33.888543819998304
  endloop
endfacet
facet normal 1.1102230246252155e-16 1.0 -4.6868060190484855e-30
  outer loop
    vertex -138.81463566131802 -416.7 32.834989264432245
    vertex -146.9338085214449 -416.7 33.888543819998304
    vertex -138.21584925918447 -416.7 34.21870299756172
  endloop
endfacet
facet normal 1.1102230246252155e-16 1.0 -4.6868060190484855e-30
  outer loop
    vertex -138.21584925918447 -416.7 34.21870299756172
    vertex -146.9338085214449 -416.7 33.888543819998304
    vertex -146.25284754842403 -416.7 35.77998568590968
  endloop
endfacet
facet normal 1.1102230246252155e-16 1.0 -4.6868060190484855e-30
  outer loop
    vertex -138.21584925918447 -416.7 34.21870299756172
    vertex -146.25284754842403 -416.7 35.77998568590968
    vertex -137.53136032105274 -416.7 35.562088178441144
  endloop
endfacet
facet normal 1.1102230246252155e-16 1.0 -4.6868060190484855e-30
  outer loop
    vertex -137.53136032105274 -416.7 35.562088178441144
    vertex -146.25284754842403 -416.7 35.77998568590968
    vertex -136.76387021204837 -416.7 36.859843079495896
  endloop
endfacet
facet normal 1.1102230246252155e-16 1.0 -4.6868060190484855e-30
  outer loop
    vertex -136.76387021204837 -416.7 36.859843079495896
    vertex -146.25284754842403 -416.7 35.77998568590968
    vertex -145.4544656789126 -416.7 37.62493733008231
  endloop
endfacet
facet normal 1.1102230246252155e-16 1.0 -4.6868060190484855e-30
  outer loop
    vertex -136.76387021204837 -416.7 36.859843079495896
    vertex -145.4544656789126 -416.7 37.62493733008231
    vertex -135.91640786499872 -416.7 38.10684605501933
  endloop
endfacet
facet normal 1.1102230246252155e-16 1.0 -4.6868060190484855e-30
  outer loop
    vertex -135.91640786499872 -416.7 38.10684605501933
    vertex -145.4544656789126 -416.7 37.62493733008231
    vertex -144.54181376140363 -416.7 39.41611757125487
  endloop
endfacet
facet normal 1.1102230246252155e-16 1.0 -4.6868060190484855e-30
  outer loop
    vertex -135.91640786499872 -416.7 38.10684605501933
    vertex -144.54181376140363 -416.7 39.41611757125487
    vertex -134.99231782661894 -416.7 39.29817575396853
  endloop
endfacet
facet normal 1.1102230246252155e-16 1.0 -4.6868060190484855e-30
  outer loop
    vertex -134.99231782661894 -416.7 39.29817575396853
    vertex -144.54181376140363 -416.7 39.41611757125487
    vertex -133.99524705811388 -416.7 40.429130542288505
  endloop
endfacet
facet normal 1.1102230246252155e-16 1.0 -4.6868060190484855e-30
  outer loop
    vertex -133.99524705811388 -416.7 40.429130542288505
    vertex -144.54181376140363 -416.7 39.41611757125487
    vertex -143.51849361606446 -416.7 41.146457439327875
  endloop
endfacet
facet normal 1.1102230246252155e-16 1.0 -4.6868060190484855e-30
  outer loop
    vertex -133.99524705811388 -416.7 40.429130542288505
    vertex -143.51849361606446 -416.7 41.146457439327875
    vertex -132.92913054228853 -416.7 41.495247058113854
  endloop
endfacet
facet normal 1.1102230246252155e-16 1.0 -4.6868060190484855e-30
  outer loop
    vertex -132.92913054228853 -416.7 41.495247058113854
    vertex -143.51849361606446 -416.7 41.146457439327875
    vertex -142.3885438199983 -416.7 42.809128073359126
  endloop
endfacet
facet normal 1.1102230246252155e-16 1.0 -4.6868060190484855e-30
  outer loop
    vertex -132.92913054228853 -416.7 41.495247058113854
    vertex -142.3885438199983 -416.7 42.809128073359126
    vertex -131.79817575396854 -416.7 42.492317826618915
  endloop
endfacet
facet normal 1.1102230246252155e-16 1.0 -4.6868060190484855e-30
  outer loop
    vertex -131.79817575396854 -416.7 42.492317826618915
    vertex -142.3885438199983 -416.7 42.809128073359126
    vertex -130.60684605501936 -416.7 43.41640786499872
  endloop
endfacet
facet normal 1.1102230246252155e-16 1.0 -4.6868060190484855e-30
  outer loop
    vertex -130.60684605501936 -416.7 43.41640786499872
    vertex -142.3885438199983 -416.7 42.809128073359126
    vertex -141.15642376882522 -416.7 44.39756767195805
  endloop
endfacet
facet normal 1.1102230246252155e-16 1.0 -4.6868060190484855e-30
  outer loop
    vertex -130.60684605501936 -416.7 43.41640786499872
    vertex -141.15642376882522 -416.7 44.39756767195805
    vertex -129.35984307949593 -416.7 44.26387021204833
  endloop
endfacet
facet normal 1.1102230246252155e-16 1.0 -4.6868060190484855e-30
  outer loop
    vertex -129.35984307949593 -416.7 44.26387021204833
    vertex -141.15642376882522 -416.7 44.39756767195805
    vertex -128.06208817844117 -416.7 45.0313603210527
  endloop
endfacet
facet normal 1.1102230246252155e-16 1.0 -4.6868060190484855e-30
  outer loop
    vertex -128.06208817844117 -416.7 45.0313603210527
    vertex -141.15642376882522 -416.7 44.39756767195805
    vertex -139.82699607748515 -416.7 45.90550738971802
  endloop
endfacet
facet normal 1.1102230246252155e-16 1.0 -4.6868060190484855e-30
  outer loop
    vertex -128.06208817844117 -416.7 45.0313603210527
    vertex -139.82699607748515 -416.7 45.90550738971802
    vertex -126.71870299756173 -416.7 45.71584925918443
  endloop
endfacet
facet normal 1.1102230246252155e-16 1.0 -4.6868060190484855e-30
  outer loop
    vertex -126.71870299756173 -416.7 45.71584925918443
    vertex -139.82699607748515 -416.7 45.90550738971802
    vertex -125.33498926443228 -416.7 46.314635661318
  endloop
endfacet
facet normal 1.1102230246252155e-16 1.0 -4.6868060190484855e-30
  outer loop
    vertex -125.33498926443228 -416.7 46.314635661318
    vertex -139.82699607748515 -416.7 45.90550738971802
    vertex -138.40550738971803 -416.7 47.32699607748514
  endloop
endfacet
facet normal 1.1102230246252155e-16 1.0 -4.6868060190484855e-30
  outer loop
    vertex -125.33498926443228 -416.7 46.314635661318
    vertex -138.40550738971803 -416.7 47.32699607748514
    vertex -123.91640786499875 -416.7 46.82535639108365
  endloop
endfacet
facet normal 1.1102230246252155e-16 1.0 -4.6868060190484855e-30
  outer loop
    vertex -123.91640786499875 -416.7 46.82535639108365
    vertex -138.40550738971803 -416.7 47.32699607748514
    vertex -122.46855729195651 -416.7 47.24599586708711
  endloop
endfacet
facet normal 1.1102230246252155e-16 1.0 -4.6868060190484855e-30
  outer loop
    vertex -122.46855729195651 -416.7 47.24599586708711
    vertex -138.40550738971803 -416.7 47.32699607748514
    vertex -120.99715155005741 -416.7 47.5748940174885
  endloop
endfacet
facet normal 1.1102230246252155e-16 1.0 -4.6868060190484855e-30
  outer loop
    vertex -120.99715155005741 -416.7 47.5748940174885
    vertex -138.40550738971803 -416.7 47.32699607748514
    vertex -136.89756767195806 -416.7 48.656423768825235
  endloop
endfacet
facet normal 1.1102230246252155e-16 1.0 -4.6868060190484855e-30
  outer loop
    vertex -120.99715155005741 -416.7 47.5748940174885
    vertex -136.89756767195806 -416.7 48.656423768825235
    vertex -119.50799760554331 -416.7 47.81075283154744
  endloop
endfacet
facet normal 1.1102230246252155e-16 1.0 -4.6868060190484855e-30
  outer loop
    vertex -119.50799760554331 -416.7 47.81075283154744
    vertex -136.89756767195806 -416.7 48.656423768825235
    vertex -118.00697246870352 -416.7 47.95264148227849
  endloop
endfacet
facet normal 1.1102230246252155e-16 1.0 -4.6868060190484855e-30
  outer loop
    vertex -118.00697246870352 -416.7 47.95264148227849
    vertex -136.89756767195806 -416.7 48.656423768825235
    vertex -116.50000000000001 -416.7 47.99999999999997
  endloop
endfacet
facet normal 1.1102230246252155e-16 1.0 -4.6868060190484855e-30
  outer loop
    vertex -116.50000000000001 -416.7 47.99999999999997
    vertex -136.89756767195806 -416.7 48.656423768825235
    vertex -116.50000000000001 -416.7 51.11180339887496
  endloop
endfacet
facet normal 1.1102230246252155e-16 1.0 -4.6868060190484855e-30
  outer loop
    vertex -116.50000000000001 -416.7 51.11180339887496
    vertex -136.89756767195806 -416.7 48.656423768825235
    vertex -135.30912807335915 -416.7 49.88854381999828
  endloop
endfacet
facet normal 1.1102230246252155e-16 1.0 -4.6868060190484855e-30
  outer loop
    vertex -116.50000000000001 -416.7 51.11180339887496
    vertex -135.30912807335915 -416.7 49.88854381999828
    vertex -133.64645743932786 -416.7 51.018493616064454
  endloop
endfacet
facet normal 1.1102230246252155e-16 1.0 -4.6868060190484855e-30
  outer loop
    vertex -116.50000000000001 -416.7 51.11180339887496
    vertex -133.64645743932786 -416.7 51.018493616064454
    vertex -131.91611757125486 -416.7 52.04181376140361
  endloop
endfacet
facet normal 1.1102230246252155e-16 1.0 -4.6868060190484855e-30
  outer loop
    vertex -130.1249373300823 -416.7 52.95446567891259
    vertex -116.50000000000001 -416.7 52.88819660112498
    vertex -131.91611757125486 -416.7 52.04181376140361
  endloop
endfacet
facet normal 1.1102230246252155e-16 1.0 -4.6868060190484855e-30
  outer loop
    vertex -116.50000000000001 -416.7 52.88819660112498
    vertex -130.1249373300823 -416.7 52.95446567891259
    vertex -116.50000000000001 -416.7 55.999999999999964
  endloop
endfacet
facet normal 1.1102230246252155e-16 1.0 -4.6868060190484855e-30
  outer loop
    vertex -116.50000000000001 -416.7 55.999999999999964
    vertex -130.1249373300823 -416.7 52.95446567891259
    vertex -128.2799856859097 -416.7 53.752847548424015
  endloop
endfacet
facet normal 1.1102230246252155e-16 1.0 -4.6868060190484855e-30
  outer loop
    vertex -116.50000000000001 -416.7 55.999999999999964
    vertex -128.2799856859097 -416.7 53.752847548424015
    vertex -126.38854381999833 -416.7 54.43380852144488
  endloop
endfacet
facet normal 1.1102230246252155e-16 1.0 -4.6868060190484855e-30
  outer loop
    vertex -116.50000000000001 -416.7 55.999999999999964
    vertex -126.38854381999833 -416.7 54.43380852144488
    vertex -124.45807638927535 -416.7 54.994661156116166
  endloop
endfacet
facet normal 1.1102230246252155e-16 1.0 -4.6868060190484855e-30
  outer loop
    vertex -116.50000000000001 -416.7 55.999999999999964
    vertex -124.45807638927535 -416.7 54.994661156116166
    vertex -122.49620206674318 -416.7 55.433192023318
  endloop
endfacet
facet normal 1.1102230246252155e-16 1.0 -4.6868060190484855e-30
  outer loop
    vertex -116.50000000000001 -416.7 55.999999999999964
    vertex -122.49620206674318 -416.7 55.433192023318
    vertex -120.51066347405774 -416.7 55.74767044206325
  endloop
endfacet
facet normal 1.1102230246252155e-16 1.0 -4.6868060190484855e-30
  outer loop
    vertex -116.50000000000001 -416.7 55.999999999999964
    vertex -120.51066347405774 -416.7 55.74767044206325
    vertex -118.50929662493803 -416.7 55.936855309704654
  endloop
endfacet
facet normal 1.1102230246252155e-16 1.0 -4.6868060190484855e-30
  outer loop
    vertex -116.50000000000001 -416.7 51.11180339887496
    vertex -114.65000000000002 -416.7 53.81319660112497
    vertex -114.65000000000002 -416.7 50.18680339887497
  endloop
endfacet
facet normal 1.1102230246252155e-16 1.0 -4.6868060190484855e-30
  outer loop
    vertex -114.65000000000002 -416.7 53.81319660112497
    vertex -116.50000000000001 -416.7 51.11180339887496
    vertex -116.50000000000001 -416.7 52.88819660112498
  endloop
endfacet
facet normal 1.1102230246252155e-16 1.0 -4.6868060190484855e-30
  outer loop
    vertex -116.50000000000001 -416.7 52.88819660112498
    vertex -116.50000000000001 -416.7 51.11180339887496
    vertex -131.91611757125486 -416.7 52.04181376140361
  endloop
endfacet
facet normal 1.1102230246252155e-16 1.0 -4.6868060190484855e-30
  outer loop
    vertex -116.50000000000001 -416.7 -4.888196601124979
    vertex -114.65000000000002 -416.7 -2.1868033988749906
    vertex -114.65000000000002 -416.7 -5.813196601124971
  endloop
endfacet
facet normal 1.1102230246252155e-16 1.0 -4.6868060190484855e-30
  outer loop
    vertex -114.65000000000002 -416.7 -2.1868033988749906
    vertex -116.50000000000001 -416.7 -4.888196601124979
    vertex -116.50000000000003 -416.7 -3.111803398875
  endloop
endfacet
facet normal 1.1102230246252155e-16 1.0 -4.6868060190484855e-30
  outer loop
    vertex -116.50000000000003 -416.7 -3.111803398875
    vertex -116.50000000000001 -416.7 -4.888196601124979
    vertex -131.91611757125483 -416.7 -4.0418137614036285
  endloop
endfacet
facet normal -1.1102230246252155e-16 -1.0 4.6868060190484855e-30
  outer loop
    vertex -116.50000000000001 -466.6999999999998 -4.888196601124979
    vertex -118.50929662493796 -466.6999999999998 -7.936855309704655
    vertex -116.49999999999993 -466.6999999999998 -7.999999999999963
  endloop
endfacet
facet normal -1.1102230246252155e-16 -1.0 4.6868060190484855e-30
  outer loop
    vertex -118.50929662493796 -466.6999999999998 -7.936855309704655
    vertex -116.50000000000001 -466.6999999999998 -4.888196601124979
    vertex -120.51066347405767 -466.6999999999998 -7.747670442063261
  endloop
endfacet
facet normal -1.1102230246252155e-16 -1.0 4.6868060190484855e-30
  outer loop
    vertex -120.51066347405767 -466.6999999999998 -7.747670442063261
    vertex -116.50000000000001 -466.6999999999998 -4.888196601124979
    vertex -122.49620206674311 -466.6999999999998 -7.433192023318019
  endloop
endfacet
facet normal -1.1102230246252155e-16 -1.0 4.6868060190484855e-30
  outer loop
    vertex -122.49620206674311 -466.6999999999998 -7.433192023318019
    vertex -116.50000000000001 -466.6999999999998 -4.888196601124979
    vertex -124.45807638927528 -466.6999999999998 -6.994661156116178
  endloop
endfacet
facet normal -1.1102230246252155e-16 -1.0 4.6868060190484855e-30
  outer loop
    vertex -124.45807638927528 -466.6999999999998 -6.994661156116178
    vertex -116.50000000000001 -466.6999999999998 -4.888196601124979
    vertex -126.38854381999826 -466.6999999999998 -6.4338085214449015
  endloop
endfacet
facet normal -1.1102230246252155e-16 -1.0 4.6868060190484855e-30
  outer loop
    vertex -126.38854381999826 -466.6999999999998 -6.4338085214449015
    vertex -116.50000000000001 -466.6999999999998 -4.888196601124979
    vertex -128.27998568590962 -466.6999999999998 -5.7528475484240325
  endloop
endfacet
facet normal -1.1102230246252155e-16 -1.0 4.6868060190484855e-30
  outer loop
    vertex -128.27998568590962 -466.6999999999998 -5.7528475484240325
    vertex -116.50000000000001 -466.6999999999998 -4.888196601124979
    vertex -130.12493733008228 -466.6999999999998 -4.954465678912619
  endloop
endfacet
facet normal -1.1102230246252155e-16 -1.0 4.6868060190484855e-30
  outer loop
    vertex -130.12493733008228 -466.6999999999998 -4.954465678912619
    vertex -116.50000000000001 -466.6999999999998 -4.888196601124979
    vertex -131.91611757125483 -466.6999999999998 -4.0418137614036285
  endloop
endfacet
facet normal -1.1102230246252155e-16 -1.0 4.6868060190484855e-30
  outer loop
    vertex -114.65000000000002 -466.6999999999998 -2.1868033988749906
    vertex -116.50000000000001 -466.6999999999998 -4.888196601124979
    vertex -114.65000000000002 -466.6999999999998 -5.813196601124971
  endloop
endfacet
facet normal -1.1102230246252155e-16 -1.0 4.6868060190484855e-30
  outer loop
    vertex -116.50000000000001 -466.6999999999998 -4.888196601124979
    vertex -114.65000000000002 -466.6999999999998 -2.1868033988749906
    vertex -116.50000000000003 -466.6999999999998 -3.111803398875
  endloop
endfacet
facet normal -1.1102230246252155e-16 -1.0 4.6868060190484855e-30
  outer loop
    vertex -116.50000000000001 -466.6999999999998 -4.888196601124979
    vertex -116.50000000000003 -466.6999999999998 -3.111803398875
    vertex -131.91611757125483 -466.6999999999998 -4.0418137614036285
  endloop
endfacet
facet normal -1.1102230246252155e-16 -1.0 4.6868060190484855e-30
  outer loop
    vertex -114.65000000000002 -466.6999999999998 53.81319660112497
    vertex -116.50000000000001 -466.6999999999998 51.11180339887496
    vertex -114.65000000000002 -466.6999999999998 50.18680339887497
  endloop
endfacet
facet normal -1.1102230246252155e-16 -1.0 4.6868060190484855e-30
  outer loop
    vertex -116.50000000000001 -466.6999999999998 51.11180339887496
    vertex -114.65000000000002 -466.6999999999998 53.81319660112497
    vertex -116.50000000000001 -466.6999999999998 52.88819660112498
  endloop
endfacet
facet normal -1.1102230246252155e-16 -1.0 4.6868060190484855e-30
  outer loop
    vertex -116.50000000000001 -466.6999999999998 51.11180339887496
    vertex -116.50000000000001 -466.6999999999998 52.88819660112498
    vertex -131.91611757125486 -466.6999999999998 52.04181376140361
  endloop
endfacet
facet normal -1.1102230246252155e-16 -1.0 4.6868060190484855e-30
  outer loop
    vertex -116.50000000000001 -466.6999999999998 52.88819660112498
    vertex -130.1249373300823 -466.6999999999998 52.95446567891259
    vertex -131.91611757125486 -466.6999999999998 52.04181376140361
  endloop
endfacet
facet normal -1.1102230246252155e-16 -1.0 4.6868060190484855e-30
  outer loop
    vertex -130.1249373300823 -466.6999999999998 52.95446567891259
    vertex -116.50000000000001 -466.6999999999998 52.88819660112498
    vertex -116.50000000000001 -466.6999999999998 55.999999999999964
  endloop
endfacet
facet normal -1.1102230246252155e-16 -1.0 4.6868060190484855e-30
  outer loop
    vertex -130.1249373300823 -466.6999999999998 52.95446567891259
    vertex -116.50000000000001 -466.6999999999998 55.999999999999964
    vertex -128.2799856859097 -466.6999999999998 53.752847548424015
  endloop
endfacet
facet normal -1.1102230246252155e-16 -1.0 4.6868060190484855e-30
  outer loop
    vertex -128.2799856859097 -466.6999999999998 53.752847548424015
    vertex -116.50000000000001 -466.6999999999998 55.999999999999964
    vertex -126.38854381999833 -466.6999999999998 54.43380852144488
  endloop
endfacet
facet normal -1.1102230246252155e-16 -1.0 4.6868060190484855e-30
  outer loop
    vertex -126.38854381999833 -466.6999999999998 54.43380852144488
    vertex -116.50000000000001 -466.6999999999998 55.999999999999964
    vertex -124.45807638927535 -466.6999999999998 54.994661156116166
  endloop
endfacet
facet normal -1.1102230246252155e-16 -1.0 4.6868060190484855e-30
  outer loop
    vertex -124.45807638927535 -466.6999999999998 54.994661156116166
    vertex -116.50000000000001 -466.6999999999998 55.999999999999964
    vertex -122.49620206674318 -466.6999999999998 55.433192023318
  endloop
endfacet
facet normal -1.1102230246252155e-16 -1.0 4.6868060190484855e-30
  outer loop
    vertex -122.49620206674318 -466.6999999999998 55.433192023318
    vertex -116.50000000000001 -466.6999999999998 55.999999999999964
    vertex -120.51066347405774 -466.6999999999998 55.74767044206325
  endloop
endfacet
facet normal -1.1102230246252155e-16 -1.0 4.6868060190484855e-30
  outer loop
    vertex -120.51066347405774 -466.6999999999998 55.74767044206325
    vertex -116.50000000000001 -466.6999999999998 55.999999999999964
    vertex -118.50929662493803 -466.6999999999998 55.936855309704654
  endloop
endfacet
facet normal -1.1102230246252155e-16 -1.0 4.6868060190484855e-30
  outer loop
    vertex -116.50000000000003 -466.6999999999998 -3.111803398875
    vertex -133.64645743932783 -466.6999999999998 -3.018493616064484
    vertex -131.91611757125483 -466.6999999999998 -4.0418137614036285
  endloop
endfacet
facet normal -1.1102230246252155e-16 -1.0 4.6868060190484855e-30
  outer loop
    vertex -133.64645743932783 -466.6999999999998 -3.018493616064484
    vertex -116.50000000000003 -466.6999999999998 -3.111803398875
    vertex -116.49999999999994 -466.6999999999998 0.0
  endloop
endfacet
facet normal -1.1102230246252155e-16 -1.0 4.6868060190484855e-30
  outer loop
    vertex -133.64645743932783 -466.6999999999998 -3.018493616064484
    vertex -116.49999999999994 -466.6999999999998 0.0
    vertex -135.3091280733591 -466.6999999999998 -1.8885438199983227
  endloop
endfacet
facet normal -1.1102230246252155e-16 -1.0 4.6868060190484855e-30
  outer loop
    vertex -135.3091280733591 -466.6999999999998 -1.8885438199983227
    vertex -116.49999999999994 -466.6999999999998 0.0
    vertex -136.89756767195803 -466.6999999999998 -0.6564237688252604
  endloop
endfacet
facet normal -1.1102230246252155e-16 -1.0 4.6868060190484855e-30
  outer loop
    vertex -136.89756767195803 -466.6999999999998 -0.6564237688252604
    vertex -116.49999999999994 -466.6999999999998 0.0
    vertex -138.405507389718 -466.6999999999998 0.6730039225148247
  endloop
endfacet
facet normal -1.1102230246252155e-16 -1.0 4.6868060190484855e-30
  outer loop
    vertex -138.405507389718 -466.6999999999998 0.6730039225148247
    vertex -116.49999999999994 -466.6999999999998 0.0
    vertex -118.00697246870348 -466.6999999999998 0.04735851772148052
  endloop
endfacet
facet normal -1.1102230246252155e-16 -1.0 4.6868060190484855e-30
  outer loop
    vertex -138.405507389718 -466.6999999999998 0.6730039225148247
    vertex -118.00697246870348 -466.6999999999998 0.04735851772148052
    vertex -119.50799760554327 -466.6999999999998 0.18924716845252665
  endloop
endfacet
facet normal -1.1102230246252155e-16 -1.0 4.6868060190484855e-30
  outer loop
    vertex -138.405507389718 -466.6999999999998 0.6730039225148247
    vertex -119.50799760554327 -466.6999999999998 0.18924716845252665
    vertex -120.99715155005734 -466.6999999999998 0.4251059825114608
  endloop
endfacet
facet normal -1.1102230246252155e-16 -1.0 4.6868060190484855e-30
  outer loop
    vertex -138.405507389718 -466.6999999999998 0.6730039225148247
    vertex -120.99715155005734 -466.6999999999998 0.4251059825114608
    vertex -122.46855729195647 -466.6999999999998 0.7540041329128406
  endloop
endfacet
facet normal -1.1102230246252155e-16 -1.0 4.6868060190484855e-30
  outer loop
    vertex -138.405507389718 -466.6999999999998 0.6730039225148247
    vertex -122.46855729195647 -466.6999999999998 0.7540041329128406
    vertex -139.82699607748512 -466.6999999999998 2.094492610281954
  endloop
endfacet
facet normal -1.1102230246252155e-16 -1.0 4.6868060190484855e-30
  outer loop
    vertex -139.82699607748512 -466.6999999999998 2.094492610281954
    vertex -122.46855729195647 -466.6999999999998 0.7540041329128406
    vertex -123.9164078649987 -466.6999999999998 1.174643608916299
  endloop
endfacet
facet normal -1.1102230246252155e-16 -1.0 4.6868060190484855e-30
  outer loop
    vertex -139.82699607748512 -466.6999999999998 2.094492610281954
    vertex -123.9164078649987 -466.6999999999998 1.174643608916299
    vertex -125.33498926443222 -466.6999999999998 1.6853643386819492
  endloop
endfacet
facet normal -1.1102230246252155e-16 -1.0 4.6868060190484855e-30
  outer loop
    vertex -139.82699607748512 -466.6999999999998 2.094492610281954
    vertex -125.33498926443222 -466.6999999999998 1.6853643386819492
    vertex -126.71870299756172 -466.6999999999998 2.284150740815509
  endloop
endfacet
facet normal -1.1102230246252155e-16 -1.0 4.6868060190484855e-30
  outer loop
    vertex -139.82699607748512 -466.6999999999998 2.094492610281954
    vertex -126.71870299756172 -466.6999999999998 2.284150740815509
    vertex -141.1564237688252 -466.6999999999998 3.6024323280419193
  endloop
endfacet
facet normal -1.1102230246252155e-16 -1.0 4.6868060190484855e-30
  outer loop
    vertex -141.1564237688252 -466.6999999999998 3.6024323280419193
    vertex -126.71870299756172 -466.6999999999998 2.284150740815509
    vertex -128.06208817844112 -466.6999999999998 2.968639678947251
  endloop
endfacet
facet normal -1.1102230246252155e-16 -1.0 4.6868060190484855e-30
  outer loop
    vertex -141.1564237688252 -466.6999999999998 3.6024323280419193
    vertex -128.06208817844112 -466.6999999999998 2.968639678947251
    vertex -129.35984307949587 -466.6999999999998 3.736129787951612
  endloop
endfacet
facet normal -1.1102230246252155e-16 -1.0 4.6868060190484855e-30
  outer loop
    vertex -141.1564237688252 -466.6999999999998 3.6024323280419193
    vertex -129.35984307949587 -466.6999999999998 3.736129787951612
    vertex -142.38854381999826 -466.6999999999998 5.190871926640851
  endloop
endfacet
facet normal -1.1102230246252155e-16 -1.0 4.6868060190484855e-30
  outer loop
    vertex -142.38854381999826 -466.6999999999998 5.190871926640851
    vertex -129.35984307949587 -466.6999999999998 3.736129787951612
    vertex -130.60684605501933 -466.6999999999998 4.5835921350012345
  endloop
endfacet
facet normal -1.1102230246252155e-16 -1.0 4.6868060190484855e-30
  outer loop
    vertex -142.38854381999826 -466.6999999999998 5.190871926640851
    vertex -130.60684605501933 -466.6999999999998 4.5835921350012345
    vertex -131.7981757539685 -466.6999999999998 5.507682173381031
  endloop
endfacet
facet normal -1.1102230246252155e-16 -1.0 4.6868060190484855e-30
  outer loop
    vertex -142.38854381999826 -466.6999999999998 5.190871926640851
    vertex -131.7981757539685 -466.6999999999998 5.507682173381031
    vertex -143.51849361606443 -466.6999999999998 6.853542560672099
  endloop
endfacet
facet normal -1.1102230246252155e-16 -1.0 4.6868060190484855e-30
  outer loop
    vertex -143.51849361606443 -466.6999999999998 6.853542560672099
    vertex -131.7981757539685 -466.6999999999998 5.507682173381031
    vertex -132.9291305422885 -466.6999999999998 6.504752941886093
  endloop
endfacet
facet normal -1.1102230246252155e-16 -1.0 4.6868060190484855e-30
  outer loop
    vertex -143.51849361606443 -466.6999999999998 6.853542560672099
    vertex -132.9291305422885 -466.6999999999998 6.504752941886093
    vertex -133.99524705811385 -466.6999999999998 7.570869457711442
  endloop
endfacet
facet normal -1.1102230246252155e-16 -1.0 4.6868060190484855e-30
  outer loop
    vertex -143.51849361606443 -466.6999999999998 6.853542560672099
    vertex -133.99524705811385 -466.6999999999998 7.570869457711442
    vertex -144.5418137614036 -466.6999999999998 8.583882428745099
  endloop
endfacet
facet normal -1.1102230246252155e-16 -1.0 4.6868060190484855e-30
  outer loop
    vertex -144.5418137614036 -466.6999999999998 8.583882428745099
    vertex -133.99524705811385 -466.6999999999998 7.570869457711442
    vertex -134.99231782661892 -466.6999999999998 8.701824246031416
  endloop
endfacet
facet normal -1.1102230246252155e-16 -1.0 4.6868060190484855e-30
  outer loop
    vertex -144.5418137614036 -466.6999999999998 8.583882428745099
    vertex -134.99231782661892 -466.6999999999998 8.701824246031416
    vertex -145.4544656789126 -466.6999999999998 10.375062669917662
  endloop
endfacet
facet normal -1.1102230246252155e-16 -1.0 4.6868060190484855e-30
  outer loop
    vertex -145.4544656789126 -466.6999999999998 10.375062669917662
    vertex -134.99231782661892 -466.6999999999998 8.701824246031416
    vertex -135.91640786499872 -466.6999999999998 9.893153944980615
  endloop
endfacet
facet normal -1.1102230246252155e-16 -1.0 4.6868060190484855e-30
  outer loop
    vertex -145.4544656789126 -466.6999999999998 10.375062669917662
    vertex -135.91640786499872 -466.6999999999998 9.893153944980615
    vertex -136.76387021204835 -466.6999999999998 11.140156920504051
  endloop
endfacet
facet normal -1.1102230246252155e-16 -1.0 4.6868060190484855e-30
  outer loop
    vertex -145.4544656789126 -466.6999999999998 10.375062669917662
    vertex -136.76387021204835 -466.6999999999998 11.140156920504051
    vertex -146.252847548424 -466.6999999999998 12.220014314090285
  endloop
endfacet
facet normal -1.1102230246252155e-16 -1.0 4.6868060190484855e-30
  outer loop
    vertex -146.252847548424 -466.6999999999998 12.220014314090285
    vertex -136.76387021204835 -466.6999999999998 11.140156920504051
    vertex -137.53136032105272 -466.6999999999998 12.437911821558801
  endloop
endfacet
facet normal -1.1102230246252155e-16 -1.0 4.6868060190484855e-30
  outer loop
    vertex -146.252847548424 -466.6999999999998 12.220014314090285
    vertex -137.53136032105272 -466.6999999999998 12.437911821558801
    vertex -146.93380852144486 -466.6999999999998 14.111456180001666
  endloop
endfacet
facet normal -1.1102230246252155e-16 -1.0 4.6868060190484855e-30
  outer loop
    vertex -146.93380852144486 -466.6999999999998 14.111456180001666
    vertex -137.53136032105272 -466.6999999999998 12.437911821558801
    vertex -138.21584925918444 -466.6999999999998 13.781297002438228
  endloop
endfacet
facet normal -1.1102230246252155e-16 -1.0 4.6868060190484855e-30
  outer loop
    vertex -146.93380852144486 -466.6999999999998 14.111456180001666
    vertex -138.21584925918444 -466.6999999999998 13.781297002438228
    vertex -138.81463566131802 -466.6999999999998 15.165010735567693
  endloop
endfacet
facet normal -1.1102230246252155e-16 -1.0 4.6868060190484855e-30
  outer loop
    vertex -146.93380852144486 -466.6999999999998 14.111456180001666
    vertex -138.81463566131802 -466.6999999999998 15.165010735567693
    vertex -147.49466115611617 -466.6999999999998 16.041923610724627
  endloop
endfacet
facet normal -1.1102230246252155e-16 -1.0 4.6868060190484855e-30
  outer loop
    vertex -147.49466115611617 -466.6999999999998 16.041923610724627
    vertex -138.81463566131802 -466.6999999999998 15.165010735567693
    vertex -139.3253563910837 -466.6999999999998 16.583592135001226
  endloop
endfacet
facet normal -1.1102230246252155e-16 -1.0 4.6868060190484855e-30
  outer loop
    vertex -147.49466115611617 -466.6999999999998 16.041923610724627
    vertex -139.3253563910837 -466.6999999999998 16.583592135001226
    vertex -147.933192023318 -466.6999999999998 18.003797933256795
  endloop
endfacet
facet normal -1.1102230246252155e-16 -1.0 4.6868060190484855e-30
  outer loop
    vertex -147.933192023318 -466.6999999999998 18.003797933256795
    vertex -139.3253563910837 -466.6999999999998 16.583592135001226
    vertex -139.74599586708712 -466.6999999999998 18.031442708043453
  endloop
endfacet
facet normal -1.1102230246252155e-16 -1.0 4.6868060190484855e-30
  outer loop
    vertex -147.933192023318 -466.6999999999998 18.003797933256795
    vertex -139.74599586708712 -466.6999999999998 18.031442708043453
    vertex -148.24767044206325 -466.6999999999998 19.989336525942246
  endloop
endfacet
facet normal -1.1102230246252155e-16 -1.0 4.6868060190484855e-30
  outer loop
    vertex -148.24767044206325 -466.6999999999998 19.989336525942246
    vertex -139.74599586708712 -466.6999999999998 18.031442708043453
    vertex -140.0748940174885 -466.6999999999998 19.502848449942572
  endloop
endfacet
facet normal -1.1102230246252155e-16 -1.0 4.6868060190484855e-30
  outer loop
    vertex -148.24767044206325 -466.6999999999998 19.989336525942246
    vertex -140.0748940174885 -466.6999999999998 19.502848449942572
    vertex -140.31075283154746 -466.6999999999998 20.99200239445667
  endloop
endfacet
facet normal -1.1102230246252155e-16 -1.0 4.6868060190484855e-30
  outer loop
    vertex -148.24767044206325 -466.6999999999998 19.989336525942246
    vertex -140.31075283154746 -466.6999999999998 20.99200239445667
    vertex -148.43685530970467 -466.6999999999998 21.99070337506195
  endloop
endfacet
facet normal -1.1102230246252155e-16 -1.0 4.6868060190484855e-30
  outer loop
    vertex -148.43685530970467 -466.6999999999998 21.99070337506195
    vertex -140.31075283154746 -466.6999999999998 20.99200239445667
    vertex -140.45264148227852 -466.6999999999998 22.493027531296445
  endloop
endfacet
facet normal -1.1102230246252155e-16 -1.0 4.6868060190484855e-30
  outer loop
    vertex -148.43685530970467 -466.6999999999998 21.99070337506195
    vertex -140.45264148227852 -466.6999999999998 22.493027531296445
    vertex -148.49999999999997 -466.6999999999998 23.99999999999998
  endloop
endfacet
facet normal -1.1102230246252155e-16 -1.0 4.6868060190484855e-30
  outer loop
    vertex -148.49999999999997 -466.6999999999998 23.99999999999998
    vertex -140.45264148227852 -466.6999999999998 22.493027531296445
    vertex -140.5 -466.6999999999998 23.999999999999968
  endloop
endfacet
facet normal -1.1102230246252155e-16 -1.0 4.6868060190484855e-30
  outer loop
    vertex -148.49999999999997 -466.6999999999998 23.99999999999998
    vertex -140.5 -466.6999999999998 23.999999999999968
    vertex -140.45264148227852 -466.6999999999998 25.506972468703495
  endloop
endfacet
facet normal -1.1102230246252155e-16 -1.0 4.6868060190484855e-30
  outer loop
    vertex -148.49999999999997 -466.6999999999998 23.99999999999998
    vertex -140.45264148227852 -466.6999999999998 25.506972468703495
    vertex -148.43685530970467 -466.6999999999998 26.00929662493801
  endloop
endfacet
facet normal -1.1102230246252155e-16 -1.0 4.6868060190484855e-30
  outer loop
    vertex -148.43685530970467 -466.6999999999998 26.00929662493801
    vertex -140.45264148227852 -466.6999999999998 25.506972468703495
    vertex -140.31075283154746 -466.6999999999998 27.007997605543277
  endloop
endfacet
facet normal -1.1102230246252155e-16 -1.0 4.6868060190484855e-30
  outer loop
    vertex -148.43685530970467 -466.6999999999998 26.00929662493801
    vertex -140.31075283154746 -466.6999999999998 27.007997605543277
    vertex -148.24767044206325 -466.6999999999998 28.01066347405772
  endloop
endfacet
facet normal -1.1102230246252155e-16 -1.0 4.6868060190484855e-30
  outer loop
    vertex -148.24767044206325 -466.6999999999998 28.01066347405772
    vertex -140.31075283154746 -466.6999999999998 27.007997605543277
    vertex -140.0748940174885 -466.6999999999998 28.497151550057364
  endloop
endfacet
facet normal -1.1102230246252155e-16 -1.0 4.6868060190484855e-30
  outer loop
    vertex -148.24767044206325 -466.6999999999998 28.01066347405772
    vertex -140.0748940174885 -466.6999999999998 28.497151550057364
    vertex -147.933192023318 -466.6999999999998 29.996202066743173
  endloop
endfacet
facet normal -1.1102230246252155e-16 -1.0 4.6868060190484855e-30
  outer loop
    vertex -147.933192023318 -466.6999999999998 29.996202066743173
    vertex -140.0748940174885 -466.6999999999998 28.497151550057364
    vertex -139.74599586708715 -466.6999999999998 29.968557291956493
  endloop
endfacet
facet normal -1.1102230246252155e-16 -1.0 4.6868060190484855e-30
  outer loop
    vertex -147.933192023318 -466.6999999999998 29.996202066743173
    vertex -139.74599586708715 -466.6999999999998 29.968557291956493
    vertex -139.3253563910837 -466.6999999999998 31.416407864998714
  endloop
endfacet
facet normal -1.1102230246252155e-16 -1.0 4.6868060190484855e-30
  outer loop
    vertex -147.933192023318 -466.6999999999998 29.996202066743173
    vertex -139.3253563910837 -466.6999999999998 31.416407864998714
    vertex -147.49466115611617 -466.6999999999998 31.958076389275337
  endloop
endfacet
facet normal -1.1102230246252155e-16 -1.0 4.6868060190484855e-30
  outer loop
    vertex -147.49466115611617 -466.6999999999998 31.958076389275337
    vertex -139.3253563910837 -466.6999999999998 31.416407864998714
    vertex -138.81463566131802 -466.6999999999998 32.834989264432245
  endloop
endfacet
facet normal -1.1102230246252155e-16 -1.0 4.6868060190484855e-30
  outer loop
    vertex -147.49466115611617 -466.6999999999998 31.958076389275337
    vertex -138.81463566131802 -466.6999999999998 32.834989264432245
    vertex -146.9338085214449 -466.6999999999998 33.888543819998304
  endloop
endfacet
facet normal -1.1102230246252155e-16 -1.0 4.6868060190484855e-30
  outer loop
    vertex -146.9338085214449 -466.6999999999998 33.888543819998304
    vertex -138.81463566131802 -466.6999999999998 32.834989264432245
    vertex -138.21584925918447 -466.6999999999998 34.21870299756172
  endloop
endfacet
facet normal -1.1102230246252155e-16 -1.0 4.6868060190484855e-30
  outer loop
    vertex -146.9338085214449 -466.6999999999998 33.888543819998304
    vertex -138.21584925918447 -466.6999999999998 34.21870299756172
    vertex -146.25284754842403 -466.6999999999998 35.77998568590968
  endloop
endfacet
facet normal -1.1102230246252155e-16 -1.0 4.6868060190484855e-30
  outer loop
    vertex -146.25284754842403 -466.6999999999998 35.77998568590968
    vertex -138.21584925918447 -466.6999999999998 34.21870299756172
    vertex -137.53136032105274 -466.6999999999998 35.562088178441144
  endloop
endfacet
facet normal -1.1102230246252155e-16 -1.0 4.6868060190484855e-30
  outer loop
    vertex -146.25284754842403 -466.6999999999998 35.77998568590968
    vertex -137.53136032105274 -466.6999999999998 35.562088178441144
    vertex -136.76387021204837 -466.6999999999998 36.859843079495896
  endloop
endfacet
facet normal -1.1102230246252155e-16 -1.0 4.6868060190484855e-30
  outer loop
    vertex -146.25284754842403 -466.6999999999998 35.77998568590968
    vertex -136.76387021204837 -466.6999999999998 36.859843079495896
    vertex -145.4544656789126 -466.6999999999998 37.62493733008231
  endloop
endfacet
facet normal -1.1102230246252155e-16 -1.0 4.6868060190484855e-30
  outer loop
    vertex -145.4544656789126 -466.6999999999998 37.62493733008231
    vertex -136.76387021204837 -466.6999999999998 36.859843079495896
    vertex -135.91640786499872 -466.6999999999998 38.10684605501933
  endloop
endfacet
facet normal -1.1102230246252155e-16 -1.0 4.6868060190484855e-30
  outer loop
    vertex -145.4544656789126 -466.6999999999998 37.62493733008231
    vertex -135.91640786499872 -466.6999999999998 38.10684605501933
    vertex -144.54181376140363 -466.6999999999998 39.41611757125487
  endloop
endfacet
facet normal -1.1102230246252155e-16 -1.0 4.6868060190484855e-30
  outer loop
    vertex -144.54181376140363 -466.6999999999998 39.41611757125487
    vertex -135.91640786499872 -466.6999999999998 38.10684605501933
    vertex -134.99231782661894 -466.6999999999998 39.29817575396853
  endloop
endfacet
facet normal -1.1102230246252155e-16 -1.0 4.6868060190484855e-30
  outer loop
    vertex -144.54181376140363 -466.6999999999998 39.41611757125487
    vertex -134.99231782661894 -466.6999999999998 39.29817575396853
    vertex -133.99524705811388 -466.6999999999998 40.429130542288505
  endloop
endfacet
facet normal -1.1102230246252155e-16 -1.0 4.6868060190484855e-30
  outer loop
    vertex -144.54181376140363 -466.6999999999998 39.41611757125487
    vertex -133.99524705811388 -466.6999999999998 40.429130542288505
    vertex -143.51849361606446 -466.6999999999998 41.146457439327875
  endloop
endfacet
facet normal -1.1102230246252155e-16 -1.0 4.6868060190484855e-30
  outer loop
    vertex -143.51849361606446 -466.6999999999998 41.146457439327875
    vertex -133.99524705811388 -466.6999999999998 40.429130542288505
    vertex -132.92913054228853 -466.6999999999998 41.495247058113854
  endloop
endfacet
facet normal -1.1102230246252155e-16 -1.0 4.6868060190484855e-30
  outer loop
    vertex -143.51849361606446 -466.6999999999998 41.146457439327875
    vertex -132.92913054228853 -466.6999999999998 41.495247058113854
    vertex -142.3885438199983 -466.6999999999998 42.809128073359126
  endloop
endfacet
facet normal -1.1102230246252155e-16 -1.0 4.6868060190484855e-30
  outer loop
    vertex -142.3885438199983 -466.6999999999998 42.809128073359126
    vertex -132.92913054228853 -466.6999999999998 41.495247058113854
    vertex -131.79817575396854 -466.6999999999998 42.492317826618915
  endloop
endfacet
facet normal -1.1102230246252155e-16 -1.0 4.6868060190484855e-30
  outer loop
    vertex -142.3885438199983 -466.6999999999998 42.809128073359126
    vertex -131.79817575396854 -466.6999999999998 42.492317826618915
    vertex -130.60684605501936 -466.6999999999998 43.41640786499872
  endloop
endfacet
facet normal -1.1102230246252155e-16 -1.0 4.6868060190484855e-30
  outer loop
    vertex -142.3885438199983 -466.6999999999998 42.809128073359126
    vertex -130.60684605501936 -466.6999999999998 43.41640786499872
    vertex -141.15642376882522 -466.6999999999998 44.39756767195805
  endloop
endfacet
facet normal -1.1102230246252155e-16 -1.0 4.6868060190484855e-30
  outer loop
    vertex -141.15642376882522 -466.6999999999998 44.39756767195805
    vertex -130.60684605501936 -466.6999999999998 43.41640786499872
    vertex -129.35984307949593 -466.6999999999998 44.26387021204833
  endloop
endfacet
facet normal -1.1102230246252155e-16 -1.0 4.6868060190484855e-30
  outer loop
    vertex -141.15642376882522 -466.6999999999998 44.39756767195805
    vertex -129.35984307949593 -466.6999999999998 44.26387021204833
    vertex -128.06208817844117 -466.6999999999998 45.0313603210527
  endloop
endfacet
facet normal -1.1102230246252155e-16 -1.0 4.6868060190484855e-30
  outer loop
    vertex -141.15642376882522 -466.6999999999998 44.39756767195805
    vertex -128.06208817844117 -466.6999999999998 45.0313603210527
    vertex -139.82699607748515 -466.6999999999998 45.90550738971802
  endloop
endfacet
facet normal -1.1102230246252155e-16 -1.0 4.6868060190484855e-30
  outer loop
    vertex -139.82699607748515 -466.6999999999998 45.90550738971802
    vertex -128.06208817844117 -466.6999999999998 45.0313603210527
    vertex -126.71870299756173 -466.6999999999998 45.71584925918443
  endloop
endfacet
facet normal -1.1102230246252155e-16 -1.0 4.6868060190484855e-30
  outer loop
    vertex -139.82699607748515 -466.6999999999998 45.90550738971802
    vertex -126.71870299756173 -466.6999999999998 45.71584925918443
    vertex -125.33498926443228 -466.6999999999998 46.314635661318
  endloop
endfacet
facet normal -1.1102230246252155e-16 -1.0 4.6868060190484855e-30
  outer loop
    vertex -139.82699607748515 -466.6999999999998 45.90550738971802
    vertex -125.33498926443228 -466.6999999999998 46.314635661318
    vertex -138.40550738971803 -466.6999999999998 47.32699607748514
  endloop
endfacet
facet normal -1.1102230246252155e-16 -1.0 4.6868060190484855e-30
  outer loop
    vertex -138.40550738971803 -466.6999999999998 47.32699607748514
    vertex -125.33498926443228 -466.6999999999998 46.314635661318
    vertex -123.91640786499875 -466.6999999999998 46.82535639108365
  endloop
endfacet
facet normal -1.1102230246252155e-16 -1.0 4.6868060190484855e-30
  outer loop
    vertex -138.40550738971803 -466.6999999999998 47.32699607748514
    vertex -123.91640786499875 -466.6999999999998 46.82535639108365
    vertex -122.46855729195651 -466.6999999999998 47.24599586708711
  endloop
endfacet
facet normal -1.1102230246252155e-16 -1.0 4.6868060190484855e-30
  outer loop
    vertex -138.40550738971803 -466.6999999999998 47.32699607748514
    vertex -122.46855729195651 -466.6999999999998 47.24599586708711
    vertex -120.99715155005741 -466.6999999999998 47.5748940174885
  endloop
endfacet
facet normal -1.1102230246252155e-16 -1.0 4.6868060190484855e-30
  outer loop
    vertex -138.40550738971803 -466.6999999999998 47.32699607748514
    vertex -120.99715155005741 -466.6999999999998 47.5748940174885
    vertex -136.89756767195806 -466.6999999999998 48.656423768825235
  endloop
endfacet
facet normal -1.1102230246252155e-16 -1.0 4.6868060190484855e-30
  outer loop
    vertex -136.89756767195806 -466.6999999999998 48.656423768825235
    vertex -120.99715155005741 -466.6999999999998 47.5748940174885
    vertex -119.50799760554331 -466.6999999999998 47.81075283154744
  endloop
endfacet
facet normal -1.1102230246252155e-16 -1.0 4.6868060190484855e-30
  outer loop
    vertex -136.89756767195806 -466.6999999999998 48.656423768825235
    vertex -119.50799760554331 -466.6999999999998 47.81075283154744
    vertex -118.00697246870352 -466.6999999999998 47.95264148227849
  endloop
endfacet
facet normal -1.1102230246252155e-16 -1.0 4.6868060190484855e-30
  outer loop
    vertex -136.89756767195806 -466.6999999999998 48.656423768825235
    vertex -118.00697246870352 -466.6999999999998 47.95264148227849
    vertex -116.50000000000001 -466.6999999999998 47.99999999999997
  endloop
endfacet
facet normal -1.1102230246252155e-16 -1.0 4.6868060190484855e-30
  outer loop
    vertex -136.89756767195806 -466.6999999999998 48.656423768825235
    vertex -116.50000000000001 -466.6999999999998 47.99999999999997
    vertex -116.50000000000001 -466.6999999999998 51.11180339887496
  endloop
endfacet
facet normal -1.1102230246252155e-16 -1.0 4.6868060190484855e-30
  outer loop
    vertex -136.89756767195806 -466.6999999999998 48.656423768825235
    vertex -116.50000000000001 -466.6999999999998 51.11180339887496
    vertex -135.30912807335915 -466.6999999999998 49.88854381999828
  endloop
endfacet
facet normal -1.1102230246252155e-16 -1.0 4.6868060190484855e-30
  outer loop
    vertex -135.30912807335915 -466.6999999999998 49.88854381999828
    vertex -116.50000000000001 -466.6999999999998 51.11180339887496
    vertex -133.64645743932786 -466.6999999999998 51.018493616064454
  endloop
endfacet
facet normal -1.1102230246252155e-16 -1.0 4.6868060190484855e-30
  outer loop
    vertex -133.64645743932786 -466.6999999999998 51.018493616064454
    vertex -116.50000000000001 -466.6999999999998 51.11180339887496
    vertex -131.91611757125486 -466.6999999999998 52.04181376140361
  endloop
endfacet
facet normal -0.9955619646030793 1.1052958155434569e-16 0.09410831331852318
  outer loop
    vertex -148.43685530970467 -466.6999999999998 26.00929662493801
    vertex -148.24767044206325 -416.7 28.01066347405772
    vertex -148.43685530970467 -416.7 26.00929662493801
  endloop
endfacet
facet normal -0.9955619646030793 1.1052958155434569e-16 0.09410831331852318
  outer loop
    vertex -148.24767044206325 -416.7 28.01066347405772
    vertex -148.43685530970467 -466.6999999999998 26.00929662493801
    vertex -148.24767044206325 -466.6999999999998 28.01066347405772
  endloop
endfacet
facet normal 1.0 -1.1102230246252155e-16 2.899891666490144e-14
  outer loop
    vertex -116.50000000000001 -466.6999999999998 -4.888196601124979
    vertex -116.49999999999993 -416.7 -7.999999999999963
    vertex -116.50000000000001 -416.7 -4.888196601124979
  endloop
endfacet
facet normal 1.0 -1.1102230246252155e-16 2.899891666490144e-14
  outer loop
    vertex -116.49999999999993 -416.7 -7.999999999999963
    vertex -116.50000000000001 -466.6999999999998 -4.888196601124979
    vertex -116.49999999999993 -466.6999999999998 -7.999999999999963
  endloop
endfacet
facet normal -0.7071067811865461 7.850462293418946e-17 -0.7071067811865489
  outer loop
    vertex -139.82699607748512 -466.6999999999998 2.094492610281954
    vertex -138.405507389718 -416.7 0.6730039225148247
    vertex -138.405507389718 -466.6999999999998 0.6730039225148247
  endloop
endfacet
facet normal -0.7071067811865461 7.850462293418946e-17 -0.7071067811865489
  outer loop
    vertex -138.405507389718 -416.7 0.6730039225148247
    vertex -139.82699607748512 -466.6999999999998 2.094492610281954
    vertex -139.82699607748512 -416.7 2.094492610281954
  endloop
endfacet
facet normal -0.27899110603922483 3.0974234959035744e-17 -0.9602936856769444
  outer loop
    vertex -126.38854381999826 -466.6999999999998 -6.4338085214449015
    vertex -124.45807638927528 -416.7 -6.994661156116178
    vertex -124.45807638927528 -466.6999999999998 -6.994661156116178
  endloop
endfacet
facet normal -0.27899110603922483 3.0974234959035744e-17 -0.9602936856769444
  outer loop
    vertex -124.45807638927528 -416.7 -6.994661156116178
    vertex -126.38854381999826 -466.6999999999998 -6.4338085214449015
    vertex -126.38854381999826 -416.7 -6.4338085214449015
  endloop
endfacet
facet normal -0.8607420270039428 9.556156166423324e-17 -0.5090414157503732
  outer loop
    vertex -143.51849361606443 -466.6999999999998 6.853542560672099
    vertex -144.5418137614036 -416.7 8.583882428745099
    vertex -143.51849361606443 -416.7 6.853542560672099
  endloop
endfacet
facet normal -0.8607420270039428 9.556156166423324e-17 -0.5090414157503732
  outer loop
    vertex -144.5418137614036 -416.7 8.583882428745099
    vertex -143.51849361606443 -466.6999999999998 6.853542560672099
    vertex -144.5418137614036 -466.6999999999998 8.583882428745099
  endloop
endfacet
facet normal -0.15643446504022587 1.736771449325408e-17 -0.9876883405951385
  outer loop
    vertex -122.49620206674311 -466.6999999999998 -7.433192023318019
    vertex -120.51066347405767 -416.7 -7.747670442063261
    vertex -120.51066347405767 -466.6999999999998 -7.747670442063261
  endloop
endfacet
facet normal -0.15643446504022587 1.736771449325408e-17 -0.9876883405951385
  outer loop
    vertex -120.51066347405767 -416.7 -7.747670442063261
    vertex -122.49620206674311 -466.6999999999998 -7.433192023318019
    vertex -122.49620206674311 -416.7 -7.433192023318019
  endloop
endfacet
facet normal -0.8270805742745614 9.182438967798374e-17 -0.5620833778521316
  outer loop
    vertex -142.38854381999826 -466.6999999999998 5.190871926640851
    vertex -143.51849361606443 -416.7 6.853542560672099
    vertex -142.38854381999826 -416.7 5.190871926640851
  endloop
endfacet
facet normal -0.8270805742745614 9.182438967798374e-17 -0.5620833778521316
  outer loop
    vertex -143.51849361606443 -416.7 6.853542560672099
    vertex -142.38854381999826 -466.6999999999998 5.190871926640851
    vertex -143.51849361606443 -466.6999999999998 6.853542560672099
  endloop
endfacet
facet normal -0.9408807689542267 1.0445874931200443e-16 -0.3387379202452884
  outer loop
    vertex -146.252847548424 -466.6999999999998 12.220014314090285
    vertex -146.93380852144486 -416.7 14.111456180001666
    vertex -146.252847548424 -416.7 12.220014314090285
  endloop
endfacet
facet normal -0.9408807689542267 1.0445874931200443e-16 -0.3387379202452884
  outer loop
    vertex -146.93380852144486 -416.7 14.111456180001666
    vertex -146.252847548424 -466.6999999999998 12.220014314090285
    vertex -146.93380852144486 -466.6999999999998 14.111456180001666
  endloop
endfacet
facet normal -0.0941083133185123 1.0448121625480952e-17 -0.9955619646030802
  outer loop
    vertex -120.51066347405767 -466.6999999999998 -7.747670442063261
    vertex -118.50929662493796 -416.7 -7.936855309704655
    vertex -118.50929662493796 -466.6999999999998 -7.936855309704655
  endloop
endfacet
facet normal -0.0941083133185123 1.0448121625480952e-17 -0.9955619646030802
  outer loop
    vertex -118.50929662493796 -416.7 -7.936855309704655
    vertex -120.51066347405767 -466.6999999999998 -7.747670442063261
    vertex -120.51066347405767 -416.7 -7.747670442063261
  endloop
endfacet
facet normal -0.5090414157503678 5.651495002538347e-17 -0.8607420270039458
  outer loop
    vertex -133.64645743932783 -466.6999999999998 -3.018493616064484
    vertex -131.91611757125483 -416.7 -4.0418137614036285
    vertex -131.91611757125483 -466.6999999999998 -4.0418137614036285
  endloop
endfacet
facet normal -0.5090414157503678 5.651495002538347e-17 -0.8607420270039458
  outer loop
    vertex -131.91611757125483 -416.7 -4.0418137614036285
    vertex -133.64645743932783 -466.6999999999998 -3.018493616064484
    vertex -133.64645743932783 -416.7 -3.018493616064484
  endloop
endfacet
facet normal -0.9177546256839841 1.0189123163906367e-16 -0.39714789063477407
  outer loop
    vertex -145.4544656789126 -466.6999999999998 10.375062669917662
    vertex -146.252847548424 -416.7 12.220014314090285
    vertex -145.4544656789126 -416.7 10.375062669917662
  endloop
endfacet
facet normal -0.9177546256839841 1.0189123163906367e-16 -0.39714789063477407
  outer loop
    vertex -146.252847548424 -416.7 12.220014314090285
    vertex -145.4544656789126 -466.6999999999998 10.375062669917662
    vertex -146.252847548424 -466.6999999999998 12.220014314090285
  endloop
endfacet
facet normal -0.5620833778521264 6.240379078505069e-17 -0.8270805742745648
  outer loop
    vertex -135.3091280733591 -466.6999999999998 -1.8885438199983227
    vertex -133.64645743932783 -416.7 -3.018493616064484
    vertex -133.64645743932783 -466.6999999999998 -3.018493616064484
  endloop
endfacet
facet normal -0.5620833778521264 6.240379078505069e-17 -0.8270805742745648
  outer loop
    vertex -133.64645743932783 -416.7 -3.018493616064484
    vertex -135.3091280733591 -466.6999999999998 -1.8885438199983227
    vertex -135.3091280733591 -416.7 -1.8885438199983227
  endloop
endfacet
facet normal -0.45399049973954964 5.0403070577191416e-17 -0.8910065241883665
  outer loop
    vertex -131.91611757125483 -466.6999999999998 -4.0418137614036285
    vertex -130.12493733008228 -416.7 -4.954465678912619
    vertex -130.12493733008228 -466.6999999999998 -4.954465678912619
  endloop
endfacet
facet normal -0.45399049973954964 5.0403070577191416e-17 -0.8910065241883665
  outer loop
    vertex -130.12493733008228 -416.7 -4.954465678912619
    vertex -131.91611757125483 -466.6999999999998 -4.0418137614036285
    vertex -131.91611757125483 -416.7 -4.0418137614036285
  endloop
endfacet
facet normal -0.7901550123756885 8.772482877624828e-17 -0.6129070536529789
  outer loop
    vertex -141.1564237688252 -466.6999999999998 3.6024323280419193
    vertex -142.38854381999826 -416.7 5.190871926640851
    vertex -141.1564237688252 -416.7 3.6024323280419193
  endloop
endfacet
facet normal -0.7901550123756885 8.772482877624828e-17 -0.6129070536529789
  outer loop
    vertex -142.38854381999826 -416.7 5.190871926640851
    vertex -141.1564237688252 -466.6999999999998 3.6024323280419193
    vertex -142.38854381999826 -466.6999999999998 5.190871926640851
  endloop
endfacet
facet normal -0.2181432413965425 2.421876492647722e-17 -0.9759167619387474
  outer loop
    vertex -124.45807638927528 -466.6999999999998 -6.994661156116178
    vertex -122.49620206674311 -416.7 -7.433192023318019
    vertex -122.49620206674311 -466.6999999999998 -7.433192023318019
  endloop
endfacet
facet normal -0.2181432413965425 2.421876492647722e-17 -0.9759167619387474
  outer loop
    vertex -122.49620206674311 -416.7 -7.433192023318019
    vertex -124.45807638927528 -466.6999999999998 -6.994661156116178
    vertex -124.45807638927528 -416.7 -6.994661156116178
  endloop
endfacet
facet normal -0.39714789063477524 4.4092273236402144e-17 -0.9177546256839837
  outer loop
    vertex -130.12493733008228 -466.6999999999998 -4.954465678912619
    vertex -128.27998568590962 -416.7 -5.7528475484240325
    vertex -128.27998568590962 -466.6999999999998 -5.7528475484240325
  endloop
endfacet
facet normal -0.39714789063477524 4.4092273236402144e-17 -0.9177546256839837
  outer loop
    vertex -128.27998568590962 -416.7 -5.7528475484240325
    vertex -130.12493733008228 -466.6999999999998 -4.954465678912619
    vertex -130.12493733008228 -416.7 -4.954465678912619
  endloop
endfacet
facet normal -0.9602936856769415 1.066140160240737e-16 -0.2789911060392349
  outer loop
    vertex -146.93380852144486 -466.6999999999998 14.111456180001666
    vertex -147.49466115611617 -416.7 16.041923610724627
    vertex -146.93380852144486 -416.7 14.111456180001666
  endloop
endfacet
facet normal -0.9602936856769415 1.066140160240737e-16 -0.2789911060392349
  outer loop
    vertex -147.49466115611617 -416.7 16.041923610724627
    vertex -146.93380852144486 -466.6999999999998 14.111456180001666
    vertex -147.49466115611617 -466.6999999999998 16.041923610724627
  endloop
endfacet
facet normal -0.9759167619387469 1.0834852592220717e-16 -0.21814324139654487
  outer loop
    vertex -147.49466115611617 -466.6999999999998 16.041923610724627
    vertex -147.933192023318 -416.7 18.003797933256795
    vertex -147.49466115611617 -416.7 16.041923610724627
  endloop
endfacet
facet normal -0.9759167619387469 1.0834852592220717e-16 -0.21814324139654487
  outer loop
    vertex -147.933192023318 -416.7 18.003797933256795
    vertex -147.49466115611617 -466.6999999999998 16.041923610724627
    vertex -147.933192023318 -466.6999999999998 18.003797933256795
  endloop
endfacet
facet normal -0.9995065603657318 1.1096751965819868e-16 -0.03141075907812135
  outer loop
    vertex -148.43685530970467 -466.6999999999998 21.99070337506195
    vertex -148.49999999999997 -416.7 23.99999999999998
    vertex -148.43685530970467 -416.7 21.99070337506195
  endloop
endfacet
facet normal -0.9995065603657318 1.1096751965819868e-16 -0.03141075907812135
  outer loop
    vertex -148.49999999999997 -416.7 23.99999999999998
    vertex -148.43685530970467 -466.6999999999998 21.99070337506195
    vertex -148.49999999999997 -466.6999999999998 23.99999999999998
  endloop
endfacet
facet normal -0.9995065603657318 1.1096751965819898e-16 0.03141075907812135
  outer loop
    vertex -148.49999999999997 -466.6999999999998 23.99999999999998
    vertex -148.43685530970467 -416.7 26.00929662493801
    vertex -148.49999999999997 -416.7 23.99999999999998
  endloop
endfacet
facet normal -0.9995065603657318 1.1096751965819898e-16 0.03141075907812135
  outer loop
    vertex -148.43685530970467 -416.7 26.00929662493801
    vertex -148.49999999999997 -466.6999999999998 23.99999999999998
    vertex -148.43685530970467 -466.6999999999998 26.00929662493801
  endloop
endfacet
facet normal -0.7501110696304633 8.327905805299576e-17 -0.6613118653236479
  outer loop
    vertex -139.82699607748512 -466.6999999999998 2.094492610281954
    vertex -141.1564237688252 -416.7 3.6024323280419193
    vertex -139.82699607748512 -416.7 2.094492610281954
  endloop
endfacet
facet normal -0.7501110696304633 8.327905805299576e-17 -0.6613118653236479
  outer loop
    vertex -141.1564237688252 -416.7 3.6024323280419193
    vertex -139.82699607748512 -466.6999999999998 2.094492610281954
    vertex -141.1564237688252 -466.6999999999998 3.6024323280419193
  endloop
endfacet
facet normal -0.9876883405951378 1.0965543368826012e-16 0.1564344650402309
  outer loop
    vertex -148.24767044206325 -466.6999999999998 28.01066347405772
    vertex -147.933192023318 -416.7 29.996202066743173
    vertex -148.24767044206325 -416.7 28.01066347405772
  endloop
endfacet
facet normal -0.9876883405951378 1.0965543368826012e-16 0.1564344650402309
  outer loop
    vertex -147.933192023318 -416.7 29.996202066743173
    vertex -148.24767044206325 -466.6999999999998 28.01066347405772
    vertex -147.933192023318 -466.6999999999998 29.996202066743173
  endloop
endfacet
facet normal -0.9759167619387469 1.0834852592220922e-16 0.21814324139654517
  outer loop
    vertex -147.933192023318 -466.6999999999998 29.996202066743173
    vertex -147.49466115611617 -416.7 31.958076389275337
    vertex -147.933192023318 -416.7 29.996202066743173
  endloop
endfacet
facet normal -0.9759167619387469 1.0834852592220922e-16 0.21814324139654517
  outer loop
    vertex -147.49466115611617 -416.7 31.958076389275337
    vertex -147.933192023318 -466.6999999999998 29.996202066743173
    vertex -147.49466115611617 -466.6999999999998 31.958076389275337
  endloop
endfacet
facet normal -0.9876883405951378 1.0965543368825865e-16 -0.15643446504023112
  outer loop
    vertex -147.933192023318 -466.6999999999998 18.003797933256795
    vertex -148.24767044206325 -416.7 19.989336525942246
    vertex -147.933192023318 -416.7 18.003797933256795
  endloop
endfacet
facet normal -0.9876883405951378 1.0965543368825865e-16 -0.15643446504023112
  outer loop
    vertex -148.24767044206325 -416.7 19.989336525942246
    vertex -147.933192023318 -466.6999999999998 18.003797933256795
    vertex -148.24767044206325 -466.6999999999998 19.989336525942246
  endloop
endfacet
facet normal -0.6613118653236512 7.34203659340132e-17 -0.7501110696304603
  outer loop
    vertex -138.405507389718 -466.6999999999998 0.6730039225148247
    vertex -136.89756767195803 -416.7 -0.6564237688252604
    vertex -136.89756767195803 -466.6999999999998 -0.6564237688252604
  endloop
endfacet
facet normal -0.6613118653236512 7.34203659340132e-17 -0.7501110696304603
  outer loop
    vertex -136.89756767195803 -416.7 -0.6564237688252604
    vertex -138.405507389718 -466.6999999999998 0.6730039225148247
    vertex -138.405507389718 -416.7 0.6730039225148247
  endloop
endfacet
facet normal -0.9602936856769448 1.0661401602407668e-16 0.2789911060392238
  outer loop
    vertex -147.49466115611617 -466.6999999999998 31.958076389275337
    vertex -146.9338085214449 -416.7 33.888543819998304
    vertex -147.49466115611617 -416.7 31.958076389275337
  endloop
endfacet
facet normal -0.9602936856769448 1.0661401602407668e-16 0.2789911060392238
  outer loop
    vertex -146.9338085214449 -416.7 33.888543819998304
    vertex -147.49466115611617 -466.6999999999998 31.958076389275337
    vertex -146.9338085214449 -466.6999999999998 33.888543819998304
  endloop
endfacet
facet normal -0.9408807689542265 1.0445874931200757e-16 0.3387379202452888
  outer loop
    vertex -146.9338085214449 -466.6999999999998 33.888543819998304
    vertex -146.25284754842403 -416.7 35.77998568590968
    vertex -146.9338085214449 -416.7 33.888543819998304
  endloop
endfacet
facet normal -0.9408807689542265 1.0445874931200757e-16 0.3387379202452888
  outer loop
    vertex -146.25284754842403 -416.7 35.77998568590968
    vertex -146.9338085214449 -466.6999999999998 33.888543819998304
    vertex -146.25284754842403 -466.6999999999998 35.77998568590968
  endloop
endfacet
facet normal -0.3387379202452922 3.7607463836993926e-17 -0.9408807689542252
  outer loop
    vertex -128.27998568590962 -466.6999999999998 -5.7528475484240325
    vertex -126.38854381999826 -416.7 -6.4338085214449015
    vertex -126.38854381999826 -466.6999999999998 -6.4338085214449015
  endloop
endfacet
facet normal -0.3387379202452922 3.7607463836993926e-17 -0.9408807689542252
  outer loop
    vertex -126.38854381999826 -416.7 -6.4338085214449015
    vertex -128.27998568590962 -466.6999999999998 -5.7528475484240325
    vertex -128.27998568590962 -416.7 -5.7528475484240325
  endloop
endfacet
facet normal -0.6129070536529748 6.80463522920698e-17 -0.7901550123756916
  outer loop
    vertex -136.89756767195803 -466.6999999999998 -0.6564237688252604
    vertex -135.3091280733591 -416.7 -1.8885438199983227
    vertex -135.3091280733591 -466.6999999999998 -1.8885438199983227
  endloop
endfacet
facet normal -0.6129070536529748 6.80463522920698e-17 -0.7901550123756916
  outer loop
    vertex -135.3091280733591 -416.7 -1.8885438199983227
    vertex -136.89756767195803 -466.6999999999998 -0.6564237688252604
    vertex -136.89756767195803 -416.7 -0.6564237688252604
  endloop
endfacet
facet normal -0.9955619646030793 1.1052958155434481e-16 -0.09410831331852318
  outer loop
    vertex -148.24767044206325 -466.6999999999998 19.989336525942246
    vertex -148.43685530970467 -416.7 21.99070337506195
    vertex -148.24767044206325 -416.7 19.989336525942246
  endloop
endfacet
facet normal -0.9955619646030793 1.1052958155434481e-16 -0.09410831331852318
  outer loop
    vertex -148.43685530970467 -416.7 21.99070337506195
    vertex -148.24767044206325 -466.6999999999998 19.989336525942246
    vertex -148.43685530970467 -466.6999999999998 21.99070337506195
  endloop
endfacet
facet normal -0.031410759078126745 3.487294794944498e-18 -0.9995065603657317
  outer loop
    vertex -118.50929662493796 -466.6999999999998 -7.936855309704655
    vertex -116.49999999999993 -416.7 -7.999999999999963
    vertex -116.49999999999993 -466.6999999999998 -7.999999999999963
  endloop
endfacet
facet normal -0.031410759078126745 3.487294794944498e-18 -0.9995065603657317
  outer loop
    vertex -116.49999999999993 -416.7 -7.999999999999963
    vertex -118.50929662493796 -466.6999999999998 -7.936855309704655
    vertex -118.50929662493796 -416.7 -7.936855309704655
  endloop
endfacet
facet normal -0.8910065241883642 9.892159582451848e-17 -0.4539904997395541
  outer loop
    vertex -144.5418137614036 -466.6999999999998 8.583882428745099
    vertex -145.4544656789126 -416.7 10.375062669917662
    vertex -144.5418137614036 -416.7 8.583882428745099
  endloop
endfacet
facet normal -0.8910065241883642 9.892159582451848e-17 -0.4539904997395541
  outer loop
    vertex -145.4544656789126 -416.7 10.375062669917662
    vertex -144.5418137614036 -466.6999999999998 8.583882428745099
    vertex -145.4544656789126 -466.6999999999998 10.375062669917662
  endloop
endfacet
facet normal -0.44721359549995804 4.96506830649523e-17 0.8944271909999161
  outer loop
    vertex -116.50000000000001 -416.7 52.88819660112498
    vertex -114.65000000000002 -466.6999999999998 53.81319660112497
    vertex -114.65000000000002 -416.7 53.81319660112497
  endloop
endfacet
facet normal -0.44721359549995804 4.96506830649523e-17 0.8944271909999161
  outer loop
    vertex -114.65000000000002 -466.6999999999998 53.81319660112497
    vertex -116.50000000000001 -416.7 52.88819660112498
    vertex -116.50000000000001 -466.6999999999998 52.88819660112498
  endloop
endfacet
facet normal -0.7501110696304638 8.327905805300202e-17 0.6613118653236473
  outer loop
    vertex -141.15642376882522 -466.6999999999998 44.39756767195805
    vertex -139.82699607748515 -416.7 45.90550738971802
    vertex -141.15642376882522 -416.7 44.39756767195805
  endloop
endfacet
facet normal -0.7501110696304638 8.327905805300202e-17 0.6613118653236473
  outer loop
    vertex -139.82699607748515 -416.7 45.90550738971802
    vertex -141.15642376882522 -466.6999999999998 44.39756767195805
    vertex -139.82699607748515 -466.6999999999998 45.90550738971802
  endloop
endfacet
facet normal -0.09410831331851786 1.0448121625490902e-17 0.9955619646030797
  outer loop
    vertex -120.51066347405774 -416.7 55.74767044206325
    vertex -118.50929662493803 -466.6999999999998 55.936855309704654
    vertex -118.50929662493803 -416.7 55.936855309704654
  endloop
endfacet
facet normal -0.09410831331851786 1.0448121625490902e-17 0.9955619646030797
  outer loop
    vertex -118.50929662493803 -466.6999999999998 55.936855309704654
    vertex -120.51066347405774 -416.7 55.74767044206325
    vertex -120.51066347405774 -466.6999999999998 55.74767044206325
  endloop
endfacet
facet normal -0.8270805742745617 9.182438967798905e-17 0.5620833778521309
  outer loop
    vertex -143.51849361606446 -466.6999999999998 41.146457439327875
    vertex -142.3885438199983 -416.7 42.809128073359126
    vertex -143.51849361606446 -416.7 41.146457439327875
  endloop
endfacet
facet normal -0.8270805742745617 9.182438967798905e-17 0.5620833778521309
  outer loop
    vertex -142.3885438199983 -416.7 42.809128073359126
    vertex -143.51849361606446 -466.6999999999998 41.146457439327875
    vertex -142.3885438199983 -466.6999999999998 42.809128073359126
  endloop
endfacet
facet normal -0.6613118653236504 7.342036593402015e-17 0.7501110696304609
  outer loop
    vertex -138.40550738971803 -416.7 47.32699607748514
    vertex -136.89756767195806 -466.6999999999998 48.656423768825235
    vertex -136.89756767195806 -416.7 48.656423768825235
  endloop
endfacet
facet normal -0.6613118653236504 7.342036593402015e-17 0.7501110696304609
  outer loop
    vertex -136.89756767195806 -466.6999999999998 48.656423768825235
    vertex -138.40550738971803 -416.7 47.32699607748514
    vertex -138.40550738971803 -466.6999999999998 47.32699607748514
  endloop
endfacet
facet normal -0.15643446504023134 1.7367714493263948e-17 0.9876883405951378
  outer loop
    vertex -122.49620206674318 -416.7 55.433192023318
    vertex -120.51066347405774 -466.6999999999998 55.74767044206325
    vertex -120.51066347405774 -416.7 55.74767044206325
  endloop
endfacet
facet normal -0.15643446504023134 1.7367714493263948e-17 0.9876883405951378
  outer loop
    vertex -120.51066347405774 -466.6999999999998 55.74767044206325
    vertex -122.49620206674318 -416.7 55.433192023318
    vertex -122.49620206674318 -466.6999999999998 55.433192023318
  endloop
endfacet
facet normal -0.6129070536529795 6.804635229207772e-17 0.7901550123756883
  outer loop
    vertex -136.89756767195806 -416.7 48.656423768825235
    vertex -135.30912807335915 -466.6999999999998 49.88854381999828
    vertex -135.30912807335915 -416.7 49.88854381999828
  endloop
endfacet
facet normal -0.6129070536529795 6.804635229207772e-17 0.7901550123756883
  outer loop
    vertex -135.30912807335915 -466.6999999999998 49.88854381999828
    vertex -136.89756767195806 -416.7 48.656423768825235
    vertex -136.89756767195806 -466.6999999999998 48.656423768825235
  endloop
endfacet
facet normal 1.0 -1.1102230246252155e-16 0.0
  outer loop
    vertex -116.50000000000001 -466.6999999999998 55.999999999999964
    vertex -116.50000000000001 -416.7 52.88819660112498
    vertex -116.50000000000001 -416.7 55.999999999999964
  endloop
endfacet
facet normal 1.0 -1.1102230246252155e-16 0.0
  outer loop
    vertex -116.50000000000001 -416.7 52.88819660112498
    vertex -116.50000000000001 -466.6999999999998 55.999999999999964
    vertex -116.50000000000001 -466.6999999999998 52.88819660112498
  endloop
endfacet
facet normal -0.33873792024528976 3.7607463837002474e-17 0.9408807689542261
  outer loop
    vertex -128.2799856859097 -416.7 53.752847548424015
    vertex -126.38854381999833 -466.6999999999998 54.43380852144488
    vertex -126.38854381999833 -416.7 54.43380852144488
  endloop
endfacet
facet normal -0.33873792024528976 3.7607463837002474e-17 0.9408807689542261
  outer loop
    vertex -126.38854381999833 -466.6999999999998 54.43380852144488
    vertex -128.2799856859097 -416.7 53.752847548424015
    vertex -128.2799856859097 -466.6999999999998 53.752847548424015
  endloop
endfacet
facet normal 1.0 -1.1102230246252155e-16 0.0
  outer loop
    vertex -114.65000000000002 -466.6999999999998 53.81319660112497
    vertex -114.65000000000002 -416.7 50.18680339887497
    vertex -114.65000000000002 -416.7 53.81319660112497
  endloop
endfacet
facet normal 1.0 -1.1102230246252155e-16 0.0
  outer loop
    vertex -114.65000000000002 -416.7 50.18680339887497
    vertex -114.65000000000002 -466.6999999999998 53.81319660112497
    vertex -114.65000000000002 -466.6999999999998 50.18680339887497
  endloop
endfacet
facet normal -0.7071067811865461 7.850462293419608e-17 0.7071067811865489
  outer loop
    vertex -139.82699607748515 -416.7 45.90550738971802
    vertex -138.40550738971803 -466.6999999999998 47.32699607748514
    vertex -138.40550738971803 -416.7 47.32699607748514
  endloop
endfacet
facet normal -0.7071067811865461 7.850462293419608e-17 0.7071067811865489
  outer loop
    vertex -138.40550738971803 -466.6999999999998 47.32699607748514
    vertex -139.82699607748515 -416.7 45.90550738971802
    vertex -139.82699607748515 -466.6999999999998 45.90550738971802
  endloop
endfacet
facet normal -0.4539904997395474 5.040307057719952e-17 0.8910065241883676
  outer loop
    vertex -131.91611757125486 -416.7 52.04181376140361
    vertex -130.1249373300823 -466.6999999999998 52.95446567891259
    vertex -130.1249373300823 -416.7 52.95446567891259
  endloop
endfacet
facet normal -0.4539904997395474 5.040307057719952e-17 0.8910065241883676
  outer loop
    vertex -130.1249373300823 -466.6999999999998 52.95446567891259
    vertex -131.91611757125486 -416.7 52.04181376140361
    vertex -131.91611757125486 -466.6999999999998 52.04181376140361
  endloop
endfacet
facet normal -0.7901550123756875 8.772482877625391e-17 0.6129070536529803
  outer loop
    vertex -142.3885438199983 -466.6999999999998 42.809128073359126
    vertex -141.15642376882522 -416.7 44.39756767195805
    vertex -142.3885438199983 -416.7 42.809128073359126
  endloop
endfacet
facet normal -0.7901550123756875 8.772482877625391e-17 0.6129070536529803
  outer loop
    vertex -141.15642376882522 -416.7 44.39756767195805
    vertex -142.3885438199983 -466.6999999999998 42.809128073359126
    vertex -141.15642376882522 -466.6999999999998 44.39756767195805
  endloop
endfacet
facet normal -0.8910065241883688 9.892159582452323e-17 0.4539904997395452
  outer loop
    vertex -145.4544656789126 -466.6999999999998 37.62493733008231
    vertex -144.54181376140363 -416.7 39.41611757125487
    vertex -145.4544656789126 -416.7 37.62493733008231
  endloop
endfacet
facet normal -0.8910065241883688 9.892159582452323e-17 0.4539904997395452
  outer loop
    vertex -144.54181376140363 -416.7 39.41611757125487
    vertex -145.4544656789126 -466.6999999999998 37.62493733008231
    vertex -144.54181376140363 -466.6999999999998 39.41611757125487
  endloop
endfacet
facet normal -0.27899110603922744 3.097423495904503e-17 0.9602936856769437
  outer loop
    vertex -126.38854381999833 -416.7 54.43380852144488
    vertex -124.45807638927535 -466.6999999999998 54.994661156116166
    vertex -124.45807638927535 -416.7 54.994661156116166
  endloop
endfacet
facet normal -0.27899110603922744 3.097423495904503e-17 0.9602936856769437
  outer loop
    vertex -124.45807638927535 -466.6999999999998 54.994661156116166
    vertex -126.38854381999833 -416.7 54.43380852144488
    vertex -126.38854381999833 -466.6999999999998 54.43380852144488
  endloop
endfacet
facet normal -0.03141075907812709 3.487294794953905e-18 0.9995065603657316
  outer loop
    vertex -118.50929662493803 -416.7 55.936855309704654
    vertex -116.50000000000001 -466.6999999999998 55.999999999999964
    vertex -116.50000000000001 -416.7 55.999999999999964
  endloop
endfacet
facet normal -0.03141075907812709 3.487294794953905e-18 0.9995065603657316
  outer loop
    vertex -116.50000000000001 -466.6999999999998 55.999999999999964
    vertex -118.50929662493803 -416.7 55.936855309704654
    vertex -118.50929662493803 -466.6999999999998 55.936855309704654
  endloop
endfacet
facet normal -0.21814324139653982 2.421876492648607e-17 0.975916761938748
  outer loop
    vertex -124.45807638927535 -416.7 54.994661156116166
    vertex -122.49620206674318 -466.6999999999998 55.433192023318
    vertex -122.49620206674318 -416.7 55.433192023318
  endloop
endfacet
facet normal -0.21814324139653982 2.421876492648607e-17 0.975916761938748
  outer loop
    vertex -122.49620206674318 -466.6999999999998 55.433192023318
    vertex -124.45807638927535 -416.7 54.994661156116166
    vertex -124.45807638927535 -466.6999999999998 54.994661156116166
  endloop
endfacet
facet normal 1.0 -1.1102230246252155e-16 0.0
  outer loop
    vertex -116.50000000000001 -466.6999999999998 51.11180339887496
    vertex -116.50000000000001 -416.7 47.99999999999997
    vertex -116.50000000000001 -416.7 51.11180339887496
  endloop
endfacet
facet normal 1.0 -1.1102230246252155e-16 0.0
  outer loop
    vertex -116.50000000000001 -416.7 47.99999999999997
    vertex -116.50000000000001 -466.6999999999998 51.11180339887496
    vertex -116.50000000000001 -466.6999999999998 47.99999999999997
  endloop
endfacet
facet normal 0.15643446504023018 -1.7367714493263818e-17 -0.9876883405951379
  outer loop
    vertex -120.99715155005741 -466.6999999999998 47.5748940174885
    vertex -119.50799760554331 -416.7 47.81075283154744
    vertex -119.50799760554331 -466.6999999999998 47.81075283154744
  endloop
endfacet
facet normal 0.15643446504023018 -1.7367714493263818e-17 -0.9876883405951379
  outer loop
    vertex -119.50799760554331 -416.7 47.81075283154744
    vertex -120.99715155005741 -466.6999999999998 47.5748940174885
    vertex -120.99715155005741 -416.7 47.5748940174885
  endloop
endfacet
facet normal 0.031410759078128965 -3.487294794954113e-18 -0.9995065603657316
  outer loop
    vertex -118.00697246870352 -466.6999999999998 47.95264148227849
    vertex -116.50000000000001 -416.7 47.99999999999997
    vertex -116.50000000000001 -466.6999999999998 47.99999999999997
  endloop
endfacet
facet normal 0.031410759078128965 -3.487294794954113e-18 -0.9995065603657316
  outer loop
    vertex -116.50000000000001 -416.7 47.99999999999997
    vertex -118.00697246870352 -466.6999999999998 47.95264148227849
    vertex -118.00697246870352 -416.7 47.95264148227849
  endloop
endfacet
facet normal 0.2181432413965476 -2.4218764926486933e-17 -0.9759167619387463
  outer loop
    vertex -122.46855729195651 -466.6999999999998 47.24599586708711
    vertex -120.99715155005741 -416.7 47.5748940174885
    vertex -120.99715155005741 -466.6999999999998 47.5748940174885
  endloop
endfacet
facet normal 0.2181432413965476 -2.4218764926486933e-17 -0.9759167619387463
  outer loop
    vertex -120.99715155005741 -416.7 47.5748940174885
    vertex -122.46855729195651 -466.6999999999998 47.24599586708711
    vertex -122.46855729195651 -416.7 47.24599586708711
  endloop
endfacet
facet normal 0.33873792024529303 -3.760746383700284e-17 -0.9408807689542249
  outer loop
    vertex -125.33498926443228 -466.6999999999998 46.314635661318
    vertex -123.91640786499875 -416.7 46.82535639108365
    vertex -123.91640786499875 -466.6999999999998 46.82535639108365
  endloop
endfacet
facet normal 0.33873792024529303 -3.760746383700284e-17 -0.9408807689542249
  outer loop
    vertex -123.91640786499875 -416.7 46.82535639108365
    vertex -125.33498926443228 -466.6999999999998 46.314635661318
    vertex -125.33498926443228 -416.7 46.314635661318
  endloop
endfacet
facet normal 0.45399049973954736 -5.0403070577199514e-17 -0.8910065241883676
  outer loop
    vertex -128.06208817844117 -466.6999999999998 45.0313603210527
    vertex -126.71870299756173 -416.7 45.71584925918443
    vertex -126.71870299756173 -466.6999999999998 45.71584925918443
  endloop
endfacet
facet normal 0.45399049973954736 -5.0403070577199514e-17 -0.8910065241883676
  outer loop
    vertex -126.71870299756173 -416.7 45.71584925918443
    vertex -128.06208817844117 -466.6999999999998 45.0313603210527
    vertex -128.06208817844117 -416.7 45.0313603210527
  endloop
endfacet
facet normal -0.4472135954999602 4.965068306494416e-17 -0.894427190999915
  outer loop
    vertex -116.50000000000001 -466.6999999999998 51.11180339887496
    vertex -114.65000000000002 -416.7 50.18680339887497
    vertex -114.65000000000002 -466.6999999999998 50.18680339887497
  endloop
endfacet
facet normal -0.4472135954999602 4.965068306494416e-17 -0.894427190999915
  outer loop
    vertex -114.65000000000002 -416.7 50.18680339887497
    vertex -116.50000000000001 -466.6999999999998 51.11180339887496
    vertex -116.50000000000001 -416.7 51.11180339887496
  endloop
endfacet
facet normal 0.09410831331851197 -1.0448121625490247e-17 -0.9955619646030803
  outer loop
    vertex -119.50799760554331 -466.6999999999998 47.81075283154744
    vertex -118.00697246870352 -416.7 47.95264148227849
    vertex -118.00697246870352 -466.6999999999998 47.95264148227849
  endloop
endfacet
facet normal 0.09410831331851197 -1.0448121625490247e-17 -0.9955619646030803
  outer loop
    vertex -118.00697246870352 -416.7 47.95264148227849
    vertex -119.50799760554331 -466.6999999999998 47.81075283154744
    vertex -119.50799760554331 -416.7 47.81075283154744
  endloop
endfacet
facet normal 0.39714789063478084 -4.409227323641137e-17 -0.9177546256839811
  outer loop
    vertex -126.71870299756173 -466.6999999999998 45.71584925918443
    vertex -125.33498926443228 -416.7 46.314635661318
    vertex -125.33498926443228 -466.6999999999998 46.314635661318
  endloop
endfacet
facet normal 0.39714789063478084 -4.409227323641137e-17 -0.9177546256839811
  outer loop
    vertex -125.33498926443228 -416.7 46.314635661318
    vertex -126.71870299756173 -466.6999999999998 45.71584925918443
    vertex -126.71870299756173 -416.7 45.71584925918443
  endloop
endfacet
facet normal 0.2789911060392257 -3.097423495904484e-17 -0.9602936856769442
  outer loop
    vertex -123.91640786499875 -466.6999999999998 46.82535639108365
    vertex -122.46855729195651 -416.7 47.24599586708711
    vertex -122.46855729195651 -466.6999999999998 47.24599586708711
  endloop
endfacet
facet normal 0.2789911060392257 -3.097423495904484e-17 -0.9602936856769442
  outer loop
    vertex -122.46855729195651 -416.7 47.24599586708711
    vertex -123.91640786499875 -466.6999999999998 46.82535639108365
    vertex -123.91640786499875 -416.7 46.82535639108365
  endloop
endfacet
facet normal -0.9177546256839806 1.01891231639067e-16 0.3971478906347819
  outer loop
    vertex -146.25284754842403 -466.6999999999998 35.77998568590968
    vertex -145.4544656789126 -416.7 37.62493733008231
    vertex -146.25284754842403 -416.7 35.77998568590968
  endloop
endfacet
facet normal -0.9177546256839806 1.01891231639067e-16 0.3971478906347819
  outer loop
    vertex -145.4544656789126 -416.7 37.62493733008231
    vertex -146.25284754842403 -466.6999999999998 35.77998568590968
    vertex -145.4544656789126 -466.6999999999998 37.62493733008231
  endloop
endfacet
facet normal -0.8607420270039428 9.556156166423802e-17 0.5090414157503732
  outer loop
    vertex -144.54181376140363 -466.6999999999998 39.41611757125487
    vertex -143.51849361606446 -416.7 41.146457439327875
    vertex -144.54181376140363 -416.7 39.41611757125487
  endloop
endfacet
facet normal -0.8607420270039428 9.556156166423802e-17 0.5090414157503732
  outer loop
    vertex -143.51849361606446 -416.7 41.146457439327875
    vertex -144.54181376140363 -466.6999999999998 39.41611757125487
    vertex -143.51849361606446 -466.6999999999998 41.146457439327875
  endloop
endfacet
facet normal -0.5090414157503719 5.6514950025392e-17 0.8607420270039433
  outer loop
    vertex -133.64645743932786 -416.7 51.018493616064454
    vertex -131.91611757125486 -466.6999999999998 52.04181376140361
    vertex -131.91611757125486 -416.7 52.04181376140361
  endloop
endfacet
facet normal -0.5090414157503719 5.6514950025392e-17 0.8607420270039433
  outer loop
    vertex -131.91611757125486 -466.6999999999998 52.04181376140361
    vertex -133.64645743932786 -416.7 51.018493616064454
    vertex -133.64645743932786 -466.6999999999998 51.018493616064454
  endloop
endfacet
facet normal -0.397147890634784 4.409227323641172e-17 0.9177546256839797
  outer loop
    vertex -130.1249373300823 -416.7 52.95446567891259
    vertex -128.2799856859097 -466.6999999999998 53.752847548424015
    vertex -128.2799856859097 -416.7 53.752847548424015
  endloop
endfacet
facet normal -0.397147890634784 4.409227323641172e-17 0.9177546256839797
  outer loop
    vertex -128.2799856859097 -466.6999999999998 53.752847548424015
    vertex -130.1249373300823 -416.7 52.95446567891259
    vertex -130.1249373300823 -466.6999999999998 52.95446567891259
  endloop
endfacet
facet normal -0.5620833778521264 6.240379078505844e-17 0.8270805742745648
  outer loop
    vertex -135.30912807335915 -416.7 49.88854381999828
    vertex -133.64645743932786 -466.6999999999998 51.018493616064454
    vertex -133.64645743932786 -416.7 51.018493616064454
  endloop
endfacet
facet normal -0.5620833778521264 6.240379078505844e-17 0.8270805742745648
  outer loop
    vertex -133.64645743932786 -466.6999999999998 51.018493616064454
    vertex -135.30912807335915 -416.7 49.88854381999828
    vertex -135.30912807335915 -466.6999999999998 49.88854381999828
  endloop
endfacet
facet normal 0.6613118653236448 -7.34203659340125e-17 0.7501110696304658
  outer loop
    vertex -132.9291305422885 -416.7 6.504752941886093
    vertex -131.7981757539685 -466.6999999999998 5.507682173381031
    vertex -131.7981757539685 -416.7 5.507682173381031
  endloop
endfacet
facet normal 0.6613118653236448 -7.34203659340125e-17 0.7501110696304658
  outer loop
    vertex -131.7981757539685 -466.6999999999998 5.507682173381031
    vertex -132.9291305422885 -416.7 6.504752941886093
    vertex -132.9291305422885 -466.6999999999998 6.504752941886093
  endloop
endfacet
facet normal 0.5620833778521275 -6.240379078505857e-17 -0.8270805742745642
  outer loop
    vertex -130.60684605501936 -466.6999999999998 43.41640786499872
    vertex -129.35984307949593 -416.7 44.26387021204833
    vertex -129.35984307949593 -466.6999999999998 44.26387021204833
  endloop
endfacet
facet normal 0.5620833778521275 -6.240379078505857e-17 -0.8270805742745642
  outer loop
    vertex -129.35984307949593 -416.7 44.26387021204833
    vertex -130.60684605501936 -466.6999999999998 43.41640786499872
    vertex -130.60684605501936 -416.7 43.41640786499872
  endloop
endfacet
facet normal 0.612907053652977 -6.804635229207004e-17 0.79015501237569
  outer loop
    vertex -131.7981757539685 -416.7 5.507682173381031
    vertex -130.60684605501933 -466.6999999999998 4.5835921350012345
    vertex -130.60684605501933 -416.7 4.5835921350012345
  endloop
endfacet
facet normal 0.612907053652977 -6.804635229207004e-17 0.79015501237569
  outer loop
    vertex -130.60684605501933 -466.6999999999998 4.5835921350012345
    vertex -131.7981757539685 -416.7 5.507682173381031
    vertex -131.7981757539685 -466.6999999999998 5.507682173381031
  endloop
endfacet
facet normal 0.9995065603657319 -1.1096751965819899e-16 -0.03141075907811758
  outer loop
    vertex -140.45264148227852 -466.6999999999998 25.506972468703495
    vertex -140.5 -416.7 23.999999999999968
    vertex -140.45264148227852 -416.7 25.506972468703495
  endloop
endfacet
facet normal 0.9995065603657319 -1.1096751965819899e-16 -0.03141075907811758
  outer loop
    vertex -140.5 -416.7 23.999999999999968
    vertex -140.45264148227852 -466.6999999999998 25.506972468703495
    vertex -140.5 -466.6999999999998 23.999999999999968
  endloop
endfacet
facet normal 0.975916761938746 -1.0834852592220708e-16 0.21814324139654873
  outer loop
    vertex -140.0748940174885 -466.6999999999998 19.502848449942572
    vertex -139.74599586708712 -416.7 18.031442708043453
    vertex -140.0748940174885 -416.7 19.502848449942572
  endloop
endfacet
facet normal 0.975916761938746 -1.0834852592220708e-16 0.21814324139654873
  outer loop
    vertex -139.74599586708712 -416.7 18.031442708043453
    vertex -140.0748940174885 -466.6999999999998 19.502848449942572
    vertex -139.74599586708712 -466.6999999999998 18.031442708043453
  endloop
endfacet
facet normal 0.7501110696304593 -8.327905805299532e-17 0.6613118653236524
  outer loop
    vertex -134.99231782661892 -466.6999999999998 8.701824246031416
    vertex -133.99524705811385 -416.7 7.570869457711442
    vertex -134.99231782661892 -416.7 8.701824246031416
  endloop
endfacet
facet normal 0.7501110696304593 -8.327905805299532e-17 0.6613118653236524
  outer loop
    vertex -133.99524705811385 -416.7 7.570869457711442
    vertex -134.99231782661892 -466.6999999999998 8.701824246031416
    vertex -133.99524705811385 -466.6999999999998 7.570869457711442
  endloop
endfacet
facet normal 0.6613118653236458 -7.342036593401965e-17 -0.7501110696304649
  outer loop
    vertex -132.92913054228853 -466.6999999999998 41.495247058113854
    vertex -131.79817575396854 -416.7 42.492317826618915
    vertex -131.79817575396854 -466.6999999999998 42.492317826618915
  endloop
endfacet
facet normal 0.6613118653236458 -7.342036593401965e-17 -0.7501110696304649
  outer loop
    vertex -131.79817575396854 -416.7 42.492317826618915
    vertex -132.92913054228853 -466.6999999999998 41.495247058113854
    vertex -132.92913054228853 -416.7 41.495247058113854
  endloop
endfacet
facet normal 0.9876883405951361 -1.0965543368825994e-16 -0.1564344650402423
  outer loop
    vertex -140.0748940174885 -466.6999999999998 28.497151550057364
    vertex -140.31075283154746 -416.7 27.007997605543277
    vertex -140.0748940174885 -416.7 28.497151550057364
  endloop
endfacet
facet normal 0.9876883405951361 -1.0965543368825994e-16 -0.1564344650402423
  outer loop
    vertex -140.31075283154746 -416.7 27.007997605543277
    vertex -140.0748940174885 -466.6999999999998 28.497151550057364
    vertex -140.31075283154746 -466.6999999999998 27.007997605543277
  endloop
endfacet
facet normal 0.9876883405951361 -1.0965543368825847e-16 0.1564344650402417
  outer loop
    vertex -140.31075283154746 -466.6999999999998 20.99200239445667
    vertex -140.0748940174885 -416.7 19.502848449942572
    vertex -140.31075283154746 -416.7 20.99200239445667
  endloop
endfacet
facet normal 0.9876883405951361 -1.0965543368825847e-16 0.1564344650402417
  outer loop
    vertex -140.0748940174885 -416.7 19.502848449942572
    vertex -140.31075283154746 -466.6999999999998 20.99200239445667
    vertex -140.0748940174885 -466.6999999999998 19.502848449942572
  endloop
endfacet
facet normal 0.7071067811865503 -7.850462293418993e-17 0.7071067811865447
  outer loop
    vertex -133.99524705811385 -466.6999999999998 7.570869457711442
    vertex -132.9291305422885 -416.7 6.504752941886093
    vertex -133.99524705811385 -416.7 7.570869457711442
  endloop
endfacet
facet normal 0.7071067811865503 -7.850462293418993e-17 0.7071067811865447
  outer loop
    vertex -132.9291305422885 -416.7 6.504752941886093
    vertex -133.99524705811385 -466.6999999999998 7.570869457711442
    vertex -132.9291305422885 -466.6999999999998 6.504752941886093
  endloop
endfacet
facet normal 0.6129070536529843 -6.804635229207825e-17 -0.7901550123756844
  outer loop
    vertex -131.79817575396854 -466.6999999999998 42.492317826618915
    vertex -130.60684605501936 -416.7 43.41640786499872
    vertex -130.60684605501936 -466.6999999999998 43.41640786499872
  endloop
endfacet
facet normal 0.6129070536529843 -6.804635229207825e-17 -0.7901550123756844
  outer loop
    vertex -130.60684605501936 -416.7 43.41640786499872
    vertex -131.79817575396854 -466.6999999999998 42.492317826618915
    vertex -131.79817575396854 -416.7 42.492317826618915
  endloop
endfacet
facet normal 0.917754625683977 -1.0189123163906289e-16 0.39714789063479033
  outer loop
    vertex -138.81463566131802 -466.6999999999998 15.165010735567693
    vertex -138.21584925918444 -416.7 13.781297002438228
    vertex -138.81463566131802 -416.7 15.165010735567693
  endloop
endfacet
facet normal 0.917754625683977 -1.0189123163906289e-16 0.39714789063479033
  outer loop
    vertex -138.21584925918444 -416.7 13.781297002438228
    vertex -138.81463566131802 -466.6999999999998 15.165010735567693
    vertex -138.21584925918444 -466.6999999999998 13.781297002438228
  endloop
endfacet
facet normal 0.9602936856769415 -1.0661401602407631e-16 -0.2789911060392346
  outer loop
    vertex -139.3253563910837 -466.6999999999998 31.416407864998714
    vertex -139.74599586708715 -416.7 29.968557291956493
    vertex -139.3253563910837 -416.7 31.416407864998714
  endloop
endfacet
facet normal 0.9602936856769415 -1.0661401602407631e-16 -0.2789911060392346
  outer loop
    vertex -139.74599586708715 -416.7 29.968557291956493
    vertex -139.3253563910837 -466.6999999999998 31.416407864998714
    vertex -139.74599586708715 -466.6999999999998 29.968557291956493
  endloop
endfacet
facet normal 0.9408807689542255 -1.0445874931200746e-16 -0.33873792024529187
  outer loop
    vertex -138.81463566131802 -466.6999999999998 32.834989264432245
    vertex -139.3253563910837 -416.7 31.416407864998714
    vertex -138.81463566131802 -416.7 32.834989264432245
  endloop
endfacet
facet normal 0.9408807689542255 -1.0445874931200746e-16 -0.33873792024529187
  outer loop
    vertex -139.3253563910837 -416.7 31.416407864998714
    vertex -138.81463566131802 -466.6999999999998 32.834989264432245
    vertex -139.3253563910837 -466.6999999999998 31.416407864998714
  endloop
endfacet
facet normal 0.8607420270039415 -9.55615616642331e-17 0.5090414157503751
  outer loop
    vertex -137.53136032105272 -466.6999999999998 12.437911821558801
    vertex -136.76387021204835 -416.7 11.140156920504051
    vertex -137.53136032105272 -416.7 12.437911821558801
  endloop
endfacet
facet normal 0.8607420270039415 -9.55615616642331e-17 0.5090414157503751
  outer loop
    vertex -136.76387021204835 -416.7 11.140156920504051
    vertex -137.53136032105272 -466.6999999999998 12.437911821558801
    vertex -136.76387021204835 -466.6999999999998 11.140156920504051
  endloop
endfacet
facet normal 0.9177546256839831 -1.0189123163906729e-16 -0.3971478906347764
  outer loop
    vertex -138.21584925918447 -466.6999999999998 34.21870299756172
    vertex -138.81463566131802 -416.7 32.834989264432245
    vertex -138.21584925918447 -416.7 34.21870299756172
  endloop
endfacet
facet normal 0.9177546256839831 -1.0189123163906729e-16 -0.3971478906347764
  outer loop
    vertex -138.81463566131802 -416.7 32.834989264432245
    vertex -138.21584925918447 -466.6999999999998 34.21870299756172
    vertex -138.81463566131802 -466.6999999999998 32.834989264432245
  endloop
endfacet
facet normal 0.8270805742745576 -9.18243896779886e-17 -0.5620833778521368
  outer loop
    vertex -135.91640786499872 -466.6999999999998 38.10684605501933
    vertex -136.76387021204837 -416.7 36.859843079495896
    vertex -135.91640786499872 -416.7 38.10684605501933
  endloop
endfacet
facet normal 0.8270805742745576 -9.18243896779886e-17 -0.5620833778521368
  outer loop
    vertex -136.76387021204837 -416.7 36.859843079495896
    vertex -135.91640786499872 -466.6999999999998 38.10684605501933
    vertex -136.76387021204837 -466.6999999999998 36.859843079495896
  endloop
endfacet
facet normal 0.5090414157503675 -5.651495002539152e-17 -0.8607420270039461
  outer loop
    vertex -129.35984307949593 -466.6999999999998 44.26387021204833
    vertex -128.06208817844117 -416.7 45.0313603210527
    vertex -128.06208817844117 -466.6999999999998 45.0313603210527
  endloop
endfacet
facet normal 0.5090414157503675 -5.651495002539152e-17 -0.8607420270039461
  outer loop
    vertex -128.06208817844117 -416.7 45.0313603210527
    vertex -129.35984307949593 -466.6999999999998 44.26387021204833
    vertex -129.35984307949593 -416.7 44.26387021204833
  endloop
endfacet
facet normal 0.9995065603657319 -1.109675196581987e-16 0.03141075907811758
  outer loop
    vertex -140.5 -466.6999999999998 23.999999999999968
    vertex -140.45264148227852 -416.7 22.493027531296445
    vertex -140.5 -416.7 23.999999999999968
  endloop
endfacet
facet normal 0.9995065603657319 -1.109675196581987e-16 0.03141075907811758
  outer loop
    vertex -140.45264148227852 -416.7 22.493027531296445
    vertex -140.5 -466.6999999999998 23.999999999999968
    vertex -140.45264148227852 -466.6999999999998 22.493027531296445
  endloop
endfacet
facet normal 0.9759167619387495 -1.0834852592220952e-16 -0.21814324139653374
  outer loop
    vertex -139.74599586708715 -466.6999999999998 29.968557291956493
    vertex -140.0748940174885 -416.7 28.497151550057364
    vertex -139.74599586708715 -416.7 29.968557291956493
  endloop
endfacet
facet normal 0.9759167619387495 -1.0834852592220952e-16 -0.21814324139653374
  outer loop
    vertex -140.0748940174885 -416.7 28.497151550057364
    vertex -139.74599586708715 -466.6999999999998 29.968557291956493
    vertex -140.0748940174885 -466.6999999999998 28.497151550057364
  endloop
endfacet
facet normal 0.9955619646030799 -1.1052958155434575e-16 -0.09410831331851566
  outer loop
    vertex -140.31075283154746 -466.6999999999998 27.007997605543277
    vertex -140.45264148227852 -416.7 25.506972468703495
    vertex -140.31075283154746 -416.7 27.007997605543277
  endloop
endfacet
facet normal 0.9955619646030799 -1.1052958155434575e-16 -0.09410831331851566
  outer loop
    vertex -140.45264148227852 -416.7 25.506972468703495
    vertex -140.31075283154746 -466.6999999999998 27.007997605543277
    vertex -140.45264148227852 -466.6999999999998 25.506972468703495
  endloop
endfacet
facet normal 0.9955619646030799 -1.1052958155434487e-16 0.09410831331851584
  outer loop
    vertex -140.45264148227852 -466.6999999999998 22.493027531296445
    vertex -140.31075283154746 -416.7 20.99200239445667
    vertex -140.45264148227852 -416.7 22.493027531296445
  endloop
endfacet
facet normal 0.9955619646030799 -1.1052958155434487e-16 0.09410831331851584
  outer loop
    vertex -140.31075283154746 -416.7 20.99200239445667
    vertex -140.45264148227852 -466.6999999999998 22.493027531296445
    vertex -140.31075283154746 -466.6999999999998 20.99200239445667
  endloop
endfacet
facet normal 0.8910065241883705 -9.892159582451917e-17 0.45399049973954175
  outer loop
    vertex -138.21584925918444 -466.6999999999998 13.781297002438228
    vertex -137.53136032105272 -416.7 12.437911821558801
    vertex -138.21584925918444 -416.7 13.781297002438228
  endloop
endfacet
facet normal 0.8910065241883705 -9.892159582451917e-17 0.45399049973954175
  outer loop
    vertex -137.53136032105272 -416.7 12.437911821558801
    vertex -138.21584925918444 -466.6999999999998 13.781297002438228
    vertex -137.53136032105272 -466.6999999999998 12.437911821558801
  endloop
endfacet
facet normal 0.7901550123756937 -8.77248287762546e-17 -0.6129070536529724
  outer loop
    vertex -134.99231782661894 -466.6999999999998 39.29817575396853
    vertex -135.91640786499872 -416.7 38.10684605501933
    vertex -134.99231782661894 -416.7 39.29817575396853
  endloop
endfacet
facet normal 0.7901550123756937 -8.77248287762546e-17 -0.6129070536529724
  outer loop
    vertex -135.91640786499872 -416.7 38.10684605501933
    vertex -134.99231782661894 -466.6999999999998 39.29817575396853
    vertex -135.91640786499872 -466.6999999999998 38.10684605501933
  endloop
endfacet
facet normal 0.8910065241883708 -9.892159582452345e-17 -0.45399049973954153
  outer loop
    vertex -137.53136032105274 -466.6999999999998 35.562088178441144
    vertex -138.21584925918447 -416.7 34.21870299756172
    vertex -137.53136032105274 -416.7 35.562088178441144
  endloop
endfacet
facet normal 0.8910065241883708 -9.892159582452345e-17 -0.45399049973954153
  outer loop
    vertex -138.21584925918447 -416.7 34.21870299756172
    vertex -137.53136032105274 -466.6999999999998 35.562088178441144
    vertex -138.21584925918447 -466.6999999999998 34.21870299756172
  endloop
endfacet
facet normal 0.75011106963046 -8.32790580530016e-17 -0.6613118653236514
  outer loop
    vertex -133.99524705811388 -466.6999999999998 40.429130542288505
    vertex -134.99231782661894 -416.7 39.29817575396853
    vertex -133.99524705811388 -416.7 40.429130542288505
  endloop
endfacet
facet normal 0.75011106963046 -8.32790580530016e-17 -0.6613118653236514
  outer loop
    vertex -134.99231782661894 -416.7 39.29817575396853
    vertex -133.99524705811388 -466.6999999999998 40.429130542288505
    vertex -134.99231782661894 -466.6999999999998 39.29817575396853
  endloop
endfacet
facet normal 0.9602936856769456 -1.0661401602407416e-16 0.2789911060392203
  outer loop
    vertex -139.74599586708712 -466.6999999999998 18.031442708043453
    vertex -139.3253563910837 -416.7 16.583592135001226
    vertex -139.74599586708712 -416.7 18.031442708043453
  endloop
endfacet
facet normal 0.9602936856769456 -1.0661401602407416e-16 0.2789911060392203
  outer loop
    vertex -139.3253563910837 -416.7 16.583592135001226
    vertex -139.74599586708712 -466.6999999999998 18.031442708043453
    vertex -139.3253563910837 -466.6999999999998 16.583592135001226
  endloop
endfacet
facet normal 0.9408807689542255 -1.044587493120043e-16 0.33873792024529187
  outer loop
    vertex -139.3253563910837 -466.6999999999998 16.583592135001226
    vertex -138.81463566131802 -416.7 15.165010735567693
    vertex -139.3253563910837 -416.7 16.583592135001226
  endloop
endfacet
facet normal 0.9408807689542255 -1.044587493120043e-16 0.33873792024529187
  outer loop
    vertex -138.81463566131802 -416.7 15.165010735567693
    vertex -139.3253563910837 -466.6999999999998 16.583592135001226
    vertex -138.81463566131802 -466.6999999999998 15.165010735567693
  endloop
endfacet
facet normal 0.8270805742745646 -9.18243896779841e-17 0.5620833778521266
  outer loop
    vertex -136.76387021204835 -466.6999999999998 11.140156920504051
    vertex -135.91640786499872 -416.7 9.893153944980615
    vertex -136.76387021204835 -416.7 11.140156920504051
  endloop
endfacet
facet normal 0.8270805742745646 -9.18243896779841e-17 0.5620833778521266
  outer loop
    vertex -135.91640786499872 -416.7 9.893153944980615
    vertex -136.76387021204835 -466.6999999999998 11.140156920504051
    vertex -135.91640786499872 -466.6999999999998 9.893153944980615
  endloop
endfacet
facet normal 0.7071067811865493 -7.850462293419644e-17 -0.7071067811865457
  outer loop
    vertex -132.92913054228853 -466.6999999999998 41.495247058113854
    vertex -133.99524705811388 -416.7 40.429130542288505
    vertex -132.92913054228853 -416.7 41.495247058113854
  endloop
endfacet
facet normal 0.7071067811865493 -7.850462293419644e-17 -0.7071067811865457
  outer loop
    vertex -133.99524705811388 -416.7 40.429130542288505
    vertex -132.92913054228853 -466.6999999999998 41.495247058113854
    vertex -133.99524705811388 -466.6999999999998 40.429130542288505
  endloop
endfacet
facet normal 0.7901550123756871 -8.772482877624812e-17 0.6129070536529807
  outer loop
    vertex -135.91640786499872 -466.6999999999998 9.893153944980615
    vertex -134.99231782661892 -416.7 8.701824246031416
    vertex -135.91640786499872 -416.7 9.893153944980615
  endloop
endfacet
facet normal 0.7901550123756871 -8.772482877624812e-17 0.6129070536529807
  outer loop
    vertex -134.99231782661892 -416.7 8.701824246031416
    vertex -135.91640786499872 -466.6999999999998 9.893153944980615
    vertex -134.99231782661892 -466.6999999999998 8.701824246031416
  endloop
endfacet
facet normal 0.8607420270039418 -9.556156166423791e-17 -0.5090414157503748
  outer loop
    vertex -136.76387021204837 -466.6999999999998 36.859843079495896
    vertex -137.53136032105274 -416.7 35.562088178441144
    vertex -136.76387021204837 -416.7 36.859843079495896
  endloop
endfacet
facet normal 0.8607420270039418 -9.556156166423791e-17 -0.5090414157503748
  outer loop
    vertex -137.53136032105274 -416.7 35.562088178441144
    vertex -136.76387021204837 -466.6999999999998 36.859843079495896
    vertex -137.53136032105274 -466.6999999999998 35.562088178441144
  endloop
endfacet
facet normal 0.5620833778521288 -6.240379078505096e-17 0.8270805742745633
  outer loop
    vertex -130.60684605501933 -416.7 4.5835921350012345
    vertex -129.35984307949587 -466.6999999999998 3.736129787951612
    vertex -129.35984307949587 -416.7 3.736129787951612
  endloop
endfacet
facet normal 0.5620833778521288 -6.240379078505096e-17 0.8270805742745633
  outer loop
    vertex -129.35984307949587 -466.6999999999998 3.736129787951612
    vertex -130.60684605501933 -416.7 4.5835921350012345
    vertex -130.60684605501933 -466.6999999999998 4.5835921350012345
  endloop
endfacet
facet normal -0.44721359549995976 4.965068306495249e-17 0.8944271909999151
  outer loop
    vertex -116.50000000000003 -416.7 -3.111803398875
    vertex -114.65000000000002 -466.6999999999998 -2.1868033988749906
    vertex -114.65000000000002 -416.7 -2.1868033988749906
  endloop
endfacet
facet normal -0.44721359549995976 4.965068306495249e-17 0.8944271909999151
  outer loop
    vertex -114.65000000000002 -466.6999999999998 -2.1868033988749906
    vertex -116.50000000000003 -416.7 -3.111803398875
    vertex -116.50000000000003 -466.6999999999998 -3.111803398875
  endloop
endfacet
facet normal 0.21814324139654084 -2.4218764926477035e-17 0.975916761938748
  outer loop
    vertex -122.46855729195647 -416.7 0.7540041329128406
    vertex -120.99715155005734 -466.6999999999998 0.4251059825114608
    vertex -120.99715155005734 -416.7 0.4251059825114608
  endloop
endfacet
facet normal 0.21814324139654084 -2.4218764926477035e-17 0.975916761938748
  outer loop
    vertex -120.99715155005734 -466.6999999999998 0.4251059825114608
    vertex -122.46855729195647 -416.7 0.7540041329128406
    vertex -122.46855729195647 -466.6999999999998 0.7540041329128406
  endloop
endfacet
facet normal 0.5090414157503675 -5.651495002538345e-17 0.8607420270039461
  outer loop
    vertex -129.35984307949587 -416.7 3.736129787951612
    vertex -128.06208817844112 -466.6999999999998 2.968639678947251
    vertex -128.06208817844112 -416.7 2.968639678947251
  endloop
endfacet
facet normal 0.5090414157503675 -5.651495002538345e-17 0.8607420270039461
  outer loop
    vertex -128.06208817844112 -466.6999999999998 2.968639678947251
    vertex -129.35984307949587 -416.7 3.736129787951612
    vertex -129.35984307949587 -466.6999999999998 3.736129787951612
  endloop
endfacet
facet normal 0.4539904997395519 -5.040307057719167e-17 0.8910065241883652
  outer loop
    vertex -128.06208817844112 -416.7 2.968639678947251
    vertex -126.71870299756172 -466.6999999999998 2.284150740815509
    vertex -126.71870299756172 -416.7 2.284150740815509
  endloop
endfacet
facet normal 0.4539904997395519 -5.040307057719167e-17 0.8910065241883652
  outer loop
    vertex -126.71870299756172 -466.6999999999998 2.284150740815509
    vertex -128.06208817844112 -416.7 2.968639678947251
    vertex -128.06208817844112 -466.6999999999998 2.968639678947251
  endloop
endfacet
facet normal 1.0 -1.1102230246252155e-16 -2.89989166649013e-14
  outer loop
    vertex -116.49999999999994 -466.6999999999998 0.0
    vertex -116.50000000000003 -416.7 -3.111803398875
    vertex -116.49999999999994 -416.7 0.0
  endloop
endfacet
facet normal 1.0 -1.1102230246252155e-16 -2.89989166649013e-14
  outer loop
    vertex -116.50000000000003 -416.7 -3.111803398875
    vertex -116.49999999999994 -466.6999999999998 0.0
    vertex -116.50000000000003 -466.6999999999998 -3.111803398875
  endloop
endfacet
facet normal 0.33873792024529137 -3.7607463836993833e-17 0.9408807689542256
  outer loop
    vertex -125.33498926443222 -416.7 1.6853643386819492
    vertex -123.9164078649987 -466.6999999999998 1.174643608916299
    vertex -123.9164078649987 -416.7 1.174643608916299
  endloop
endfacet
facet normal 0.33873792024529137 -3.7607463836993833e-17 0.9408807689542256
  outer loop
    vertex -123.9164078649987 -466.6999999999998 1.174643608916299
    vertex -125.33498926443222 -416.7 1.6853643386819492
    vertex -125.33498926443222 -466.6999999999998 1.6853643386819492
  endloop
endfacet
facet normal 0.09410831331851197 -1.0448121625480915e-17 0.9955619646030803
  outer loop
    vertex -119.50799760554327 -416.7 0.18924716845252665
    vertex -118.00697246870348 -466.6999999999998 0.04735851772148052
    vertex -118.00697246870348 -416.7 0.04735851772148052
  endloop
endfacet
facet normal 0.09410831331851197 -1.0448121625480915e-17 0.9955619646030803
  outer loop
    vertex -118.00697246870348 -466.6999999999998 0.04735851772148052
    vertex -119.50799760554327 -416.7 0.18924716845252665
    vertex -119.50799760554327 -466.6999999999998 0.18924716845252665
  endloop
endfacet
facet normal -0.44721359549995776 4.965068306494389e-17 -0.8944271909999162
  outer loop
    vertex -116.50000000000001 -466.6999999999998 -4.888196601124979
    vertex -114.65000000000002 -416.7 -5.813196601124971
    vertex -114.65000000000002 -466.6999999999998 -5.813196601124971
  endloop
endfacet
facet normal -0.44721359549995776 4.965068306494389e-17 -0.8944271909999162
  outer loop
    vertex -114.65000000000002 -416.7 -5.813196601124971
    vertex -116.50000000000001 -466.6999999999998 -4.888196601124979
    vertex -116.50000000000001 -416.7 -4.888196601124979
  endloop
endfacet
facet normal 0.2789911060392257 -3.097423495903584e-17 0.9602936856769442
  outer loop
    vertex -123.9164078649987 -416.7 1.174643608916299
    vertex -122.46855729195647 -466.6999999999998 0.7540041329128406
    vertex -122.46855729195647 -416.7 0.7540041329128406
  endloop
endfacet
facet normal 0.2789911060392257 -3.097423495903584e-17 0.9602936856769442
  outer loop
    vertex -122.46855729195647 -466.6999999999998 0.7540041329128406
    vertex -123.9164078649987 -416.7 1.174643608916299
    vertex -123.9164078649987 -466.6999999999998 1.174643608916299
  endloop
endfacet
facet normal 0.3971478906347738 -4.4092273236401984e-17 0.9177546256839841
  outer loop
    vertex -126.71870299756172 -416.7 2.284150740815509
    vertex -125.33498926443222 -466.6999999999998 1.6853643386819492
    vertex -125.33498926443222 -416.7 1.6853643386819492
  endloop
endfacet
facet normal 0.3971478906347738 -4.4092273236401984e-17 0.9177546256839841
  outer loop
    vertex -125.33498926443222 -466.6999999999998 1.6853643386819492
    vertex -126.71870299756172 -416.7 2.284150740815509
    vertex -126.71870299756172 -466.6999999999998 2.284150740815509
  endloop
endfacet
facet normal 0.15643446504022884 -1.736771449325441e-17 0.9876883405951382
  outer loop
    vertex -120.99715155005734 -416.7 0.4251059825114608
    vertex -119.50799760554327 -466.6999999999998 0.18924716845252665
    vertex -119.50799760554327 -416.7 0.18924716845252665
  endloop
endfacet
facet normal 0.15643446504022884 -1.736771449325441e-17 0.9876883405951382
  outer loop
    vertex -119.50799760554327 -466.6999999999998 0.18924716845252665
    vertex -120.99715155005734 -416.7 0.4251059825114608
    vertex -120.99715155005734 -466.6999999999998 0.4251059825114608
  endloop
endfacet
facet normal 0.03141075907812662 -3.487294794944484e-18 0.9995065603657316
  outer loop
    vertex -118.00697246870348 -416.7 0.04735851772148052
    vertex -116.49999999999994 -466.6999999999998 0.0
    vertex -116.49999999999994 -416.7 0.0
  endloop
endfacet
facet normal 0.03141075907812662 -3.487294794944484e-18 0.9995065603657316
  outer loop
    vertex -116.49999999999994 -466.6999999999998 0.0
    vertex -118.00697246870348 -416.7 0.04735851772148052
    vertex -118.00697246870348 -466.6999999999998 0.04735851772148052
  endloop
endfacet
facet normal 1.0 -1.1102230246252155e-16 0.0
  outer loop
    vertex -114.65000000000002 -466.6999999999998 -2.1868033988749906
    vertex -114.65000000000002 -416.7 -5.813196601124971
    vertex -114.65000000000002 -416.7 -2.1868033988749906
  endloop
endfacet
facet normal 1.0 -1.1102230246252155e-16 0.0
  outer loop
    vertex -114.65000000000002 -416.7 -5.813196601124971
    vertex -114.65000000000002 -466.6999999999998 -2.1868033988749906
    vertex -114.65000000000002 -466.6999999999998 -5.813196601124971
  endloop
endfacet
endsolid matrix4-final
