solid matrix3
facet normal 0.0 0.0 -1.0
  outer loop
    vertex 27.49999999999997 -121.60000000000005 150.99999999999994
    vertex 2.499999999999973 -151.60000000000005 150.99999999999994
    vertex 2.499999999999973 -121.60000000000005 150.99999999999994
  endloop
endfacet
facet normal 0.0 0.0 -1.0
  outer loop
    vertex 2.499999999999973 -151.60000000000005 150.99999999999994
    vertex 27.49999999999997 -121.60000000000005 150.99999999999994
    vertex 27.49999999999997 -151.60000000000005 150.99999999999994
  endloop
endfacet
facet normal -0.19509032201614168 0.9807852804032279 1.0917002731190724e-18
  outer loop
    vertex -113.5352761804101 -111.73629669484379 152.99999999999994
    vertex -113.02210476888021 -111.63422055450482 147.99999999999994
    vertex -113.5352761804101 -111.73629669484379 147.99999999999994
  endloop
endfacet
facet normal -0.19509032201614168 0.9807852804032279 1.0917002731190724e-18
  outer loop
    vertex -113.02210476888021 -111.63422055450482 147.99999999999994
    vertex -113.5352761804101 -111.73629669484379 152.99999999999994
    vertex -113.02210476888021 -111.63422055450482 152.99999999999994
  endloop
endfacet
facet normal -0.9807852804032279 -0.19509032201614168 1.0917002731190724e-18
  outer loop
    vertex -116.46577944549524 -158.12210476888023 152.99999999999994
    vertex -116.36370330515626 -158.6352761804101 147.99999999999994
    vertex -116.36370330515626 -158.6352761804101 152.99999999999994
  endloop
endfacet
facet normal -0.9807852804032279 -0.19509032201614168 1.0917002731190724e-18
  outer loop
    vertex -116.36370330515626 -158.6352761804101 147.99999999999994
    vertex -116.46577944549524 -158.12210476888023 152.99999999999994
    vertex -116.46577944549524 -158.12210476888023 147.99999999999994
  endloop
endfacet
facet normal -0.4422886902189896 0.8968727415326941 1.237495225118717e-18
  outer loop
    vertex -114.5 -112.1358983848623 152.99999999999994
    vertex -114.03073372946037 -111.90448186995492 147.99999999999994
    vertex -114.5 -112.1358983848623 147.99999999999994
  endloop
endfacet
facet normal -0.4422886902189896 0.8968727415326941 1.237495225118717e-18
  outer loop
    vertex -114.03073372946037 -111.90448186995492 147.99999999999994
    vertex -114.5 -112.1358983848623 152.99999999999994
    vertex -114.03073372946037 -111.90448186995492 152.99999999999994
  endloop
endfacet
facet normal -0.9469301294951038 -0.3214394653031672 8.99366889260566e-19
  outer loop
    vertex -116.36370330515626 -158.6352761804101 152.99999999999994
    vertex -116.19551813004513 -159.13073372946036 147.99999999999994
    vertex -116.19551813004513 -159.13073372946036 152.99999999999994
  endloop
endfacet
facet normal -0.9469301294951038 -0.3214394653031672 8.99366889260566e-19
  outer loop
    vertex -116.19551813004513 -159.13073372946036 147.99999999999994
    vertex -116.36370330515626 -158.6352761804101 152.99999999999994
    vertex -116.36370330515626 -158.6352761804101 147.99999999999994
  endloop
endfacet
facet normal 0.32143946530315404 -0.9469301294951084 -3.179116709811537e-32
  outer loop
    vertex 116.03073372946034 -161.29551813004517 152.99999999999994
    vertex 115.53527618041004 -161.4637033051563 147.99999999999994
    vertex 116.03073372946034 -161.29551813004517 147.99999999999994
  endloop
endfacet
facet normal 0.32143946530315404 -0.9469301294951084 -3.179116709811537e-32
  outer loop
    vertex 115.53527618041004 -161.4637033051563 147.99999999999994
    vertex 116.03073372946034 -161.29551813004517 152.99999999999994
    vertex 115.53527618041004 -161.4637033051563 152.99999999999994
  endloop
endfacet
facet normal -0.7518398074789915 0.6593458151000531 3.76592250971694e-30
  outer loop
    vertex -115.3284271247462 -112.77157287525387 152.99999999999994
    vertex -115.67341336116495 -113.16495428396519 147.99999999999994
    vertex -115.67341336116495 -113.16495428396519 152.99999999999994
  endloop
endfacet
facet normal -0.7518398074789915 0.6593458151000531 3.76592250971694e-30
  outer loop
    vertex -115.67341336116495 -113.16495428396519 147.99999999999994
    vertex -115.3284271247462 -112.77157287525387 152.99999999999994
    vertex -115.3284271247462 -112.77157287525387 147.99999999999994
  endloop
endfacet
facet normal -0.8314696123025455 0.5555702330196022 -1.5544496746219123e-18
  outer loop
    vertex -115.67341336116495 -113.16495428396519 152.99999999999994
    vertex -115.96410161513775 -113.60000000000007 147.99999999999994
    vertex -115.96410161513775 -113.60000000000007 152.99999999999994
  endloop
endfacet
facet normal -0.8314696123025455 0.5555702330196022 -1.5544496746219123e-18
  outer loop
    vertex -115.96410161513775 -113.60000000000007 147.99999999999994
    vertex -115.67341336116495 -113.16495428396519 152.99999999999994
    vertex -115.67341336116495 -113.16495428396519 147.99999999999994
  endloop
endfacet
facet normal -0.9469301294951038 0.3214394653031672 -8.99366889260566e-19
  outer loop
    vertex -116.19551813004513 -114.0692662705397 152.99999999999994
    vertex -116.36370330515626 -114.56472381958997 147.99999999999994
    vertex -116.36370330515626 -114.56472381958997 152.99999999999994
  endloop
endfacet
facet normal -0.9469301294951038 0.3214394653031672 -8.99366889260566e-19
  outer loop
    vertex -116.36370330515626 -114.56472381958997 147.99999999999994
    vertex -116.19551813004513 -114.0692662705397 152.99999999999994
    vertex -116.19551813004513 -114.0692662705397 147.99999999999994
  endloop
endfacet
facet normal -0.8314696123025455 -0.5555702330196022 -1.5544496746219123e-18
  outer loop
    vertex -115.96410161513775 -159.60000000000002 152.99999999999994
    vertex -115.67341336116495 -160.03504571603492 147.99999999999994
    vertex -115.67341336116495 -160.03504571603492 152.99999999999994
  endloop
endfacet
facet normal -0.8314696123025455 -0.5555702330196022 -1.5544496746219123e-18
  outer loop
    vertex -115.67341336116495 -160.03504571603492 147.99999999999994
    vertex -115.96410161513775 -159.60000000000002 152.99999999999994
    vertex -115.96410161513775 -159.60000000000002 147.99999999999994
  endloop
endfacet
facet normal -0.8968727415326941 0.44228869021898964 1.237495225118717e-18
  outer loop
    vertex -115.96410161513775 -113.60000000000007 152.99999999999994
    vertex -116.19551813004513 -114.0692662705397 147.99999999999994
    vertex -116.19551813004513 -114.0692662705397 152.99999999999994
  endloop
endfacet
facet normal -0.8968727415326941 0.44228869021898964 1.237495225118717e-18
  outer loop
    vertex -116.19551813004513 -114.0692662705397 147.99999999999994
    vertex -115.96410161513775 -113.60000000000007 152.99999999999994
    vertex -115.96410161513775 -113.60000000000007 147.99999999999994
  endloop
endfacet
facet normal -0.9807852804032279 0.19509032201614168 1.0917002731190724e-18
  outer loop
    vertex -116.36370330515626 -114.56472381958997 152.99999999999994
    vertex -116.46577944549524 -115.07789523111984 147.99999999999994
    vertex -116.46577944549524 -115.07789523111984 152.99999999999994
  endloop
endfacet
facet normal -0.9807852804032279 0.19509032201614168 1.0917002731190724e-18
  outer loop
    vertex -116.46577944549524 -115.07789523111984 147.99999999999994
    vertex -116.36370330515626 -114.56472381958997 152.99999999999994
    vertex -116.36370330515626 -114.56472381958997 147.99999999999994
  endloop
endfacet
facet normal 0.0 1.0 0.0
  outer loop
    vertex -112.5 -111.60000000000004 152.99999999999994
    vertex 114.49999999999994 -111.60000000000004 147.99999999999994
    vertex -112.5 -111.60000000000004 147.99999999999994
  endloop
endfacet
facet normal 0.0 1.0 0.0
  outer loop
    vertex 114.49999999999994 -111.60000000000004 147.99999999999994
    vertex -112.5 -111.60000000000004 152.99999999999994
    vertex 114.49999999999994 -111.60000000000004 152.99999999999994
  endloop
endfacet
facet normal -0.8968727415327025 -0.4422886902189725 3.601585122339535e-29
  outer loop
    vertex -116.19551813004513 -159.13073372946036 152.99999999999994
    vertex -115.96410161513775 -159.60000000000002 147.99999999999994
    vertex -115.96410161513775 -159.60000000000002 152.99999999999994
  endloop
endfacet
facet normal -0.8968727415327025 -0.4422886902189725 3.601585122339535e-29
  outer loop
    vertex -115.96410161513775 -159.60000000000002 147.99999999999994
    vertex -116.19551813004513 -159.13073372946036 152.99999999999994
    vertex -116.19551813004513 -159.13073372946036 147.99999999999994
  endloop
endfacet
facet normal 0.751839807478994 0.6593458151000501 7.796099181969355e-32
  outer loop
    vertex 117.32842712474614 -112.77157287525387 147.99999999999994
    vertex 117.67341336116488 -113.16495428396516 152.99999999999994
    vertex 117.67341336116488 -113.16495428396516 147.99999999999994
  endloop
endfacet
facet normal 0.751839807478994 0.6593458151000501 7.796099181969355e-32
  outer loop
    vertex 117.67341336116488 -113.16495428396516 152.99999999999994
    vertex 117.32842712474614 -112.77157287525387 147.99999999999994
    vertex 117.32842712474614 -112.77157287525387 152.99999999999994
  endloop
endfacet
facet normal 0.0 0.0 -1.0
  outer loop
    vertex -28.500000000000014 -145.6 150.99999999999994
    vertex -53.500000000000014 -148.60000000000005 150.99999999999994
    vertex -53.500000000000014 -145.6 150.99999999999994
  endloop
endfacet
facet normal 0.0 0.0 -1.0
  outer loop
    vertex -53.500000000000014 -148.60000000000005 150.99999999999994
    vertex -28.500000000000014 -145.6 150.99999999999994
    vertex -28.500000000000014 -148.60000000000005 150.99999999999994
  endloop
endfacet
facet normal -0.065403129230129 -0.9978589232386045 -7.859338166241796e-29
  outer loop
    vertex -112.5 -161.60000000000002 152.99999999999994
    vertex -113.02210476888021 -161.56577944549528 147.99999999999994
    vertex -112.5 -161.60000000000002 147.99999999999994
  endloop
endfacet
facet normal -0.065403129230129 -0.9978589232386045 -7.859338166241796e-29
  outer loop
    vertex -113.02210476888021 -161.56577944549528 147.99999999999994
    vertex -112.5 -161.60000000000002 152.99999999999994
    vertex -113.02210476888021 -161.56577944549528 152.99999999999994
  endloop
endfacet
facet normal 0.1950903220161334 -0.9807852804032294 -4.081474737766814e-32
  outer loop
    vertex 115.53527618041004 -161.4637033051563 152.99999999999994
    vertex 115.02210476888014 -161.56577944549528 147.99999999999994
    vertex 115.53527618041004 -161.4637033051563 147.99999999999994
  endloop
endfacet
facet normal 0.1950903220161334 -0.9807852804032294 -4.081474737766814e-32
  outer loop
    vertex 115.02210476888014 -161.56577944549528 147.99999999999994
    vertex 115.53527618041004 -161.4637033051563 152.99999999999994
    vertex 115.02210476888014 -161.56577944549528 152.99999999999994
  endloop
endfacet
facet normal -1.0 0.0 0.0
  outer loop
    vertex -116.49999999999999 -115.60000000000007 152.99999999999994
    vertex -116.49999999999999 -157.60000000000002 147.99999999999994
    vertex -116.49999999999999 -157.60000000000002 152.99999999999994
  endloop
endfacet
facet normal -1.0 0.0 0.0
  outer loop
    vertex -116.49999999999999 -157.60000000000002 147.99999999999994
    vertex -116.49999999999999 -115.60000000000007 152.99999999999994
    vertex -116.49999999999999 -115.60000000000007 147.99999999999994
  endloop
endfacet
facet normal 0.32143946530315404 0.9469301294951084 6.857520499879349e-32
  outer loop
    vertex 115.53527618041004 -111.73629669484377 152.99999999999994
    vertex 116.03073372946034 -111.90448186995489 147.99999999999994
    vertex 115.53527618041004 -111.73629669484377 147.99999999999994
  endloop
endfacet
facet normal 0.32143946530315404 0.9469301294951084 6.857520499879349e-32
  outer loop
    vertex 116.03073372946034 -111.90448186995489 147.99999999999994
    vertex 115.53527618041004 -111.73629669484377 152.99999999999994
    vertex 116.03073372946034 -111.90448186995489 152.99999999999994
  endloop
endfacet
facet normal -0.9978589232386045 0.065403129230129 2.6629093440424837e-30
  outer loop
    vertex -116.46577944549524 -115.07789523111984 152.99999999999994
    vertex -116.49999999999999 -115.60000000000007 147.99999999999994
    vertex -116.49999999999999 -115.60000000000007 152.99999999999994
  endloop
endfacet
facet normal -0.9978589232386045 0.065403129230129 2.6629093440424837e-30
  outer loop
    vertex -116.49999999999999 -115.60000000000007 147.99999999999994
    vertex -116.46577944549524 -115.07789523111984 152.99999999999994
    vertex -116.46577944549524 -115.07789523111984 147.99999999999994
  endloop
endfacet
facet normal -0.44228869021898964 -0.8968727415326941 1.237495225118717e-18
  outer loop
    vertex -114.03073372946037 -161.29551813004517 152.99999999999994
    vertex -114.5 -161.0641016151378 147.99999999999994
    vertex -114.03073372946037 -161.29551813004517 147.99999999999994
  endloop
endfacet
facet normal -0.44228869021898964 -0.8968727415326941 1.237495225118717e-18
  outer loop
    vertex -114.5 -161.0641016151378 147.99999999999994
    vertex -114.03073372946037 -161.29551813004517 152.99999999999994
    vertex -114.5 -161.0641016151378 152.99999999999994
  endloop
endfacet
facet normal -0.5555702330196022 -0.8314696123025455 -1.5544496746219123e-18
  outer loop
    vertex -114.5 -161.0641016151378 152.99999999999994
    vertex -114.93504571603488 -160.77341336116498 147.99999999999994
    vertex -114.5 -161.0641016151378 147.99999999999994
  endloop
endfacet
facet normal -0.5555702330196022 -0.8314696123025455 -1.5544496746219123e-18
  outer loop
    vertex -114.93504571603488 -160.77341336116498 147.99999999999994
    vertex -114.5 -161.0641016151378 152.99999999999994
    vertex -114.93504571603488 -160.77341336116498 152.99999999999994
  endloop
endfacet
facet normal 0.44228869021900663 -0.8968727415326856 -2.2223631135335208e-32
  outer loop
    vertex 116.49999999999994 -161.0641016151378 152.99999999999994
    vertex 116.03073372946034 -161.29551813004517 147.99999999999994
    vertex 116.49999999999994 -161.0641016151378 147.99999999999994
  endloop
endfacet
facet normal 0.44228869021900663 -0.8968727415326856 -2.2223631135335208e-32
  outer loop
    vertex 116.03073372946034 -161.29551813004517 147.99999999999994
    vertex 116.49999999999994 -161.0641016151378 152.99999999999994
    vertex 116.03073372946034 -161.29551813004517 152.99999999999994
  endloop
endfacet
facet normal -0.06540312923017197 0.9978589232386018 -3.4899311250497084e-19
  outer loop
    vertex -113.02210476888021 -111.63422055450482 152.99999999999994
    vertex -112.5 -111.60000000000004 147.99999999999994
    vertex -113.02210476888021 -111.63422055450482 147.99999999999994
  endloop
endfacet
facet normal -0.06540312923017197 0.9978589232386018 -3.4899311250497084e-19
  outer loop
    vertex -112.5 -111.60000000000004 147.99999999999994
    vertex -113.02210476888021 -111.63422055450482 152.99999999999994
    vertex -112.5 -111.60000000000004 152.99999999999994
  endloop
endfacet
facet normal -0.6593458151000531 0.7518398074789915 3.76592250971694e-30
  outer loop
    vertex -115.3284271247462 -112.77157287525387 152.99999999999994
    vertex -114.93504571603488 -112.42658663883512 147.99999999999994
    vertex -115.3284271247462 -112.77157287525387 147.99999999999994
  endloop
endfacet
facet normal -0.6593458151000531 0.7518398074789915 3.76592250971694e-30
  outer loop
    vertex -114.93504571603488 -112.42658663883512 147.99999999999994
    vertex -115.3284271247462 -112.77157287525387 152.99999999999994
    vertex -114.93504571603488 -112.42658663883512 152.99999999999994
  endloop
endfacet
facet normal 0.4422886902190414 0.8968727415326686 7.283709245600377e-32
  outer loop
    vertex 116.03073372946034 -111.90448186995489 152.99999999999994
    vertex 116.49999999999994 -112.1358983848623 147.99999999999994
    vertex 116.03073372946034 -111.90448186995489 147.99999999999994
  endloop
endfacet
facet normal 0.4422886902190414 0.8968727415326686 7.283709245600377e-32
  outer loop
    vertex 116.49999999999994 -112.1358983848623 147.99999999999994
    vertex 116.03073372946034 -111.90448186995489 152.99999999999994
    vertex 116.49999999999994 -112.1358983848623 152.99999999999994
  endloop
endfacet
facet normal 0.06540312923013183 0.9978589232386043 5.662440603577176e-32
  outer loop
    vertex 114.49999999999994 -111.60000000000004 152.99999999999994
    vertex 115.02210476888014 -111.6342205545048 147.99999999999994
    vertex 114.49999999999994 -111.60000000000004 147.99999999999994
  endloop
endfacet
facet normal 0.06540312923013183 0.9978589232386043 5.662440603577176e-32
  outer loop
    vertex 115.02210476888014 -111.6342205545048 147.99999999999994
    vertex 114.49999999999994 -111.60000000000004 152.99999999999994
    vertex 115.02210476888014 -111.6342205545048 152.99999999999994
  endloop
endfacet
facet normal -0.19509032201614168 -0.9807852804032279 1.0917002731190724e-18
  outer loop
    vertex -113.02210476888021 -161.56577944549528 152.99999999999994
    vertex -113.5352761804101 -161.4637033051563 147.99999999999994
    vertex -113.02210476888021 -161.56577944549528 147.99999999999994
  endloop
endfacet
facet normal -0.19509032201614168 -0.9807852804032279 1.0917002731190724e-18
  outer loop
    vertex -113.5352761804101 -161.4637033051563 147.99999999999994
    vertex -113.02210476888021 -161.56577944549528 152.99999999999994
    vertex -113.5352761804101 -161.4637033051563 152.99999999999994
  endloop
endfacet
facet normal 0.0 -1.0 0.0
  outer loop
    vertex 114.49999999999994 -161.60000000000002 152.99999999999994
    vertex -112.5 -161.60000000000002 147.99999999999994
    vertex 114.49999999999994 -161.60000000000002 147.99999999999994
  endloop
endfacet
facet normal 0.0 -1.0 0.0
  outer loop
    vertex -112.5 -161.60000000000002 147.99999999999994
    vertex 114.49999999999994 -161.60000000000002 152.99999999999994
    vertex -112.5 -161.60000000000002 152.99999999999994
  endloop
endfacet
facet normal -0.9978589232386043 -0.06540312923013183 0.0
  outer loop
    vertex -116.49999999999999 -157.60000000000002 152.99999999999994
    vertex -116.46577944549524 -158.12210476888023 147.99999999999994
    vertex -116.46577944549524 -158.12210476888023 152.99999999999994
  endloop
endfacet
facet normal -0.9978589232386043 -0.06540312923013183 0.0
  outer loop
    vertex -116.46577944549524 -158.12210476888023 147.99999999999994
    vertex -116.49999999999999 -157.60000000000002 152.99999999999994
    vertex -116.49999999999999 -157.60000000000002 147.99999999999994
  endloop
endfacet
facet normal 0.06540312923013183 -0.9978589232386043 -4.913997601360513e-32
  outer loop
    vertex 115.02210476888014 -161.56577944549528 152.99999999999994
    vertex 114.49999999999994 -161.60000000000002 147.99999999999994
    vertex 115.02210476888014 -161.56577944549528 147.99999999999994
  endloop
endfacet
facet normal 0.06540312923013183 -0.9978589232386043 -4.913997601360513e-32
  outer loop
    vertex 114.49999999999994 -161.60000000000002 147.99999999999994
    vertex 115.02210476888014 -161.56577944549528 152.99999999999994
    vertex 114.49999999999994 -161.60000000000002 152.99999999999994
  endloop
endfacet
facet normal -0.5555702330196022 0.8314696123025455 -1.5544496746219123e-18
  outer loop
    vertex -114.93504571603488 -112.42658663883512 152.99999999999994
    vertex -114.5 -112.1358983848623 147.99999999999994
    vertex -114.93504571603488 -112.42658663883512 147.99999999999994
  endloop
endfacet
facet normal -0.5555702330196022 0.8314696123025455 -1.5544496746219123e-18
  outer loop
    vertex -114.5 -112.1358983848623 147.99999999999994
    vertex -114.93504571603488 -112.42658663883512 152.99999999999994
    vertex -114.5 -112.1358983848623 152.99999999999994
  endloop
endfacet
facet normal -0.3214394653031672 -0.9469301294951038 -8.99366889260566e-19
  outer loop
    vertex -113.5352761804101 -161.4637033051563 152.99999999999994
    vertex -114.03073372946037 -161.29551813004517 147.99999999999994
    vertex -113.5352761804101 -161.4637033051563 147.99999999999994
  endloop
endfacet
facet normal -0.3214394653031672 -0.9469301294951038 -8.99366889260566e-19
  outer loop
    vertex -114.03073372946037 -161.29551813004517 147.99999999999994
    vertex -113.5352761804101 -161.4637033051563 152.99999999999994
    vertex -114.03073372946037 -161.29551813004517 152.99999999999994
  endloop
endfacet
facet normal -0.7518398074789725 -0.6593458151000745 3.061139844722547e-29
  outer loop
    vertex -115.67341336116495 -160.03504571603492 152.99999999999994
    vertex -115.3284271247462 -160.4284271247462 147.99999999999994
    vertex -115.3284271247462 -160.4284271247462 152.99999999999994
  endloop
endfacet
facet normal -0.7518398074789725 -0.6593458151000745 3.061139844722547e-29
  outer loop
    vertex -115.3284271247462 -160.4284271247462 147.99999999999994
    vertex -115.67341336116495 -160.03504571603492 152.99999999999994
    vertex -115.67341336116495 -160.03504571603492 147.99999999999994
  endloop
endfacet
facet normal -0.3214394653031672 0.9469301294951038 -8.993668892605662e-19
  outer loop
    vertex -114.03073372946037 -111.90448186995492 152.99999999999994
    vertex -113.5352761804101 -111.73629669484379 147.99999999999994
    vertex -114.03073372946037 -111.90448186995492 147.99999999999994
  endloop
endfacet
facet normal -0.3214394653031672 0.9469301294951038 -8.993668892605662e-19
  outer loop
    vertex -113.5352761804101 -111.73629669484379 147.99999999999994
    vertex -114.03073372946037 -111.90448186995492 152.99999999999994
    vertex -113.5352761804101 -111.73629669484379 152.99999999999994
  endloop
endfacet
facet normal -0.6593458151000774 -0.75183980747897 -2.6845475937510274e-29
  outer loop
    vertex -114.93504571603488 -160.77341336116498 152.99999999999994
    vertex -115.3284271247462 -160.4284271247462 147.99999999999994
    vertex -114.93504571603488 -160.77341336116498 147.99999999999994
  endloop
endfacet
facet normal -0.6593458151000774 -0.75183980747897 -2.6845475937510274e-29
  outer loop
    vertex -115.3284271247462 -160.4284271247462 147.99999999999994
    vertex -114.93504571603488 -160.77341336116498 152.99999999999994
    vertex -115.3284271247462 -160.4284271247462 152.99999999999994
  endloop
endfacet
facet normal 0.6593458151000744 0.7518398074789725 7.757048065869812e-32
  outer loop
    vertex 116.93504571603485 -112.42658663883512 152.99999999999994
    vertex 117.32842712474614 -112.77157287525387 147.99999999999994
    vertex 116.93504571603485 -112.42658663883512 147.99999999999994
  endloop
endfacet
facet normal 0.6593458151000744 0.7518398074789725 7.757048065869812e-32
  outer loop
    vertex 117.32842712474614 -112.77157287525387 147.99999999999994
    vertex 116.93504571603485 -112.42658663883512 152.99999999999994
    vertex 117.32842712474614 -112.77157287525387 152.99999999999994
  endloop
endfacet
facet normal -0.948683298050514 0.0 -0.31622776601683794
  outer loop
    vertex -28.500000000000014 -145.6 150.99999999999994
    vertex -27.500000000000018 -148.60000000000005 147.99999999999994
    vertex -28.500000000000014 -148.60000000000005 150.99999999999994
  endloop
endfacet
facet normal -0.948683298050514 0.0 -0.31622776601683794
  outer loop
    vertex -27.500000000000018 -148.60000000000005 147.99999999999994
    vertex -28.500000000000014 -145.6 150.99999999999994
    vertex -27.500000000000018 -145.6 147.99999999999994
  endloop
endfacet
facet normal 0.8314696123025453 0.5555702330196023 7.701756879578371e-32
  outer loop
    vertex 117.67341336116488 -113.16495428396516 147.99999999999994
    vertex 117.96410161513768 -113.60000000000004 152.99999999999994
    vertex 117.96410161513768 -113.60000000000004 147.99999999999994
  endloop
endfacet
facet normal 0.8314696123025453 0.5555702330196023 7.701756879578371e-32
  outer loop
    vertex 117.96410161513768 -113.60000000000004 152.99999999999994
    vertex 117.67341336116488 -113.16495428396516 147.99999999999994
    vertex 117.67341336116488 -113.16495428396516 152.99999999999994
  endloop
endfacet
facet normal 0.9863939238321439 0.0 -0.1643989873053573
  outer loop
    vertex 57.999999999999964 -121.60000000000005 147.99999999999994
    vertex 58.49999999999996 -151.60000000000005 150.99999999999994
    vertex 57.999999999999964 -151.60000000000005 147.99999999999994
  endloop
endfacet
facet normal 0.9863939238321439 0.0 -0.1643989873053573
  outer loop
    vertex 58.49999999999996 -151.60000000000005 150.99999999999994
    vertex 57.999999999999964 -121.60000000000005 147.99999999999994
    vertex 58.49999999999996 -121.60000000000005 150.99999999999994
  endloop
endfacet
facet normal -0.8944271909999161 0.0 -0.44721359549995804
  outer loop
    vertex 83.49999999999996 -121.60000000000005 150.99999999999994
    vertex 84.49999999999996 -151.60000000000005 148.99999999999994
    vertex 83.49999999999996 -151.60000000000005 150.99999999999994
  endloop
endfacet
facet normal -0.8944271909999161 0.0 -0.44721359549995804
  outer loop
    vertex 84.49999999999996 -151.60000000000005 148.99999999999994
    vertex 83.49999999999996 -121.60000000000005 150.99999999999994
    vertex 84.49999999999996 -121.60000000000005 148.99999999999994
  endloop
endfacet
facet normal 0.0 0.0 -1.0
  outer loop
    vertex -0.5000000000000216 -121.60000000000005 150.99999999999994
    vertex -25.50000000000002 -151.60000000000005 150.99999999999994
    vertex -25.50000000000002 -121.60000000000005 150.99999999999994
  endloop
endfacet
facet normal 0.0 0.0 -1.0
  outer loop
    vertex -25.50000000000002 -151.60000000000005 150.99999999999994
    vertex -0.5000000000000216 -121.60000000000005 150.99999999999994
    vertex -0.5000000000000216 -151.60000000000005 150.99999999999994
  endloop
endfacet
facet normal 0.0 0.0 -1.0
  outer loop
    vertex 83.49999999999996 -121.60000000000005 150.99999999999994
    vertex 58.49999999999996 -151.60000000000005 150.99999999999994
    vertex 58.49999999999996 -121.60000000000005 150.99999999999994
  endloop
endfacet
facet normal 0.0 0.0 -1.0
  outer loop
    vertex 58.49999999999996 -151.60000000000005 150.99999999999994
    vertex 83.49999999999996 -121.60000000000005 150.99999999999994
    vertex 83.49999999999996 -151.60000000000005 150.99999999999994
  endloop
endfacet
facet normal -0.9863939238321439 0.0 -0.1643989873053573
  outer loop
    vertex 111.49999999999996 -121.60000000000005 150.99999999999994
    vertex 111.99999999999997 -151.60000000000005 147.99999999999994
    vertex 111.49999999999996 -151.60000000000005 150.99999999999994
  endloop
endfacet
facet normal -0.9863939238321439 0.0 -0.1643989873053573
  outer loop
    vertex 111.99999999999997 -151.60000000000005 147.99999999999994
    vertex 111.49999999999996 -121.60000000000005 150.99999999999994
    vertex 111.99999999999997 -121.60000000000005 147.99999999999994
  endloop
endfacet
facet normal -8.832165733659148e-16 -1.0 -4.690063077457768e-17
  outer loop
    vertex -56.50000000000001 -121.60000000000005 150.99999999999994
    vertex -81.50000000000001 -121.60000000000002 147.99999999999994
    vertex -56.00000000000001 -121.60000000000005 147.99999999999994
  endloop
endfacet
facet normal -8.832165733659148e-16 -1.0 -4.690063077457768e-17
  outer loop
    vertex -81.50000000000001 -121.60000000000002 147.99999999999994
    vertex -56.50000000000001 -121.60000000000005 150.99999999999994
    vertex -82.30000000000001 -121.60000000000002 148.99999999999994
  endloop
endfacet
facet normal -8.832165733659148e-16 -1.0 -4.690063077457768e-17
  outer loop
    vertex -82.30000000000001 -121.60000000000002 148.99999999999994
    vertex -56.50000000000001 -121.60000000000005 150.99999999999994
    vertex -81.50000000000001 -121.60000000000002 150.99999999999994
  endloop
endfacet
facet normal 0.8968727415326941 -0.4422886902189896 2.78775927821802e-32
  outer loop
    vertex 118.19551813004506 -159.1307337294604 147.99999999999994
    vertex 117.96410161513768 -159.60000000000002 152.99999999999994
    vertex 117.96410161513768 -159.60000000000002 147.99999999999994
  endloop
endfacet
facet normal 0.8968727415326941 -0.4422886902189896 2.78775927821802e-32
  outer loop
    vertex 117.96410161513768 -159.60000000000002 152.99999999999994
    vertex 118.19551813004506 -159.1307337294604 147.99999999999994
    vertex 118.19551813004506 -159.1307337294604 152.99999999999994
  endloop
endfacet
facet normal 0.0 -1.0 0.0
  outer loop
    vertex -28.500000000000014 -145.6 150.99999999999994
    vertex -54.500000000000014 -145.6 147.99999999999994
    vertex -27.500000000000018 -145.6 147.99999999999994
  endloop
endfacet
facet normal 0.0 -1.0 0.0
  outer loop
    vertex -54.500000000000014 -145.6 147.99999999999994
    vertex -28.500000000000014 -145.6 150.99999999999994
    vertex -53.500000000000014 -145.6 150.99999999999994
  endloop
endfacet
facet normal -0.9863939238321439 -8.177382432456386e-19 -0.1643989873053573
  outer loop
    vertex -56.50000000000001 -121.60000000000005 150.99999999999994
    vertex -56.00000000000001 -151.60000000000002 147.99999999999994
    vertex -56.50000000000001 -151.60000000000002 150.99999999999994
  endloop
endfacet
facet normal -0.9863939238321439 -8.177382432456386e-19 -0.1643989873053573
  outer loop
    vertex -56.00000000000001 -151.60000000000002 147.99999999999994
    vertex -56.50000000000001 -121.60000000000005 150.99999999999994
    vertex -56.00000000000001 -121.60000000000005 147.99999999999994
  endloop
endfacet
facet normal 0.8944271909999157 0.0 -0.44721359549995865
  outer loop
    vertex 1.4999999999999747 -121.60000000000005 148.99999999999994
    vertex 2.499999999999973 -151.60000000000005 150.99999999999994
    vertex 1.4999999999999747 -151.60000000000005 148.99999999999994
  endloop
endfacet
facet normal 0.8944271909999157 0.0 -0.44721359549995865
  outer loop
    vertex 2.499999999999973 -151.60000000000005 150.99999999999994
    vertex 1.4999999999999747 -121.60000000000005 148.99999999999994
    vertex 2.499999999999973 -121.60000000000005 150.99999999999994
  endloop
endfacet
facet normal 0.1950903220161334 0.9807852804032294 6.313997677141717e-32
  outer loop
    vertex 115.02210476888014 -111.6342205545048 152.99999999999994
    vertex 115.53527618041004 -111.73629669484377 147.99999999999994
    vertex 115.02210476888014 -111.6342205545048 147.99999999999994
  endloop
endfacet
facet normal 0.1950903220161334 0.9807852804032294 6.313997677141717e-32
  outer loop
    vertex 115.53527618041004 -111.73629669484377 147.99999999999994
    vertex 115.02210476888014 -111.6342205545048 152.99999999999994
    vertex 115.53527618041004 -111.73629669484377 152.99999999999994
  endloop
endfacet
facet normal 0.0 1.0 0.0
  outer loop
    vertex -109.5 -151.60000000000002 150.99999999999994
    vertex -84.5 -151.60000000000002 147.99999999999994
    vertex -110.0 -151.60000000000002 147.99999999999994
  endloop
endfacet
facet normal 0.0 1.0 0.0
  outer loop
    vertex -84.5 -151.60000000000002 147.99999999999994
    vertex -109.5 -151.60000000000002 150.99999999999994
    vertex -83.7 -151.60000000000002 148.99999999999994
  endloop
endfacet
facet normal 0.0 1.0 0.0
  outer loop
    vertex -83.7 -151.60000000000002 148.99999999999994
    vertex -109.5 -151.60000000000002 150.99999999999994
    vertex -84.5 -151.60000000000002 150.99999999999994
  endloop
endfacet
facet normal 0.9284766908852594 0.0 -0.3713906763541037
  outer loop
    vertex -82.30000000000001 -121.60000000000002 148.99999999999994
    vertex -81.50000000000001 -151.60000000000002 150.99999999999994
    vertex -82.30000000000001 -151.60000000000002 148.99999999999994
  endloop
endfacet
facet normal 0.9284766908852594 0.0 -0.3713906763541037
  outer loop
    vertex -81.50000000000001 -151.60000000000002 150.99999999999994
    vertex -82.30000000000001 -121.60000000000002 148.99999999999994
    vertex -81.50000000000001 -121.60000000000002 150.99999999999994
  endloop
endfacet
facet normal 0.948683298050514 0.0 -0.31622776601683794
  outer loop
    vertex -54.500000000000014 -145.6 147.99999999999994
    vertex -53.500000000000014 -148.60000000000005 150.99999999999994
    vertex -54.500000000000014 -148.60000000000005 147.99999999999994
  endloop
endfacet
facet normal 0.948683298050514 0.0 -0.31622776601683794
  outer loop
    vertex -53.500000000000014 -148.60000000000005 150.99999999999994
    vertex -54.500000000000014 -145.6 147.99999999999994
    vertex -53.500000000000014 -145.6 150.99999999999994
  endloop
endfacet
facet normal 1.0 0.0 5.721767528761064e-32
  outer loop
    vertex 118.49999999999994 -115.60000000000007 147.99999999999994
    vertex 118.49999999999994 -157.60000000000002 152.99999999999994
    vertex 118.49999999999994 -157.60000000000002 147.99999999999994
  endloop
endfacet
facet normal 1.0 0.0 5.721767528761064e-32
  outer loop
    vertex 118.49999999999994 -157.60000000000002 152.99999999999994
    vertex 118.49999999999994 -115.60000000000007 147.99999999999994
    vertex 118.49999999999994 -115.60000000000007 152.99999999999994
  endloop
endfacet
facet normal -0.948683298050514 0.0 -0.31622776601683794
  outer loop
    vertex 55.499999999999964 -145.6 150.99999999999994
    vertex 56.499999999999964 -148.6 147.99999999999994
    vertex 55.499999999999964 -148.6 150.99999999999994
  endloop
endfacet
facet normal -0.948683298050514 0.0 -0.31622776601683794
  outer loop
    vertex 56.499999999999964 -148.6 147.99999999999994
    vertex 55.499999999999964 -145.6 150.99999999999994
    vertex 56.499999999999964 -145.6 147.99999999999994
  endloop
endfacet
facet normal 0.0 -1.0 0.0
  outer loop
    vertex 84.49999999999996 -121.60000000000005 148.99999999999994
    vertex 57.999999999999964 -121.60000000000005 147.99999999999994
    vertex 83.49999999999996 -121.60000000000005 147.99999999999994
  endloop
endfacet
facet normal 0.0 -1.0 0.0
  outer loop
    vertex 57.999999999999964 -121.60000000000005 147.99999999999994
    vertex 84.49999999999996 -121.60000000000005 148.99999999999994
    vertex 58.49999999999996 -121.60000000000005 150.99999999999994
  endloop
endfacet
facet normal 0.0 -1.0 0.0
  outer loop
    vertex 58.49999999999996 -121.60000000000005 150.99999999999994
    vertex 84.49999999999996 -121.60000000000005 148.99999999999994
    vertex 83.49999999999996 -121.60000000000005 150.99999999999994
  endloop
endfacet
facet normal 0.0 1.0 0.0
  outer loop
    vertex -53.500000000000014 -148.60000000000005 150.99999999999994
    vertex -27.500000000000018 -148.60000000000005 147.99999999999994
    vertex -54.500000000000014 -148.60000000000005 147.99999999999994
  endloop
endfacet
facet normal 0.0 1.0 0.0
  outer loop
    vertex -27.500000000000018 -148.60000000000005 147.99999999999994
    vertex -53.500000000000014 -148.60000000000005 150.99999999999994
    vertex -28.500000000000014 -148.60000000000005 150.99999999999994
  endloop
endfacet
facet normal 0.0 1.0 0.0
  outer loop
    vertex 1.4999999999999747 -151.60000000000005 148.99999999999994
    vertex 27.99999999999997 -151.60000000000005 147.99999999999994
    vertex 2.499999999999973 -151.60000000000005 147.99999999999994
  endloop
endfacet
facet normal 0.0 1.0 0.0
  outer loop
    vertex 27.99999999999997 -151.60000000000005 147.99999999999994
    vertex 1.4999999999999747 -151.60000000000005 148.99999999999994
    vertex 27.49999999999997 -151.60000000000005 150.99999999999994
  endloop
endfacet
facet normal 0.0 1.0 0.0
  outer loop
    vertex 27.49999999999997 -151.60000000000005 150.99999999999994
    vertex 1.4999999999999747 -151.60000000000005 148.99999999999994
    vertex 2.499999999999973 -151.60000000000005 150.99999999999994
  endloop
endfacet
facet normal 0.0 0.0 1.0
  outer loop
    vertex -116.46577944549524 -158.12210476888023 152.99999999999994
    vertex -116.49999999999999 -115.60000000000007 152.99999999999994
    vertex -116.49999999999999 -157.60000000000002 152.99999999999994
  endloop
endfacet
facet normal 0.0 0.0 1.0
  outer loop
    vertex -116.49999999999999 -115.60000000000007 152.99999999999994
    vertex -116.46577944549524 -158.12210476888023 152.99999999999994
    vertex -116.46577944549524 -115.07789523111984 152.99999999999994
  endloop
endfacet
facet normal 0.0 0.0 1.0
  outer loop
    vertex -116.46577944549524 -115.07789523111984 152.99999999999994
    vertex -116.46577944549524 -158.12210476888023 152.99999999999994
    vertex -116.36370330515626 -158.6352761804101 152.99999999999994
  endloop
endfacet
facet normal 0.0 0.0 1.0
  outer loop
    vertex -116.46577944549524 -115.07789523111984 152.99999999999994
    vertex -116.36370330515626 -158.6352761804101 152.99999999999994
    vertex -116.36370330515626 -114.56472381958997 152.99999999999994
  endloop
endfacet
facet normal 0.0 0.0 1.0
  outer loop
    vertex -116.36370330515626 -114.56472381958997 152.99999999999994
    vertex -116.36370330515626 -158.6352761804101 152.99999999999994
    vertex -116.19551813004513 -159.13073372946036 152.99999999999994
  endloop
endfacet
facet normal 0.0 0.0 1.0
  outer loop
    vertex -116.36370330515626 -114.56472381958997 152.99999999999994
    vertex -116.19551813004513 -159.13073372946036 152.99999999999994
    vertex -116.19551813004513 -114.0692662705397 152.99999999999994
  endloop
endfacet
facet normal 0.0 0.0 1.0
  outer loop
    vertex -116.19551813004513 -114.0692662705397 152.99999999999994
    vertex -116.19551813004513 -159.13073372946036 152.99999999999994
    vertex -115.96410161513775 -159.60000000000002 152.99999999999994
  endloop
endfacet
facet normal 0.0 0.0 1.0
  outer loop
    vertex -116.19551813004513 -114.0692662705397 152.99999999999994
    vertex -115.96410161513775 -159.60000000000002 152.99999999999994
    vertex -115.96410161513775 -113.60000000000007 152.99999999999994
  endloop
endfacet
facet normal 0.0 0.0 1.0
  outer loop
    vertex -115.96410161513775 -113.60000000000007 152.99999999999994
    vertex -115.96410161513775 -159.60000000000002 152.99999999999994
    vertex -115.67341336116495 -160.03504571603492 152.99999999999994
  endloop
endfacet
facet normal 0.0 0.0 1.0
  outer loop
    vertex -115.96410161513775 -113.60000000000007 152.99999999999994
    vertex -115.67341336116495 -160.03504571603492 152.99999999999994
    vertex -115.67341336116495 -113.16495428396519 152.99999999999994
  endloop
endfacet
facet normal 0.0 0.0 1.0
  outer loop
    vertex -115.67341336116495 -113.16495428396519 152.99999999999994
    vertex -115.67341336116495 -160.03504571603492 152.99999999999994
    vertex -115.3284271247462 -160.4284271247462 152.99999999999994
  endloop
endfacet
facet normal 0.0 0.0 1.0
  outer loop
    vertex -115.67341336116495 -113.16495428396519 152.99999999999994
    vertex -115.3284271247462 -160.4284271247462 152.99999999999994
    vertex -115.3284271247462 -112.77157287525387 152.99999999999994
  endloop
endfacet
facet normal 0.0 0.0 1.0
  outer loop
    vertex -115.3284271247462 -112.77157287525387 152.99999999999994
    vertex -115.3284271247462 -160.4284271247462 152.99999999999994
    vertex -114.93504571603488 -160.77341336116498 152.99999999999994
  endloop
endfacet
facet normal 0.0 0.0 1.0
  outer loop
    vertex -115.3284271247462 -112.77157287525387 152.99999999999994
    vertex -114.93504571603488 -160.77341336116498 152.99999999999994
    vertex -114.93504571603488 -112.42658663883512 152.99999999999994
  endloop
endfacet
facet normal 0.0 0.0 1.0
  outer loop
    vertex -114.93504571603488 -112.42658663883512 152.99999999999994
    vertex -114.93504571603488 -160.77341336116498 152.99999999999994
    vertex -114.5 -161.0641016151378 152.99999999999994
  endloop
endfacet
facet normal 0.0 0.0 1.0
  outer loop
    vertex -114.93504571603488 -112.42658663883512 152.99999999999994
    vertex -114.5 -161.0641016151378 152.99999999999994
    vertex -114.5 -112.1358983848623 152.99999999999994
  endloop
endfacet
facet normal 0.0 0.0 1.0
  outer loop
    vertex -114.5 -112.1358983848623 152.99999999999994
    vertex -114.5 -161.0641016151378 152.99999999999994
    vertex -114.03073372946037 -161.29551813004517 152.99999999999994
  endloop
endfacet
facet normal 0.0 0.0 1.0
  outer loop
    vertex -114.5 -112.1358983848623 152.99999999999994
    vertex -114.03073372946037 -161.29551813004517 152.99999999999994
    vertex -114.03073372946037 -111.90448186995492 152.99999999999994
  endloop
endfacet
facet normal 0.0 0.0 1.0
  outer loop
    vertex -114.03073372946037 -111.90448186995492 152.99999999999994
    vertex -114.03073372946037 -161.29551813004517 152.99999999999994
    vertex -113.5352761804101 -161.4637033051563 152.99999999999994
  endloop
endfacet
facet normal 0.0 0.0 1.0
  outer loop
    vertex -114.03073372946037 -111.90448186995492 152.99999999999994
    vertex -113.5352761804101 -161.4637033051563 152.99999999999994
    vertex -113.5352761804101 -111.73629669484379 152.99999999999994
  endloop
endfacet
facet normal 0.0 0.0 1.0
  outer loop
    vertex -113.5352761804101 -111.73629669484379 152.99999999999994
    vertex -113.5352761804101 -161.4637033051563 152.99999999999994
    vertex -113.02210476888021 -161.56577944549528 152.99999999999994
  endloop
endfacet
facet normal 0.0 0.0 1.0
  outer loop
    vertex -113.5352761804101 -111.73629669484379 152.99999999999994
    vertex -113.02210476888021 -161.56577944549528 152.99999999999994
    vertex -113.02210476888021 -111.63422055450482 152.99999999999994
  endloop
endfacet
facet normal 0.0 0.0 1.0
  outer loop
    vertex -113.02210476888021 -111.63422055450482 152.99999999999994
    vertex -113.02210476888021 -161.56577944549528 152.99999999999994
    vertex -112.5 -161.60000000000002 152.99999999999994
  endloop
endfacet
facet normal 0.0 0.0 1.0
  outer loop
    vertex -113.02210476888021 -111.63422055450482 152.99999999999994
    vertex -112.5 -161.60000000000002 152.99999999999994
    vertex -112.5 -111.60000000000004 152.99999999999994
  endloop
endfacet
facet normal 0.0 0.0 1.0
  outer loop
    vertex -112.5 -111.60000000000004 152.99999999999994
    vertex -112.5 -161.60000000000002 152.99999999999994
    vertex 114.49999999999994 -161.60000000000002 152.99999999999994
  endloop
endfacet
facet normal 0.0 0.0 1.0
  outer loop
    vertex -112.5 -111.60000000000004 152.99999999999994
    vertex 114.49999999999994 -161.60000000000002 152.99999999999994
    vertex 114.49999999999994 -111.60000000000004 152.99999999999994
  endloop
endfacet
facet normal 0.0 0.0 1.0
  outer loop
    vertex 114.49999999999994 -111.60000000000004 152.99999999999994
    vertex 114.49999999999994 -161.60000000000002 152.99999999999994
    vertex 115.02210476888014 -161.56577944549528 152.99999999999994
  endloop
endfacet
facet normal 0.0 0.0 1.0
  outer loop
    vertex 114.49999999999994 -111.60000000000004 152.99999999999994
    vertex 115.02210476888014 -161.56577944549528 152.99999999999994
    vertex 115.02210476888014 -111.6342205545048 152.99999999999994
  endloop
endfacet
facet normal 0.0 0.0 1.0
  outer loop
    vertex 115.02210476888014 -111.6342205545048 152.99999999999994
    vertex 115.02210476888014 -161.56577944549528 152.99999999999994
    vertex 115.53527618041004 -161.4637033051563 152.99999999999994
  endloop
endfacet
facet normal 0.0 0.0 1.0
  outer loop
    vertex 115.02210476888014 -111.6342205545048 152.99999999999994
    vertex 115.53527618041004 -161.4637033051563 152.99999999999994
    vertex 115.53527618041004 -111.73629669484377 152.99999999999994
  endloop
endfacet
facet normal 0.0 0.0 1.0
  outer loop
    vertex 115.53527618041004 -111.73629669484377 152.99999999999994
    vertex 115.53527618041004 -161.4637033051563 152.99999999999994
    vertex 116.03073372946034 -161.29551813004517 152.99999999999994
  endloop
endfacet
facet normal 0.0 0.0 1.0
  outer loop
    vertex 115.53527618041004 -111.73629669484377 152.99999999999994
    vertex 116.03073372946034 -161.29551813004517 152.99999999999994
    vertex 116.03073372946034 -111.90448186995489 152.99999999999994
  endloop
endfacet
facet normal 0.0 0.0 1.0
  outer loop
    vertex 116.03073372946034 -111.90448186995489 152.99999999999994
    vertex 116.03073372946034 -161.29551813004517 152.99999999999994
    vertex 116.49999999999994 -161.0641016151378 152.99999999999994
  endloop
endfacet
facet normal 0.0 0.0 1.0
  outer loop
    vertex 116.03073372946034 -111.90448186995489 152.99999999999994
    vertex 116.49999999999994 -161.0641016151378 152.99999999999994
    vertex 116.49999999999994 -112.1358983848623 152.99999999999994
  endloop
endfacet
facet normal 0.0 0.0 1.0
  outer loop
    vertex 116.49999999999994 -112.1358983848623 152.99999999999994
    vertex 116.49999999999994 -161.0641016151378 152.99999999999994
    vertex 116.93504571603485 -160.77341336116498 152.99999999999994
  endloop
endfacet
facet normal 0.0 0.0 1.0
  outer loop
    vertex 116.49999999999994 -112.1358983848623 152.99999999999994
    vertex 116.93504571603485 -160.77341336116498 152.99999999999994
    vertex 116.93504571603485 -112.42658663883512 152.99999999999994
  endloop
endfacet
facet normal 0.0 0.0 1.0
  outer loop
    vertex 116.93504571603485 -112.42658663883512 152.99999999999994
    vertex 116.93504571603485 -160.77341336116498 152.99999999999994
    vertex 117.32842712474614 -160.4284271247462 152.99999999999994
  endloop
endfacet
facet normal 0.0 0.0 1.0
  outer loop
    vertex 116.93504571603485 -112.42658663883512 152.99999999999994
    vertex 117.32842712474614 -160.4284271247462 152.99999999999994
    vertex 117.32842712474614 -112.77157287525387 152.99999999999994
  endloop
endfacet
facet normal 0.0 0.0 1.0
  outer loop
    vertex 117.32842712474614 -112.77157287525387 152.99999999999994
    vertex 117.32842712474614 -160.4284271247462 152.99999999999994
    vertex 117.67341336116488 -160.03504571603492 152.99999999999994
  endloop
endfacet
facet normal 0.0 0.0 1.0
  outer loop
    vertex 117.32842712474614 -112.77157287525387 152.99999999999994
    vertex 117.67341336116488 -160.03504571603492 152.99999999999994
    vertex 117.67341336116488 -113.16495428396516 152.99999999999994
  endloop
endfacet
facet normal 0.0 0.0 1.0
  outer loop
    vertex 117.67341336116488 -113.16495428396516 152.99999999999994
    vertex 117.67341336116488 -160.03504571603492 152.99999999999994
    vertex 117.96410161513768 -159.60000000000002 152.99999999999994
  endloop
endfacet
facet normal 0.0 0.0 1.0
  outer loop
    vertex 117.67341336116488 -113.16495428396516 152.99999999999994
    vertex 117.96410161513768 -159.60000000000002 152.99999999999994
    vertex 117.96410161513768 -113.60000000000004 152.99999999999994
  endloop
endfacet
facet normal 0.0 0.0 1.0
  outer loop
    vertex 117.96410161513768 -113.60000000000004 152.99999999999994
    vertex 117.96410161513768 -159.60000000000002 152.99999999999994
    vertex 118.19551813004506 -159.1307337294604 152.99999999999994
  endloop
endfacet
facet normal 0.0 0.0 1.0
  outer loop
    vertex 117.96410161513768 -113.60000000000004 152.99999999999994
    vertex 118.19551813004506 -159.1307337294604 152.99999999999994
    vertex 118.1955181300451 -114.0692662705397 152.99999999999994
  endloop
endfacet
facet normal 0.0 0.0 1.0
  outer loop
    vertex 118.1955181300451 -114.0692662705397 152.99999999999994
    vertex 118.19551813004506 -159.1307337294604 152.99999999999994
    vertex 118.36370330515619 -158.63527618041013 152.99999999999994
  endloop
endfacet
facet normal 0.0 0.0 1.0
  outer loop
    vertex 118.1955181300451 -114.0692662705397 152.99999999999994
    vertex 118.36370330515619 -158.63527618041013 152.99999999999994
    vertex 118.36370330515624 -114.56472381958997 152.99999999999994
  endloop
endfacet
facet normal 0.0 0.0 1.0
  outer loop
    vertex 118.36370330515624 -114.56472381958997 152.99999999999994
    vertex 118.36370330515619 -158.63527618041013 152.99999999999994
    vertex 118.46577944549519 -158.12210476888023 152.99999999999994
  endloop
endfacet
facet normal 0.0 0.0 1.0
  outer loop
    vertex 118.36370330515624 -114.56472381958997 152.99999999999994
    vertex 118.46577944549519 -158.12210476888023 152.99999999999994
    vertex 118.46577944549523 -115.07789523111984 152.99999999999994
  endloop
endfacet
facet normal 0.0 0.0 1.0
  outer loop
    vertex 118.46577944549523 -115.07789523111984 152.99999999999994
    vertex 118.46577944549519 -158.12210476888023 152.99999999999994
    vertex 118.49999999999994 -157.60000000000002 152.99999999999994
  endloop
endfacet
facet normal 0.0 0.0 1.0
  outer loop
    vertex 118.46577944549523 -115.07789523111984 152.99999999999994
    vertex 118.49999999999994 -157.60000000000002 152.99999999999994
    vertex 118.49999999999994 -115.60000000000007 152.99999999999994
  endloop
endfacet
facet normal 0.0 1.0 0.0
  outer loop
    vertex -25.50000000000002 -151.60000000000005 150.99999999999994
    vertex -0.5000000000000216 -151.60000000000005 147.99999999999994
    vertex -26.00000000000002 -151.60000000000005 147.99999999999994
  endloop
endfacet
facet normal 0.0 1.0 0.0
  outer loop
    vertex -0.5000000000000216 -151.60000000000005 147.99999999999994
    vertex -25.50000000000002 -151.60000000000005 150.99999999999994
    vertex 0.4999999999999765 -151.60000000000005 148.99999999999994
  endloop
endfacet
facet normal 0.0 1.0 0.0
  outer loop
    vertex 0.4999999999999765 -151.60000000000005 148.99999999999994
    vertex -25.50000000000002 -151.60000000000005 150.99999999999994
    vertex -0.5000000000000216 -151.60000000000005 150.99999999999994
  endloop
endfacet
facet normal 0.6593458151000988 -0.7518398074789513 -2.1180111574135397e-33
  outer loop
    vertex 117.32842712474614 -160.4284271247462 152.99999999999994
    vertex 116.93504571603485 -160.77341336116498 147.99999999999994
    vertex 117.32842712474614 -160.4284271247462 147.99999999999994
  endloop
endfacet
facet normal 0.6593458151000988 -0.7518398074789513 -2.1180111574135397e-33
  outer loop
    vertex 116.93504571603485 -160.77341336116498 147.99999999999994
    vertex 117.32842712474614 -160.4284271247462 152.99999999999994
    vertex 116.93504571603485 -160.77341336116498 152.99999999999994
  endloop
endfacet
facet normal 0.9978589232386043 -0.06540312923013183 5.362908593169686e-32
  outer loop
    vertex 118.49999999999994 -157.60000000000002 147.99999999999994
    vertex 118.46577944549519 -158.12210476888023 152.99999999999994
    vertex 118.46577944549519 -158.12210476888023 147.99999999999994
  endloop
endfacet
facet normal 0.9978589232386043 -0.06540312923013183 5.362908593169686e-32
  outer loop
    vertex 118.46577944549519 -158.12210476888023 152.99999999999994
    vertex 118.49999999999994 -157.60000000000002 147.99999999999994
    vertex 118.49999999999994 -157.60000000000002 152.99999999999994
  endloop
endfacet
facet normal 0.0 -1.0 0.0
  outer loop
    vertex 111.49999999999996 -121.60000000000005 150.99999999999994
    vertex 86.49999999999996 -121.60000000000005 147.99999999999994
    vertex 111.99999999999997 -121.60000000000005 147.99999999999994
  endloop
endfacet
facet normal 0.0 -1.0 0.0
  outer loop
    vertex 86.49999999999996 -121.60000000000005 147.99999999999994
    vertex 111.49999999999996 -121.60000000000005 150.99999999999994
    vertex 85.49999999999996 -121.60000000000005 148.99999999999994
  endloop
endfacet
facet normal 0.0 -1.0 0.0
  outer loop
    vertex 85.49999999999996 -121.60000000000005 148.99999999999994
    vertex 111.49999999999996 -121.60000000000005 150.99999999999994
    vertex 86.49999999999996 -121.60000000000005 150.99999999999994
  endloop
endfacet
facet normal 0.8314696123025453 -0.5555702330196023 1.8131947780701395e-32
  outer loop
    vertex 117.96410161513768 -159.60000000000002 147.99999999999994
    vertex 117.67341336116488 -160.03504571603492 152.99999999999994
    vertex 117.67341336116488 -160.03504571603492 147.99999999999994
  endloop
endfacet
facet normal 0.8314696123025453 -0.5555702330196023 1.8131947780701395e-32
  outer loop
    vertex 117.67341336116488 -160.03504571603492 152.99999999999994
    vertex 117.96410161513768 -159.60000000000002 147.99999999999994
    vertex 117.96410161513768 -159.60000000000002 152.99999999999994
  endloop
endfacet
facet normal 0.9863939238321439 0.0 -0.1643989873053573
  outer loop
    vertex -110.0 -121.60000000000002 147.99999999999994
    vertex -109.5 -151.60000000000002 150.99999999999994
    vertex -110.0 -151.60000000000002 147.99999999999994
  endloop
endfacet
facet normal 0.9863939238321439 0.0 -0.1643989873053573
  outer loop
    vertex -109.5 -151.60000000000002 150.99999999999994
    vertex -110.0 -121.60000000000002 147.99999999999994
    vertex -109.5 -121.60000000000002 150.99999999999994
  endloop
endfacet
facet normal 0.0 1.0 0.0
  outer loop
    vertex -82.30000000000001 -151.60000000000002 148.99999999999994
    vertex -56.00000000000001 -151.60000000000002 147.99999999999994
    vertex -81.50000000000001 -151.60000000000002 147.99999999999994
  endloop
endfacet
facet normal 0.0 1.0 0.0
  outer loop
    vertex -56.00000000000001 -151.60000000000002 147.99999999999994
    vertex -82.30000000000001 -151.60000000000002 148.99999999999994
    vertex -56.50000000000001 -151.60000000000002 150.99999999999994
  endloop
endfacet
facet normal 0.0 1.0 0.0
  outer loop
    vertex -56.50000000000001 -151.60000000000002 150.99999999999994
    vertex -82.30000000000001 -151.60000000000002 148.99999999999994
    vertex -81.50000000000001 -151.60000000000002 150.99999999999994
  endloop
endfacet
facet normal 0.5555702330195823 0.8314696123025586 7.585271706703145e-32
  outer loop
    vertex 116.49999999999994 -112.1358983848623 152.99999999999994
    vertex 116.93504571603485 -112.42658663883512 147.99999999999994
    vertex 116.49999999999994 -112.1358983848623 147.99999999999994
  endloop
endfacet
facet normal 0.5555702330195823 0.8314696123025586 7.585271706703145e-32
  outer loop
    vertex 116.93504571603485 -112.42658663883512 147.99999999999994
    vertex 116.49999999999994 -112.1358983848623 152.99999999999994
    vertex 116.93504571603485 -112.42658663883512 152.99999999999994
  endloop
endfacet
facet normal 0.8968727415326684 0.4422886902190419 7.475635381647477e-32
  outer loop
    vertex 117.96410161513768 -113.60000000000004 147.99999999999994
    vertex 118.1955181300451 -114.0692662705397 152.99999999999994
    vertex 118.1955181300451 -114.0692662705397 147.99999999999994
  endloop
endfacet
facet normal 0.8968727415326684 0.4422886902190419 7.475635381647477e-32
  outer loop
    vertex 118.1955181300451 -114.0692662705397 152.99999999999994
    vertex 117.96410161513768 -113.60000000000004 147.99999999999994
    vertex 117.96410161513768 -113.60000000000004 152.99999999999994
  endloop
endfacet
facet normal 0.0 -1.0 0.0
  outer loop
    vertex 27.49999999999997 -121.60000000000005 150.99999999999994
    vertex 2.499999999999973 -121.60000000000005 147.99999999999994
    vertex 27.99999999999997 -121.60000000000005 147.99999999999994
  endloop
endfacet
facet normal 0.0 -1.0 0.0
  outer loop
    vertex 2.499999999999973 -121.60000000000005 147.99999999999994
    vertex 27.49999999999997 -121.60000000000005 150.99999999999994
    vertex 1.4999999999999747 -121.60000000000005 148.99999999999994
  endloop
endfacet
facet normal 0.0 -1.0 0.0
  outer loop
    vertex 1.4999999999999747 -121.60000000000005 148.99999999999994
    vertex 27.49999999999997 -121.60000000000005 150.99999999999994
    vertex 2.499999999999973 -121.60000000000005 150.99999999999994
  endloop
endfacet
facet normal 0.0 1.0 0.0
  outer loop
    vertex 58.49999999999996 -151.60000000000005 150.99999999999994
    vertex 83.49999999999996 -151.60000000000005 147.99999999999994
    vertex 57.999999999999964 -151.60000000000005 147.99999999999994
  endloop
endfacet
facet normal 0.0 1.0 0.0
  outer loop
    vertex 83.49999999999996 -151.60000000000005 147.99999999999994
    vertex 58.49999999999996 -151.60000000000005 150.99999999999994
    vertex 84.49999999999996 -151.60000000000005 148.99999999999994
  endloop
endfacet
facet normal 0.0 1.0 0.0
  outer loop
    vertex 84.49999999999996 -151.60000000000005 148.99999999999994
    vertex 58.49999999999996 -151.60000000000005 150.99999999999994
    vertex 83.49999999999996 -151.60000000000005 150.99999999999994
  endloop
endfacet
facet normal -8.83216573365915e-16 -1.0 4.6900630774577154e-17
  outer loop
    vertex -83.7 -121.60000000000005 148.99999999999994
    vertex -110.0 -121.60000000000002 147.99999999999994
    vertex -84.5 -121.60000000000005 147.99999999999994
  endloop
endfacet
facet normal -8.83216573365915e-16 -1.0 4.6900630774577154e-17
  outer loop
    vertex -110.0 -121.60000000000002 147.99999999999994
    vertex -83.7 -121.60000000000005 148.99999999999994
    vertex -109.5 -121.60000000000002 150.99999999999994
  endloop
endfacet
facet normal -8.83216573365915e-16 -1.0 4.6900630774577154e-17
  outer loop
    vertex -109.5 -121.60000000000002 150.99999999999994
    vertex -83.7 -121.60000000000005 148.99999999999994
    vertex -84.5 -121.60000000000005 150.99999999999994
  endloop
endfacet
facet normal 0.751839807478994 -0.6593458151000501 8.076060125572013e-33
  outer loop
    vertex 117.67341336116488 -160.03504571603492 147.99999999999994
    vertex 117.32842712474614 -160.4284271247462 152.99999999999994
    vertex 117.32842712474614 -160.4284271247462 147.99999999999994
  endloop
endfacet
facet normal 0.751839807478994 -0.6593458151000501 8.076060125572013e-33
  outer loop
    vertex 117.32842712474614 -160.4284271247462 152.99999999999994
    vertex 117.67341336116488 -160.03504571603492 147.99999999999994
    vertex 117.67341336116488 -160.03504571603492 152.99999999999994
  endloop
endfacet
facet normal 0.9863939238321439 0.0 -0.1643989873053573
  outer loop
    vertex -26.00000000000002 -121.60000000000005 147.99999999999994
    vertex -25.50000000000002 -151.60000000000005 150.99999999999994
    vertex -26.00000000000002 -151.60000000000005 147.99999999999994
  endloop
endfacet
facet normal 0.9863939238321439 0.0 -0.1643989873053573
  outer loop
    vertex -25.50000000000002 -151.60000000000005 150.99999999999994
    vertex -26.00000000000002 -121.60000000000005 147.99999999999994
    vertex -25.50000000000002 -121.60000000000005 150.99999999999994
  endloop
endfacet
facet normal 0.8944271909999161 0.0 -0.44721359549995804
  outer loop
    vertex 85.49999999999996 -121.60000000000005 148.99999999999994
    vertex 86.49999999999996 -151.60000000000005 150.99999999999994
    vertex 85.49999999999996 -151.60000000000005 148.99999999999994
  endloop
endfacet
facet normal 0.8944271909999161 0.0 -0.44721359549995804
  outer loop
    vertex 86.49999999999996 -151.60000000000005 150.99999999999994
    vertex 85.49999999999996 -121.60000000000005 148.99999999999994
    vertex 86.49999999999996 -121.60000000000005 150.99999999999994
  endloop
endfacet
facet normal 0.0 -1.0 0.0
  outer loop
    vertex 55.499999999999964 -145.6 150.99999999999994
    vertex 29.499999999999968 -145.6 147.99999999999994
    vertex 56.499999999999964 -145.6 147.99999999999994
  endloop
endfacet
facet normal 0.0 -1.0 0.0
  outer loop
    vertex 29.499999999999968 -145.6 147.99999999999994
    vertex 55.499999999999964 -145.6 150.99999999999994
    vertex 30.499999999999968 -145.6 150.99999999999994
  endloop
endfacet
facet normal -1.7328006746527702e-15 1.0 0.0
  outer loop
    vertex 30.499999999999968 -148.60000000000005 150.99999999999994
    vertex 56.499999999999964 -148.6 147.99999999999994
    vertex 29.499999999999968 -148.60000000000005 147.99999999999994
  endloop
endfacet
facet normal -1.7328006746527702e-15 1.0 0.0
  outer loop
    vertex 56.499999999999964 -148.6 147.99999999999994
    vertex 30.499999999999968 -148.60000000000005 150.99999999999994
    vertex 55.499999999999964 -148.6 150.99999999999994
  endloop
endfacet
facet normal 0.9807852804032212 -0.1950903220161749 4.5779313560580254e-32
  outer loop
    vertex 118.46577944549519 -158.12210476888023 147.99999999999994
    vertex 118.36370330515619 -158.63527618041013 152.99999999999994
    vertex 118.36370330515619 -158.63527618041013 147.99999999999994
  endloop
endfacet
facet normal 0.9807852804032212 -0.1950903220161749 4.5779313560580254e-32
  outer loop
    vertex 118.36370330515619 -158.63527618041013 152.99999999999994
    vertex 118.46577944549519 -158.12210476888023 147.99999999999994
    vertex 118.46577944549519 -158.12210476888023 152.99999999999994
  endloop
endfacet
facet normal 0.0 0.0 -1.0
  outer loop
    vertex 111.49999999999996 -121.60000000000005 150.99999999999994
    vertex 86.49999999999996 -151.60000000000005 150.99999999999994
    vertex 86.49999999999996 -121.60000000000005 150.99999999999994
  endloop
endfacet
facet normal 0.0 0.0 -1.0
  outer loop
    vertex 86.49999999999996 -151.60000000000005 150.99999999999994
    vertex 111.49999999999996 -121.60000000000005 150.99999999999994
    vertex 111.49999999999996 -151.60000000000005 150.99999999999994
  endloop
endfacet
facet normal 0.9807852804032197 0.19509032201618318 6.645719384137943e-32
  outer loop
    vertex 118.36370330515624 -114.56472381958997 147.99999999999994
    vertex 118.46577944549523 -115.07789523111984 152.99999999999994
    vertex 118.46577944549523 -115.07789523111984 147.99999999999994
  endloop
endfacet
facet normal 0.9807852804032197 0.19509032201618318 6.645719384137943e-32
  outer loop
    vertex 118.46577944549523 -115.07789523111984 152.99999999999994
    vertex 118.36370330515624 -114.56472381958997 147.99999999999994
    vertex 118.36370330515624 -114.56472381958997 152.99999999999994
  endloop
endfacet
facet normal 0.0 0.0 -1.0
  outer loop
    vertex -56.50000000000001 -121.60000000000005 150.99999999999994
    vertex -81.50000000000001 -151.60000000000002 150.99999999999994
    vertex -81.50000000000001 -121.60000000000002 150.99999999999994
  endloop
endfacet
facet normal 0.0 0.0 -1.0
  outer loop
    vertex -81.50000000000001 -151.60000000000002 150.99999999999994
    vertex -56.50000000000001 -121.60000000000005 150.99999999999994
    vertex -56.50000000000001 -151.60000000000002 150.99999999999994
  endloop
endfacet
facet normal 0.9469301294951038 -0.32143946530316714 3.71462444420247e-32
  outer loop
    vertex 118.36370330515619 -158.63527618041013 147.99999999999994
    vertex 118.19551813004506 -159.1307337294604 152.99999999999994
    vertex 118.19551813004506 -159.1307337294604 147.99999999999994
  endloop
endfacet
facet normal 0.9469301294951038 -0.32143946530316714 3.71462444420247e-32
  outer loop
    vertex 118.19551813004506 -159.1307337294604 152.99999999999994
    vertex 118.36370330515619 -158.63527618041013 147.99999999999994
    vertex 118.36370330515619 -158.63527618041013 152.99999999999994
  endloop
endfacet
facet normal 0.0 0.0 -1.0
  outer loop
    vertex 55.499999999999964 -145.6 150.99999999999994
    vertex 30.499999999999968 -148.60000000000005 150.99999999999994
    vertex 30.499999999999968 -145.6 150.99999999999994
  endloop
endfacet
facet normal 0.0 0.0 -1.0
  outer loop
    vertex 30.499999999999968 -148.60000000000005 150.99999999999994
    vertex 55.499999999999964 -145.6 150.99999999999994
    vertex 55.499999999999964 -148.6 150.99999999999994
  endloop
endfacet
facet normal 0.0 1.0 0.0
  outer loop
    vertex 85.49999999999996 -151.60000000000005 148.99999999999994
    vertex 111.99999999999997 -151.60000000000005 147.99999999999994
    vertex 86.49999999999996 -151.60000000000005 147.99999999999994
  endloop
endfacet
facet normal 0.0 1.0 0.0
  outer loop
    vertex 111.99999999999997 -151.60000000000005 147.99999999999994
    vertex 85.49999999999996 -151.60000000000005 148.99999999999994
    vertex 111.49999999999996 -151.60000000000005 150.99999999999994
  endloop
endfacet
facet normal 0.0 1.0 0.0
  outer loop
    vertex 111.49999999999996 -151.60000000000005 150.99999999999994
    vertex 85.49999999999996 -151.60000000000005 148.99999999999994
    vertex 86.49999999999996 -151.60000000000005 150.99999999999994
  endloop
endfacet
facet normal -0.9863939238321439 0.0 -0.1643989873053573
  outer loop
    vertex 27.49999999999997 -121.60000000000005 150.99999999999994
    vertex 27.99999999999997 -151.60000000000005 147.99999999999994
    vertex 27.49999999999997 -151.60000000000005 150.99999999999994
  endloop
endfacet
facet normal -0.9863939238321439 0.0 -0.1643989873053573
  outer loop
    vertex 27.99999999999997 -151.60000000000005 147.99999999999994
    vertex 27.49999999999997 -121.60000000000005 150.99999999999994
    vertex 27.99999999999997 -121.60000000000005 147.99999999999994
  endloop
endfacet
facet normal 0.948683298050514 0.0 -0.31622776601683794
  outer loop
    vertex 29.499999999999968 -145.6 147.99999999999994
    vertex 30.499999999999968 -148.60000000000005 150.99999999999994
    vertex 29.499999999999968 -148.60000000000005 147.99999999999994
  endloop
endfacet
facet normal 0.948683298050514 0.0 -0.31622776601683794
  outer loop
    vertex 30.499999999999968 -148.60000000000005 150.99999999999994
    vertex 29.499999999999968 -145.6 147.99999999999994
    vertex 30.499999999999968 -145.6 150.99999999999994
  endloop
endfacet
facet normal 0.9978589232386101 0.06540312923004316 6.056124977372129e-32
  outer loop
    vertex 118.46577944549523 -115.07789523111984 147.99999999999994
    vertex 118.49999999999994 -115.60000000000007 152.99999999999994
    vertex 118.49999999999994 -115.60000000000007 147.99999999999994
  endloop
endfacet
facet normal 0.9978589232386101 0.06540312923004316 6.056124977372129e-32
  outer loop
    vertex 118.49999999999994 -115.60000000000007 152.99999999999994
    vertex 118.46577944549523 -115.07789523111984 147.99999999999994
    vertex 118.46577944549523 -115.07789523111984 152.99999999999994
  endloop
endfacet
facet normal 0.0 0.0 -1.0
  outer loop
    vertex -84.5 -121.60000000000005 150.99999999999994
    vertex -109.5 -151.60000000000002 150.99999999999994
    vertex -109.5 -121.60000000000002 150.99999999999994
  endloop
endfacet
facet normal 0.0 0.0 -1.0
  outer loop
    vertex -109.5 -151.60000000000002 150.99999999999994
    vertex -84.5 -121.60000000000005 150.99999999999994
    vertex -84.5 -151.60000000000002 150.99999999999994
  endloop
endfacet
facet normal -6.18163054827361e-32 -3.5330439198797426e-32 -1.0
  outer loop
    vertex -116.46577944549524 -115.07789523111984 147.99999999999994
    vertex -116.49999999999999 -157.60000000000002 147.99999999999994
    vertex -116.49999999999999 -115.60000000000007 147.99999999999994
  endloop
endfacet
facet normal -6.18163054827361e-32 -3.5330439198797426e-32 -1.0
  outer loop
    vertex -116.49999999999999 -157.60000000000002 147.99999999999994
    vertex -116.46577944549524 -115.07789523111984 147.99999999999994
    vertex -116.46577944549524 -158.12210476888023 147.99999999999994
  endloop
endfacet
facet normal -6.18163054827361e-32 -3.5330439198797426e-32 -1.0
  outer loop
    vertex -116.46577944549524 -158.12210476888023 147.99999999999994
    vertex -116.46577944549524 -115.07789523111984 147.99999999999994
    vertex -116.36370330515626 -114.56472381958997 147.99999999999994
  endloop
endfacet
facet normal -6.18163054827361e-32 -3.5330439198797426e-32 -1.0
  outer loop
    vertex -116.46577944549524 -158.12210476888023 147.99999999999994
    vertex -116.36370330515626 -114.56472381958997 147.99999999999994
    vertex -116.36370330515626 -158.6352761804101 147.99999999999994
  endloop
endfacet
facet normal -6.18163054827361e-32 -3.5330439198797426e-32 -1.0
  outer loop
    vertex -116.36370330515626 -158.6352761804101 147.99999999999994
    vertex -116.36370330515626 -114.56472381958997 147.99999999999994
    vertex -116.19551813004513 -114.0692662705397 147.99999999999994
  endloop
endfacet
facet normal -6.18163054827361e-32 -3.5330439198797426e-32 -1.0
  outer loop
    vertex -116.36370330515626 -158.6352761804101 147.99999999999994
    vertex -116.19551813004513 -114.0692662705397 147.99999999999994
    vertex -116.19551813004513 -159.13073372946036 147.99999999999994
  endloop
endfacet
facet normal -6.18163054827361e-32 -3.5330439198797426e-32 -1.0
  outer loop
    vertex -116.19551813004513 -159.13073372946036 147.99999999999994
    vertex -116.19551813004513 -114.0692662705397 147.99999999999994
    vertex -115.96410161513775 -113.60000000000007 147.99999999999994
  endloop
endfacet
facet normal -6.18163054827361e-32 -3.5330439198797426e-32 -1.0
  outer loop
    vertex -116.19551813004513 -159.13073372946036 147.99999999999994
    vertex -115.96410161513775 -113.60000000000007 147.99999999999994
    vertex -115.96410161513775 -159.60000000000002 147.99999999999994
  endloop
endfacet
facet normal -6.18163054827361e-32 -3.5330439198797426e-32 -1.0
  outer loop
    vertex -115.96410161513775 -159.60000000000002 147.99999999999994
    vertex -115.96410161513775 -113.60000000000007 147.99999999999994
    vertex -115.67341336116495 -113.16495428396519 147.99999999999994
  endloop
endfacet
facet normal -6.18163054827361e-32 -3.5330439198797426e-32 -1.0
  outer loop
    vertex -115.96410161513775 -159.60000000000002 147.99999999999994
    vertex -115.67341336116495 -113.16495428396519 147.99999999999994
    vertex -115.67341336116495 -160.03504571603492 147.99999999999994
  endloop
endfacet
facet normal -6.18163054827361e-32 -3.5330439198797426e-32 -1.0
  outer loop
    vertex -115.67341336116495 -160.03504571603492 147.99999999999994
    vertex -115.67341336116495 -113.16495428396519 147.99999999999994
    vertex -115.3284271247462 -112.77157287525387 147.99999999999994
  endloop
endfacet
facet normal -6.18163054827361e-32 -3.5330439198797426e-32 -1.0
  outer loop
    vertex -115.67341336116495 -160.03504571603492 147.99999999999994
    vertex -115.3284271247462 -112.77157287525387 147.99999999999994
    vertex -115.3284271247462 -160.4284271247462 147.99999999999994
  endloop
endfacet
facet normal -6.18163054827361e-32 -3.5330439198797426e-32 -1.0
  outer loop
    vertex -115.3284271247462 -160.4284271247462 147.99999999999994
    vertex -115.3284271247462 -112.77157287525387 147.99999999999994
    vertex -114.93504571603488 -112.42658663883512 147.99999999999994
  endloop
endfacet
facet normal -6.18163054827361e-32 -3.5330439198797426e-32 -1.0
  outer loop
    vertex -115.3284271247462 -160.4284271247462 147.99999999999994
    vertex -114.93504571603488 -112.42658663883512 147.99999999999994
    vertex -114.93504571603488 -160.77341336116498 147.99999999999994
  endloop
endfacet
facet normal -6.18163054827361e-32 -3.5330439198797426e-32 -1.0
  outer loop
    vertex -114.93504571603488 -160.77341336116498 147.99999999999994
    vertex -114.93504571603488 -112.42658663883512 147.99999999999994
    vertex -114.5 -112.1358983848623 147.99999999999994
  endloop
endfacet
facet normal -6.18163054827361e-32 -3.5330439198797426e-32 -1.0
  outer loop
    vertex -114.93504571603488 -160.77341336116498 147.99999999999994
    vertex -114.5 -112.1358983848623 147.99999999999994
    vertex -114.5 -161.0641016151378 147.99999999999994
  endloop
endfacet
facet normal -6.18163054827361e-32 -3.5330439198797426e-32 -1.0
  outer loop
    vertex -114.5 -161.0641016151378 147.99999999999994
    vertex -114.5 -112.1358983848623 147.99999999999994
    vertex -114.03073372946037 -111.90448186995492 147.99999999999994
  endloop
endfacet
facet normal -6.18163054827361e-32 -3.5330439198797426e-32 -1.0
  outer loop
    vertex -114.5 -161.0641016151378 147.99999999999994
    vertex -114.03073372946037 -111.90448186995492 147.99999999999994
    vertex -114.03073372946037 -161.29551813004517 147.99999999999994
  endloop
endfacet
facet normal -6.18163054827361e-32 -3.5330439198797426e-32 -1.0
  outer loop
    vertex -114.03073372946037 -161.29551813004517 147.99999999999994
    vertex -114.03073372946037 -111.90448186995492 147.99999999999994
    vertex -113.5352761804101 -111.73629669484379 147.99999999999994
  endloop
endfacet
facet normal -6.18163054827361e-32 -3.5330439198797426e-32 -1.0
  outer loop
    vertex -114.03073372946037 -161.29551813004517 147.99999999999994
    vertex -113.5352761804101 -111.73629669484379 147.99999999999994
    vertex -113.5352761804101 -161.4637033051563 147.99999999999994
  endloop
endfacet
facet normal -6.18163054827361e-32 -3.5330439198797426e-32 -1.0
  outer loop
    vertex -113.5352761804101 -161.4637033051563 147.99999999999994
    vertex -113.5352761804101 -111.73629669484379 147.99999999999994
    vertex -113.02210476888021 -111.63422055450482 147.99999999999994
  endloop
endfacet
facet normal -6.18163054827361e-32 -3.5330439198797426e-32 -1.0
  outer loop
    vertex -113.5352761804101 -161.4637033051563 147.99999999999994
    vertex -113.02210476888021 -111.63422055450482 147.99999999999994
    vertex -113.02210476888021 -161.56577944549528 147.99999999999994
  endloop
endfacet
facet normal -6.18163054827361e-32 -3.5330439198797426e-32 -1.0
  outer loop
    vertex -113.02210476888021 -161.56577944549528 147.99999999999994
    vertex -113.02210476888021 -111.63422055450482 147.99999999999994
    vertex -112.5 -111.60000000000004 147.99999999999994
  endloop
endfacet
facet normal -6.18163054827361e-32 -3.5330439198797426e-32 -1.0
  outer loop
    vertex -113.02210476888021 -161.56577944549528 147.99999999999994
    vertex -112.5 -111.60000000000004 147.99999999999994
    vertex -112.5 -161.60000000000002 147.99999999999994
  endloop
endfacet
facet normal -6.18163054827361e-32 -3.5330439198797426e-32 -1.0
  outer loop
    vertex -112.5 -161.60000000000002 147.99999999999994
    vertex -112.5 -111.60000000000004 147.99999999999994
    vertex -110.0 -121.60000000000002 147.99999999999994
  endloop
endfacet
facet normal -6.18163054827361e-32 -3.5330439198797426e-32 -1.0
  outer loop
    vertex -110.0 -121.60000000000002 147.99999999999994
    vertex -112.5 -111.60000000000004 147.99999999999994
    vertex 114.49999999999994 -111.60000000000004 147.99999999999994
  endloop
endfacet
facet normal -6.18163054827361e-32 -3.5330439198797426e-32 -1.0
  outer loop
    vertex -110.0 -121.60000000000002 147.99999999999994
    vertex 114.49999999999994 -111.60000000000004 147.99999999999994
    vertex -84.5 -121.60000000000005 147.99999999999994
  endloop
endfacet
facet normal -6.18163054827361e-32 -3.5330439198797426e-32 -1.0
  outer loop
    vertex -84.5 -121.60000000000005 147.99999999999994
    vertex 114.49999999999994 -111.60000000000004 147.99999999999994
    vertex -81.50000000000001 -121.60000000000002 147.99999999999994
  endloop
endfacet
facet normal -6.18163054827361e-32 -3.5330439198797426e-32 -1.0
  outer loop
    vertex -81.50000000000001 -121.60000000000002 147.99999999999994
    vertex 114.49999999999994 -111.60000000000004 147.99999999999994
    vertex -56.00000000000001 -121.60000000000005 147.99999999999994
  endloop
endfacet
facet normal -6.18163054827361e-32 -3.5330439198797426e-32 -1.0
  outer loop
    vertex -56.00000000000001 -121.60000000000005 147.99999999999994
    vertex 114.49999999999994 -111.60000000000004 147.99999999999994
    vertex -26.00000000000002 -121.60000000000005 147.99999999999994
  endloop
endfacet
facet normal -6.18163054827361e-32 -3.5330439198797426e-32 -1.0
  outer loop
    vertex -56.00000000000001 -121.60000000000005 147.99999999999994
    vertex -26.00000000000002 -121.60000000000005 147.99999999999994
    vertex -54.500000000000014 -145.6 147.99999999999994
  endloop
endfacet
facet normal -6.18163054827361e-32 -3.5330439198797426e-32 -1.0
  outer loop
    vertex -56.00000000000001 -121.60000000000005 147.99999999999994
    vertex -54.500000000000014 -145.6 147.99999999999994
    vertex -56.00000000000001 -151.60000000000002 147.99999999999994
  endloop
endfacet
facet normal -6.18163054827361e-32 -3.5330439198797426e-32 -1.0
  outer loop
    vertex -54.500000000000014 -145.6 147.99999999999994
    vertex -26.00000000000002 -121.60000000000005 147.99999999999994
    vertex -27.500000000000018 -145.6 147.99999999999994
  endloop
endfacet
facet normal -6.18163054827361e-32 -3.5330439198797426e-32 -1.0
  outer loop
    vertex -27.500000000000018 -145.6 147.99999999999994
    vertex -26.00000000000002 -121.60000000000005 147.99999999999994
    vertex -27.500000000000018 -148.60000000000005 147.99999999999994
  endloop
endfacet
facet normal -6.18163054827361e-32 -3.5330439198797426e-32 -1.0
  outer loop
    vertex -26.00000000000002 -121.60000000000005 147.99999999999994
    vertex 114.49999999999994 -111.60000000000004 147.99999999999994
    vertex -0.5000000000000216 -121.60000000000005 147.99999999999994
  endloop
endfacet
facet normal -6.18163054827361e-32 -3.5330439198797426e-32 -1.0
  outer loop
    vertex -0.5000000000000216 -121.60000000000005 147.99999999999994
    vertex 114.49999999999994 -111.60000000000004 147.99999999999994
    vertex 2.499999999999973 -121.60000000000005 147.99999999999994
  endloop
endfacet
facet normal -6.18163054827361e-32 -3.5330439198797426e-32 -1.0
  outer loop
    vertex 2.499999999999973 -121.60000000000005 147.99999999999994
    vertex 114.49999999999994 -111.60000000000004 147.99999999999994
    vertex 27.99999999999997 -121.60000000000005 147.99999999999994
  endloop
endfacet
facet normal -6.18163054827361e-32 -3.5330439198797426e-32 -1.0
  outer loop
    vertex 27.99999999999997 -121.60000000000005 147.99999999999994
    vertex 114.49999999999994 -111.60000000000004 147.99999999999994
    vertex 57.999999999999964 -121.60000000000005 147.99999999999994
  endloop
endfacet
facet normal -6.18163054827361e-32 -3.5330439198797426e-32 -1.0
  outer loop
    vertex 27.99999999999997 -121.60000000000005 147.99999999999994
    vertex 57.999999999999964 -121.60000000000005 147.99999999999994
    vertex 29.499999999999968 -145.6 147.99999999999994
  endloop
endfacet
facet normal -6.18163054827361e-32 -3.5330439198797426e-32 -1.0
  outer loop
    vertex 27.99999999999997 -121.60000000000005 147.99999999999994
    vertex 29.499999999999968 -145.6 147.99999999999994
    vertex 27.99999999999997 -151.60000000000005 147.99999999999994
  endloop
endfacet
facet normal -6.18163054827361e-32 -3.5330439198797426e-32 -1.0
  outer loop
    vertex 29.499999999999968 -145.6 147.99999999999994
    vertex 57.999999999999964 -121.60000000000005 147.99999999999994
    vertex 56.499999999999964 -145.6 147.99999999999994
  endloop
endfacet
facet normal -6.18163054827361e-32 -3.5330439198797426e-32 -1.0
  outer loop
    vertex 56.499999999999964 -145.6 147.99999999999994
    vertex 57.999999999999964 -121.60000000000005 147.99999999999994
    vertex 56.499999999999964 -148.6 147.99999999999994
  endloop
endfacet
facet normal -6.18163054827361e-32 -3.5330439198797426e-32 -1.0
  outer loop
    vertex 57.999999999999964 -121.60000000000005 147.99999999999994
    vertex 114.49999999999994 -111.60000000000004 147.99999999999994
    vertex 83.49999999999996 -121.60000000000005 147.99999999999994
  endloop
endfacet
facet normal -6.18163054827361e-32 -3.5330439198797426e-32 -1.0
  outer loop
    vertex 83.49999999999996 -121.60000000000005 147.99999999999994
    vertex 114.49999999999994 -111.60000000000004 147.99999999999994
    vertex 86.49999999999996 -121.60000000000005 147.99999999999994
  endloop
endfacet
facet normal -6.18163054827361e-32 -3.5330439198797426e-32 -1.0
  outer loop
    vertex 86.49999999999996 -121.60000000000005 147.99999999999994
    vertex 114.49999999999994 -111.60000000000004 147.99999999999994
    vertex 111.99999999999997 -121.60000000000005 147.99999999999994
  endloop
endfacet
facet normal -6.18163054827361e-32 -3.5330439198797426e-32 -1.0
  outer loop
    vertex 111.99999999999997 -121.60000000000005 147.99999999999994
    vertex 114.49999999999994 -111.60000000000004 147.99999999999994
    vertex 111.99999999999997 -151.60000000000005 147.99999999999994
  endloop
endfacet
facet normal -6.18163054827361e-32 -3.5330439198797426e-32 -1.0
  outer loop
    vertex -112.5 -161.60000000000002 147.99999999999994
    vertex -110.0 -151.60000000000002 147.99999999999994
    vertex 114.49999999999994 -161.60000000000002 147.99999999999994
  endloop
endfacet
facet normal -6.18163054827361e-32 -3.5330439198797426e-32 -1.0
  outer loop
    vertex -110.0 -151.60000000000002 147.99999999999994
    vertex -112.5 -161.60000000000002 147.99999999999994
    vertex -110.0 -121.60000000000002 147.99999999999994
  endloop
endfacet
facet normal -6.18163054827361e-32 -3.5330439198797426e-32 -1.0
  outer loop
    vertex 114.49999999999994 -161.60000000000002 147.99999999999994
    vertex -110.0 -151.60000000000002 147.99999999999994
    vertex -84.5 -151.60000000000002 147.99999999999994
  endloop
endfacet
facet normal -6.18163054827361e-32 -3.5330439198797426e-32 -1.0
  outer loop
    vertex 114.49999999999994 -161.60000000000002 147.99999999999994
    vertex -84.5 -151.60000000000002 147.99999999999994
    vertex -81.50000000000001 -151.60000000000002 147.99999999999994
  endloop
endfacet
facet normal -6.18163054827361e-32 -3.5330439198797426e-32 -1.0
  outer loop
    vertex 114.49999999999994 -161.60000000000002 147.99999999999994
    vertex -81.50000000000001 -151.60000000000002 147.99999999999994
    vertex -56.00000000000001 -151.60000000000002 147.99999999999994
  endloop
endfacet
facet normal -6.18163054827361e-32 -3.5330439198797426e-32 -1.0
  outer loop
    vertex 114.49999999999994 -161.60000000000002 147.99999999999994
    vertex -56.00000000000001 -151.60000000000002 147.99999999999994
    vertex -26.00000000000002 -151.60000000000005 147.99999999999994
  endloop
endfacet
facet normal -6.18163054827361e-32 -3.5330439198797426e-32 -1.0
  outer loop
    vertex -26.00000000000002 -151.60000000000005 147.99999999999994
    vertex -56.00000000000001 -151.60000000000002 147.99999999999994
    vertex -54.500000000000014 -148.60000000000005 147.99999999999994
  endloop
endfacet
facet normal -6.18163054827361e-32 -3.5330439198797426e-32 -1.0
  outer loop
    vertex -54.500000000000014 -148.60000000000005 147.99999999999994
    vertex -56.00000000000001 -151.60000000000002 147.99999999999994
    vertex -54.500000000000014 -145.6 147.99999999999994
  endloop
endfacet
facet normal -6.18163054827361e-32 -3.5330439198797426e-32 -1.0
  outer loop
    vertex -26.00000000000002 -151.60000000000005 147.99999999999994
    vertex -54.500000000000014 -148.60000000000005 147.99999999999994
    vertex -27.500000000000018 -148.60000000000005 147.99999999999994
  endloop
endfacet
facet normal -6.18163054827361e-32 -3.5330439198797426e-32 -1.0
  outer loop
    vertex -26.00000000000002 -151.60000000000005 147.99999999999994
    vertex -27.500000000000018 -148.60000000000005 147.99999999999994
    vertex -26.00000000000002 -121.60000000000005 147.99999999999994
  endloop
endfacet
facet normal -6.18163054827361e-32 -3.5330439198797426e-32 -1.0
  outer loop
    vertex 114.49999999999994 -161.60000000000002 147.99999999999994
    vertex -26.00000000000002 -151.60000000000005 147.99999999999994
    vertex -0.5000000000000216 -151.60000000000005 147.99999999999994
  endloop
endfacet
facet normal -6.18163054827361e-32 -3.5330439198797426e-32 -1.0
  outer loop
    vertex 114.49999999999994 -161.60000000000002 147.99999999999994
    vertex -0.5000000000000216 -151.60000000000005 147.99999999999994
    vertex 2.499999999999973 -151.60000000000005 147.99999999999994
  endloop
endfacet
facet normal -6.18163054827361e-32 -3.5330439198797426e-32 -1.0
  outer loop
    vertex 114.49999999999994 -161.60000000000002 147.99999999999994
    vertex 2.499999999999973 -151.60000000000005 147.99999999999994
    vertex 27.99999999999997 -151.60000000000005 147.99999999999994
  endloop
endfacet
facet normal -6.18163054827361e-32 -3.5330439198797426e-32 -1.0
  outer loop
    vertex 114.49999999999994 -161.60000000000002 147.99999999999994
    vertex 27.99999999999997 -151.60000000000005 147.99999999999994
    vertex 29.499999999999968 -148.60000000000005 147.99999999999994
  endloop
endfacet
facet normal -6.18163054827361e-32 -3.5330439198797426e-32 -1.0
  outer loop
    vertex 29.499999999999968 -148.60000000000005 147.99999999999994
    vertex 27.99999999999997 -151.60000000000005 147.99999999999994
    vertex 29.499999999999968 -145.6 147.99999999999994
  endloop
endfacet
facet normal -6.18163054827361e-32 -3.5330439198797426e-32 -1.0
  outer loop
    vertex 114.49999999999994 -161.60000000000002 147.99999999999994
    vertex 29.499999999999968 -148.60000000000005 147.99999999999994
    vertex 57.999999999999964 -151.60000000000005 147.99999999999994
  endloop
endfacet
facet normal -6.18163054827361e-32 -3.5330439198797426e-32 -1.0
  outer loop
    vertex 57.999999999999964 -151.60000000000005 147.99999999999994
    vertex 29.499999999999968 -148.60000000000005 147.99999999999994
    vertex 56.499999999999964 -148.6 147.99999999999994
  endloop
endfacet
facet normal -6.18163054827361e-32 -3.5330439198797426e-32 -1.0
  outer loop
    vertex 57.999999999999964 -151.60000000000005 147.99999999999994
    vertex 56.499999999999964 -148.6 147.99999999999994
    vertex 57.999999999999964 -121.60000000000005 147.99999999999994
  endloop
endfacet
facet normal -6.18163054827361e-32 -3.5330439198797426e-32 -1.0
  outer loop
    vertex 114.49999999999994 -161.60000000000002 147.99999999999994
    vertex 57.999999999999964 -151.60000000000005 147.99999999999994
    vertex 83.49999999999996 -151.60000000000005 147.99999999999994
  endloop
endfacet
facet normal -6.18163054827361e-32 -3.5330439198797426e-32 -1.0
  outer loop
    vertex 114.49999999999994 -161.60000000000002 147.99999999999994
    vertex 83.49999999999996 -151.60000000000005 147.99999999999994
    vertex 86.49999999999996 -151.60000000000005 147.99999999999994
  endloop
endfacet
facet normal -6.18163054827361e-32 -3.5330439198797426e-32 -1.0
  outer loop
    vertex 114.49999999999994 -161.60000000000002 147.99999999999994
    vertex 86.49999999999996 -151.60000000000005 147.99999999999994
    vertex 111.99999999999997 -151.60000000000005 147.99999999999994
  endloop
endfacet
facet normal -6.18163054827361e-32 -3.5330439198797426e-32 -1.0
  outer loop
    vertex 114.49999999999994 -161.60000000000002 147.99999999999994
    vertex 111.99999999999997 -151.60000000000005 147.99999999999994
    vertex 114.49999999999994 -111.60000000000004 147.99999999999994
  endloop
endfacet
facet normal -6.18163054827361e-32 -3.5330439198797426e-32 -1.0
  outer loop
    vertex 114.49999999999994 -161.60000000000002 147.99999999999994
    vertex 114.49999999999994 -111.60000000000004 147.99999999999994
    vertex 115.02210476888014 -111.6342205545048 147.99999999999994
  endloop
endfacet
facet normal -6.18163054827361e-32 -3.5330439198797426e-32 -1.0
  outer loop
    vertex 114.49999999999994 -161.60000000000002 147.99999999999994
    vertex 115.02210476888014 -111.6342205545048 147.99999999999994
    vertex 115.02210476888014 -161.56577944549528 147.99999999999994
  endloop
endfacet
facet normal -6.18163054827361e-32 -3.5330439198797426e-32 -1.0
  outer loop
    vertex 115.02210476888014 -161.56577944549528 147.99999999999994
    vertex 115.02210476888014 -111.6342205545048 147.99999999999994
    vertex 115.53527618041004 -111.73629669484377 147.99999999999994
  endloop
endfacet
facet normal -6.18163054827361e-32 -3.5330439198797426e-32 -1.0
  outer loop
    vertex 115.02210476888014 -161.56577944549528 147.99999999999994
    vertex 115.53527618041004 -111.73629669484377 147.99999999999994
    vertex 115.53527618041004 -161.4637033051563 147.99999999999994
  endloop
endfacet
facet normal -6.18163054827361e-32 -3.5330439198797426e-32 -1.0
  outer loop
    vertex 115.53527618041004 -161.4637033051563 147.99999999999994
    vertex 115.53527618041004 -111.73629669484377 147.99999999999994
    vertex 116.03073372946034 -111.90448186995489 147.99999999999994
  endloop
endfacet
facet normal -6.18163054827361e-32 -3.5330439198797426e-32 -1.0
  outer loop
    vertex 115.53527618041004 -161.4637033051563 147.99999999999994
    vertex 116.03073372946034 -111.90448186995489 147.99999999999994
    vertex 116.03073372946034 -161.29551813004517 147.99999999999994
  endloop
endfacet
facet normal -6.18163054827361e-32 -3.5330439198797426e-32 -1.0
  outer loop
    vertex 116.03073372946034 -161.29551813004517 147.99999999999994
    vertex 116.03073372946034 -111.90448186995489 147.99999999999994
    vertex 116.49999999999994 -112.1358983848623 147.99999999999994
  endloop
endfacet
facet normal -6.18163054827361e-32 -3.5330439198797426e-32 -1.0
  outer loop
    vertex 116.03073372946034 -161.29551813004517 147.99999999999994
    vertex 116.49999999999994 -112.1358983848623 147.99999999999994
    vertex 116.49999999999994 -161.0641016151378 147.99999999999994
  endloop
endfacet
facet normal -6.18163054827361e-32 -3.5330439198797426e-32 -1.0
  outer loop
    vertex 116.49999999999994 -161.0641016151378 147.99999999999994
    vertex 116.49999999999994 -112.1358983848623 147.99999999999994
    vertex 116.93504571603485 -112.42658663883512 147.99999999999994
  endloop
endfacet
facet normal -6.18163054827361e-32 -3.5330439198797426e-32 -1.0
  outer loop
    vertex 116.49999999999994 -161.0641016151378 147.99999999999994
    vertex 116.93504571603485 -112.42658663883512 147.99999999999994
    vertex 116.93504571603485 -160.77341336116498 147.99999999999994
  endloop
endfacet
facet normal -6.18163054827361e-32 -3.5330439198797426e-32 -1.0
  outer loop
    vertex 116.93504571603485 -160.77341336116498 147.99999999999994
    vertex 116.93504571603485 -112.42658663883512 147.99999999999994
    vertex 117.32842712474614 -112.77157287525387 147.99999999999994
  endloop
endfacet
facet normal -6.18163054827361e-32 -3.5330439198797426e-32 -1.0
  outer loop
    vertex 116.93504571603485 -160.77341336116498 147.99999999999994
    vertex 117.32842712474614 -112.77157287525387 147.99999999999994
    vertex 117.32842712474614 -160.4284271247462 147.99999999999994
  endloop
endfacet
facet normal -6.18163054827361e-32 -3.5330439198797426e-32 -1.0
  outer loop
    vertex 117.32842712474614 -160.4284271247462 147.99999999999994
    vertex 117.32842712474614 -112.77157287525387 147.99999999999994
    vertex 117.67341336116488 -113.16495428396516 147.99999999999994
  endloop
endfacet
facet normal -6.18163054827361e-32 -3.5330439198797426e-32 -1.0
  outer loop
    vertex 117.32842712474614 -160.4284271247462 147.99999999999994
    vertex 117.67341336116488 -113.16495428396516 147.99999999999994
    vertex 117.67341336116488 -160.03504571603492 147.99999999999994
  endloop
endfacet
facet normal -6.18163054827361e-32 -3.5330439198797426e-32 -1.0
  outer loop
    vertex 117.67341336116488 -160.03504571603492 147.99999999999994
    vertex 117.67341336116488 -113.16495428396516 147.99999999999994
    vertex 117.96410161513768 -113.60000000000004 147.99999999999994
  endloop
endfacet
facet normal -6.18163054827361e-32 -3.5330439198797426e-32 -1.0
  outer loop
    vertex 117.67341336116488 -160.03504571603492 147.99999999999994
    vertex 117.96410161513768 -113.60000000000004 147.99999999999994
    vertex 117.96410161513768 -159.60000000000002 147.99999999999994
  endloop
endfacet
facet normal -6.18163054827361e-32 -3.5330439198797426e-32 -1.0
  outer loop
    vertex 117.96410161513768 -159.60000000000002 147.99999999999994
    vertex 117.96410161513768 -113.60000000000004 147.99999999999994
    vertex 118.1955181300451 -114.0692662705397 147.99999999999994
  endloop
endfacet
facet normal -6.18163054827361e-32 -3.5330439198797426e-32 -1.0
  outer loop
    vertex 117.96410161513768 -159.60000000000002 147.99999999999994
    vertex 118.1955181300451 -114.0692662705397 147.99999999999994
    vertex 118.19551813004506 -159.1307337294604 147.99999999999994
  endloop
endfacet
facet normal -6.18163054827361e-32 -3.5330439198797426e-32 -1.0
  outer loop
    vertex 118.19551813004506 -159.1307337294604 147.99999999999994
    vertex 118.1955181300451 -114.0692662705397 147.99999999999994
    vertex 118.36370330515619 -158.63527618041013 147.99999999999994
  endloop
endfacet
facet normal -6.18163054827361e-32 -3.5330439198797426e-32 -1.0
  outer loop
    vertex 118.36370330515619 -158.63527618041013 147.99999999999994
    vertex 118.1955181300451 -114.0692662705397 147.99999999999994
    vertex 118.36370330515624 -114.56472381958997 147.99999999999994
  endloop
endfacet
facet normal -6.18163054827361e-32 -3.5330439198797426e-32 -1.0
  outer loop
    vertex 118.36370330515619 -158.63527618041013 147.99999999999994
    vertex 118.36370330515624 -114.56472381958997 147.99999999999994
    vertex 118.46577944549519 -158.12210476888023 147.99999999999994
  endloop
endfacet
facet normal -6.18163054827361e-32 -3.5330439198797426e-32 -1.0
  outer loop
    vertex 118.46577944549519 -158.12210476888023 147.99999999999994
    vertex 118.36370330515624 -114.56472381958997 147.99999999999994
    vertex 118.46577944549523 -115.07789523111984 147.99999999999994
  endloop
endfacet
facet normal -6.18163054827361e-32 -3.5330439198797426e-32 -1.0
  outer loop
    vertex 118.46577944549519 -158.12210476888023 147.99999999999994
    vertex 118.46577944549523 -115.07789523111984 147.99999999999994
    vertex 118.49999999999994 -157.60000000000002 147.99999999999994
  endloop
endfacet
facet normal -6.18163054827361e-32 -3.5330439198797426e-32 -1.0
  outer loop
    vertex 118.49999999999994 -157.60000000000002 147.99999999999994
    vertex 118.46577944549523 -115.07789523111984 147.99999999999994
    vertex 118.49999999999994 -115.60000000000007 147.99999999999994
  endloop
endfacet
facet normal 0.5555702330195823 -0.8314696123025586 -1.2275842682278164e-32
  outer loop
    vertex 116.93504571603485 -160.77341336116498 152.99999999999994
    vertex 116.49999999999994 -161.0641016151378 147.99999999999994
    vertex 116.93504571603485 -160.77341336116498 147.99999999999994
  endloop
endfacet
facet normal 0.5555702330195823 -0.8314696123025586 -1.2275842682278164e-32
  outer loop
    vertex 116.49999999999994 -161.0641016151378 147.99999999999994
    vertex 116.93504571603485 -160.77341336116498 152.99999999999994
    vertex 116.49999999999994 -161.0641016151378 152.99999999999994
  endloop
endfacet
facet normal 0.0 -1.0 0.0
  outer loop
    vertex 0.4999999999999765 -121.60000000000005 148.99999999999994
    vertex -26.00000000000002 -121.60000000000005 147.99999999999994
    vertex -0.5000000000000216 -121.60000000000005 147.99999999999994
  endloop
endfacet
facet normal 0.0 -1.0 0.0
  outer loop
    vertex -26.00000000000002 -121.60000000000005 147.99999999999994
    vertex 0.4999999999999765 -121.60000000000005 148.99999999999994
    vertex -25.50000000000002 -121.60000000000005 150.99999999999994
  endloop
endfacet
facet normal 0.0 -1.0 0.0
  outer loop
    vertex -25.50000000000002 -121.60000000000005 150.99999999999994
    vertex 0.4999999999999765 -121.60000000000005 148.99999999999994
    vertex -0.5000000000000216 -121.60000000000005 150.99999999999994
  endloop
endfacet
facet normal -0.9284766908852594 0.0 -0.3713906763541037
  outer loop
    vertex -84.5 -121.60000000000005 150.99999999999994
    vertex -83.7 -151.60000000000002 148.99999999999994
    vertex -84.5 -151.60000000000002 150.99999999999994
  endloop
endfacet
facet normal -0.9284766908852594 0.0 -0.3713906763541037
  outer loop
    vertex -83.7 -151.60000000000002 148.99999999999994
    vertex -84.5 -121.60000000000005 150.99999999999994
    vertex -83.7 -121.60000000000005 148.99999999999994
  endloop
endfacet
facet normal -0.8944271909999157 0.0 -0.44721359549995865
  outer loop
    vertex -0.5000000000000216 -121.60000000000005 150.99999999999994
    vertex 0.4999999999999765 -151.60000000000005 148.99999999999994
    vertex -0.5000000000000216 -151.60000000000005 150.99999999999994
  endloop
endfacet
facet normal -0.8944271909999157 0.0 -0.44721359549995865
  outer loop
    vertex 0.4999999999999765 -151.60000000000005 148.99999999999994
    vertex -0.5000000000000216 -121.60000000000005 150.99999999999994
    vertex 0.4999999999999765 -121.60000000000005 148.99999999999994
  endloop
endfacet
facet normal 0.9469301294951038 0.32143946530316714 7.12160368969872e-32
  outer loop
    vertex 118.1955181300451 -114.0692662705397 147.99999999999994
    vertex 118.36370330515624 -114.56472381958997 152.99999999999994
    vertex 118.36370330515624 -114.56472381958997 147.99999999999994
  endloop
endfacet
facet normal 0.9469301294951038 0.32143946530316714 7.12160368969872e-32
  outer loop
    vertex 118.36370330515624 -114.56472381958997 152.99999999999994
    vertex 118.1955181300451 -114.0692662705397 147.99999999999994
    vertex 118.1955181300451 -114.0692662705397 152.99999999999994
  endloop
endfacet
facet normal 0.0 -1.0 0.0
  outer loop
    vertex 85.49999999999996 -121.60000000000005 148.99999999999994
    vertex 83.49999999999996 -121.60000000000005 147.99999999999994
    vertex 86.49999999999996 -121.60000000000005 147.99999999999994
  endloop
endfacet
facet normal 0.0 -1.0 0.0
  outer loop
    vertex 83.49999999999996 -121.60000000000005 147.99999999999994
    vertex 85.49999999999996 -121.60000000000005 148.99999999999994
    vertex 84.49999999999996 -121.60000000000005 148.99999999999994
  endloop
endfacet
facet normal 0.0 0.0 -1.0
  outer loop
    vertex 85.49999999999996 -121.60000000000005 148.99999999999994
    vertex 84.49999999999996 -151.60000000000005 148.99999999999994
    vertex 84.49999999999996 -121.60000000000005 148.99999999999994
  endloop
endfacet
facet normal 0.0 0.0 -1.0
  outer loop
    vertex 84.49999999999996 -151.60000000000005 148.99999999999994
    vertex 85.49999999999996 -121.60000000000005 148.99999999999994
    vertex 85.49999999999996 -151.60000000000005 148.99999999999994
  endloop
endfacet
facet normal 0.0 1.0 0.0
  outer loop
    vertex 84.49999999999996 -151.60000000000005 148.99999999999994
    vertex 86.49999999999996 -151.60000000000005 147.99999999999994
    vertex 83.49999999999996 -151.60000000000005 147.99999999999994
  endloop
endfacet
facet normal 0.0 1.0 0.0
  outer loop
    vertex 86.49999999999996 -151.60000000000005 147.99999999999994
    vertex 84.49999999999996 -151.60000000000005 148.99999999999994
    vertex 85.49999999999996 -151.60000000000005 148.99999999999994
  endloop
endfacet
facet normal 0.0 0.0 -1.0
  outer loop
    vertex -82.30000000000001 -121.60000000000002 148.99999999999994
    vertex -83.7 -151.60000000000002 148.99999999999994
    vertex -83.7 -121.60000000000005 148.99999999999994
  endloop
endfacet
facet normal 0.0 0.0 -1.0
  outer loop
    vertex -83.7 -151.60000000000002 148.99999999999994
    vertex -82.30000000000001 -121.60000000000002 148.99999999999994
    vertex -82.30000000000001 -151.60000000000002 148.99999999999994
  endloop
endfacet
facet normal 9.056826659277935e-15 -1.0 0.0
  outer loop
    vertex -82.30000000000001 -121.60000000000002 148.99999999999994
    vertex -84.5 -121.60000000000005 147.99999999999994
    vertex -81.50000000000001 -121.60000000000002 147.99999999999994
  endloop
endfacet
facet normal 9.056826659277935e-15 -1.0 0.0
  outer loop
    vertex -84.5 -121.60000000000005 147.99999999999994
    vertex -82.30000000000001 -121.60000000000002 148.99999999999994
    vertex -83.7 -121.60000000000005 148.99999999999994
  endloop
endfacet
facet normal 0.0 1.0 0.0
  outer loop
    vertex -83.7 -151.60000000000002 148.99999999999994
    vertex -81.50000000000001 -151.60000000000002 147.99999999999994
    vertex -84.5 -151.60000000000002 147.99999999999994
  endloop
endfacet
facet normal 0.0 1.0 0.0
  outer loop
    vertex -81.50000000000001 -151.60000000000002 147.99999999999994
    vertex -83.7 -151.60000000000002 148.99999999999994
    vertex -82.30000000000001 -151.60000000000002 148.99999999999994
  endloop
endfacet
facet normal 0.0 -1.0 0.0
  outer loop
    vertex 1.4999999999999747 -121.60000000000005 148.99999999999994
    vertex -0.5000000000000216 -121.60000000000005 147.99999999999994
    vertex 2.499999999999973 -121.60000000000005 147.99999999999994
  endloop
endfacet
facet normal 0.0 -1.0 0.0
  outer loop
    vertex -0.5000000000000216 -121.60000000000005 147.99999999999994
    vertex 1.4999999999999747 -121.60000000000005 148.99999999999994
    vertex 0.4999999999999765 -121.60000000000005 148.99999999999994
  endloop
endfacet
facet normal 0.0 1.0 0.0
  outer loop
    vertex 0.4999999999999765 -151.60000000000005 148.99999999999994
    vertex 2.499999999999973 -151.60000000000005 147.99999999999994
    vertex -0.5000000000000216 -151.60000000000005 147.99999999999994
  endloop
endfacet
facet normal 0.0 1.0 0.0
  outer loop
    vertex 2.499999999999973 -151.60000000000005 147.99999999999994
    vertex 0.4999999999999765 -151.60000000000005 148.99999999999994
    vertex 1.4999999999999747 -151.60000000000005 148.99999999999994
  endloop
endfacet
facet normal 0.0 0.0 -1.0
  outer loop
    vertex 1.4999999999999747 -121.60000000000005 148.99999999999994
    vertex 0.4999999999999765 -151.60000000000005 148.99999999999994
    vertex 0.4999999999999765 -121.60000000000005 148.99999999999994
  endloop
endfacet
facet normal 0.0 0.0 -1.0
  outer loop
    vertex 0.4999999999999765 -151.60000000000005 148.99999999999994
    vertex 1.4999999999999747 -121.60000000000005 148.99999999999994
    vertex 1.4999999999999747 -151.60000000000005 148.99999999999994
  endloop
endfacet
endsolid matrix3
