solid matrix4-final
facet normal -2.0649960761610576e-31 -1.0 4.7976300125195995e-31
  outer loop
    vertex 120.00069341675044 -420.7 120.1471611905643
    vertex -116.50000000000003 -420.7 120.10000000000001
    vertex 118.49999999999984 -420.7 120.10000000000001
  endloop
endfacet
facet normal -2.0649960761610576e-31 -1.0 4.7976300125195995e-31
  outer loop
    vertex -116.50000000000003 -420.7 120.10000000000001
    vertex 120.00069341675044 -420.7 120.1471611905643
    vertex -118.0006934167507 -420.7 120.1471611905643
  endloop
endfacet
facet normal -2.0649960761610576e-31 -1.0 4.7976300125195995e-31
  outer loop
    vertex -118.0006934167507 -420.7 120.1471611905643
    vertex 120.00069341675044 -420.7 120.1471611905643
    vertex 121.49546428218667 -420.7 120.28845863858398
  endloop
endfacet
facet normal -2.0649960761610576e-31 -1.0 4.7976300125195995e-31
  outer loop
    vertex -118.0006934167507 -420.7 120.1471611905643
    vertex 121.49546428218667 -420.7 120.28845863858398
    vertex -119.49546428218694 -420.7 120.28845863858398
  endloop
endfacet
facet normal -2.0649960761610576e-31 -1.0 4.7976300125195995e-31
  outer loop
    vertex -119.49546428218694 -420.7 120.28845863858398
    vertex 121.49546428218667 -420.7 120.28845863858398
    vertex 122.97841341859872 -420.7 120.52333470758433
  endloop
endfacet
facet normal -2.0649960761610576e-31 -1.0 4.7976300125195995e-31
  outer loop
    vertex -119.49546428218694 -420.7 120.28845863858398
    vertex 122.97841341859872 -420.7 120.52333470758433
    vertex -120.97841341859882 -420.7 120.52333470758433
  endloop
endfacet
facet normal -2.0649960761610576e-31 -1.0 4.7976300125195995e-31
  outer loop
    vertex -120.97841341859882 -420.7 120.52333470758433
    vertex 122.97841341859872 -420.7 120.52333470758433
    vertex 124.4436883032399 -420.7 120.85086244902571
  endloop
endfacet
facet normal -2.0649960761610576e-31 -1.0 4.7976300125195995e-31
  outer loop
    vertex -120.97841341859882 -420.7 120.52333470758433
    vertex 124.4436883032399 -420.7 120.85086244902571
    vertex -122.44368830324008 -420.7 120.85086244902571
  endloop
endfacet
facet normal -2.0649960761610576e-31 -1.0 4.7976300125195995e-31
  outer loop
    vertex -122.44368830324008 -420.7 120.85086244902571
    vertex 124.4436883032399 -420.7 120.85086244902571
    vertex 125.88550616556115 -420.7 121.26974926054582
  endloop
endfacet
facet normal -2.0649960761610576e-31 -1.0 4.7976300125195995e-31
  outer loop
    vertex -122.44368830324008 -420.7 120.85086244902571
    vertex 125.88550616556115 -420.7 121.26974926054582
    vertex -123.88550616556125 -420.7 121.26974926054582
  endloop
endfacet
facet normal -2.0649960761610576e-31 -1.0 4.7976300125195995e-31
  outer loop
    vertex -123.88550616556125 -420.7 121.26974926054582
    vertex 125.88550616556115 -420.7 121.26974926054582
    vertex 127.29817680916369 -420.7 121.77834198727076
  endloop
endfacet
facet normal -2.0649960761610576e-31 -1.0 4.7976300125195995e-31
  outer loop
    vertex -123.88550616556125 -420.7 121.26974926054582
    vertex 127.29817680916369 -420.7 121.77834198727076
    vertex -125.29817680916396 -420.7 121.77834198727076
  endloop
endfacet
facet normal -2.0649960761610576e-31 -1.0 4.7976300125195995e-31
  outer loop
    vertex -125.29817680916396 -420.7 121.77834198727076
    vertex 127.29817680916369 -420.7 121.77834198727076
    vertex 128.67612506840513 -420.7 122.37463344606212
  endloop
endfacet
facet normal -2.0649960761610576e-31 -1.0 4.7976300125195995e-31
  outer loop
    vertex -125.29817680916396 -420.7 121.77834198727076
    vertex 128.67612506840513 -420.7 122.37463344606212
    vertex -126.67612506840533 -420.7 122.37463344606212
  endloop
endfacet
facet normal -2.0649960761610576e-31 -1.0 4.7976300125195995e-31
  outer loop
    vertex -126.67612506840533 -420.7 122.37463344606212
    vertex 128.67612506840513 -420.7 122.37463344606212
    vertex 130.01391281103088 -420.7 123.05627034695164
  endloop
endfacet
facet normal -2.0649960761610576e-31 -1.0 4.7976300125195995e-31
  outer loop
    vertex -126.67612506840533 -420.7 122.37463344606212
    vertex 130.01391281103088 -420.7 123.05627034695164
    vertex -128.01391281103105 -420.7 123.05627034695164
  endloop
endfacet
facet normal -2.0649960761610576e-31 -1.0 4.7976300125195995e-31
  outer loop
    vertex -128.01391281103105 -420.7 123.05627034695164
    vertex 130.01391281103088 -420.7 123.05627034695164
    vertex 131.30626039999785 -420.7 123.82056258050181
  endloop
endfacet
facet normal -2.0649960761610576e-31 -1.0 4.7976300125195995e-31
  outer loop
    vertex -128.01391281103105 -420.7 123.05627034695164
    vertex 131.30626039999785 -420.7 123.82056258050181
    vertex -129.30626039999814 -420.7 123.82056258050181
  endloop
endfacet
facet normal -2.0649960761610576e-31 -1.0 4.7976300125195995e-31
  outer loop
    vertex -129.30626039999814 -420.7 123.82056258050181
    vertex 131.30626039999785 -420.7 123.82056258050181
    vertex 132.54806752978996 -420.7 124.66449383443873
  endloop
endfacet
facet normal -2.0649960761610576e-31 -1.0 4.7976300125195995e-31
  outer loop
    vertex -129.30626039999814 -420.7 123.82056258050181
    vertex 132.54806752978996 -420.7 124.66449383443873
    vertex -130.54806752979025 -420.7 124.66449383443873
  endloop
endfacet
facet normal -2.0649960761610576e-31 -1.0 4.7976300125195995e-31
  outer loop
    vertex -130.54806752979025 -420.7 124.66449383443873
    vertex 132.54806752978996 -420.7 124.66449383443873
    vertex 133.73443335499363 -420.7 125.58473349765862
  endloop
endfacet
facet normal -2.0649960761610576e-31 -1.0 4.7976300125195995e-31
  outer loop
    vertex -130.54806752979025 -420.7 124.66449383443873
    vertex 133.73443335499363 -420.7 125.58473349765862
    vertex -131.73443335499374 -420.7 125.58473349765862
  endloop
endfacet
facet normal -2.0649960761610576e-31 -1.0 4.7976300125195995e-31
  outer loop
    vertex -131.73443335499374 -420.7 125.58473349765862
    vertex 133.73443335499363 -420.7 125.58473349765862
    vertex 134.86067583169552 -420.7 126.57764980462824
  endloop
endfacet
facet normal -2.0649960761610576e-31 -1.0 4.7976300125195995e-31
  outer loop
    vertex -131.73443335499374 -420.7 125.58473349765862
    vertex 134.86067583169552 -420.7 126.57764980462824
    vertex -132.8606758316958 -420.7 126.57764980462824
  endloop
endfacet
facet normal -2.0649960761610576e-31 -1.0 4.7976300125195995e-31
  outer loop
    vertex -132.8606758316958 -420.7 126.57764980462824
    vertex 134.86067583169552 -420.7 126.57764980462824
    vertex 135.92235019537162 -420.7 127.63932416830431
  endloop
endfacet
facet normal -2.0649960761610576e-31 -1.0 4.7976300125195995e-31
  outer loop
    vertex -132.8606758316958 -420.7 126.57764980462824
    vertex 135.92235019537162 -420.7 127.63932416830431
    vertex -133.9223501953719 -420.7 127.63932416830431
  endloop
endfacet
facet normal -2.0649960761610576e-31 -1.0 4.7976300125195995e-31
  outer loop
    vertex -133.9223501953719 -420.7 127.63932416830431
    vertex 135.92235019537162 -420.7 127.63932416830431
    vertex 136.9152665023412 -420.7 128.7655666450063
  endloop
endfacet
facet normal -2.0649960761610576e-31 -1.0 4.7976300125195995e-31
  outer loop
    vertex -133.9223501953719 -420.7 127.63932416830431
    vertex 136.9152665023412 -420.7 128.7655666450063
    vertex -134.9152665023415 -420.7 128.7655666450063
  endloop
endfacet
facet normal -2.0649960761610576e-31 -1.0 4.7976300125195995e-31
  outer loop
    vertex -134.9152665023415 -420.7 128.7655666450063
    vertex 136.9152665023412 -420.7 128.7655666450063
    vertex 137.83550616556116 -420.7 129.95193247020987
  endloop
endfacet
facet normal -2.0649960761610576e-31 -1.0 4.7976300125195995e-31
  outer loop
    vertex -134.9152665023415 -420.7 128.7655666450063
    vertex 137.83550616556116 -420.7 129.95193247020987
    vertex -135.8355061655614 -420.7 129.95193247020987
  endloop
endfacet
facet normal -2.0649960761610576e-31 -1.0 4.7976300125195995e-31
  outer loop
    vertex -135.8355061655614 -420.7 129.95193247020987
    vertex 137.83550616556116 -420.7 129.95193247020987
    vertex 138.67943741949804 -420.7 131.19373960000195
  endloop
endfacet
facet normal -2.0649960761610576e-31 -1.0 4.7976300125195995e-31
  outer loop
    vertex -135.8355061655614 -420.7 129.95193247020987
    vertex 138.67943741949804 -420.7 131.19373960000195
    vertex -136.67943741949833 -420.7 131.19373960000195
  endloop
endfacet
facet normal -2.0649960761610576e-31 -1.0 4.7976300125195995e-31
  outer loop
    vertex -136.67943741949833 -420.7 131.19373960000195
    vertex 138.67943741949804 -420.7 131.19373960000195
    vertex 139.44372965304825 -420.7 132.48608718896898
  endloop
endfacet
facet normal -2.0649960761610576e-31 -1.0 4.7976300125195995e-31
  outer loop
    vertex -136.67943741949833 -420.7 131.19373960000195
    vertex 139.44372965304825 -420.7 132.48608718896898
    vertex -137.44372965304842 -420.7 132.48608718896898
  endloop
endfacet
facet normal -2.0649960761610576e-31 -1.0 4.7976300125195995e-31
  outer loop
    vertex -137.44372965304842 -420.7 132.48608718896898
    vertex 139.44372965304825 -420.7 132.48608718896898
    vertex 140.1253665539378 -420.7 133.82387493159473
  endloop
endfacet
facet normal -2.0649960761610576e-31 -1.0 4.7976300125195995e-31
  outer loop
    vertex -137.44372965304842 -420.7 132.48608718896898
    vertex 140.1253665539378 -420.7 133.82387493159473
    vertex -138.1253665539379 -420.7 133.82387493159473
  endloop
endfacet
facet normal -2.0649960761610576e-31 -1.0 4.7976300125195995e-31
  outer loop
    vertex -138.1253665539379 -420.7 133.82387493159473
    vertex 140.1253665539378 -420.7 133.82387493159473
    vertex 140.72165801272905 -420.7 135.20182319083617
  endloop
endfacet
facet normal -2.0649960761610576e-31 -1.0 4.7976300125195995e-31
  outer loop
    vertex -138.1253665539379 -420.7 133.82387493159473
    vertex 140.72165801272905 -420.7 135.20182319083617
    vertex -138.72165801272934 -420.7 135.20182319083617
  endloop
endfacet
facet normal -2.0649960761610576e-31 -1.0 4.7976300125195995e-31
  outer loop
    vertex -138.72165801272934 -420.7 135.20182319083617
    vertex 140.72165801272905 -420.7 135.20182319083617
    vertex 141.2302507394541 -420.7 136.61449383443872
  endloop
endfacet
facet normal -2.0649960761610576e-31 -1.0 4.7976300125195995e-31
  outer loop
    vertex -138.72165801272934 -420.7 135.20182319083617
    vertex 141.2302507394541 -420.7 136.61449383443872
    vertex -139.23025073945436 -420.7 136.61449383443872
  endloop
endfacet
facet normal -2.0649960761610576e-31 -1.0 4.7976300125195995e-31
  outer loop
    vertex -139.23025073945436 -420.7 136.61449383443872
    vertex 141.2302507394541 -420.7 136.61449383443872
    vertex 141.64913755097416 -420.7 138.05631169675993
  endloop
endfacet
facet normal -2.0649960761610576e-31 -1.0 4.7976300125195995e-31
  outer loop
    vertex -139.23025073945436 -420.7 136.61449383443872
    vertex 141.64913755097416 -420.7 138.05631169675993
    vertex -139.64913755097444 -420.7 138.05631169675993
  endloop
endfacet
facet normal -2.0649960761610576e-31 -1.0 4.7976300125195995e-31
  outer loop
    vertex -139.64913755097444 -420.7 138.05631169675993
    vertex 141.64913755097416 -420.7 138.05631169675993
    vertex 141.97666529241565 -420.7 139.52158658140115
  endloop
endfacet
facet normal -2.0649960761610576e-31 -1.0 4.7976300125195995e-31
  outer loop
    vertex -139.64913755097444 -420.7 138.05631169675993
    vertex 141.97666529241565 -420.7 139.52158658140115
    vertex -139.97666529241573 -420.7 139.52158658140115
  endloop
endfacet
facet normal -2.0649960761610576e-31 -1.0 4.7976300125195995e-31
  outer loop
    vertex -139.97666529241573 -420.7 139.52158658140115
    vertex 141.97666529241565 -420.7 139.52158658140115
    vertex 142.21154136141595 -420.7 141.00453571781313
  endloop
endfacet
facet normal -2.0649960761610576e-31 -1.0 4.7976300125195995e-31
  outer loop
    vertex -139.97666529241573 -420.7 139.52158658140115
    vertex 142.21154136141595 -420.7 141.00453571781313
    vertex -140.2115413614162 -420.7 141.00453571781313
  endloop
endfacet
facet normal -2.0649960761610576e-31 -1.0 4.7976300125195995e-31
  outer loop
    vertex -140.2115413614162 -420.7 141.00453571781313
    vertex 142.21154136141595 -420.7 141.00453571781313
    vertex 142.3528388094356 -420.7 142.4993065832494
  endloop
endfacet
facet normal -2.0649960761610576e-31 -1.0 4.7976300125195995e-31
  outer loop
    vertex -140.2115413614162 -420.7 141.00453571781313
    vertex 142.3528388094356 -420.7 142.4993065832494
    vertex -140.3528388094358 -420.7 142.4993065832494
  endloop
endfacet
facet normal -2.0649960761610576e-31 -1.0 4.7976300125195995e-31
  outer loop
    vertex -140.3528388094358 -420.7 142.4993065832494
    vertex 142.3528388094356 -420.7 142.4993065832494
    vertex 142.39999999999992 -420.7 143.99999999999997
  endloop
endfacet
facet normal -2.0649960761610576e-31 -1.0 4.7976300125195995e-31
  outer loop
    vertex -140.3528388094358 -420.7 142.4993065832494
    vertex 142.39999999999992 -420.7 143.99999999999997
    vertex -140.4000000000002 -420.7 143.99999999999997
  endloop
endfacet
facet normal -2.0649960761610576e-31 -1.0 4.7976300125195995e-31
  outer loop
    vertex -140.4000000000002 -420.7 143.99999999999997
    vertex 142.39999999999992 -420.7 143.99999999999997
    vertex 142.3528388094356 -420.7 145.50069341675058
  endloop
endfacet
facet normal -2.0649960761610576e-31 -1.0 4.7976300125195995e-31
  outer loop
    vertex -140.4000000000002 -420.7 143.99999999999997
    vertex 142.3528388094356 -420.7 145.50069341675058
    vertex -140.3528388094358 -420.7 145.50069341675058
  endloop
endfacet
facet normal -2.0649960761610576e-31 -1.0 4.7976300125195995e-31
  outer loop
    vertex -140.3528388094358 -420.7 145.50069341675058
    vertex 142.3528388094356 -420.7 145.50069341675058
    vertex 142.21154136141595 -420.7 146.99546428218684
  endloop
endfacet
facet normal -2.0649960761610576e-31 -1.0 4.7976300125195995e-31
  outer loop
    vertex -140.3528388094358 -420.7 145.50069341675058
    vertex 142.21154136141595 -420.7 146.99546428218684
    vertex -140.2115413614162 -420.7 146.99546428218684
  endloop
endfacet
facet normal -2.0649960761610576e-31 -1.0 4.7976300125195995e-31
  outer loop
    vertex -140.2115413614162 -420.7 146.99546428218684
    vertex 142.21154136141595 -420.7 146.99546428218684
    vertex 141.97666529241565 -420.7 148.47841341859882
  endloop
endfacet
facet normal -2.0649960761610576e-31 -1.0 4.7976300125195995e-31
  outer loop
    vertex -140.2115413614162 -420.7 146.99546428218684
    vertex 141.97666529241565 -420.7 148.47841341859882
    vertex -139.97666529241573 -420.7 148.47841341859882
  endloop
endfacet
facet normal -2.0649960761610576e-31 -1.0 4.7976300125195995e-31
  outer loop
    vertex -139.97666529241573 -420.7 148.47841341859882
    vertex 141.97666529241565 -420.7 148.47841341859882
    vertex 141.64913755097416 -420.7 149.94368830324
  endloop
endfacet
facet normal -2.0649960761610576e-31 -1.0 4.7976300125195995e-31
  outer loop
    vertex -139.97666529241573 -420.7 148.47841341859882
    vertex 141.64913755097416 -420.7 149.94368830324
    vertex -139.64913755097444 -420.7 149.94368830324
  endloop
endfacet
facet normal -2.0649960761610576e-31 -1.0 4.7976300125195995e-31
  outer loop
    vertex -139.64913755097444 -420.7 149.94368830324
    vertex 141.64913755097416 -420.7 149.94368830324
    vertex 141.2302507394541 -420.7 151.38550616556125
  endloop
endfacet
facet normal -2.0649960761610576e-31 -1.0 4.7976300125195995e-31
  outer loop
    vertex -139.64913755097444 -420.7 149.94368830324
    vertex 141.2302507394541 -420.7 151.38550616556125
    vertex -139.23025073945436 -420.7 151.38550616556125
  endloop
endfacet
facet normal -2.0649960761610576e-31 -1.0 4.7976300125195995e-31
  outer loop
    vertex -139.23025073945436 -420.7 151.38550616556125
    vertex 141.2302507394541 -420.7 151.38550616556125
    vertex 140.72165801272905 -420.7 152.79817680916378
  endloop
endfacet
facet normal -2.0649960761610576e-31 -1.0 4.7976300125195995e-31
  outer loop
    vertex -139.23025073945436 -420.7 151.38550616556125
    vertex 140.72165801272905 -420.7 152.79817680916378
    vertex -138.72165801272934 -420.7 152.79817680916378
  endloop
endfacet
facet normal -2.0649960761610576e-31 -1.0 4.7976300125195995e-31
  outer loop
    vertex -138.72165801272934 -420.7 152.79817680916378
    vertex 140.72165801272905 -420.7 152.79817680916378
    vertex 140.1253665539378 -420.7 154.1761250684052
  endloop
endfacet
facet normal -2.0649960761610576e-31 -1.0 4.7976300125195995e-31
  outer loop
    vertex -138.72165801272934 -420.7 152.79817680916378
    vertex 140.1253665539378 -420.7 154.1761250684052
    vertex -138.12536655393808 -420.7 154.1761250684052
  endloop
endfacet
facet normal -2.0649960761610576e-31 -1.0 4.7976300125195995e-31
  outer loop
    vertex -138.12536655393808 -420.7 154.1761250684052
    vertex 140.1253665539378 -420.7 154.1761250684052
    vertex 139.44372965304825 -420.7 155.51391281103096
  endloop
endfacet
facet normal -2.0649960761610576e-31 -1.0 4.7976300125195995e-31
  outer loop
    vertex -138.12536655393808 -420.7 154.1761250684052
    vertex 139.44372965304825 -420.7 155.51391281103096
    vertex -137.44372965304842 -420.7 155.51391281103096
  endloop
endfacet
facet normal -2.0649960761610576e-31 -1.0 4.7976300125195995e-31
  outer loop
    vertex -137.44372965304842 -420.7 155.51391281103096
    vertex 139.44372965304825 -420.7 155.51391281103096
    vertex 138.67943741949804 -420.7 156.806260399998
  endloop
endfacet
facet normal -2.0649960761610576e-31 -1.0 4.7976300125195995e-31
  outer loop
    vertex -137.44372965304842 -420.7 155.51391281103096
    vertex 138.67943741949804 -420.7 156.806260399998
    vertex -136.67943741949833 -420.7 156.806260399998
  endloop
endfacet
facet normal -2.0649960761610576e-31 -1.0 4.7976300125195995e-31
  outer loop
    vertex -136.67943741949833 -420.7 156.806260399998
    vertex 138.67943741949804 -420.7 156.806260399998
    vertex 137.83550616556116 -420.7 158.0480675297901
  endloop
endfacet
facet normal -2.0649960761610576e-31 -1.0 4.7976300125195995e-31
  outer loop
    vertex -136.67943741949833 -420.7 156.806260399998
    vertex 137.83550616556116 -420.7 158.0480675297901
    vertex -135.8355061655614 -420.7 158.0480675297901
  endloop
endfacet
facet normal -2.0649960761610576e-31 -1.0 4.7976300125195995e-31
  outer loop
    vertex -135.8355061655614 -420.7 158.0480675297901
    vertex 137.83550616556116 -420.7 158.0480675297901
    vertex 136.9152665023412 -420.7 159.23443335499368
  endloop
endfacet
facet normal -2.0649960761610576e-31 -1.0 4.7976300125195995e-31
  outer loop
    vertex -135.8355061655614 -420.7 158.0480675297901
    vertex 136.9152665023412 -420.7 159.23443335499368
    vertex -134.9152665023415 -420.7 159.23443335499368
  endloop
endfacet
facet normal -2.0649960761610576e-31 -1.0 4.7976300125195995e-31
  outer loop
    vertex -134.9152665023415 -420.7 159.23443335499368
    vertex 136.9152665023412 -420.7 159.23443335499368
    vertex 135.92235019537162 -420.7 160.36067583169563
  endloop
endfacet
facet normal -2.0649960761610576e-31 -1.0 4.7976300125195995e-31
  outer loop
    vertex -134.9152665023415 -420.7 159.23443335499368
    vertex 135.92235019537162 -420.7 160.36067583169563
    vertex -133.9223501953719 -420.7 160.36067583169563
  endloop
endfacet
facet normal -2.0649960761610576e-31 -1.0 4.7976300125195995e-31
  outer loop
    vertex -133.9223501953719 -420.7 160.36067583169563
    vertex 135.92235019537162 -420.7 160.36067583169563
    vertex 134.86067583169552 -420.7 161.4223501953717
  endloop
endfacet
facet normal -2.0649960761610576e-31 -1.0 4.7976300125195995e-31
  outer loop
    vertex -133.9223501953719 -420.7 160.36067583169563
    vertex 134.86067583169552 -420.7 161.4223501953717
    vertex -132.8606758316958 -420.7 161.4223501953717
  endloop
endfacet
facet normal -2.0649960761610576e-31 -1.0 4.7976300125195995e-31
  outer loop
    vertex -132.8606758316958 -420.7 161.4223501953717
    vertex 134.86067583169552 -420.7 161.4223501953717
    vertex 133.73443335499363 -420.7 162.41526650234135
  endloop
endfacet
facet normal -2.0649960761610576e-31 -1.0 4.7976300125195995e-31
  outer loop
    vertex -132.8606758316958 -420.7 161.4223501953717
    vertex 133.73443335499363 -420.7 162.41526650234135
    vertex -131.73443335499374 -420.7 162.41526650234135
  endloop
endfacet
facet normal -2.0649960761610576e-31 -1.0 4.7976300125195995e-31
  outer loop
    vertex -131.73443335499374 -420.7 162.41526650234135
    vertex 133.73443335499363 -420.7 162.41526650234135
    vertex 132.54806752979005 -420.7 163.33550616556124
  endloop
endfacet
facet normal -2.0649960761610576e-31 -1.0 4.7976300125195995e-31
  outer loop
    vertex -131.73443335499374 -420.7 162.41526650234135
    vertex 132.54806752979005 -420.7 163.33550616556124
    vertex -130.54806752979025 -420.7 163.33550616556124
  endloop
endfacet
facet normal -2.0649960761610576e-31 -1.0 4.7976300125195995e-31
  outer loop
    vertex -130.54806752979025 -420.7 163.33550616556124
    vertex 132.54806752979005 -420.7 163.33550616556124
    vertex 131.30626039999794 -420.7 164.17943741949813
  endloop
endfacet
facet normal -2.0649960761610576e-31 -1.0 4.7976300125195995e-31
  outer loop
    vertex -130.54806752979025 -420.7 163.33550616556124
    vertex 131.30626039999794 -420.7 164.17943741949813
    vertex -129.30626039999814 -420.7 164.17943741949813
  endloop
endfacet
facet normal -2.0649960761610576e-31 -1.0 4.7976300125195995e-31
  outer loop
    vertex -129.30626039999814 -420.7 164.17943741949813
    vertex 131.30626039999794 -420.7 164.17943741949813
    vertex 130.01391281103096 -420.7 164.94372965304834
  endloop
endfacet
facet normal -2.0649960761610576e-31 -1.0 4.7976300125195995e-31
  outer loop
    vertex -129.30626039999814 -420.7 164.17943741949813
    vertex 130.01391281103096 -420.7 164.94372965304834
    vertex -128.01391281103105 -420.7 164.94372965304834
  endloop
endfacet
facet normal -2.0649960761610576e-31 -1.0 4.7976300125195995e-31
  outer loop
    vertex -128.01391281103105 -420.7 164.94372965304834
    vertex 130.01391281103096 -420.7 164.94372965304834
    vertex 128.67612506840513 -420.7 165.62536655393785
  endloop
endfacet
facet normal -2.0649960761610576e-31 -1.0 4.7976300125195995e-31
  outer loop
    vertex -128.01391281103105 -420.7 164.94372965304834
    vertex 128.67612506840513 -420.7 165.62536655393785
    vertex -126.67612506840533 -420.7 165.62536655393785
  endloop
endfacet
facet normal -2.0649960761610576e-31 -1.0 4.7976300125195995e-31
  outer loop
    vertex -126.67612506840533 -420.7 165.62536655393785
    vertex 128.67612506840513 -420.7 165.62536655393785
    vertex 127.29817680916369 -420.7 166.2216580127292
  endloop
endfacet
facet normal -2.0649960761610576e-31 -1.0 4.7976300125195995e-31
  outer loop
    vertex -126.67612506840533 -420.7 165.62536655393785
    vertex 127.29817680916369 -420.7 166.2216580127292
    vertex -125.29817680916396 -420.7 166.2216580127292
  endloop
endfacet
facet normal -2.0649960761610576e-31 -1.0 4.7976300125195995e-31
  outer loop
    vertex -125.29817680916396 -420.7 166.2216580127292
    vertex 127.29817680916369 -420.7 166.2216580127292
    vertex 125.88550616556115 -420.7 166.73025073945414
  endloop
endfacet
facet normal -2.0649960761610576e-31 -1.0 4.7976300125195995e-31
  outer loop
    vertex -125.29817680916396 -420.7 166.2216580127292
    vertex 125.88550616556115 -420.7 166.73025073945414
    vertex -123.88550616556142 -420.7 166.73025073945414
  endloop
endfacet
facet normal -2.0649960761610576e-31 -1.0 4.7976300125195995e-31
  outer loop
    vertex -123.88550616556142 -420.7 166.73025073945414
    vertex 125.88550616556115 -420.7 166.73025073945414
    vertex 124.44368830324 -420.7 167.14913755097425
  endloop
endfacet
facet normal -2.0649960761610576e-31 -1.0 4.7976300125195995e-31
  outer loop
    vertex -123.88550616556142 -420.7 166.73025073945414
    vertex 124.44368830324 -420.7 167.14913755097425
    vertex -122.44368830324008 -420.7 167.14913755097425
  endloop
endfacet
facet normal -2.0649960761610576e-31 -1.0 4.7976300125195995e-31
  outer loop
    vertex -122.44368830324008 -420.7 167.14913755097425
    vertex 124.44368830324 -420.7 167.14913755097425
    vertex 122.97841341859872 -420.7 167.47666529241565
  endloop
endfacet
facet normal -2.0649960761610576e-31 -1.0 4.7976300125195995e-31
  outer loop
    vertex -122.44368830324008 -420.7 167.14913755097425
    vertex 122.97841341859872 -420.7 167.47666529241565
    vertex -120.97841341859899 -420.7 167.47666529241565
  endloop
endfacet
facet normal -2.0649960761610576e-31 -1.0 4.7976300125195995e-31
  outer loop
    vertex -120.97841341859899 -420.7 167.47666529241565
    vertex 122.97841341859872 -420.7 167.47666529241565
    vertex 121.49546428218686 -420.7 167.71154136141598
  endloop
endfacet
facet normal -2.0649960761610576e-31 -1.0 4.7976300125195995e-31
  outer loop
    vertex -120.97841341859899 -420.7 167.47666529241565
    vertex 121.49546428218686 -420.7 167.71154136141598
    vertex -119.49546428218694 -420.7 167.71154136141598
  endloop
endfacet
facet normal -2.0649960761610576e-31 -1.0 4.7976300125195995e-31
  outer loop
    vertex -119.49546428218694 -420.7 167.71154136141598
    vertex 121.49546428218686 -420.7 167.71154136141598
    vertex 120.00069341675052 -420.7 167.85283880943567
  endloop
endfacet
facet normal -2.0649960761610576e-31 -1.0 4.7976300125195995e-31
  outer loop
    vertex -119.49546428218694 -420.7 167.71154136141598
    vertex 120.00069341675052 -420.7 167.85283880943567
    vertex -118.0006934167507 -420.7 167.85283880943567
  endloop
endfacet
facet normal -2.0649960761610576e-31 -1.0 4.7976300125195995e-31
  outer loop
    vertex -118.0006934167507 -420.7 167.85283880943567
    vertex 120.00069341675052 -420.7 167.85283880943567
    vertex 118.49999999999994 -420.7 167.89999999999998
  endloop
endfacet
facet normal -2.0649960761610576e-31 -1.0 4.7976300125195995e-31
  outer loop
    vertex -118.0006934167507 -420.7 167.85283880943567
    vertex 118.49999999999994 -420.7 167.89999999999998
    vertex -116.50000000000021 -420.7 167.89999999999998
  endloop
endfacet
facet normal 0.0 0.0 1.0
  outer loop
    vertex 118.49999999999994 -420.7 167.89999999999998
    vertex -116.50000000000021 -416.7 167.89999999999998
    vertex -116.50000000000021 -420.7 167.89999999999998
  endloop
endfacet
facet normal 0.0 0.0 1.0
  outer loop
    vertex -116.50000000000021 -416.7 167.89999999999998
    vertex 118.49999999999994 -420.7 167.89999999999998
    vertex 118.49999999999994 -416.7 167.89999999999998
  endloop
endfacet
facet normal 0.1564344650402353 0.0 0.987688340595137
  outer loop
    vertex 122.97841341859872 -420.7 167.47666529241565
    vertex 121.49546428218686 -416.7 167.71154136141598
    vertex 121.49546428218686 -420.7 167.71154136141598
  endloop
endfacet
facet normal 0.1564344650402353 0.0 0.987688340595137
  outer loop
    vertex 121.49546428218686 -416.7 167.71154136141598
    vertex 122.97841341859872 -420.7 167.47666529241565
    vertex 122.97841341859872 -416.7 167.47666529241565
  endloop
endfacet
facet normal 0.3387379202452849 0.0 0.940880768954228
  outer loop
    vertex 127.29817680916369 -420.7 166.2216580127292
    vertex 125.88550616556115 -416.7 166.73025073945414
    vertex 125.88550616556115 -420.7 166.73025073945414
  endloop
endfacet
facet normal 0.3387379202452849 0.0 0.940880768954228
  outer loop
    vertex 125.88550616556115 -416.7 166.73025073945414
    vertex 127.29817680916369 -420.7 166.2216580127292
    vertex 127.29817680916369 -416.7 166.2216580127292
  endloop
endfacet
facet normal 0.09410831331851242 0.0 0.9955619646030802
  outer loop
    vertex 121.49546428218686 -420.7 167.71154136141598
    vertex 120.00069341675052 -416.7 167.85283880943567
    vertex 120.00069341675052 -420.7 167.85283880943567
  endloop
endfacet
facet normal 0.09410831331851242 0.0 0.9955619646030802
  outer loop
    vertex 120.00069341675052 -416.7 167.85283880943567
    vertex 121.49546428218686 -420.7 167.71154136141598
    vertex 121.49546428218686 -416.7 167.71154136141598
  endloop
endfacet
facet normal 0.03141075907812248 0.0 0.9995065603657317
  outer loop
    vertex 120.00069341675052 -420.7 167.85283880943567
    vertex 118.49999999999994 -416.7 167.89999999999998
    vertex 118.49999999999994 -420.7 167.89999999999998
  endloop
endfacet
facet normal 0.03141075907812248 0.0 0.9995065603657317
  outer loop
    vertex 118.49999999999994 -416.7 167.89999999999998
    vertex 120.00069341675052 -420.7 167.85283880943567
    vertex 120.00069341675052 -416.7 167.85283880943567
  endloop
endfacet
facet normal 0.2181432413965406 0.0 0.9759167619387479
  outer loop
    vertex 124.44368830324 -420.7 167.14913755097425
    vertex 122.97841341859872 -416.7 167.47666529241565
    vertex 122.97841341859872 -420.7 167.47666529241565
  endloop
endfacet
facet normal 0.2181432413965406 0.0 0.9759167619387479
  outer loop
    vertex 122.97841341859872 -416.7 167.47666529241565
    vertex 124.44368830324 -420.7 167.14913755097425
    vertex 124.44368830324 -416.7 167.14913755097425
  endloop
endfacet
facet normal 0.2789911060392366 0.0 0.960293685676941
  outer loop
    vertex 125.88550616556115 -420.7 166.73025073945414
    vertex 124.44368830324 -416.7 167.14913755097425
    vertex 124.44368830324 -420.7 167.14913755097425
  endloop
endfacet
facet normal 0.2789911060392366 0.0 0.960293685676941
  outer loop
    vertex 124.44368830324 -416.7 167.14913755097425
    vertex 125.88550616556115 -420.7 166.73025073945414
    vertex 125.88550616556115 -416.7 166.73025073945414
  endloop
endfacet
facet normal 0.6613118653236865 0.0 0.7501110696304291
  outer loop
    vertex 134.86067583169552 -420.7 161.4223501953717
    vertex 133.73443335499363 -416.7 162.41526650234135
    vertex 133.73443335499363 -420.7 162.41526650234135
  endloop
endfacet
facet normal 0.6613118653236865 0.0 0.7501110696304291
  outer loop
    vertex 133.73443335499363 -416.7 162.41526650234135
    vertex 134.86067583169552 -420.7 161.4223501953717
    vertex 134.86067583169552 -416.7 161.4223501953717
  endloop
endfacet
facet normal 0.9876883405951432 0.0 0.1564344650401967
  outer loop
    vertex 142.21154136141595 -416.7 146.99546428218684
    vertex 141.97666529241565 -420.7 148.47841341859882
    vertex 142.21154136141595 -420.7 146.99546428218684
  endloop
endfacet
facet normal 0.9876883405951432 0.0 0.1564344650401967
  outer loop
    vertex 141.97666529241565 -420.7 148.47841341859882
    vertex 142.21154136141595 -416.7 146.99546428218684
    vertex 141.97666529241565 -416.7 148.47841341859882
  endloop
endfacet
facet normal 0.9408807689542105 0.0 -0.3387379202453332
  outer loop
    vertex 140.72165801272905 -416.7 135.20182319083617
    vertex 141.2302507394541 -420.7 136.61449383443872
    vertex 140.72165801272905 -420.7 135.20182319083617
  endloop
endfacet
facet normal 0.9408807689542105 0.0 -0.3387379202453332
  outer loop
    vertex 141.2302507394541 -420.7 136.61449383443872
    vertex 140.72165801272905 -416.7 135.20182319083617
    vertex 141.2302507394541 -416.7 136.61449383443872
  endloop
endfacet
facet normal 0.6129070536529714 0.0 0.7901550123756944
  outer loop
    vertex 133.73443335499363 -420.7 162.41526650234135
    vertex 132.54806752979005 -416.7 163.33550616556124
    vertex 132.54806752979005 -420.7 163.33550616556124
  endloop
endfacet
facet normal 0.6129070536529714 0.0 0.7901550123756944
  outer loop
    vertex 132.54806752979005 -416.7 163.33550616556124
    vertex 133.73443335499363 -420.7 162.41526650234135
    vertex 133.73443335499363 -416.7 162.41526650234135
  endloop
endfacet
facet normal 0.7901550123756799 0.0 0.6129070536529901
  outer loop
    vertex 137.83550616556116 -416.7 158.0480675297901
    vertex 136.9152665023412 -420.7 159.23443335499368
    vertex 137.83550616556116 -420.7 158.0480675297901
  endloop
endfacet
facet normal 0.7901550123756799 0.0 0.6129070536529901
  outer loop
    vertex 136.9152665023412 -420.7 159.23443335499368
    vertex 137.83550616556116 -416.7 158.0480675297901
    vertex 136.9152665023412 -416.7 159.23443335499368
  endloop
endfacet
facet normal 0.9408807689542087 0.0 0.338737920245338
  outer loop
    vertex 141.2302507394541 -416.7 151.38550616556125
    vertex 140.72165801272905 -420.7 152.79817680916378
    vertex 141.2302507394541 -420.7 151.38550616556125
  endloop
endfacet
facet normal 0.9408807689542087 0.0 0.338737920245338
  outer loop
    vertex 140.72165801272905 -420.7 152.79817680916378
    vertex 141.2302507394541 -416.7 151.38550616556125
    vertex 140.72165801272905 -416.7 152.79817680916378
  endloop
endfacet
facet normal 0.39714789063478156 0.0 0.9177546256839808
  outer loop
    vertex 128.67612506840513 -420.7 165.62536655393785
    vertex 127.29817680916369 -416.7 166.2216580127292
    vertex 127.29817680916369 -420.7 166.2216580127292
  endloop
endfacet
facet normal 0.39714789063478156 0.0 0.9177546256839808
  outer loop
    vertex 127.29817680916369 -416.7 166.2216580127292
    vertex 128.67612506840513 -420.7 165.62536655393785
    vertex 128.67612506840513 -416.7 165.62536655393785
  endloop
endfacet
facet normal 0.9995065603657317 0.0 -0.03141075907812248
  outer loop
    vertex 142.3528388094356 -416.7 142.4993065832494
    vertex 142.39999999999992 -420.7 143.99999999999997
    vertex 142.3528388094356 -420.7 142.4993065832494
  endloop
endfacet
facet normal 0.9995065603657317 0.0 -0.03141075907812248
  outer loop
    vertex 142.39999999999992 -420.7 143.99999999999997
    vertex 142.3528388094356 -416.7 142.4993065832494
    vertex 142.39999999999992 -416.7 143.99999999999997
  endloop
endfacet
facet normal 0.9177546256840005 0.0 -0.39714789063473643
  outer loop
    vertex 140.1253665539378 -416.7 133.82387493159473
    vertex 140.72165801272905 -420.7 135.20182319083617
    vertex 140.1253665539378 -420.7 133.82387493159473
  endloop
endfacet
facet normal 0.9177546256840005 0.0 -0.39714789063473643
  outer loop
    vertex 140.72165801272905 -420.7 135.20182319083617
    vertex 140.1253665539378 -416.7 133.82387493159473
    vertex 140.72165801272905 -416.7 135.20182319083617
  endloop
endfacet
facet normal 0.8910065241883581 0.0 -0.4539904997395659
  outer loop
    vertex 139.44372965304825 -416.7 132.48608718896898
    vertex 140.1253665539378 -420.7 133.82387493159473
    vertex 139.44372965304825 -420.7 132.48608718896898
  endloop
endfacet
facet normal 0.8910065241883581 0.0 -0.4539904997395659
  outer loop
    vertex 140.1253665539378 -420.7 133.82387493159473
    vertex 139.44372965304825 -416.7 132.48608718896898
    vertex 140.1253665539378 -416.7 133.82387493159473
  endloop
endfacet
facet normal 0.9602936856769514 0.0 -0.2789911060392008
  outer loop
    vertex 141.2302507394541 -416.7 136.61449383443872
    vertex 141.64913755097416 -420.7 138.05631169675993
    vertex 141.2302507394541 -420.7 136.61449383443872
  endloop
endfacet
facet normal 0.9602936856769514 0.0 -0.2789911060392008
  outer loop
    vertex 141.64913755097416 -420.7 138.05631169675993
    vertex 141.2302507394541 -416.7 136.61449383443872
    vertex 141.64913755097416 -416.7 138.05631169675993
  endloop
endfacet
facet normal 0.99556196460308 0.0 0.09410831331851527
  outer loop
    vertex 142.3528388094356 -416.7 145.50069341675058
    vertex 142.21154136141595 -420.7 146.99546428218684
    vertex 142.3528388094356 -420.7 145.50069341675058
  endloop
endfacet
facet normal 0.99556196460308 0.0 0.09410831331851527
  outer loop
    vertex 142.21154136141595 -420.7 146.99546428218684
    vertex 142.3528388094356 -416.7 145.50069341675058
    vertex 142.21154136141595 -416.7 146.99546428218684
  endloop
endfacet
facet normal 0.86074202700394 0.0 -0.5090414157503776
  outer loop
    vertex 138.67943741949804 -416.7 131.19373960000195
    vertex 139.44372965304825 -420.7 132.48608718896898
    vertex 138.67943741949804 -420.7 131.19373960000195
  endloop
endfacet
facet normal 0.86074202700394 0.0 -0.5090414157503776
  outer loop
    vertex 139.44372965304825 -420.7 132.48608718896898
    vertex 138.67943741949804 -416.7 131.19373960000195
    vertex 139.44372965304825 -416.7 132.48608718896898
  endloop
endfacet
facet normal 0.5620833778521206 0.0 0.8270805742745686
  outer loop
    vertex 132.54806752979005 -420.7 163.33550616556124
    vertex 131.30626039999794 -416.7 164.17943741949813
    vertex 131.30626039999794 -420.7 164.17943741949813
  endloop
endfacet
facet normal 0.5620833778521206 0.0 0.8270805742745686
  outer loop
    vertex 131.30626039999794 -416.7 164.17943741949813
    vertex 132.54806752979005 -420.7 163.33550616556124
    vertex 132.54806752979005 -416.7 163.33550616556124
  endloop
endfacet
facet normal 0.9759167619387337 0.0 -0.2181432413966043
  outer loop
    vertex 141.64913755097416 -416.7 138.05631169675993
    vertex 141.97666529241565 -420.7 139.52158658140115
    vertex 141.64913755097416 -420.7 138.05631169675993
  endloop
endfacet
facet normal 0.9759167619387337 0.0 -0.2181432413966043
  outer loop
    vertex 141.97666529241565 -420.7 139.52158658140115
    vertex 141.64913755097416 -416.7 138.05631169675993
    vertex 141.97666529241565 -416.7 139.52158658140115
  endloop
endfacet
facet normal 0.9995065603657317 0.0 0.03141075907812248
  outer loop
    vertex 142.39999999999992 -416.7 143.99999999999997
    vertex 142.3528388094356 -420.7 145.50069341675058
    vertex 142.39999999999992 -420.7 143.99999999999997
  endloop
endfacet
facet normal 0.9995065603657317 0.0 0.03141075907812248
  outer loop
    vertex 142.3528388094356 -420.7 145.50069341675058
    vertex 142.39999999999992 -416.7 143.99999999999997
    vertex 142.3528388094356 -416.7 145.50069341675058
  endloop
endfacet
facet normal 0.4539904997395237 0.0 0.8910065241883797
  outer loop
    vertex 130.01391281103096 -420.7 164.94372965304834
    vertex 128.67612506840513 -416.7 165.62536655393785
    vertex 128.67612506840513 -420.7 165.62536655393785
  endloop
endfacet
facet normal 0.4539904997395237 0.0 0.8910065241883797
  outer loop
    vertex 128.67612506840513 -416.7 165.62536655393785
    vertex 130.01391281103096 -420.7 164.94372965304834
    vertex 130.01391281103096 -416.7 164.94372965304834
  endloop
endfacet
facet normal 0.9876883405951432 0.0 -0.1564344650401967
  outer loop
    vertex 141.97666529241565 -416.7 139.52158658140115
    vertex 142.21154136141595 -420.7 141.00453571781313
    vertex 141.97666529241565 -420.7 139.52158658140115
  endloop
endfacet
facet normal 0.9876883405951432 0.0 -0.1564344650401967
  outer loop
    vertex 142.21154136141595 -420.7 141.00453571781313
    vertex 141.97666529241565 -416.7 139.52158658140115
    vertex 142.21154136141595 -416.7 141.00453571781313
  endloop
endfacet
facet normal 0.8910065241883552 0.0 0.453990499739572
  outer loop
    vertex 140.1253665539378 -416.7 154.1761250684052
    vertex 139.44372965304825 -420.7 155.51391281103096
    vertex 140.1253665539378 -420.7 154.1761250684052
  endloop
endfacet
facet normal 0.8910065241883552 0.0 0.453990499739572
  outer loop
    vertex 139.44372965304825 -420.7 155.51391281103096
    vertex 140.1253665539378 -416.7 154.1761250684052
    vertex 139.44372965304825 -416.7 155.51391281103096
  endloop
endfacet
facet normal 0.8270805742745686 0.0 0.5620833778521206
  outer loop
    vertex 138.67943741949804 -416.7 156.806260399998
    vertex 137.83550616556116 -420.7 158.0480675297901
    vertex 138.67943741949804 -420.7 156.806260399998
  endloop
endfacet
facet normal 0.8270805742745686 0.0 0.5620833778521206
  outer loop
    vertex 137.83550616556116 -420.7 158.0480675297901
    vertex 138.67943741949804 -416.7 156.806260399998
    vertex 137.83550616556116 -416.7 158.0480675297901
  endloop
endfacet
facet normal 0.9759167619387329 0.0 0.21814324139660746
  outer loop
    vertex 141.97666529241565 -416.7 148.47841341859882
    vertex 141.64913755097416 -420.7 149.94368830324
    vertex 141.97666529241565 -420.7 148.47841341859882
  endloop
endfacet
facet normal 0.9759167619387329 0.0 0.21814324139660746
  outer loop
    vertex 141.64913755097416 -420.7 149.94368830324
    vertex 141.97666529241565 -416.7 148.47841341859882
    vertex 141.64913755097416 -416.7 149.94368830324
  endloop
endfacet
facet normal 0.8270805742745639 0.0 -0.5620833778521276
  outer loop
    vertex 137.83550616556116 -416.7 129.95193247020987
    vertex 138.67943741949804 -420.7 131.19373960000195
    vertex 137.83550616556116 -420.7 129.95193247020987
  endloop
endfacet
facet normal 0.8270805742745639 0.0 -0.5620833778521276
  outer loop
    vertex 138.67943741949804 -420.7 131.19373960000195
    vertex 137.83550616556116 -416.7 129.95193247020987
    vertex 138.67943741949804 -416.7 131.19373960000195
  endloop
endfacet
facet normal 0.7501110696304704 0.0 -0.6613118653236396
  outer loop
    vertex 135.92235019537162 -416.7 127.63932416830431
    vertex 136.9152665023412 -420.7 128.7655666450063
    vertex 135.92235019537162 -420.7 127.63932416830431
  endloop
endfacet
facet normal 0.7501110696304704 0.0 -0.6613118653236396
  outer loop
    vertex 136.9152665023412 -420.7 128.7655666450063
    vertex 135.92235019537162 -416.7 127.63932416830431
    vertex 136.9152665023412 -416.7 128.7655666450063
  endloop
endfacet
facet normal 0.7071067811865476 0.0 0.7071067811865476
  outer loop
    vertex 135.92235019537162 -416.7 160.36067583169563
    vertex 134.86067583169552 -420.7 161.4223501953717
    vertex 135.92235019537162 -420.7 160.36067583169563
  endloop
endfacet
facet normal 0.7071067811865476 0.0 0.7071067811865476
  outer loop
    vertex 134.86067583169552 -420.7 161.4223501953717
    vertex 135.92235019537162 -416.7 160.36067583169563
    vertex 134.86067583169552 -416.7 161.4223501953717
  endloop
endfacet
facet normal 0.7901550123756799 0.0 -0.6129070536529901
  outer loop
    vertex 136.9152665023412 -416.7 128.7655666450063
    vertex 137.83550616556116 -420.7 129.95193247020987
    vertex 136.9152665023412 -420.7 128.7655666450063
  endloop
endfacet
facet normal 0.7901550123756799 0.0 -0.6129070536529901
  outer loop
    vertex 137.83550616556116 -420.7 129.95193247020987
    vertex 136.9152665023412 -416.7 128.7655666450063
    vertex 137.83550616556116 -416.7 129.95193247020987
  endloop
endfacet
facet normal 0.70710678118654 0.0 -0.7071067811865551
  outer loop
    vertex 135.92235019537162 -416.7 127.63932416830431
    vertex 134.86067583169552 -420.7 126.57764980462824
    vertex 134.86067583169552 -416.7 126.57764980462824
  endloop
endfacet
facet normal 0.70710678118654 0.0 -0.7071067811865551
  outer loop
    vertex 134.86067583169552 -420.7 126.57764980462824
    vertex 135.92235019537162 -416.7 127.63932416830431
    vertex 135.92235019537162 -420.7 127.63932416830431
  endloop
endfacet
facet normal 0.86074202700394 0.0 0.5090414157503776
  outer loop
    vertex 139.44372965304825 -416.7 155.51391281103096
    vertex 138.67943741949804 -420.7 156.806260399998
    vertex 139.44372965304825 -420.7 155.51391281103096
  endloop
endfacet
facet normal 0.86074202700394 0.0 0.5090414157503776
  outer loop
    vertex 138.67943741949804 -420.7 156.806260399998
    vertex 139.44372965304825 -416.7 155.51391281103096
    vertex 138.67943741949804 -416.7 156.806260399998
  endloop
endfacet
facet normal 0.5090414157503907 0.0 0.8607420270039323
  outer loop
    vertex 131.30626039999794 -420.7 164.17943741949813
    vertex 130.01391281103096 -416.7 164.94372965304834
    vertex 130.01391281103096 -420.7 164.94372965304834
  endloop
endfacet
facet normal 0.5090414157503907 0.0 0.8607420270039323
  outer loop
    vertex 130.01391281103096 -416.7 164.94372965304834
    vertex 131.30626039999794 -420.7 164.17943741949813
    vertex 131.30626039999794 -416.7 164.17943741949813
  endloop
endfacet
facet normal 0.7501110696304572 0.0 0.6613118653236547
  outer loop
    vertex 136.9152665023412 -416.7 159.23443335499368
    vertex 135.92235019537162 -420.7 160.36067583169563
    vertex 136.9152665023412 -420.7 159.23443335499368
  endloop
endfacet
facet normal 0.7501110696304572 0.0 0.6613118653236547
  outer loop
    vertex 135.92235019537162 -420.7 160.36067583169563
    vertex 136.9152665023412 -416.7 159.23443335499368
    vertex 135.92235019537162 -416.7 160.36067583169563
  endloop
endfacet
facet normal 0.99556196460308 0.0 -0.09410831331851527
  outer loop
    vertex 142.21154136141595 -416.7 141.00453571781313
    vertex 142.3528388094356 -420.7 142.4993065832494
    vertex 142.21154136141595 -420.7 141.00453571781313
  endloop
endfacet
facet normal 0.99556196460308 0.0 -0.09410831331851527
  outer loop
    vertex 142.3528388094356 -420.7 142.4993065832494
    vertex 142.21154136141595 -416.7 141.00453571781313
    vertex 142.3528388094356 -416.7 142.4993065832494
  endloop
endfacet
facet normal 0.9177546256840027 0.0 0.3971478906347309
  outer loop
    vertex 140.72165801272905 -416.7 152.79817680916378
    vertex 140.1253665539378 -420.7 154.1761250684052
    vertex 140.72165801272905 -420.7 152.79817680916378
  endloop
endfacet
facet normal 0.9177546256840027 0.0 0.3971478906347309
  outer loop
    vertex 140.1253665539378 -420.7 154.1761250684052
    vertex 140.72165801272905 -416.7 152.79817680916378
    vertex 140.1253665539378 -416.7 154.1761250684052
  endloop
endfacet
facet normal 0.9602936856769526 0.0 0.27899110603919686
  outer loop
    vertex 141.64913755097416 -416.7 149.94368830324
    vertex 141.2302507394541 -420.7 151.38550616556125
    vertex 141.64913755097416 -420.7 149.94368830324
  endloop
endfacet
facet normal 0.9602936856769526 0.0 0.27899110603919686
  outer loop
    vertex 141.2302507394541 -420.7 151.38550616556125
    vertex 141.64913755097416 -416.7 149.94368830324
    vertex 141.2302507394541 -416.7 151.38550616556125
  endloop
endfacet
facet normal -0.1564344650402353 0.0 -0.987688340595137
  outer loop
    vertex -119.49546428218694 -416.7 120.28845863858398
    vertex -120.97841341859882 -420.7 120.52333470758433
    vertex -120.97841341859882 -416.7 120.52333470758433
  endloop
endfacet
facet normal -0.1564344650402353 0.0 -0.987688340595137
  outer loop
    vertex -120.97841341859882 -420.7 120.52333470758433
    vertex -119.49546428218694 -416.7 120.28845863858398
    vertex -119.49546428218694 -420.7 120.28845863858398
  endloop
endfacet
facet normal -0.2789911060392366 0.0 -0.960293685676941
  outer loop
    vertex -122.44368830324008 -416.7 120.85086244902571
    vertex -123.88550616556125 -420.7 121.26974926054582
    vertex -123.88550616556125 -416.7 121.26974926054582
  endloop
endfacet
facet normal -0.2789911060392366 0.0 -0.960293685676941
  outer loop
    vertex -123.88550616556125 -420.7 121.26974926054582
    vertex -122.44368830324008 -416.7 120.85086244902571
    vertex -122.44368830324008 -420.7 120.85086244902571
  endloop
endfacet
facet normal -0.09410831331851807 0.0 -0.9955619646030798
  outer loop
    vertex -118.0006934167507 -416.7 120.1471611905643
    vertex -119.49546428218694 -420.7 120.28845863858398
    vertex -119.49546428218694 -416.7 120.28845863858398
  endloop
endfacet
facet normal -0.09410831331851807 0.0 -0.9955619646030798
  outer loop
    vertex -119.49546428218694 -420.7 120.28845863858398
    vertex -118.0006934167507 -416.7 120.1471611905643
    vertex -118.0006934167507 -420.7 120.1471611905643
  endloop
endfacet
facet normal -0.4539904997395482 0.0 -0.8910065241883673
  outer loop
    vertex -126.67612506840533 -416.7 122.37463344606212
    vertex -128.01391281103105 -420.7 123.05627034695164
    vertex -128.01391281103105 -416.7 123.05627034695164
  endloop
endfacet
facet normal -0.4539904997395482 0.0 -0.8910065241883673
  outer loop
    vertex -128.01391281103105 -420.7 123.05627034695164
    vertex -126.67612506840533 -416.7 122.37463344606212
    vertex -126.67612506840533 -420.7 122.37463344606212
  endloop
endfacet
facet normal -0.5090414157503533 0.0 -0.8607420270039543
  outer loop
    vertex -128.01391281103105 -416.7 123.05627034695164
    vertex -129.30626039999814 -420.7 123.82056258050181
    vertex -129.30626039999814 -416.7 123.82056258050181
  endloop
endfacet
facet normal -0.5090414157503533 0.0 -0.8607420270039543
  outer loop
    vertex -129.30626039999814 -420.7 123.82056258050181
    vertex -128.01391281103105 -416.7 123.05627034695164
    vertex -128.01391281103105 -420.7 123.05627034695164
  endloop
endfacet
facet normal -0.70710678118654 0.0 -0.7071067811865551
  outer loop
    vertex -132.8606758316958 -416.7 126.57764980462824
    vertex -133.9223501953719 -420.7 127.63932416830431
    vertex -133.9223501953719 -416.7 127.63932416830431
  endloop
endfacet
facet normal -0.70710678118654 0.0 -0.7071067811865551
  outer loop
    vertex -133.9223501953719 -420.7 127.63932416830431
    vertex -132.8606758316958 -416.7 126.57764980462824
    vertex -132.8606758316958 -420.7 126.57764980462824
  endloop
endfacet
facet normal 0.39714789063478156 0.0 -0.9177546256839808
  outer loop
    vertex 128.67612506840513 -416.7 122.37463344606212
    vertex 127.29817680916369 -420.7 121.77834198727076
    vertex 127.29817680916369 -416.7 121.77834198727076
  endloop
endfacet
facet normal 0.39714789063478156 0.0 -0.9177546256839808
  outer loop
    vertex 127.29817680916369 -420.7 121.77834198727076
    vertex 128.67612506840513 -416.7 122.37463344606212
    vertex 128.67612506840513 -420.7 122.37463344606212
  endloop
endfacet
facet normal -0.3387379202452465 0.0 -0.9408807689542418
  outer loop
    vertex -123.88550616556125 -416.7 121.26974926054582
    vertex -125.29817680916396 -420.7 121.77834198727076
    vertex -125.29817680916396 -416.7 121.77834198727076
  endloop
endfacet
facet normal -0.3387379202452465 0.0 -0.9408807689542418
  outer loop
    vertex -125.29817680916396 -420.7 121.77834198727076
    vertex -123.88550616556125 -416.7 121.26974926054582
    vertex -123.88550616556125 -420.7 121.26974926054582
  endloop
endfacet
facet normal -0.7901550123756799 0.0 -0.6129070536529901
  outer loop
    vertex -135.8355061655614 -416.7 129.95193247020987
    vertex -134.9152665023415 -420.7 128.7655666450063
    vertex -135.8355061655614 -420.7 129.95193247020987
  endloop
endfacet
facet normal -0.7901550123756799 0.0 -0.6129070536529901
  outer loop
    vertex -134.9152665023415 -420.7 128.7655666450063
    vertex -135.8355061655614 -416.7 129.95193247020987
    vertex -134.9152665023415 -416.7 128.7655666450063
  endloop
endfacet
facet normal 0.15643446504021674 0.0 -0.98768834059514
  outer loop
    vertex 122.97841341859872 -416.7 120.52333470758433
    vertex 121.49546428218667 -420.7 120.28845863858398
    vertex 121.49546428218667 -416.7 120.28845863858398
  endloop
endfacet
facet normal 0.15643446504021674 0.0 -0.98768834059514
  outer loop
    vertex 121.49546428218667 -420.7 120.28845863858398
    vertex 122.97841341859872 -416.7 120.52333470758433
    vertex 122.97841341859872 -420.7 120.52333470758433
  endloop
endfacet
facet normal 0.03141075907812248 0.0 -0.9995065603657317
  outer loop
    vertex 120.00069341675044 -416.7 120.1471611905643
    vertex 118.49999999999984 -420.7 120.10000000000001
    vertex 118.49999999999984 -416.7 120.10000000000001
  endloop
endfacet
facet normal 0.03141075907812248 0.0 -0.9995065603657317
  outer loop
    vertex 118.49999999999984 -420.7 120.10000000000001
    vertex 120.00069341675044 -416.7 120.1471611905643
    vertex 120.00069341675044 -420.7 120.1471611905643
  endloop
endfacet
facet normal 0.661311865323678 0.0 -0.7501110696304366
  outer loop
    vertex 134.86067583169552 -416.7 126.57764980462824
    vertex 133.73443335499363 -420.7 125.58473349765862
    vertex 133.73443335499363 -416.7 125.58473349765862
  endloop
endfacet
facet normal 0.661311865323678 0.0 -0.7501110696304366
  outer loop
    vertex 133.73443335499363 -420.7 125.58473349765862
    vertex 134.86067583169552 -416.7 126.57764980462824
    vertex 134.86067583169552 -420.7 126.57764980462824
  endloop
endfacet
facet normal -0.6129070536530004 0.0 -0.7901550123756719
  outer loop
    vertex -130.54806752979025 -416.7 124.66449383443873
    vertex -131.73443335499374 -420.7 125.58473349765862
    vertex -131.73443335499374 -416.7 125.58473349765862
  endloop
endfacet
facet normal -0.6129070536530004 0.0 -0.7901550123756719
  outer loop
    vertex -131.73443335499374 -420.7 125.58473349765862
    vertex -130.54806752979025 -416.7 124.66449383443873
    vertex -130.54806752979025 -420.7 124.66449383443873
  endloop
endfacet
facet normal 0.09410831331851807 0.0 -0.9955619646030798
  outer loop
    vertex 121.49546428218667 -416.7 120.28845863858398
    vertex 120.00069341675044 -420.7 120.1471611905643
    vertex 120.00069341675044 -416.7 120.1471611905643
  endloop
endfacet
facet normal 0.09410831331851807 0.0 -0.9955619646030798
  outer loop
    vertex 120.00069341675044 -420.7 120.1471611905643
    vertex 121.49546428218667 -416.7 120.28845863858398
    vertex 121.49546428218667 -420.7 120.28845863858398
  endloop
endfacet
facet normal 0.0 0.0 -1.0
  outer loop
    vertex 118.49999999999984 -416.7 120.10000000000001
    vertex -116.50000000000003 -420.7 120.10000000000001
    vertex -116.50000000000003 -416.7 120.10000000000001
  endloop
endfacet
facet normal 0.0 0.0 -1.0
  outer loop
    vertex -116.50000000000003 -420.7 120.10000000000001
    vertex 118.49999999999984 -416.7 120.10000000000001
    vertex 118.49999999999984 -420.7 120.10000000000001
  endloop
endfacet
facet normal -0.39714789063480344 0.0 -0.9177546256839713
  outer loop
    vertex -125.29817680916396 -416.7 121.77834198727076
    vertex -126.67612506840533 -420.7 122.37463344606212
    vertex -126.67612506840533 -416.7 122.37463344606212
  endloop
endfacet
facet normal -0.39714789063480344 0.0 -0.9177546256839713
  outer loop
    vertex -126.67612506840533 -420.7 122.37463344606212
    vertex -125.29817680916396 -416.7 121.77834198727076
    vertex -125.29817680916396 -420.7 121.77834198727076
  endloop
endfacet
facet normal -0.2181432413965406 0.0 -0.9759167619387479
  outer loop
    vertex -120.97841341859882 -416.7 120.52333470758433
    vertex -122.44368830324008 -420.7 120.85086244902571
    vertex -122.44368830324008 -416.7 120.85086244902571
  endloop
endfacet
facet normal -0.2181432413965406 0.0 -0.9759167619387479
  outer loop
    vertex -122.44368830324008 -420.7 120.85086244902571
    vertex -120.97841341859882 -416.7 120.52333470758433
    vertex -120.97841341859882 -420.7 120.52333470758433
  endloop
endfacet
facet normal -0.5620833778521309 0.0 -0.8270805742745618
  outer loop
    vertex -129.30626039999814 -416.7 123.82056258050181
    vertex -130.54806752979025 -420.7 124.66449383443873
    vertex -130.54806752979025 -416.7 124.66449383443873
  endloop
endfacet
facet normal -0.5620833778521309 0.0 -0.8270805742745618
  outer loop
    vertex -130.54806752979025 -420.7 124.66449383443873
    vertex -129.30626039999814 -416.7 123.82056258050181
    vertex -129.30626039999814 -420.7 123.82056258050181
  endloop
endfacet
facet normal -0.6613118653236184 0.0 -0.750111069630489
  outer loop
    vertex -131.73443335499374 -416.7 125.58473349765862
    vertex -132.8606758316958 -420.7 126.57764980462824
    vertex -132.8606758316958 -416.7 126.57764980462824
  endloop
endfacet
facet normal -0.6613118653236184 0.0 -0.750111069630489
  outer loop
    vertex -132.8606758316958 -420.7 126.57764980462824
    vertex -131.73443335499374 -416.7 125.58473349765862
    vertex -131.73443335499374 -420.7 125.58473349765862
  endloop
endfacet
facet normal -0.8607420270039662 0.0 -0.5090414157503331
  outer loop
    vertex -137.44372965304842 -416.7 132.48608718896898
    vertex -136.67943741949833 -420.7 131.19373960000195
    vertex -137.44372965304842 -420.7 132.48608718896898
  endloop
endfacet
facet normal -0.8607420270039662 0.0 -0.5090414157503331
  outer loop
    vertex -136.67943741949833 -420.7 131.19373960000195
    vertex -137.44372965304842 -416.7 132.48608718896898
    vertex -136.67943741949833 -416.7 131.19373960000195
  endloop
endfacet
facet normal 0.4539904997395482 0.0 -0.8910065241883673
  outer loop
    vertex 130.01391281103088 -416.7 123.05627034695164
    vertex 128.67612506840513 -420.7 122.37463344606212
    vertex 128.67612506840513 -416.7 122.37463344606212
  endloop
endfacet
facet normal 0.4539904997395482 0.0 -0.8910065241883673
  outer loop
    vertex 128.67612506840513 -420.7 122.37463344606212
    vertex 130.01391281103088 -416.7 123.05627034695164
    vertex 130.01391281103088 -420.7 123.05627034695164
  endloop
endfacet
facet normal -0.7501110696304704 0.0 -0.6613118653236396
  outer loop
    vertex -134.9152665023415 -416.7 128.7655666450063
    vertex -133.9223501953719 -420.7 127.63932416830431
    vertex -134.9152665023415 -420.7 128.7655666450063
  endloop
endfacet
facet normal -0.7501110696304704 0.0 -0.6613118653236396
  outer loop
    vertex -133.9223501953719 -420.7 127.63932416830431
    vertex -134.9152665023415 -416.7 128.7655666450063
    vertex -133.9223501953719 -416.7 127.63932416830431
  endloop
endfacet
facet normal -0.8270805742745639 0.0 -0.5620833778521276
  outer loop
    vertex -136.67943741949833 -416.7 131.19373960000195
    vertex -135.8355061655614 -420.7 129.95193247020987
    vertex -136.67943741949833 -420.7 131.19373960000195
  endloop
endfacet
facet normal -0.8270805742745639 0.0 -0.5620833778521276
  outer loop
    vertex -135.8355061655614 -420.7 129.95193247020987
    vertex -136.67943741949833 -416.7 131.19373960000195
    vertex -135.8355061655614 -416.7 129.95193247020987
  endloop
endfacet
facet normal -0.8910065241883826 0.0 -0.4539904997395181
  outer loop
    vertex -138.1253665539379 -416.7 133.82387493159473
    vertex -137.44372965304842 -420.7 132.48608718896898
    vertex -138.1253665539379 -420.7 133.82387493159473
  endloop
endfacet
facet normal -0.8910065241883826 0.0 -0.4539904997395181
  outer loop
    vertex -137.44372965304842 -420.7 132.48608718896898
    vertex -138.1253665539379 -416.7 133.82387493159473
    vertex -137.44372965304842 -416.7 132.48608718896898
  endloop
endfacet
facet normal -0.9177546256839565 0.0 -0.39714789063483763
  outer loop
    vertex -138.72165801272934 -416.7 135.20182319083617
    vertex -138.1253665539379 -420.7 133.82387493159473
    vertex -138.72165801272934 -420.7 135.20182319083617
  endloop
endfacet
facet normal -0.9177546256839565 0.0 -0.39714789063483763
  outer loop
    vertex -138.1253665539379 -420.7 133.82387493159473
    vertex -138.72165801272934 -416.7 135.20182319083617
    vertex -138.1253665539379 -416.7 133.82387493159473
  endloop
endfacet
facet normal 0.3387379202452849 0.0 -0.940880768954228
  outer loop
    vertex 127.29817680916369 -416.7 121.77834198727076
    vertex 125.88550616556115 -420.7 121.26974926054582
    vertex 125.88550616556115 -416.7 121.26974926054582
  endloop
endfacet
facet normal 0.3387379202452849 0.0 -0.940880768954228
  outer loop
    vertex 125.88550616556115 -420.7 121.26974926054582
    vertex 127.29817680916369 -416.7 121.77834198727076
    vertex 127.29817680916369 -420.7 121.77834198727076
  endloop
endfacet
facet normal 0.6129070536529422 0.0 -0.790155012375717
  outer loop
    vertex 133.73443335499363 -416.7 125.58473349765862
    vertex 132.54806752978996 -420.7 124.66449383443873
    vertex 132.54806752978996 -416.7 124.66449383443873
  endloop
endfacet
facet normal 0.6129070536529422 0.0 -0.790155012375717
  outer loop
    vertex 132.54806752978996 -420.7 124.66449383443873
    vertex 133.73443335499363 -416.7 125.58473349765862
    vertex 133.73443335499363 -420.7 125.58473349765862
  endloop
endfacet
facet normal 0.5620833778521309 0.0 -0.8270805742745618
  outer loop
    vertex 132.54806752978996 -416.7 124.66449383443873
    vertex 131.30626039999785 -420.7 123.82056258050181
    vertex 131.30626039999785 -416.7 123.82056258050181
  endloop
endfacet
facet normal 0.5620833778521309 0.0 -0.8270805742745618
  outer loop
    vertex 131.30626039999785 -420.7 123.82056258050181
    vertex 132.54806752978996 -416.7 124.66449383443873
    vertex 132.54806752978996 -420.7 124.66449383443873
  endloop
endfacet
facet normal 0.2789911060392205 0.0 -0.9602936856769456
  outer loop
    vertex 125.88550616556115 -416.7 121.26974926054582
    vertex 124.4436883032399 -420.7 120.85086244902571
    vertex 124.4436883032399 -416.7 120.85086244902571
  endloop
endfacet
facet normal 0.2789911060392205 0.0 -0.9602936856769456
  outer loop
    vertex 124.4436883032399 -420.7 120.85086244902571
    vertex 125.88550616556115 -416.7 121.26974926054582
    vertex 125.88550616556115 -420.7 121.26974926054582
  endloop
endfacet
facet normal 0.21814324139655342 0.0 -0.9759167619387451
  outer loop
    vertex 124.4436883032399 -416.7 120.85086244902571
    vertex 122.97841341859872 -420.7 120.52333470758433
    vertex 122.97841341859872 -416.7 120.52333470758433
  endloop
endfacet
facet normal 0.21814324139655342 0.0 -0.9759167619387451
  outer loop
    vertex 122.97841341859872 -420.7 120.52333470758433
    vertex 124.4436883032399 -416.7 120.85086244902571
    vertex 124.4436883032399 -420.7 120.85086244902571
  endloop
endfacet
facet normal 0.5090414157503796 0.0 -0.8607420270039389
  outer loop
    vertex 131.30626039999785 -416.7 123.82056258050181
    vertex 130.01391281103088 -420.7 123.05627034695164
    vertex 130.01391281103088 -416.7 123.05627034695164
  endloop
endfacet
facet normal 0.5090414157503796 0.0 -0.8607420270039389
  outer loop
    vertex 130.01391281103088 -420.7 123.05627034695164
    vertex 131.30626039999785 -416.7 123.82056258050181
    vertex 131.30626039999785 -420.7 123.82056258050181
  endloop
endfacet
facet normal -0.0314107590781206 0.0 -0.9995065603657319
  outer loop
    vertex -116.50000000000003 -416.7 120.10000000000001
    vertex -118.0006934167507 -420.7 120.1471611905643
    vertex -118.0006934167507 -416.7 120.1471611905643
  endloop
endfacet
facet normal -0.0314107590781206 0.0 -0.9995065603657319
  outer loop
    vertex -118.0006934167507 -420.7 120.1471611905643
    vertex -116.50000000000003 -416.7 120.10000000000001
    vertex -116.50000000000003 -420.7 120.10000000000001
  endloop
endfacet
facet normal -0.8270805742745686 0.0 0.5620833778521206
  outer loop
    vertex -135.8355061655614 -416.7 158.0480675297901
    vertex -136.67943741949833 -420.7 156.806260399998
    vertex -135.8355061655614 -420.7 158.0480675297901
  endloop
endfacet
facet normal -0.8270805742745686 0.0 0.5620833778521206
  outer loop
    vertex -136.67943741949833 -420.7 156.806260399998
    vertex -135.8355061655614 -416.7 158.0480675297901
    vertex -136.67943741949833 -416.7 156.806260399998
  endloop
endfacet
facet normal -0.03141075907812437 0.0 0.9995065603657317
  outer loop
    vertex -116.50000000000021 -420.7 167.89999999999998
    vertex -118.0006934167507 -416.7 167.85283880943567
    vertex -118.0006934167507 -420.7 167.85283880943567
  endloop
endfacet
facet normal -0.03141075907812437 0.0 0.9995065603657317
  outer loop
    vertex -118.0006934167507 -416.7 167.85283880943567
    vertex -116.50000000000021 -420.7 167.89999999999998
    vertex -116.50000000000021 -416.7 167.89999999999998
  endloop
endfacet
facet normal -0.6613118653236268 0.0 0.7501110696304817
  outer loop
    vertex -131.73443335499374 -420.7 162.41526650234135
    vertex -132.8606758316958 -416.7 161.4223501953717
    vertex -132.8606758316958 -420.7 161.4223501953717
  endloop
endfacet
facet normal -0.6613118653236268 0.0 0.7501110696304817
  outer loop
    vertex -132.8606758316958 -416.7 161.4223501953717
    vertex -131.73443335499374 -420.7 162.41526650234135
    vertex -131.73443335499374 -416.7 162.41526650234135
  endloop
endfacet
facet normal -0.6129070536530004 0.0 0.7901550123756719
  outer loop
    vertex -130.54806752979025 -420.7 163.33550616556124
    vertex -131.73443335499374 -416.7 162.41526650234135
    vertex -131.73443335499374 -420.7 162.41526650234135
  endloop
endfacet
facet normal -0.6129070536530004 0.0 0.7901550123756719
  outer loop
    vertex -131.73443335499374 -416.7 162.41526650234135
    vertex -130.54806752979025 -420.7 163.33550616556124
    vertex -130.54806752979025 -416.7 163.33550616556124
  endloop
endfacet
facet normal -0.9759167619387593 0.0 -0.21814324139648977
  outer loop
    vertex -139.97666529241573 -416.7 139.52158658140115
    vertex -139.64913755097444 -420.7 138.05631169675993
    vertex -139.97666529241573 -420.7 139.52158658140115
  endloop
endfacet
facet normal -0.9759167619387593 0.0 -0.21814324139648977
  outer loop
    vertex -139.64913755097444 -420.7 138.05631169675993
    vertex -139.97666529241573 -416.7 139.52158658140115
    vertex -139.64913755097444 -416.7 138.05631169675993
  endloop
endfacet
facet normal -0.15643446504021674 0.0 0.98768834059514
  outer loop
    vertex -119.49546428218694 -420.7 167.71154136141598
    vertex -120.97841341859899 -416.7 167.47666529241565
    vertex -120.97841341859899 -420.7 167.47666529241565
  endloop
endfacet
facet normal -0.15643446504021674 0.0 0.98768834059514
  outer loop
    vertex -120.97841341859899 -416.7 167.47666529241565
    vertex -119.49546428218694 -420.7 167.71154136141598
    vertex -119.49546428218694 -416.7 167.71154136141598
  endloop
endfacet
facet normal -0.09410831331851807 0.0 0.9955619646030798
  outer loop
    vertex -118.0006934167507 -420.7 167.85283880943567
    vertex -119.49546428218694 -416.7 167.71154136141598
    vertex -119.49546428218694 -420.7 167.71154136141598
  endloop
endfacet
facet normal -0.09410831331851807 0.0 0.9955619646030798
  outer loop
    vertex -119.49546428218694 -416.7 167.71154136141598
    vertex -118.0006934167507 -420.7 167.85283880943567
    vertex -118.0006934167507 -416.7 167.85283880943567
  endloop
endfacet
facet normal -0.9955619646030855 0.0 -0.09410831331845566
  outer loop
    vertex -140.3528388094358 -416.7 142.4993065832494
    vertex -140.2115413614162 -420.7 141.00453571781313
    vertex -140.3528388094358 -420.7 142.4993065832494
  endloop
endfacet
facet normal -0.9955619646030855 0.0 -0.09410831331845566
  outer loop
    vertex -140.2115413614162 -420.7 141.00453571781313
    vertex -140.3528388094358 -416.7 142.4993065832494
    vertex -140.2115413614162 -416.7 141.00453571781313
  endloop
endfacet
facet normal -0.9876883405951246 0.0 -0.156434465040314
  outer loop
    vertex -140.2115413614162 -416.7 141.00453571781313
    vertex -139.97666529241573 -420.7 139.52158658140115
    vertex -140.2115413614162 -420.7 141.00453571781313
  endloop
endfacet
facet normal -0.9876883405951246 0.0 -0.156434465040314
  outer loop
    vertex -139.97666529241573 -420.7 139.52158658140115
    vertex -140.2115413614162 -416.7 141.00453571781313
    vertex -139.97666529241573 -416.7 139.52158658140115
  endloop
endfacet
facet normal -0.9955619646030855 0.0 0.09410831331845566
  outer loop
    vertex -140.2115413614162 -416.7 146.99546428218684
    vertex -140.3528388094358 -420.7 145.50069341675058
    vertex -140.2115413614162 -420.7 146.99546428218684
  endloop
endfacet
facet normal -0.9955619646030855 0.0 0.09410831331845566
  outer loop
    vertex -140.3528388094358 -420.7 145.50069341675058
    vertex -140.2115413614162 -416.7 146.99546428218684
    vertex -140.3528388094358 -416.7 145.50069341675058
  endloop
endfacet
facet normal -0.7071067811865476 0.0 0.7071067811865476
  outer loop
    vertex -132.8606758316958 -416.7 161.4223501953717
    vertex -133.9223501953719 -420.7 160.36067583169563
    vertex -132.8606758316958 -420.7 161.4223501953717
  endloop
endfacet
facet normal -0.7071067811865476 0.0 0.7071067811865476
  outer loop
    vertex -133.9223501953719 -420.7 160.36067583169563
    vertex -132.8606758316958 -416.7 161.4223501953717
    vertex -133.9223501953719 -416.7 160.36067583169563
  endloop
endfacet
facet normal -0.9602936856769514 0.0 -0.2789911060392008
  outer loop
    vertex -139.64913755097444 -416.7 138.05631169675993
    vertex -139.23025073945436 -420.7 136.61449383443872
    vertex -139.64913755097444 -420.7 138.05631169675993
  endloop
endfacet
facet normal -0.9602936856769514 0.0 -0.2789911060392008
  outer loop
    vertex -139.23025073945436 -420.7 136.61449383443872
    vertex -139.64913755097444 -416.7 138.05631169675993
    vertex -139.23025073945436 -416.7 136.61449383443872
  endloop
endfacet
facet normal -0.9995065603657299 0.0 -0.03141075907818252
  outer loop
    vertex -140.4000000000002 -416.7 143.99999999999997
    vertex -140.3528388094358 -420.7 142.4993065832494
    vertex -140.4000000000002 -420.7 143.99999999999997
  endloop
endfacet
facet normal -0.9995065603657299 0.0 -0.03141075907818252
  outer loop
    vertex -140.3528388094358 -420.7 142.4993065832494
    vertex -140.4000000000002 -416.7 143.99999999999997
    vertex -140.3528388094358 -416.7 142.4993065832494
  endloop
endfacet
facet normal -0.8607420270039662 0.0 0.5090414157503331
  outer loop
    vertex -136.67943741949833 -416.7 156.806260399998
    vertex -137.44372965304842 -420.7 155.51391281103096
    vertex -136.67943741949833 -420.7 156.806260399998
  endloop
endfacet
facet normal -0.8607420270039662 0.0 0.5090414157503331
  outer loop
    vertex -137.44372965304842 -420.7 155.51391281103096
    vertex -136.67943741949833 -416.7 156.806260399998
    vertex -137.44372965304842 -416.7 155.51391281103096
  endloop
endfacet
facet normal -0.7901550123756799 0.0 0.6129070536529901
  outer loop
    vertex -134.9152665023415 -416.7 159.23443335499368
    vertex -135.8355061655614 -420.7 158.0480675297901
    vertex -134.9152665023415 -420.7 159.23443335499368
  endloop
endfacet
facet normal -0.7901550123756799 0.0 0.6129070536529901
  outer loop
    vertex -135.8355061655614 -420.7 158.0480675297901
    vertex -134.9152665023415 -416.7 159.23443335499368
    vertex -135.8355061655614 -416.7 158.0480675297901
  endloop
endfacet
facet normal -0.5620833778521206 0.0 0.8270805742745686
  outer loop
    vertex -129.30626039999814 -420.7 164.17943741949813
    vertex -130.54806752979025 -416.7 163.33550616556124
    vertex -130.54806752979025 -420.7 163.33550616556124
  endloop
endfacet
facet normal -0.5620833778521206 0.0 0.8270805742745686
  outer loop
    vertex -130.54806752979025 -416.7 163.33550616556124
    vertex -129.30626039999814 -420.7 164.17943741949813
    vertex -129.30626039999814 -416.7 164.17943741949813
  endloop
endfacet
facet normal -0.5090414157503644 0.0 0.8607420270039478
  outer loop
    vertex -128.01391281103105 -420.7 164.94372965304834
    vertex -129.30626039999814 -416.7 164.17943741949813
    vertex -129.30626039999814 -420.7 164.17943741949813
  endloop
endfacet
facet normal -0.5090414157503644 0.0 0.8607420270039478
  outer loop
    vertex -129.30626039999814 -416.7 164.17943741949813
    vertex -128.01391281103105 -420.7 164.94372965304834
    vertex -128.01391281103105 -416.7 164.94372965304834
  endloop
endfacet
facet normal -0.4539904997395482 0.0 0.8910065241883673
  outer loop
    vertex -126.67612506840533 -420.7 165.62536655393785
    vertex -128.01391281103105 -416.7 164.94372965304834
    vertex -128.01391281103105 -420.7 164.94372965304834
  endloop
endfacet
facet normal -0.4539904997395482 0.0 0.8910065241883673
  outer loop
    vertex -128.01391281103105 -416.7 164.94372965304834
    vertex -126.67612506840533 -420.7 165.62536655393785
    vertex -126.67612506840533 -416.7 165.62536655393785
  endloop
endfacet
facet normal -0.9995065603657299 0.0 0.03141075907818252
  outer loop
    vertex -140.3528388094358 -416.7 145.50069341675058
    vertex -140.4000000000002 -420.7 143.99999999999997
    vertex -140.3528388094358 -420.7 145.50069341675058
  endloop
endfacet
facet normal -0.9995065603657299 0.0 0.03141075907818252
  outer loop
    vertex -140.4000000000002 -420.7 143.99999999999997
    vertex -140.3528388094358 -416.7 145.50069341675058
    vertex -140.4000000000002 -416.7 143.99999999999997
  endloop
endfacet
facet normal -0.7501110696304572 0.0 0.6613118653236547
  outer loop
    vertex -133.9223501953719 -416.7 160.36067583169563
    vertex -134.9152665023415 -420.7 159.23443335499368
    vertex -133.9223501953719 -420.7 160.36067583169563
  endloop
endfacet
facet normal -0.7501110696304572 0.0 0.6613118653236547
  outer loop
    vertex -134.9152665023415 -420.7 159.23443335499368
    vertex -133.9223501953719 -416.7 160.36067583169563
    vertex -134.9152665023415 -416.7 159.23443335499368
  endloop
endfacet
facet normal -0.39714789063480344 0.0 0.9177546256839713
  outer loop
    vertex -125.29817680916396 -420.7 166.2216580127292
    vertex -126.67612506840533 -416.7 165.62536655393785
    vertex -126.67612506840533 -420.7 165.62536655393785
  endloop
endfacet
facet normal -0.39714789063480344 0.0 0.9177546256839713
  outer loop
    vertex -126.67612506840533 -416.7 165.62536655393785
    vertex -125.29817680916396 -420.7 166.2216580127292
    vertex -125.29817680916396 -416.7 166.2216580127292
  endloop
endfacet
facet normal -0.3387379202452849 0.0 0.940880768954228
  outer loop
    vertex -123.88550616556142 -420.7 166.73025073945414
    vertex -125.29817680916396 -416.7 166.2216580127292
    vertex -125.29817680916396 -420.7 166.2216580127292
  endloop
endfacet
facet normal -0.3387379202452849 0.0 0.940880768954228
  outer loop
    vertex -125.29817680916396 -416.7 166.2216580127292
    vertex -123.88550616556142 -420.7 166.73025073945414
    vertex -123.88550616556142 -416.7 166.73025073945414
  endloop
endfacet
facet normal -0.9602936856769526 0.0 0.27899110603919686
  outer loop
    vertex -139.23025073945436 -416.7 151.38550616556125
    vertex -139.64913755097444 -420.7 149.94368830324
    vertex -139.23025073945436 -420.7 151.38550616556125
  endloop
endfacet
facet normal -0.9602936856769526 0.0 0.27899110603919686
  outer loop
    vertex -139.64913755097444 -420.7 149.94368830324
    vertex -139.23025073945436 -416.7 151.38550616556125
    vertex -139.64913755097444 -416.7 149.94368830324
  endloop
endfacet
facet normal -0.8910065241883307 0.0 0.45399049973961964
  outer loop
    vertex -137.44372965304842 -416.7 155.51391281103096
    vertex -138.12536655393808 -420.7 154.1761250684052
    vertex -137.44372965304842 -420.7 155.51391281103096
  endloop
endfacet
facet normal -0.8910065241883307 0.0 0.45399049973961964
  outer loop
    vertex -138.12536655393808 -420.7 154.1761250684052
    vertex -137.44372965304842 -416.7 155.51391281103096
    vertex -138.12536655393808 -416.7 154.1761250684052
  endloop
endfacet
facet normal -0.9408807689542105 0.0 -0.3387379202453332
  outer loop
    vertex -139.23025073945436 -416.7 136.61449383443872
    vertex -138.72165801272934 -420.7 135.20182319083617
    vertex -139.23025073945436 -420.7 136.61449383443872
  endloop
endfacet
facet normal -0.9408807689542105 0.0 -0.3387379202453332
  outer loop
    vertex -138.72165801272934 -420.7 135.20182319083617
    vertex -139.23025073945436 -416.7 136.61449383443872
    vertex -138.72165801272934 -416.7 135.20182319083617
  endloop
endfacet
facet normal -0.9759167619387586 0.0 0.21814324139649305
  outer loop
    vertex -139.64913755097444 -416.7 149.94368830324
    vertex -139.97666529241573 -420.7 148.47841341859882
    vertex -139.64913755097444 -420.7 149.94368830324
  endloop
endfacet
facet normal -0.9759167619387586 0.0 0.21814324139649305
  outer loop
    vertex -139.97666529241573 -420.7 148.47841341859882
    vertex -139.64913755097444 -416.7 149.94368830324
    vertex -139.97666529241573 -416.7 148.47841341859882
  endloop
endfacet
facet normal -0.9177546256840027 0.0 0.3971478906347309
  outer loop
    vertex -138.12536655393808 -416.7 154.1761250684052
    vertex -138.72165801272934 -420.7 152.79817680916378
    vertex -138.12536655393808 -420.7 154.1761250684052
  endloop
endfacet
facet normal -0.9177546256840027 0.0 0.3971478906347309
  outer loop
    vertex -138.72165801272934 -420.7 152.79817680916378
    vertex -138.12536655393808 -416.7 154.1761250684052
    vertex -138.72165801272934 -416.7 152.79817680916378
  endloop
endfacet
facet normal -0.2789911060392044 0.0 0.9602936856769504
  outer loop
    vertex -122.44368830324008 -420.7 167.14913755097425
    vertex -123.88550616556142 -416.7 166.73025073945414
    vertex -123.88550616556142 -420.7 166.73025073945414
  endloop
endfacet
facet normal -0.2789911060392044 0.0 0.9602936856769504
  outer loop
    vertex -123.88550616556142 -416.7 166.73025073945414
    vertex -122.44368830324008 -420.7 167.14913755097425
    vertex -122.44368830324008 -416.7 167.14913755097425
  endloop
endfacet
facet normal -0.9876883405951246 0.0 0.156434465040314
  outer loop
    vertex -139.97666529241573 -416.7 148.47841341859882
    vertex -140.2115413614162 -420.7 146.99546428218684
    vertex -139.97666529241573 -420.7 148.47841341859882
  endloop
endfacet
facet normal -0.9876883405951246 0.0 0.156434465040314
  outer loop
    vertex -140.2115413614162 -420.7 146.99546428218684
    vertex -139.97666529241573 -416.7 148.47841341859882
    vertex -140.2115413614162 -416.7 146.99546428218684
  endloop
endfacet
facet normal -0.9408807689542087 0.0 0.338737920245338
  outer loop
    vertex -138.72165801272934 -416.7 152.79817680916378
    vertex -139.23025073945436 -420.7 151.38550616556125
    vertex -138.72165801272934 -420.7 152.79817680916378
  endloop
endfacet
facet normal -0.9408807689542087 0.0 0.338737920245338
  outer loop
    vertex -139.23025073945436 -420.7 151.38550616556125
    vertex -138.72165801272934 -416.7 152.79817680916378
    vertex -139.23025073945436 -416.7 151.38550616556125
  endloop
endfacet
facet normal -0.2181432413965662 0.0 0.9759167619387422
  outer loop
    vertex -120.97841341859899 -420.7 167.47666529241565
    vertex -122.44368830324008 -416.7 167.14913755097425
    vertex -122.44368830324008 -420.7 167.14913755097425
  endloop
endfacet
facet normal -0.2181432413965662 0.0 0.9759167619387422
  outer loop
    vertex -122.44368830324008 -416.7 167.14913755097425
    vertex -120.97841341859899 -420.7 167.47666529241565
    vertex -120.97841341859899 -416.7 167.47666529241565
  endloop
endfacet
facet normal -4.9440232479065e-16 -1.0 1.1893081914521572e-15
  outer loop
    vertex 120.50929662493778 -416.70000000000016 112.06314469029535
    vertex -116.50000000000003 -416.7 112.00000000000004
    vertex 118.49999999999976 -416.70000000000016 112.00000000000004
  endloop
endfacet
facet normal -4.9440232479065e-16 -1.0 1.1893081914521572e-15
  outer loop
    vertex -116.50000000000003 -416.7 112.00000000000004
    vertex 120.50929662493778 -416.70000000000016 112.06314469029535
    vertex -118.50929662493796 -416.7 112.06314469029535
  endloop
endfacet
facet normal -4.9440232479065e-16 -1.0 1.1893081914521572e-15
  outer loop
    vertex -118.50929662493796 -416.7 112.06314469029535
    vertex 120.50929662493778 -416.70000000000016 112.06314469029535
    vertex 122.51066347405747 -416.70000000000016 112.25232955793673
  endloop
endfacet
facet normal -4.9440232479065e-16 -1.0 1.1893081914521572e-15
  outer loop
    vertex -118.50929662493796 -416.7 112.06314469029535
    vertex 122.51066347405747 -416.70000000000016 112.25232955793673
    vertex -120.51066347405774 -416.7 112.25232955793673
  endloop
endfacet
facet normal -4.9440232479065e-16 -1.0 1.1893081914521572e-15
  outer loop
    vertex -120.51066347405774 -416.7 112.25232955793673
    vertex 122.51066347405747 -416.70000000000016 112.25232955793673
    vertex 124.49620206674295 -416.70000000000016 112.56680797668199
  endloop
endfacet
facet normal -4.9440232479065e-16 -1.0 1.1893081914521572e-15
  outer loop
    vertex -120.51066347405774 -416.7 112.25232955793673
    vertex 124.49620206674295 -416.70000000000016 112.56680797668199
    vertex -122.49620206674322 -416.7 112.56680797668199
  endloop
endfacet
facet normal -4.9440232479065e-16 -1.0 1.1893081914521572e-15
  outer loop
    vertex -122.49620206674322 -416.7 112.56680797668199
    vertex 124.49620206674295 -416.70000000000016 112.56680797668199
    vertex 126.45807638927509 -416.70000000000016 113.0053388438838
  endloop
endfacet
facet normal -4.9440232479065e-16 -1.0 1.1893081914521572e-15
  outer loop
    vertex -122.49620206674322 -416.7 112.56680797668199
    vertex 126.45807638927509 -416.70000000000016 113.0053388438838
    vertex -124.45807638927528 -416.7 113.0053388438838
  endloop
endfacet
facet normal -4.9440232479065e-16 -1.0 1.1893081914521572e-15
  outer loop
    vertex -124.45807638927528 -416.7 113.0053388438838
    vertex 126.45807638927509 -416.70000000000016 113.0053388438838
    vertex 128.38854381999806 -416.70000000000016 113.56619147855508
  endloop
endfacet
facet normal -4.9440232479065e-16 -1.0 1.1893081914521572e-15
  outer loop
    vertex -124.45807638927528 -416.7 113.0053388438838
    vertex 128.38854381999806 -416.70000000000016 113.56619147855508
    vertex -126.38854381999835 -416.7 113.56619147855508
  endloop
endfacet
facet normal -4.9440232479065e-16 -1.0 1.1893081914521572e-15
  outer loop
    vertex -126.38854381999835 -416.7 113.56619147855508
    vertex 128.38854381999806 -416.70000000000016 113.56619147855508
    vertex 130.27998568590945 -416.70000000000016 114.24715245157597
  endloop
endfacet
facet normal -4.9440232479065e-16 -1.0 1.1893081914521572e-15
  outer loop
    vertex -126.38854381999835 -416.7 113.56619147855508
    vertex 130.27998568590945 -416.70000000000016 114.24715245157597
    vertex -128.2799856859097 -416.7 114.24715245157597
  endloop
endfacet
facet normal -4.9440232479065e-16 -1.0 1.1893081914521572e-15
  outer loop
    vertex -128.2799856859097 -416.7 114.24715245157597
    vertex 130.27998568590945 -416.70000000000016 114.24715245157597
    vertex 132.12493733008216 -416.70000000000016 115.04553432108737
  endloop
endfacet
facet normal -4.9440232479065e-16 -1.0 1.1893081914521572e-15
  outer loop
    vertex -128.2799856859097 -416.7 114.24715245157597
    vertex 132.12493733008216 -416.70000000000016 115.04553432108737
    vertex -130.12493733008225 -416.7 115.04553432108737
  endloop
endfacet
facet normal -4.9440232479065e-16 -1.0 1.1893081914521572e-15
  outer loop
    vertex -130.12493733008225 -416.7 115.04553432108737
    vertex 132.12493733008216 -416.70000000000016 115.04553432108737
    vertex 133.91611757125466 -416.70000000000016 115.95818623859635
  endloop
endfacet
facet normal -4.9440232479065e-16 -1.0 1.1893081914521572e-15
  outer loop
    vertex -130.12493733008225 -416.7 115.04553432108737
    vertex 133.91611757125466 -416.70000000000016 115.95818623859635
    vertex -131.91611757125486 -416.7 115.95818623859635
  endloop
endfacet
facet normal -4.9440232479065e-16 -1.0 1.1893081914521572e-15
  outer loop
    vertex -131.91611757125486 -416.7 115.95818623859635
    vertex 133.91611757125466 -416.70000000000016 115.95818623859635
    vertex 135.64645743932763 -416.70000000000016 116.98150638393548
  endloop
endfacet
facet normal -4.9440232479065e-16 -1.0 1.1893081914521572e-15
  outer loop
    vertex -131.91611757125486 -416.7 115.95818623859635
    vertex 135.64645743932763 -416.70000000000016 116.98150638393548
    vertex -133.64645743932792 -416.7 116.98150638393548
  endloop
endfacet
facet normal -4.9440232479065e-16 -1.0 1.1893081914521572e-15
  outer loop
    vertex -133.64645743932792 -416.7 116.98150638393548
    vertex 135.64645743932763 -416.70000000000016 116.98150638393548
    vertex 137.30912807335892 -416.70000000000016 118.11145618000165
  endloop
endfacet
facet normal -4.9440232479065e-16 -1.0 1.1893081914521572e-15
  outer loop
    vertex -133.64645743932792 -416.7 116.98150638393548
    vertex 137.30912807335892 -416.70000000000016 118.11145618000165
    vertex -135.30912807335912 -416.7 118.11145618000165
  endloop
endfacet
facet normal -4.9440232479065e-16 -1.0 1.1893081914521572e-15
  outer loop
    vertex -135.30912807335912 -416.7 118.11145618000165
    vertex 137.30912807335892 -416.70000000000016 118.11145618000165
    vertex 138.8975676719578 -416.70000000000016 119.34357623117471
  endloop
endfacet
facet normal -4.9440232479065e-16 -1.0 1.1893081914521572e-15
  outer loop
    vertex -135.30912807335912 -416.7 118.11145618000165
    vertex 138.8975676719578 -416.70000000000016 119.34357623117471
    vertex -136.8975676719581 -416.7 119.34357623117471
  endloop
endfacet
facet normal -4.9440232479065e-16 -1.0 1.1893081914521572e-15
  outer loop
    vertex -136.8975676719581 -416.7 119.34357623117471
    vertex 138.8975676719578 -416.70000000000016 119.34357623117471
    vertex 118.49999999999984 -416.7 120.10000000000001
  endloop
endfacet
facet normal -4.9440232479065e-16 -1.0 1.1893081914521572e-15
  outer loop
    vertex 118.49999999999984 -416.7 120.10000000000001
    vertex 138.8975676719578 -416.70000000000016 119.34357623117471
    vertex 140.40550738971788 -416.70000000000016 120.6730039225148
  endloop
endfacet
facet normal -4.9440232479065e-16 -1.0 1.1893081914521572e-15
  outer loop
    vertex 118.49999999999984 -416.7 120.10000000000001
    vertex 140.40550738971788 -416.70000000000016 120.6730039225148
    vertex 120.00069341675044 -416.7 120.1471611905643
  endloop
endfacet
facet normal -4.9440232479065e-16 -1.0 1.1893081914521572e-15
  outer loop
    vertex 120.00069341675044 -416.7 120.1471611905643
    vertex 140.40550738971788 -416.70000000000016 120.6730039225148
    vertex 121.49546428218667 -416.7 120.28845863858398
  endloop
endfacet
facet normal -4.9440232479065e-16 -1.0 1.1893081914521572e-15
  outer loop
    vertex 121.49546428218667 -416.7 120.28845863858398
    vertex 140.40550738971788 -416.70000000000016 120.6730039225148
    vertex 122.97841341859872 -416.7 120.52333470758433
  endloop
endfacet
facet normal -4.9440232479065e-16 -1.0 1.1893081914521572e-15
  outer loop
    vertex 122.97841341859872 -416.7 120.52333470758433
    vertex 140.40550738971788 -416.70000000000016 120.6730039225148
    vertex 124.4436883032399 -416.7 120.85086244902571
  endloop
endfacet
facet normal -4.9440232479065e-16 -1.0 1.1893081914521572e-15
  outer loop
    vertex 124.4436883032399 -416.7 120.85086244902571
    vertex 140.40550738971788 -416.70000000000016 120.6730039225148
    vertex 141.82699607748498 -416.70000000000016 122.09449261028193
  endloop
endfacet
facet normal -4.9440232479065e-16 -1.0 1.1893081914521572e-15
  outer loop
    vertex 124.4436883032399 -416.7 120.85086244902571
    vertex 141.82699607748498 -416.70000000000016 122.09449261028193
    vertex 125.88550616556115 -416.7 121.26974926054582
  endloop
endfacet
facet normal -4.9440232479065e-16 -1.0 1.1893081914521572e-15
  outer loop
    vertex 125.88550616556115 -416.7 121.26974926054582
    vertex 141.82699607748498 -416.70000000000016 122.09449261028193
    vertex 127.29817680916369 -416.7 121.77834198727076
  endloop
endfacet
facet normal -4.9440232479065e-16 -1.0 1.1893081914521572e-15
  outer loop
    vertex 127.29817680916369 -416.7 121.77834198727076
    vertex 141.82699607748498 -416.70000000000016 122.09449261028193
    vertex 128.67612506840513 -416.7 122.37463344606212
  endloop
endfacet
facet normal -4.9440232479065e-16 -1.0 1.1893081914521572e-15
  outer loop
    vertex 128.67612506840513 -416.7 122.37463344606212
    vertex 141.82699607748498 -416.70000000000016 122.09449261028193
    vertex 143.156423768825 -416.70000000000016 123.6024323280419
  endloop
endfacet
facet normal -4.9440232479065e-16 -1.0 1.1893081914521572e-15
  outer loop
    vertex 128.67612506840513 -416.7 122.37463344606212
    vertex 143.156423768825 -416.70000000000016 123.6024323280419
    vertex 130.01391281103088 -416.7 123.05627034695164
  endloop
endfacet
facet normal -4.9440232479065e-16 -1.0 1.1893081914521572e-15
  outer loop
    vertex 130.01391281103088 -416.7 123.05627034695164
    vertex 143.156423768825 -416.70000000000016 123.6024323280419
    vertex 131.30626039999785 -416.7 123.82056258050181
  endloop
endfacet
facet normal -4.9440232479065e-16 -1.0 1.1893081914521572e-15
  outer loop
    vertex 131.30626039999785 -416.7 123.82056258050181
    vertex 143.156423768825 -416.70000000000016 123.6024323280419
    vertex 144.38854381999815 -416.70000000000016 125.19087192664081
  endloop
endfacet
facet normal -4.9440232479065e-16 -1.0 1.1893081914521572e-15
  outer loop
    vertex 131.30626039999785 -416.7 123.82056258050181
    vertex 144.38854381999815 -416.70000000000016 125.19087192664081
    vertex 132.54806752978996 -416.7 124.66449383443873
  endloop
endfacet
facet normal -4.9440232479065e-16 -1.0 1.1893081914521572e-15
  outer loop
    vertex 132.54806752978996 -416.7 124.66449383443873
    vertex 144.38854381999815 -416.70000000000016 125.19087192664081
    vertex 133.73443335499363 -416.7 125.58473349765862
  endloop
endfacet
facet normal -4.9440232479065e-16 -1.0 1.1893081914521572e-15
  outer loop
    vertex 133.73443335499363 -416.7 125.58473349765862
    vertex 144.38854381999815 -416.70000000000016 125.19087192664081
    vertex 145.51849361606426 -416.70000000000016 126.85354256067205
  endloop
endfacet
facet normal -4.9440232479065e-16 -1.0 1.1893081914521572e-15
  outer loop
    vertex 133.73443335499363 -416.7 125.58473349765862
    vertex 145.51849361606426 -416.70000000000016 126.85354256067205
    vertex 134.86067583169552 -416.7 126.57764980462824
  endloop
endfacet
facet normal -4.9440232479065e-16 -1.0 1.1893081914521572e-15
  outer loop
    vertex 134.86067583169552 -416.7 126.57764980462824
    vertex 145.51849361606426 -416.70000000000016 126.85354256067205
    vertex 135.92235019537162 -416.7 127.63932416830431
  endloop
endfacet
facet normal -4.9440232479065e-16 -1.0 1.1893081914521572e-15
  outer loop
    vertex 135.92235019537162 -416.7 127.63932416830431
    vertex 145.51849361606426 -416.70000000000016 126.85354256067205
    vertex 146.5418137614034 -416.70000000000016 128.58388242874506
  endloop
endfacet
facet normal -4.9440232479065e-16 -1.0 1.1893081914521572e-15
  outer loop
    vertex 135.92235019537162 -416.7 127.63932416830431
    vertex 146.5418137614034 -416.70000000000016 128.58388242874506
    vertex 136.9152665023412 -416.7 128.7655666450063
  endloop
endfacet
facet normal -4.9440232479065e-16 -1.0 1.1893081914521572e-15
  outer loop
    vertex 136.9152665023412 -416.7 128.7655666450063
    vertex 146.5418137614034 -416.70000000000016 128.58388242874506
    vertex 147.45446567891238 -416.70000000000016 130.37506266991764
  endloop
endfacet
facet normal -4.9440232479065e-16 -1.0 1.1893081914521572e-15
  outer loop
    vertex 136.9152665023412 -416.7 128.7655666450063
    vertex 147.45446567891238 -416.70000000000016 130.37506266991764
    vertex 137.83550616556116 -416.7 129.95193247020987
  endloop
endfacet
facet normal -4.9440232479065e-16 -1.0 1.1893081914521572e-15
  outer loop
    vertex 137.83550616556116 -416.7 129.95193247020987
    vertex 147.45446567891238 -416.70000000000016 130.37506266991764
    vertex 138.67943741949804 -416.7 131.19373960000195
  endloop
endfacet
facet normal -4.9440232479065e-16 -1.0 1.1893081914521572e-15
  outer loop
    vertex 138.67943741949804 -416.7 131.19373960000195
    vertex 147.45446567891238 -416.70000000000016 130.37506266991764
    vertex 148.25284754842386 -416.70000000000016 132.22001431409026
  endloop
endfacet
facet normal -4.9440232479065e-16 -1.0 1.1893081914521572e-15
  outer loop
    vertex 138.67943741949804 -416.7 131.19373960000195
    vertex 148.25284754842386 -416.70000000000016 132.22001431409026
    vertex 139.44372965304825 -416.7 132.48608718896898
  endloop
endfacet
facet normal -4.9440232479065e-16 -1.0 1.1893081914521572e-15
  outer loop
    vertex 139.44372965304825 -416.7 132.48608718896898
    vertex 148.25284754842386 -416.70000000000016 132.22001431409026
    vertex 148.93380852144472 -416.70000000000016 134.11145618000162
  endloop
endfacet
facet normal -4.9440232479065e-16 -1.0 1.1893081914521572e-15
  outer loop
    vertex 139.44372965304825 -416.7 132.48608718896898
    vertex 148.93380852144472 -416.70000000000016 134.11145618000162
    vertex 140.1253665539378 -416.7 133.82387493159473
  endloop
endfacet
facet normal -4.9440232479065e-16 -1.0 1.1893081914521572e-15
  outer loop
    vertex 140.1253665539378 -416.7 133.82387493159473
    vertex 148.93380852144472 -416.70000000000016 134.11145618000162
    vertex 140.72165801272905 -416.7 135.20182319083617
  endloop
endfacet
facet normal -4.9440232479065e-16 -1.0 1.1893081914521572e-15
  outer loop
    vertex 140.72165801272905 -416.7 135.20182319083617
    vertex 148.93380852144472 -416.70000000000016 134.11145618000162
    vertex 149.49466115611608 -416.70000000000016 136.04192361072458
  endloop
endfacet
facet normal -4.9440232479065e-16 -1.0 1.1893081914521572e-15
  outer loop
    vertex 140.72165801272905 -416.7 135.20182319083617
    vertex 149.49466115611608 -416.70000000000016 136.04192361072458
    vertex 141.2302507394541 -416.7 136.61449383443872
  endloop
endfacet
facet normal -4.9440232479065e-16 -1.0 1.1893081914521572e-15
  outer loop
    vertex 141.2302507394541 -416.7 136.61449383443872
    vertex 149.49466115611608 -416.70000000000016 136.04192361072458
    vertex 149.93319202331782 -416.70000000000016 138.00379793325675
  endloop
endfacet
facet normal -4.9440232479065e-16 -1.0 1.1893081914521572e-15
  outer loop
    vertex 141.2302507394541 -416.7 136.61449383443872
    vertex 149.93319202331782 -416.70000000000016 138.00379793325675
    vertex 141.64913755097416 -416.7 138.05631169675993
  endloop
endfacet
facet normal -4.9440232479065e-16 -1.0 1.1893081914521572e-15
  outer loop
    vertex 141.64913755097416 -416.7 138.05631169675993
    vertex 149.93319202331782 -416.70000000000016 138.00379793325675
    vertex 150.2476704420631 -416.70000000000016 139.9893365259422
  endloop
endfacet
facet normal -4.9440232479065e-16 -1.0 1.1893081914521572e-15
  outer loop
    vertex 141.64913755097416 -416.7 138.05631169675993
    vertex 150.2476704420631 -416.70000000000016 139.9893365259422
    vertex 141.97666529241565 -416.7 139.52158658140115
  endloop
endfacet
facet normal -4.9440232479065e-16 -1.0 1.1893081914521572e-15
  outer loop
    vertex 141.97666529241565 -416.7 139.52158658140115
    vertex 150.2476704420631 -416.70000000000016 139.9893365259422
    vertex 142.21154136141595 -416.7 141.00453571781313
  endloop
endfacet
facet normal -4.9440232479065e-16 -1.0 1.1893081914521572e-15
  outer loop
    vertex 142.21154136141595 -416.7 141.00453571781313
    vertex 150.2476704420631 -416.70000000000016 139.9893365259422
    vertex 150.43685530970455 -416.70000000000016 141.9907033750619
  endloop
endfacet
facet normal -4.9440232479065e-16 -1.0 1.1893081914521572e-15
  outer loop
    vertex 142.21154136141595 -416.7 141.00453571781313
    vertex 150.43685530970455 -416.70000000000016 141.9907033750619
    vertex 142.3528388094356 -416.7 142.4993065832494
  endloop
endfacet
facet normal -4.9440232479065e-16 -1.0 1.1893081914521572e-15
  outer loop
    vertex 142.3528388094356 -416.7 142.4993065832494
    vertex 150.43685530970455 -416.70000000000016 141.9907033750619
    vertex 150.4999999999999 -416.70000000000016 143.99999999999994
  endloop
endfacet
facet normal -4.9440232479065e-16 -1.0 1.1893081914521572e-15
  outer loop
    vertex 142.3528388094356 -416.7 142.4993065832494
    vertex 150.4999999999999 -416.70000000000016 143.99999999999994
    vertex 142.39999999999992 -416.7 143.99999999999997
  endloop
endfacet
facet normal -4.9440232479065e-16 -1.0 1.1893081914521572e-15
  outer loop
    vertex 142.39999999999992 -416.7 143.99999999999997
    vertex 150.4999999999999 -416.70000000000016 143.99999999999994
    vertex 150.43685530970455 -416.70000000000016 146.00929662493795
  endloop
endfacet
facet normal -4.9440232479065e-16 -1.0 1.1893081914521572e-15
  outer loop
    vertex 142.39999999999992 -416.7 143.99999999999997
    vertex 150.43685530970455 -416.70000000000016 146.00929662493795
    vertex 142.3528388094356 -416.7 145.50069341675058
  endloop
endfacet
facet normal -4.9440232479065e-16 -1.0 1.1893081914521572e-15
  outer loop
    vertex 142.3528388094356 -416.7 145.50069341675058
    vertex 150.43685530970455 -416.70000000000016 146.00929662493795
    vertex 142.21154136141595 -416.7 146.99546428218684
  endloop
endfacet
facet normal -4.9440232479065e-16 -1.0 1.1893081914521572e-15
  outer loop
    vertex 142.21154136141595 -416.7 146.99546428218684
    vertex 150.43685530970455 -416.70000000000016 146.00929662493795
    vertex 150.2476704420631 -416.70000000000016 148.01066347405768
  endloop
endfacet
facet normal -4.9440232479065e-16 -1.0 1.1893081914521572e-15
  outer loop
    vertex 142.21154136141595 -416.7 146.99546428218684
    vertex 150.2476704420631 -416.70000000000016 148.01066347405768
    vertex 141.97666529241565 -416.7 148.47841341859882
  endloop
endfacet
facet normal -4.9440232479065e-16 -1.0 1.1893081914521572e-15
  outer loop
    vertex 141.97666529241565 -416.7 148.47841341859882
    vertex 150.2476704420631 -416.70000000000016 148.01066347405768
    vertex 149.93319202331793 -416.70000000000016 149.99620206674314
  endloop
endfacet
facet normal -4.9440232479065e-16 -1.0 1.1893081914521572e-15
  outer loop
    vertex 141.97666529241565 -416.7 148.47841341859882
    vertex 149.93319202331793 -416.70000000000016 149.99620206674314
    vertex 141.64913755097416 -416.7 149.94368830324
  endloop
endfacet
facet normal -4.9440232479065e-16 -1.0 1.1893081914521572e-15
  outer loop
    vertex 141.64913755097416 -416.7 149.94368830324
    vertex 149.93319202331793 -416.70000000000016 149.99620206674314
    vertex 141.2302507394541 -416.7 151.38550616556125
  endloop
endfacet
facet normal -4.9440232479065e-16 -1.0 1.1893081914521572e-15
  outer loop
    vertex 141.2302507394541 -416.7 151.38550616556125
    vertex 149.93319202331793 -416.70000000000016 149.99620206674314
    vertex 149.49466115611608 -416.70000000000016 151.9580763892753
  endloop
endfacet
facet normal -4.9440232479065e-16 -1.0 1.1893081914521572e-15
  outer loop
    vertex 141.2302507394541 -416.7 151.38550616556125
    vertex 149.49466115611608 -416.70000000000016 151.9580763892753
    vertex 140.72165801272905 -416.7 152.79817680916378
  endloop
endfacet
facet normal -4.9440232479065e-16 -1.0 1.1893081914521572e-15
  outer loop
    vertex 140.72165801272905 -416.7 152.79817680916378
    vertex 149.49466115611608 -416.70000000000016 151.9580763892753
    vertex 148.9338085214448 -416.70000000000016 153.88854381999826
  endloop
endfacet
facet normal -4.9440232479065e-16 -1.0 1.1893081914521572e-15
  outer loop
    vertex 140.72165801272905 -416.7 152.79817680916378
    vertex 148.9338085214448 -416.70000000000016 153.88854381999826
    vertex 140.1253665539378 -416.7 154.1761250684052
  endloop
endfacet
facet normal -4.9440232479065e-16 -1.0 1.1893081914521572e-15
  outer loop
    vertex 140.1253665539378 -416.7 154.1761250684052
    vertex 148.9338085214448 -416.70000000000016 153.88854381999826
    vertex 148.25284754842386 -416.70000000000016 155.77998568590962
  endloop
endfacet
facet normal -4.9440232479065e-16 -1.0 1.1893081914521572e-15
  outer loop
    vertex 140.1253665539378 -416.7 154.1761250684052
    vertex 148.25284754842386 -416.70000000000016 155.77998568590962
    vertex 139.44372965304825 -416.7 155.51391281103096
  endloop
endfacet
facet normal -4.9440232479065e-16 -1.0 1.1893081914521572e-15
  outer loop
    vertex 139.44372965304825 -416.7 155.51391281103096
    vertex 148.25284754842386 -416.70000000000016 155.77998568590962
    vertex 138.67943741949804 -416.7 156.806260399998
  endloop
endfacet
facet normal -4.9440232479065e-16 -1.0 1.1893081914521572e-15
  outer loop
    vertex 138.67943741949804 -416.7 156.806260399998
    vertex 148.25284754842386 -416.70000000000016 155.77998568590962
    vertex 147.4544656789125 -416.70000000000005 157.62493733008228
  endloop
endfacet
facet normal -4.9440232479065e-16 -1.0 1.1893081914521572e-15
  outer loop
    vertex 138.67943741949804 -416.7 156.806260399998
    vertex 147.4544656789125 -416.70000000000005 157.62493733008228
    vertex 137.83550616556116 -416.7 158.0480675297901
  endloop
endfacet
facet normal -4.9440232479065e-16 -1.0 1.1893081914521572e-15
  outer loop
    vertex 137.83550616556116 -416.7 158.0480675297901
    vertex 147.4544656789125 -416.70000000000005 157.62493733008228
    vertex 146.54181376140357 -416.70000000000005 159.41611757125483
  endloop
endfacet
facet normal -4.9440232479065e-16 -1.0 1.1893081914521572e-15
  outer loop
    vertex 137.83550616556116 -416.7 158.0480675297901
    vertex 146.54181376140357 -416.70000000000005 159.41611757125483
    vertex 136.9152665023412 -416.7 159.23443335499368
  endloop
endfacet
facet normal -4.9440232479065e-16 -1.0 1.1893081914521572e-15
  outer loop
    vertex 136.9152665023412 -416.7 159.23443335499368
    vertex 146.54181376140357 -416.70000000000005 159.41611757125483
    vertex 135.92235019537162 -416.7 160.36067583169563
  endloop
endfacet
facet normal -4.9440232479065e-16 -1.0 1.1893081914521572e-15
  outer loop
    vertex 135.92235019537162 -416.7 160.36067583169563
    vertex 146.54181376140357 -416.70000000000005 159.41611757125483
    vertex 145.51849361606435 -416.70000000000005 161.14645743932783
  endloop
endfacet
facet normal -4.9440232479065e-16 -1.0 1.1893081914521572e-15
  outer loop
    vertex 135.92235019537162 -416.7 160.36067583169563
    vertex 145.51849361606435 -416.70000000000005 161.14645743932783
    vertex 134.86067583169552 -416.7 161.4223501953717
  endloop
endfacet
facet normal -4.9440232479065e-16 -1.0 1.1893081914521572e-15
  outer loop
    vertex 134.86067583169552 -416.7 161.4223501953717
    vertex 145.51849361606435 -416.70000000000005 161.14645743932783
    vertex 144.38854381999823 -416.70000000000005 162.80912807335912
  endloop
endfacet
facet normal -4.9440232479065e-16 -1.0 1.1893081914521572e-15
  outer loop
    vertex 134.86067583169552 -416.7 161.4223501953717
    vertex 144.38854381999823 -416.70000000000005 162.80912807335912
    vertex 133.73443335499363 -416.7 162.41526650234135
  endloop
endfacet
facet normal -4.9440232479065e-16 -1.0 1.1893081914521572e-15
  outer loop
    vertex 133.73443335499363 -416.7 162.41526650234135
    vertex 144.38854381999823 -416.70000000000005 162.80912807335912
    vertex 132.54806752979005 -416.7 163.33550616556124
  endloop
endfacet
facet normal -4.9440232479065e-16 -1.0 1.1893081914521572e-15
  outer loop
    vertex 132.54806752979005 -416.7 163.33550616556124
    vertex 144.38854381999823 -416.70000000000005 162.80912807335912
    vertex 143.15642376882516 -416.70000000000005 164.39756767195803
  endloop
endfacet
facet normal -4.9440232479065e-16 -1.0 1.1893081914521572e-15
  outer loop
    vertex 132.54806752979005 -416.7 163.33550616556124
    vertex 143.15642376882516 -416.70000000000005 164.39756767195803
    vertex 131.30626039999794 -416.7 164.17943741949813
  endloop
endfacet
facet normal -4.9440232479065e-16 -1.0 1.1893081914521572e-15
  outer loop
    vertex 131.30626039999794 -416.7 164.17943741949813
    vertex 143.15642376882516 -416.70000000000005 164.39756767195803
    vertex 130.01391281103096 -416.7 164.94372965304834
  endloop
endfacet
facet normal -4.9440232479065e-16 -1.0 1.1893081914521572e-15
  outer loop
    vertex 130.01391281103096 -416.7 164.94372965304834
    vertex 143.15642376882516 -416.70000000000005 164.39756767195803
    vertex 141.82699607748506 -416.70000000000005 165.90550738971803
  endloop
endfacet
facet normal -4.9440232479065e-16 -1.0 1.1893081914521572e-15
  outer loop
    vertex 130.01391281103096 -416.7 164.94372965304834
    vertex 141.82699607748506 -416.70000000000005 165.90550738971803
    vertex 128.67612506840513 -416.7 165.62536655393785
  endloop
endfacet
facet normal -4.9440232479065e-16 -1.0 1.1893081914521572e-15
  outer loop
    vertex 128.67612506840513 -416.7 165.62536655393785
    vertex 141.82699607748506 -416.70000000000005 165.90550738971803
    vertex 127.29817680916369 -416.7 166.2216580127292
  endloop
endfacet
facet normal -4.9440232479065e-16 -1.0 1.1893081914521572e-15
  outer loop
    vertex 127.29817680916369 -416.7 166.2216580127292
    vertex 141.82699607748506 -416.70000000000005 165.90550738971803
    vertex 140.40550738971788 -416.70000000000005 167.32699607748515
  endloop
endfacet
facet normal -4.9440232479065e-16 -1.0 1.1893081914521572e-15
  outer loop
    vertex 127.29817680916369 -416.7 166.2216580127292
    vertex 140.40550738971788 -416.70000000000005 167.32699607748515
    vertex 125.88550616556115 -416.7 166.73025073945414
  endloop
endfacet
facet normal -4.9440232479065e-16 -1.0 1.1893081914521572e-15
  outer loop
    vertex 125.88550616556115 -416.7 166.73025073945414
    vertex 140.40550738971788 -416.70000000000005 167.32699607748515
    vertex 124.44368830324 -416.7 167.14913755097425
  endloop
endfacet
facet normal -4.9440232479065e-16 -1.0 1.1893081914521572e-15
  outer loop
    vertex 124.44368830324 -416.7 167.14913755097425
    vertex 140.40550738971788 -416.70000000000005 167.32699607748515
    vertex 122.97841341859872 -416.7 167.47666529241565
  endloop
endfacet
facet normal -4.9440232479065e-16 -1.0 1.1893081914521572e-15
  outer loop
    vertex 122.97841341859872 -416.7 167.47666529241565
    vertex 140.40550738971788 -416.70000000000005 167.32699607748515
    vertex 138.89756767195797 -416.70000000000005 168.65642376882522
  endloop
endfacet
facet normal -4.9440232479065e-16 -1.0 1.1893081914521572e-15
  outer loop
    vertex 122.97841341859872 -416.7 167.47666529241565
    vertex 138.89756767195797 -416.70000000000005 168.65642376882522
    vertex 121.49546428218686 -416.7 167.71154136141598
  endloop
endfacet
facet normal -4.9440232479065e-16 -1.0 1.1893081914521572e-15
  outer loop
    vertex 121.49546428218686 -416.7 167.71154136141598
    vertex 138.89756767195797 -416.70000000000005 168.65642376882522
    vertex 120.00069341675052 -416.7 167.85283880943567
  endloop
endfacet
facet normal -4.9440232479065e-16 -1.0 1.1893081914521572e-15
  outer loop
    vertex 120.00069341675052 -416.7 167.85283880943567
    vertex 138.89756767195797 -416.70000000000005 168.65642376882522
    vertex 118.49999999999994 -416.7 167.89999999999998
  endloop
endfacet
facet normal -4.9440232479065e-16 -1.0 1.1893081914521572e-15
  outer loop
    vertex 118.49999999999994 -416.7 167.89999999999998
    vertex 138.89756767195797 -416.70000000000005 168.65642376882522
    vertex -116.50000000000021 -416.7 167.89999999999998
  endloop
endfacet
facet normal -4.9440232479065e-16 -1.0 1.1893081914521572e-15
  outer loop
    vertex -136.8975676719581 -416.7 119.34357623117471
    vertex -116.50000000000003 -416.7 120.10000000000001
    vertex -138.40550738971797 -416.7 120.6730039225148
  endloop
endfacet
facet normal -4.9440232479065e-16 -1.0 1.1893081914521572e-15
  outer loop
    vertex -116.50000000000003 -416.7 120.10000000000001
    vertex -136.8975676719581 -416.7 119.34357623117471
    vertex 118.49999999999984 -416.7 120.10000000000001
  endloop
endfacet
facet normal -4.9440232479065e-16 -1.0 1.1893081914521572e-15
  outer loop
    vertex -138.40550738971797 -416.7 120.6730039225148
    vertex -116.50000000000003 -416.7 120.10000000000001
    vertex -118.0006934167507 -416.7 120.1471611905643
  endloop
endfacet
facet normal -4.9440232479065e-16 -1.0 1.1893081914521572e-15
  outer loop
    vertex -138.40550738971797 -416.7 120.6730039225148
    vertex -118.0006934167507 -416.7 120.1471611905643
    vertex -119.49546428218694 -416.7 120.28845863858398
  endloop
endfacet
facet normal -4.9440232479065e-16 -1.0 1.1893081914521572e-15
  outer loop
    vertex -138.40550738971797 -416.7 120.6730039225148
    vertex -119.49546428218694 -416.7 120.28845863858398
    vertex -120.97841341859882 -416.7 120.52333470758433
  endloop
endfacet
facet normal -4.9440232479065e-16 -1.0 1.1893081914521572e-15
  outer loop
    vertex -138.40550738971797 -416.7 120.6730039225148
    vertex -120.97841341859882 -416.7 120.52333470758433
    vertex -122.44368830324008 -416.7 120.85086244902571
  endloop
endfacet
facet normal -4.9440232479065e-16 -1.0 1.1893081914521572e-15
  outer loop
    vertex -138.40550738971797 -416.7 120.6730039225148
    vertex -122.44368830324008 -416.7 120.85086244902571
    vertex -139.82699607748515 -416.7 122.09449261028193
  endloop
endfacet
facet normal -4.9440232479065e-16 -1.0 1.1893081914521572e-15
  outer loop
    vertex -139.82699607748515 -416.7 122.09449261028193
    vertex -122.44368830324008 -416.7 120.85086244902571
    vertex -123.88550616556125 -416.7 121.26974926054582
  endloop
endfacet
facet normal -4.9440232479065e-16 -1.0 1.1893081914521572e-15
  outer loop
    vertex -139.82699607748515 -416.7 122.09449261028193
    vertex -123.88550616556125 -416.7 121.26974926054582
    vertex -125.29817680916396 -416.7 121.77834198727076
  endloop
endfacet
facet normal -4.9440232479065e-16 -1.0 1.1893081914521572e-15
  outer loop
    vertex -139.82699607748515 -416.7 122.09449261028193
    vertex -125.29817680916396 -416.7 121.77834198727076
    vertex -126.67612506840533 -416.7 122.37463344606212
  endloop
endfacet
facet normal -4.9440232479065e-16 -1.0 1.1893081914521572e-15
  outer loop
    vertex -139.82699607748515 -416.7 122.09449261028193
    vertex -126.67612506840533 -416.7 122.37463344606212
    vertex -141.15642376882528 -416.7 123.6024323280419
  endloop
endfacet
facet normal -4.9440232479065e-16 -1.0 1.1893081914521572e-15
  outer loop
    vertex -141.15642376882528 -416.7 123.6024323280419
    vertex -126.67612506840533 -416.7 122.37463344606212
    vertex -128.01391281103105 -416.7 123.05627034695164
  endloop
endfacet
facet normal -4.9440232479065e-16 -1.0 1.1893081914521572e-15
  outer loop
    vertex -141.15642376882528 -416.7 123.6024323280419
    vertex -128.01391281103105 -416.7 123.05627034695164
    vertex -129.30626039999814 -416.7 123.82056258050181
  endloop
endfacet
facet normal -4.9440232479065e-16 -1.0 1.1893081914521572e-15
  outer loop
    vertex -141.15642376882528 -416.7 123.6024323280419
    vertex -129.30626039999814 -416.7 123.82056258050181
    vertex -142.38854381999832 -416.7 125.19087192664081
  endloop
endfacet
facet normal -4.9440232479065e-16 -1.0 1.1893081914521572e-15
  outer loop
    vertex -142.38854381999832 -416.7 125.19087192664081
    vertex -129.30626039999814 -416.7 123.82056258050181
    vertex -130.54806752979025 -416.7 124.66449383443873
  endloop
endfacet
facet normal -4.9440232479065e-16 -1.0 1.1893081914521572e-15
  outer loop
    vertex -142.38854381999832 -416.7 125.19087192664081
    vertex -130.54806752979025 -416.7 124.66449383443873
    vertex -131.73443335499374 -416.7 125.58473349765862
  endloop
endfacet
facet normal -4.9440232479065e-16 -1.0 1.1893081914521572e-15
  outer loop
    vertex -142.38854381999832 -416.7 125.19087192664081
    vertex -131.73443335499374 -416.7 125.58473349765862
    vertex -143.51849361606452 -416.7 126.85354256067205
  endloop
endfacet
facet normal -4.9440232479065e-16 -1.0 1.1893081914521572e-15
  outer loop
    vertex -143.51849361606452 -416.7 126.85354256067205
    vertex -131.73443335499374 -416.7 125.58473349765862
    vertex -132.8606758316958 -416.7 126.57764980462824
  endloop
endfacet
facet normal -4.9440232479065e-16 -1.0 1.1893081914521572e-15
  outer loop
    vertex -143.51849361606452 -416.7 126.85354256067205
    vertex -132.8606758316958 -416.7 126.57764980462824
    vertex -133.9223501953719 -416.7 127.63932416830431
  endloop
endfacet
facet normal -4.9440232479065e-16 -1.0 1.1893081914521572e-15
  outer loop
    vertex -143.51849361606452 -416.7 126.85354256067205
    vertex -133.9223501953719 -416.7 127.63932416830431
    vertex -144.54181376140366 -416.7 128.58388242874506
  endloop
endfacet
facet normal -4.9440232479065e-16 -1.0 1.1893081914521572e-15
  outer loop
    vertex -144.54181376140366 -416.7 128.58388242874506
    vertex -133.9223501953719 -416.7 127.63932416830431
    vertex -134.9152665023415 -416.7 128.7655666450063
  endloop
endfacet
facet normal -4.9440232479065e-16 -1.0 1.1893081914521572e-15
  outer loop
    vertex -144.54181376140366 -416.7 128.58388242874506
    vertex -134.9152665023415 -416.7 128.7655666450063
    vertex -145.45446567891267 -416.7 130.37506266991764
  endloop
endfacet
facet normal -4.9440232479065e-16 -1.0 1.1893081914521572e-15
  outer loop
    vertex -145.45446567891267 -416.7 130.37506266991764
    vertex -134.9152665023415 -416.7 128.7655666450063
    vertex -135.8355061655614 -416.7 129.95193247020987
  endloop
endfacet
facet normal -4.9440232479065e-16 -1.0 1.1893081914521572e-15
  outer loop
    vertex -145.45446567891267 -416.7 130.37506266991764
    vertex -135.8355061655614 -416.7 129.95193247020987
    vertex -136.67943741949833 -416.7 131.19373960000195
  endloop
endfacet
facet normal -4.9440232479065e-16 -1.0 1.1893081914521572e-15
  outer loop
    vertex -145.45446567891267 -416.7 130.37506266991764
    vertex -136.67943741949833 -416.7 131.19373960000195
    vertex -146.25284754842414 -416.7 132.22001431409026
  endloop
endfacet
facet normal -4.9440232479065e-16 -1.0 1.1893081914521572e-15
  outer loop
    vertex -146.25284754842414 -416.7 132.22001431409026
    vertex -136.67943741949833 -416.7 131.19373960000195
    vertex -137.44372965304842 -416.7 132.48608718896898
  endloop
endfacet
facet normal -4.9440232479065e-16 -1.0 1.1893081914521572e-15
  outer loop
    vertex -146.25284754842414 -416.7 132.22001431409026
    vertex -137.44372965304842 -416.7 132.48608718896898
    vertex -146.9338085214448 -416.7 134.11145618000162
  endloop
endfacet
facet normal -4.9440232479065e-16 -1.0 1.1893081914521572e-15
  outer loop
    vertex -146.9338085214448 -416.7 134.11145618000162
    vertex -137.44372965304842 -416.7 132.48608718896898
    vertex -138.1253665539379 -416.7 133.82387493159473
  endloop
endfacet
facet normal -4.9440232479065e-16 -1.0 1.1893081914521572e-15
  outer loop
    vertex -146.9338085214448 -416.7 134.11145618000162
    vertex -138.1253665539379 -416.7 133.82387493159473
    vertex -138.72165801272934 -416.7 135.20182319083617
  endloop
endfacet
facet normal -4.9440232479065e-16 -1.0 1.1893081914521572e-15
  outer loop
    vertex -146.9338085214448 -416.7 134.11145618000162
    vertex -138.72165801272934 -416.7 135.20182319083617
    vertex -147.4946611561162 -416.7 136.04192361072458
  endloop
endfacet
facet normal -4.9440232479065e-16 -1.0 1.1893081914521572e-15
  outer loop
    vertex -147.4946611561162 -416.7 136.04192361072458
    vertex -138.72165801272934 -416.7 135.20182319083617
    vertex -139.23025073945436 -416.7 136.61449383443872
  endloop
endfacet
facet normal -4.9440232479065e-16 -1.0 1.1893081914521572e-15
  outer loop
    vertex -147.4946611561162 -416.7 136.04192361072458
    vertex -139.23025073945436 -416.7 136.61449383443872
    vertex -147.93319202331793 -416.7 138.00379793325675
  endloop
endfacet
facet normal -4.9440232479065e-16 -1.0 1.1893081914521572e-15
  outer loop
    vertex -147.93319202331793 -416.7 138.00379793325675
    vertex -139.23025073945436 -416.7 136.61449383443872
    vertex -139.64913755097444 -416.7 138.05631169675993
  endloop
endfacet
facet normal -4.9440232479065e-16 -1.0 1.1893081914521572e-15
  outer loop
    vertex -147.93319202331793 -416.7 138.00379793325675
    vertex -139.64913755097444 -416.7 138.05631169675993
    vertex -148.2476704420632 -416.7 139.9893365259422
  endloop
endfacet
facet normal -4.9440232479065e-16 -1.0 1.1893081914521572e-15
  outer loop
    vertex -148.2476704420632 -416.7 139.9893365259422
    vertex -139.64913755097444 -416.7 138.05631169675993
    vertex -139.97666529241573 -416.7 139.52158658140115
  endloop
endfacet
facet normal -4.9440232479065e-16 -1.0 1.1893081914521572e-15
  outer loop
    vertex -148.2476704420632 -416.7 139.9893365259422
    vertex -139.97666529241573 -416.7 139.52158658140115
    vertex -140.2115413614162 -416.7 141.00453571781313
  endloop
endfacet
facet normal -4.9440232479065e-16 -1.0 1.1893081914521572e-15
  outer loop
    vertex -148.2476704420632 -416.7 139.9893365259422
    vertex -140.2115413614162 -416.7 141.00453571781313
    vertex -148.43685530970467 -416.7 141.9907033750619
  endloop
endfacet
facet normal -4.9440232479065e-16 -1.0 1.1893081914521572e-15
  outer loop
    vertex -148.43685530970467 -416.7 141.9907033750619
    vertex -140.2115413614162 -416.7 141.00453571781313
    vertex -140.3528388094358 -416.7 142.4993065832494
  endloop
endfacet
facet normal -4.9440232479065e-16 -1.0 1.1893081914521572e-15
  outer loop
    vertex -148.43685530970467 -416.7 141.9907033750619
    vertex -140.3528388094358 -416.7 142.4993065832494
    vertex -148.49999999999997 -416.7 143.99999999999994
  endloop
endfacet
facet normal -4.9440232479065e-16 -1.0 1.1893081914521572e-15
  outer loop
    vertex -148.49999999999997 -416.7 143.99999999999994
    vertex -140.3528388094358 -416.7 142.4993065832494
    vertex -140.4000000000002 -416.7 143.99999999999997
  endloop
endfacet
facet normal -4.9440232479065e-16 -1.0 1.1893081914521572e-15
  outer loop
    vertex -148.49999999999997 -416.7 143.99999999999994
    vertex -140.4000000000002 -416.7 143.99999999999997
    vertex -148.43685530970467 -416.7 146.00929662493795
  endloop
endfacet
facet normal -4.9440232479065e-16 -1.0 1.1893081914521572e-15
  outer loop
    vertex -148.43685530970467 -416.7 146.00929662493795
    vertex -140.4000000000002 -416.7 143.99999999999997
    vertex -140.3528388094358 -416.7 145.50069341675058
  endloop
endfacet
facet normal -4.9440232479065e-16 -1.0 1.1893081914521572e-15
  outer loop
    vertex -148.43685530970467 -416.7 146.00929662493795
    vertex -140.3528388094358 -416.7 145.50069341675058
    vertex -140.2115413614162 -416.7 146.99546428218684
  endloop
endfacet
facet normal -4.9440232479065e-16 -1.0 1.1893081914521572e-15
  outer loop
    vertex -148.43685530970467 -416.7 146.00929662493795
    vertex -140.2115413614162 -416.7 146.99546428218684
    vertex -148.2476704420632 -416.7 148.01066347405768
  endloop
endfacet
facet normal -4.9440232479065e-16 -1.0 1.1893081914521572e-15
  outer loop
    vertex -148.2476704420632 -416.7 148.01066347405768
    vertex -140.2115413614162 -416.7 146.99546428218684
    vertex -139.97666529241573 -416.7 148.47841341859882
  endloop
endfacet
facet normal -4.9440232479065e-16 -1.0 1.1893081914521572e-15
  outer loop
    vertex -148.2476704420632 -416.7 148.01066347405768
    vertex -139.97666529241573 -416.7 148.47841341859882
    vertex -147.93319202331793 -416.7 149.99620206674314
  endloop
endfacet
facet normal -4.9440232479065e-16 -1.0 1.1893081914521572e-15
  outer loop
    vertex -147.93319202331793 -416.7 149.99620206674314
    vertex -139.97666529241573 -416.7 148.47841341859882
    vertex -139.64913755097444 -416.7 149.94368830324
  endloop
endfacet
facet normal -4.9440232479065e-16 -1.0 1.1893081914521572e-15
  outer loop
    vertex -147.93319202331793 -416.7 149.99620206674314
    vertex -139.64913755097444 -416.7 149.94368830324
    vertex -139.23025073945436 -416.7 151.38550616556125
  endloop
endfacet
facet normal -4.9440232479065e-16 -1.0 1.1893081914521572e-15
  outer loop
    vertex -147.93319202331793 -416.7 149.99620206674314
    vertex -139.23025073945436 -416.7 151.38550616556125
    vertex -147.4946611561162 -416.7 151.9580763892753
  endloop
endfacet
facet normal -4.9440232479065e-16 -1.0 1.1893081914521572e-15
  outer loop
    vertex -147.4946611561162 -416.7 151.9580763892753
    vertex -139.23025073945436 -416.7 151.38550616556125
    vertex -138.72165801272934 -416.7 152.79817680916378
  endloop
endfacet
facet normal -4.9440232479065e-16 -1.0 1.1893081914521572e-15
  outer loop
    vertex -147.4946611561162 -416.7 151.9580763892753
    vertex -138.72165801272934 -416.7 152.79817680916378
    vertex -146.9338085214448 -416.7 153.88854381999826
  endloop
endfacet
facet normal -4.9440232479065e-16 -1.0 1.1893081914521572e-15
  outer loop
    vertex -146.9338085214448 -416.7 153.88854381999826
    vertex -138.72165801272934 -416.7 152.79817680916378
    vertex -138.12536655393808 -416.7 154.1761250684052
  endloop
endfacet
facet normal -4.9440232479065e-16 -1.0 1.1893081914521572e-15
  outer loop
    vertex -146.9338085214448 -416.7 153.88854381999826
    vertex -138.12536655393808 -416.7 154.1761250684052
    vertex -146.25284754842414 -416.7 155.77998568590962
  endloop
endfacet
facet normal -4.9440232479065e-16 -1.0 1.1893081914521572e-15
  outer loop
    vertex -146.25284754842414 -416.7 155.77998568590962
    vertex -138.12536655393808 -416.7 154.1761250684052
    vertex -137.44372965304842 -416.7 155.51391281103096
  endloop
endfacet
facet normal -4.9440232479065e-16 -1.0 1.1893081914521572e-15
  outer loop
    vertex -146.25284754842414 -416.7 155.77998568590962
    vertex -137.44372965304842 -416.7 155.51391281103096
    vertex -136.67943741949833 -416.7 156.806260399998
  endloop
endfacet
facet normal -4.9440232479065e-16 -1.0 1.1893081914521572e-15
  outer loop
    vertex -146.25284754842414 -416.7 155.77998568590962
    vertex -136.67943741949833 -416.7 156.806260399998
    vertex -145.45446567891267 -416.7 157.62493733008228
  endloop
endfacet
facet normal -4.9440232479065e-16 -1.0 1.1893081914521572e-15
  outer loop
    vertex -145.45446567891267 -416.7 157.62493733008228
    vertex -136.67943741949833 -416.7 156.806260399998
    vertex -135.8355061655614 -416.7 158.0480675297901
  endloop
endfacet
facet normal -4.9440232479065e-16 -1.0 1.1893081914521572e-15
  outer loop
    vertex -145.45446567891267 -416.7 157.62493733008228
    vertex -135.8355061655614 -416.7 158.0480675297901
    vertex -144.54181376140366 -416.7 159.41611757125483
  endloop
endfacet
facet normal -4.9440232479065e-16 -1.0 1.1893081914521572e-15
  outer loop
    vertex -144.54181376140366 -416.7 159.41611757125483
    vertex -135.8355061655614 -416.7 158.0480675297901
    vertex -134.9152665023415 -416.7 159.23443335499368
  endloop
endfacet
facet normal -4.9440232479065e-16 -1.0 1.1893081914521572e-15
  outer loop
    vertex -144.54181376140366 -416.7 159.41611757125483
    vertex -134.9152665023415 -416.7 159.23443335499368
    vertex -133.9223501953719 -416.7 160.36067583169563
  endloop
endfacet
facet normal -4.9440232479065e-16 -1.0 1.1893081914521572e-15
  outer loop
    vertex -144.54181376140366 -416.7 159.41611757125483
    vertex -133.9223501953719 -416.7 160.36067583169563
    vertex -143.51849361606452 -416.7 161.14645743932783
  endloop
endfacet
facet normal -4.9440232479065e-16 -1.0 1.1893081914521572e-15
  outer loop
    vertex -143.51849361606452 -416.7 161.14645743932783
    vertex -133.9223501953719 -416.7 160.36067583169563
    vertex -132.8606758316958 -416.7 161.4223501953717
  endloop
endfacet
facet normal -4.9440232479065e-16 -1.0 1.1893081914521572e-15
  outer loop
    vertex -143.51849361606452 -416.7 161.14645743932783
    vertex -132.8606758316958 -416.7 161.4223501953717
    vertex -142.38854381999832 -416.7 162.80912807335912
  endloop
endfacet
facet normal -4.9440232479065e-16 -1.0 1.1893081914521572e-15
  outer loop
    vertex -142.38854381999832 -416.7 162.80912807335912
    vertex -132.8606758316958 -416.7 161.4223501953717
    vertex -131.73443335499374 -416.7 162.41526650234135
  endloop
endfacet
facet normal -4.9440232479065e-16 -1.0 1.1893081914521572e-15
  outer loop
    vertex -142.38854381999832 -416.7 162.80912807335912
    vertex -131.73443335499374 -416.7 162.41526650234135
    vertex -130.54806752979025 -416.7 163.33550616556124
  endloop
endfacet
facet normal -4.9440232479065e-16 -1.0 1.1893081914521572e-15
  outer loop
    vertex -142.38854381999832 -416.7 162.80912807335912
    vertex -130.54806752979025 -416.7 163.33550616556124
    vertex -141.15642376882528 -416.7 164.39756767195803
  endloop
endfacet
facet normal -4.9440232479065e-16 -1.0 1.1893081914521572e-15
  outer loop
    vertex -141.15642376882528 -416.7 164.39756767195803
    vertex -130.54806752979025 -416.7 163.33550616556124
    vertex -129.30626039999814 -416.7 164.17943741949813
  endloop
endfacet
facet normal -4.9440232479065e-16 -1.0 1.1893081914521572e-15
  outer loop
    vertex -141.15642376882528 -416.7 164.39756767195803
    vertex -129.30626039999814 -416.7 164.17943741949813
    vertex -128.01391281103105 -416.7 164.94372965304834
  endloop
endfacet
facet normal -4.9440232479065e-16 -1.0 1.1893081914521572e-15
  outer loop
    vertex -141.15642376882528 -416.7 164.39756767195803
    vertex -128.01391281103105 -416.7 164.94372965304834
    vertex -139.82699607748535 -416.7 165.90550738971803
  endloop
endfacet
facet normal -4.9440232479065e-16 -1.0 1.1893081914521572e-15
  outer loop
    vertex -139.82699607748535 -416.7 165.90550738971803
    vertex -128.01391281103105 -416.7 164.94372965304834
    vertex -126.67612506840533 -416.7 165.62536655393785
  endloop
endfacet
facet normal -4.9440232479065e-16 -1.0 1.1893081914521572e-15
  outer loop
    vertex -139.82699607748535 -416.7 165.90550738971803
    vertex -126.67612506840533 -416.7 165.62536655393785
    vertex -125.29817680916396 -416.7 166.2216580127292
  endloop
endfacet
facet normal -4.9440232479065e-16 -1.0 1.1893081914521572e-15
  outer loop
    vertex -139.82699607748535 -416.7 165.90550738971803
    vertex -125.29817680916396 -416.7 166.2216580127292
    vertex -138.40550738971817 -416.7 167.32699607748515
  endloop
endfacet
facet normal -4.9440232479065e-16 -1.0 1.1893081914521572e-15
  outer loop
    vertex -138.40550738971817 -416.7 167.32699607748515
    vertex -125.29817680916396 -416.7 166.2216580127292
    vertex -123.88550616556142 -416.7 166.73025073945414
  endloop
endfacet
facet normal -4.9440232479065e-16 -1.0 1.1893081914521572e-15
  outer loop
    vertex -138.40550738971817 -416.7 167.32699607748515
    vertex -123.88550616556142 -416.7 166.73025073945414
    vertex -122.44368830324008 -416.7 167.14913755097425
  endloop
endfacet
facet normal -4.9440232479065e-16 -1.0 1.1893081914521572e-15
  outer loop
    vertex -138.40550738971817 -416.7 167.32699607748515
    vertex -122.44368830324008 -416.7 167.14913755097425
    vertex -120.97841341859899 -416.7 167.47666529241565
  endloop
endfacet
facet normal -4.9440232479065e-16 -1.0 1.1893081914521572e-15
  outer loop
    vertex -138.40550738971817 -416.7 167.32699607748515
    vertex -120.97841341859899 -416.7 167.47666529241565
    vertex -136.89756767195826 -416.7 168.65642376882522
  endloop
endfacet
facet normal -4.9440232479065e-16 -1.0 1.1893081914521572e-15
  outer loop
    vertex -136.89756767195826 -416.7 168.65642376882522
    vertex -120.97841341859899 -416.7 167.47666529241565
    vertex -119.49546428218694 -416.7 167.71154136141598
  endloop
endfacet
facet normal -4.9440232479065e-16 -1.0 1.1893081914521572e-15
  outer loop
    vertex -136.89756767195826 -416.7 168.65642376882522
    vertex -119.49546428218694 -416.7 167.71154136141598
    vertex -118.0006934167507 -416.7 167.85283880943567
  endloop
endfacet
facet normal -4.9440232479065e-16 -1.0 1.1893081914521572e-15
  outer loop
    vertex -136.89756767195826 -416.7 168.65642376882522
    vertex -118.0006934167507 -416.7 167.85283880943567
    vertex -116.50000000000021 -416.7 167.89999999999998
  endloop
endfacet
facet normal -4.9440232479065e-16 -1.0 1.1893081914521572e-15
  outer loop
    vertex -136.89756767195826 -416.7 168.65642376882522
    vertex -116.50000000000021 -416.7 167.89999999999998
    vertex 138.89756767195797 -416.70000000000005 168.65642376882522
  endloop
endfacet
facet normal -4.9440232479065e-16 -1.0 1.1893081914521572e-15
  outer loop
    vertex -136.89756767195826 -416.7 168.65642376882522
    vertex 138.89756767195797 -416.70000000000005 168.65642376882522
    vertex 137.30912807335903 -416.70000000000005 169.8885438199983
  endloop
endfacet
facet normal -4.9440232479065e-16 -1.0 1.1893081914521572e-15
  outer loop
    vertex -136.89756767195826 -416.7 168.65642376882522
    vertex 137.30912807335903 -416.70000000000005 169.8885438199983
    vertex -135.3091280733593 -416.7 169.8885438199983
  endloop
endfacet
facet normal -4.9440232479065e-16 -1.0 1.1893081914521572e-15
  outer loop
    vertex -135.3091280733593 -416.7 169.8885438199983
    vertex 137.30912807335903 -416.70000000000005 169.8885438199983
    vertex 135.64645743932783 -416.70000000000005 171.01849361606446
  endloop
endfacet
facet normal -4.9440232479065e-16 -1.0 1.1893081914521572e-15
  outer loop
    vertex -135.3091280733593 -416.7 169.8885438199983
    vertex 135.64645743932783 -416.70000000000005 171.01849361606446
    vertex -133.64645743932792 -416.7 171.01849361606446
  endloop
endfacet
facet normal -4.9440232479065e-16 -1.0 1.1893081914521572e-15
  outer loop
    vertex -133.64645743932792 -416.7 171.01849361606446
    vertex 135.64645743932783 -416.70000000000005 171.01849361606446
    vertex 133.91611757125474 -416.70000000000005 172.0418137614036
  endloop
endfacet
facet normal -4.9440232479065e-16 -1.0 1.1893081914521572e-15
  outer loop
    vertex -133.64645743932792 -416.7 171.01849361606446
    vertex 133.91611757125474 -416.70000000000005 172.0418137614036
    vertex -131.91611757125503 -416.7 172.0418137614036
  endloop
endfacet
facet normal -4.9440232479065e-16 -1.0 1.1893081914521572e-15
  outer loop
    vertex -131.91611757125503 -416.7 172.0418137614036
    vertex 133.91611757125474 -416.70000000000005 172.0418137614036
    vertex 132.12493733008225 -416.70000000000005 172.9544656789126
  endloop
endfacet
facet normal -4.9440232479065e-16 -1.0 1.1893081914521572e-15
  outer loop
    vertex -131.91611757125503 -416.7 172.0418137614036
    vertex 132.12493733008225 -416.70000000000005 172.9544656789126
    vertex -130.12493733008242 -416.7 172.9544656789126
  endloop
endfacet
facet normal -4.9440232479065e-16 -1.0 1.1893081914521572e-15
  outer loop
    vertex -130.12493733008242 -416.7 172.9544656789126
    vertex 132.12493733008225 -416.70000000000005 172.9544656789126
    vertex 130.27998568590962 -416.7 173.75284754842403
  endloop
endfacet
facet normal -4.9440232479065e-16 -1.0 1.1893081914521572e-15
  outer loop
    vertex -130.12493733008242 -416.7 172.9544656789126
    vertex 130.27998568590962 -416.7 173.75284754842403
    vertex -128.2799856859099 -416.7 173.75284754842403
  endloop
endfacet
facet normal -4.9440232479065e-16 -1.0 1.1893081914521572e-15
  outer loop
    vertex -128.2799856859099 -416.7 173.75284754842403
    vertex 130.27998568590962 -416.7 173.75284754842403
    vertex 128.38854381999826 -416.7 174.43380852144486
  endloop
endfacet
facet normal -4.9440232479065e-16 -1.0 1.1893081914521572e-15
  outer loop
    vertex -128.2799856859099 -416.7 173.75284754842403
    vertex 128.38854381999826 -416.7 174.43380852144486
    vertex -126.38854381999835 -416.7 174.43380852144486
  endloop
endfacet
facet normal -4.9440232479065e-16 -1.0 1.1893081914521572e-15
  outer loop
    vertex -126.38854381999835 -416.7 174.43380852144486
    vertex 128.38854381999826 -416.7 174.43380852144486
    vertex 126.45807638927528 -416.7 174.99466115611617
  endloop
endfacet
facet normal -4.9440232479065e-16 -1.0 1.1893081914521572e-15
  outer loop
    vertex -126.38854381999835 -416.7 174.43380852144486
    vertex 126.45807638927528 -416.7 174.99466115611617
    vertex -124.45807638927546 -416.7 174.99466115611617
  endloop
endfacet
facet normal -4.9440232479065e-16 -1.0 1.1893081914521572e-15
  outer loop
    vertex -124.45807638927546 -416.7 174.99466115611617
    vertex 126.45807638927528 -416.7 174.99466115611617
    vertex 124.49620206674314 -416.7 175.433192023318
  endloop
endfacet
facet normal -4.9440232479065e-16 -1.0 1.1893081914521572e-15
  outer loop
    vertex -124.45807638927546 -416.7 174.99466115611617
    vertex 124.49620206674314 -416.7 175.433192023318
    vertex -122.49620206674322 -416.7 175.433192023318
  endloop
endfacet
facet normal -4.9440232479065e-16 -1.0 1.1893081914521572e-15
  outer loop
    vertex -122.49620206674322 -416.7 175.433192023318
    vertex 124.49620206674314 -416.7 175.433192023318
    vertex 122.51066347405764 -416.7 175.74767044206325
  endloop
endfacet
facet normal -4.9440232479065e-16 -1.0 1.1893081914521572e-15
  outer loop
    vertex -122.49620206674322 -416.7 175.433192023318
    vertex 122.51066347405764 -416.7 175.74767044206325
    vertex -120.51066347405792 -416.7 175.74767044206325
  endloop
endfacet
facet normal -4.9440232479065e-16 -1.0 1.1893081914521572e-15
  outer loop
    vertex -120.51066347405792 -416.7 175.74767044206325
    vertex 122.51066347405764 -416.7 175.74767044206325
    vertex 120.50929662493796 -416.7 175.93685530970467
  endloop
endfacet
facet normal -4.9440232479065e-16 -1.0 1.1893081914521572e-15
  outer loop
    vertex -120.51066347405792 -416.7 175.74767044206325
    vertex 120.50929662493796 -416.7 175.93685530970467
    vertex -118.50929662493814 -416.7 175.93685530970467
  endloop
endfacet
facet normal -4.9440232479065e-16 -1.0 1.1893081914521572e-15
  outer loop
    vertex -118.50929662493814 -416.7 175.93685530970467
    vertex 120.50929662493796 -416.7 175.93685530970467
    vertex 118.49999999999994 -416.7 176.0
  endloop
endfacet
facet normal -4.9440232479065e-16 -1.0 1.1893081914521572e-15
  outer loop
    vertex -118.50929662493814 -416.7 175.93685530970467
    vertex 118.49999999999994 -416.7 176.0
    vertex -116.50000000000021 -416.7 176.0
  endloop
endfacet
facet normal 4.94402324790649e-16 1.0 -1.1893081914521558e-15
  outer loop
    vertex -118.50929662493796 -414.7 112.06314469029535
    vertex 118.49999999999976 -414.70000000000016 112.00000000000004
    vertex -116.50000000000003 -414.7 112.00000000000004
  endloop
endfacet
facet normal 4.94402324790649e-16 1.0 -1.1893081914521558e-15
  outer loop
    vertex 118.49999999999976 -414.70000000000016 112.00000000000004
    vertex -118.50929662493796 -414.7 112.06314469029535
    vertex 120.50929662493778 -414.70000000000016 112.06314469029535
  endloop
endfacet
facet normal 4.94402324790649e-16 1.0 -1.1893081914521558e-15
  outer loop
    vertex 120.50929662493778 -414.70000000000016 112.06314469029535
    vertex -118.50929662493796 -414.7 112.06314469029535
    vertex -120.51066347405774 -414.7 112.25232955793673
  endloop
endfacet
facet normal 4.94402324790649e-16 1.0 -1.1893081914521558e-15
  outer loop
    vertex 120.50929662493778 -414.70000000000016 112.06314469029535
    vertex -120.51066347405774 -414.7 112.25232955793673
    vertex 122.51066347405747 -414.70000000000016 112.25232955793673
  endloop
endfacet
facet normal 4.94402324790649e-16 1.0 -1.1893081914521558e-15
  outer loop
    vertex 122.51066347405747 -414.70000000000016 112.25232955793673
    vertex -120.51066347405774 -414.7 112.25232955793673
    vertex -122.49620206674322 -414.7 112.56680797668196
  endloop
endfacet
facet normal 4.94402324790649e-16 1.0 -1.1893081914521558e-15
  outer loop
    vertex 122.51066347405747 -414.70000000000016 112.25232955793673
    vertex -122.49620206674322 -414.7 112.56680797668196
    vertex 124.49620206674295 -414.70000000000016 112.56680797668196
  endloop
endfacet
facet normal 4.94402324790649e-16 1.0 -1.1893081914521558e-15
  outer loop
    vertex 124.49620206674295 -414.70000000000016 112.56680797668196
    vertex -122.49620206674322 -414.7 112.56680797668196
    vertex -124.45807638927528 -414.7 113.0053388438838
  endloop
endfacet
facet normal 4.94402324790649e-16 1.0 -1.1893081914521558e-15
  outer loop
    vertex 124.49620206674295 -414.70000000000016 112.56680797668196
    vertex -124.45807638927528 -414.7 113.0053388438838
    vertex 126.45807638927509 -414.70000000000016 113.0053388438838
  endloop
endfacet
facet normal 4.94402324790649e-16 1.0 -1.1893081914521558e-15
  outer loop
    vertex 126.45807638927509 -414.70000000000016 113.0053388438838
    vertex -124.45807638927528 -414.7 113.0053388438838
    vertex -126.38854381999835 -414.7 113.56619147855508
  endloop
endfacet
facet normal 4.94402324790649e-16 1.0 -1.1893081914521558e-15
  outer loop
    vertex 126.45807638927509 -414.70000000000016 113.0053388438838
    vertex -126.38854381999835 -414.7 113.56619147855508
    vertex 128.38854381999806 -414.70000000000016 113.56619147855508
  endloop
endfacet
facet normal 4.94402324790649e-16 1.0 -1.1893081914521558e-15
  outer loop
    vertex 128.38854381999806 -414.70000000000016 113.56619147855508
    vertex -126.38854381999835 -414.7 113.56619147855508
    vertex -128.2799856859097 -414.7 114.24715245157597
  endloop
endfacet
facet normal 4.94402324790649e-16 1.0 -1.1893081914521558e-15
  outer loop
    vertex 128.38854381999806 -414.70000000000016 113.56619147855508
    vertex -128.2799856859097 -414.7 114.24715245157597
    vertex 130.27998568590945 -414.70000000000016 114.24715245157597
  endloop
endfacet
facet normal 4.94402324790649e-16 1.0 -1.1893081914521558e-15
  outer loop
    vertex 130.27998568590945 -414.70000000000016 114.24715245157597
    vertex -128.2799856859097 -414.7 114.24715245157597
    vertex -130.12493733008225 -414.7 115.04553432108737
  endloop
endfacet
facet normal 4.94402324790649e-16 1.0 -1.1893081914521558e-15
  outer loop
    vertex 130.27998568590945 -414.70000000000016 114.24715245157597
    vertex -130.12493733008225 -414.7 115.04553432108737
    vertex 132.12493733008216 -414.70000000000016 115.04553432108737
  endloop
endfacet
facet normal 4.94402324790649e-16 1.0 -1.1893081914521558e-15
  outer loop
    vertex 132.12493733008216 -414.70000000000016 115.04553432108737
    vertex -130.12493733008225 -414.7 115.04553432108737
    vertex -131.91611757125486 -414.7 115.95818623859635
  endloop
endfacet
facet normal 4.94402324790649e-16 1.0 -1.1893081914521558e-15
  outer loop
    vertex 132.12493733008216 -414.70000000000016 115.04553432108737
    vertex -131.91611757125486 -414.7 115.95818623859635
    vertex 133.91611757125466 -414.70000000000016 115.95818623859635
  endloop
endfacet
facet normal 4.94402324790649e-16 1.0 -1.1893081914521558e-15
  outer loop
    vertex 133.91611757125466 -414.70000000000016 115.95818623859635
    vertex -131.91611757125486 -414.7 115.95818623859635
    vertex -133.64645743932792 -414.7 116.98150638393548
  endloop
endfacet
facet normal 4.94402324790649e-16 1.0 -1.1893081914521558e-15
  outer loop
    vertex 133.91611757125466 -414.70000000000016 115.95818623859635
    vertex -133.64645743932792 -414.7 116.98150638393548
    vertex 135.64645743932763 -414.70000000000016 116.98150638393548
  endloop
endfacet
facet normal 4.94402324790649e-16 1.0 -1.1893081914521558e-15
  outer loop
    vertex 135.64645743932763 -414.70000000000016 116.98150638393548
    vertex -133.64645743932792 -414.7 116.98150638393548
    vertex -135.30912807335912 -414.7 118.11145618000165
  endloop
endfacet
facet normal 4.94402324790649e-16 1.0 -1.1893081914521558e-15
  outer loop
    vertex 135.64645743932763 -414.70000000000016 116.98150638393548
    vertex -135.30912807335912 -414.7 118.11145618000165
    vertex 137.30912807335892 -414.70000000000016 118.11145618000165
  endloop
endfacet
facet normal 4.94402324790649e-16 1.0 -1.1893081914521558e-15
  outer loop
    vertex 137.30912807335892 -414.70000000000016 118.11145618000165
    vertex -135.30912807335912 -414.7 118.11145618000165
    vertex -136.8975676719581 -414.7 119.34357623117471
  endloop
endfacet
facet normal 4.94402324790649e-16 1.0 -1.1893081914521558e-15
  outer loop
    vertex 137.30912807335892 -414.70000000000016 118.11145618000165
    vertex -136.8975676719581 -414.7 119.34357623117471
    vertex 138.8975676719578 -414.70000000000016 119.34357623117471
  endloop
endfacet
facet normal 4.94402324790649e-16 1.0 -1.1893081914521558e-15
  outer loop
    vertex 138.8975676719578 -414.70000000000016 119.34357623117471
    vertex -136.8975676719581 -414.7 119.34357623117471
    vertex -138.40550738971797 -414.7 120.6730039225148
  endloop
endfacet
facet normal 4.94402324790649e-16 1.0 -1.1893081914521558e-15
  outer loop
    vertex 138.8975676719578 -414.70000000000016 119.34357623117471
    vertex -138.40550738971797 -414.7 120.6730039225148
    vertex 140.40550738971788 -414.70000000000016 120.6730039225148
  endloop
endfacet
facet normal 4.94402324790649e-16 1.0 -1.1893081914521558e-15
  outer loop
    vertex 140.40550738971788 -414.70000000000016 120.6730039225148
    vertex -138.40550738971797 -414.7 120.6730039225148
    vertex -139.82699607748515 -414.7 122.0944926102819
  endloop
endfacet
facet normal 4.94402324790649e-16 1.0 -1.1893081914521558e-15
  outer loop
    vertex 140.40550738971788 -414.70000000000016 120.6730039225148
    vertex -139.82699607748515 -414.7 122.0944926102819
    vertex 141.82699607748498 -414.70000000000016 122.0944926102819
  endloop
endfacet
facet normal 4.94402324790649e-16 1.0 -1.1893081914521558e-15
  outer loop
    vertex 141.82699607748498 -414.70000000000016 122.0944926102819
    vertex -139.82699607748515 -414.7 122.0944926102819
    vertex -141.15642376882528 -414.7 123.6024323280419
  endloop
endfacet
facet normal 4.94402324790649e-16 1.0 -1.1893081914521558e-15
  outer loop
    vertex 141.82699607748498 -414.70000000000016 122.0944926102819
    vertex -141.15642376882528 -414.7 123.6024323280419
    vertex 143.156423768825 -414.70000000000016 123.6024323280419
  endloop
endfacet
facet normal 4.94402324790649e-16 1.0 -1.1893081914521558e-15
  outer loop
    vertex 143.156423768825 -414.70000000000016 123.6024323280419
    vertex -141.15642376882528 -414.7 123.6024323280419
    vertex -142.38854381999832 -414.7 125.19087192664081
  endloop
endfacet
facet normal 4.94402324790649e-16 1.0 -1.1893081914521558e-15
  outer loop
    vertex 143.156423768825 -414.70000000000016 123.6024323280419
    vertex -142.38854381999832 -414.7 125.19087192664081
    vertex 144.38854381999815 -414.70000000000016 125.19087192664081
  endloop
endfacet
facet normal 4.94402324790649e-16 1.0 -1.1893081914521558e-15
  outer loop
    vertex 144.38854381999815 -414.70000000000016 125.19087192664081
    vertex -142.38854381999832 -414.7 125.19087192664081
    vertex -143.51849361606452 -414.7 126.85354256067205
  endloop
endfacet
facet normal 4.94402324790649e-16 1.0 -1.1893081914521558e-15
  outer loop
    vertex 144.38854381999815 -414.70000000000016 125.19087192664081
    vertex -143.51849361606452 -414.7 126.85354256067205
    vertex 145.51849361606426 -414.70000000000016 126.85354256067205
  endloop
endfacet
facet normal 4.94402324790649e-16 1.0 -1.1893081914521558e-15
  outer loop
    vertex 145.51849361606426 -414.70000000000016 126.85354256067205
    vertex -143.51849361606452 -414.7 126.85354256067205
    vertex -144.54181376140366 -414.7 128.58388242874506
  endloop
endfacet
facet normal 4.94402324790649e-16 1.0 -1.1893081914521558e-15
  outer loop
    vertex 145.51849361606426 -414.70000000000016 126.85354256067205
    vertex -144.54181376140366 -414.7 128.58388242874506
    vertex 146.5418137614034 -414.70000000000016 128.58388242874506
  endloop
endfacet
facet normal 4.94402324790649e-16 1.0 -1.1893081914521558e-15
  outer loop
    vertex 146.5418137614034 -414.70000000000016 128.58388242874506
    vertex -144.54181376140366 -414.7 128.58388242874506
    vertex -145.45446567891267 -414.7 130.37506266991764
  endloop
endfacet
facet normal 4.94402324790649e-16 1.0 -1.1893081914521558e-15
  outer loop
    vertex 146.5418137614034 -414.70000000000016 128.58388242874506
    vertex -145.45446567891267 -414.7 130.37506266991764
    vertex 147.45446567891238 -414.70000000000016 130.37506266991764
  endloop
endfacet
facet normal 4.94402324790649e-16 1.0 -1.1893081914521558e-15
  outer loop
    vertex 147.45446567891238 -414.70000000000016 130.37506266991764
    vertex -145.45446567891267 -414.7 130.37506266991764
    vertex -146.25284754842414 -414.7 132.22001431409026
  endloop
endfacet
facet normal 4.94402324790649e-16 1.0 -1.1893081914521558e-15
  outer loop
    vertex 147.45446567891238 -414.70000000000016 130.37506266991764
    vertex -146.25284754842414 -414.7 132.22001431409026
    vertex 148.25284754842386 -414.70000000000016 132.22001431409026
  endloop
endfacet
facet normal 4.94402324790649e-16 1.0 -1.1893081914521558e-15
  outer loop
    vertex 148.25284754842386 -414.70000000000016 132.22001431409026
    vertex -146.25284754842414 -414.7 132.22001431409026
    vertex -146.9338085214448 -414.7 134.11145618000162
  endloop
endfacet
facet normal 4.94402324790649e-16 1.0 -1.1893081914521558e-15
  outer loop
    vertex 148.25284754842386 -414.70000000000016 132.22001431409026
    vertex -146.9338085214448 -414.7 134.11145618000162
    vertex 148.93380852144472 -414.70000000000016 134.11145618000162
  endloop
endfacet
facet normal 4.94402324790649e-16 1.0 -1.1893081914521558e-15
  outer loop
    vertex 148.93380852144472 -414.70000000000016 134.11145618000162
    vertex -146.9338085214448 -414.7 134.11145618000162
    vertex -147.4946611561162 -414.7 136.04192361072458
  endloop
endfacet
facet normal 4.94402324790649e-16 1.0 -1.1893081914521558e-15
  outer loop
    vertex 148.93380852144472 -414.70000000000016 134.11145618000162
    vertex -147.4946611561162 -414.7 136.04192361072458
    vertex 149.49466115611608 -414.70000000000016 136.04192361072458
  endloop
endfacet
facet normal 4.94402324790649e-16 1.0 -1.1893081914521558e-15
  outer loop
    vertex 149.49466115611608 -414.70000000000016 136.04192361072458
    vertex -147.4946611561162 -414.7 136.04192361072458
    vertex -147.93319202331793 -414.7 138.00379793325675
  endloop
endfacet
facet normal 4.94402324790649e-16 1.0 -1.1893081914521558e-15
  outer loop
    vertex 149.49466115611608 -414.70000000000016 136.04192361072458
    vertex -147.93319202331793 -414.7 138.00379793325675
    vertex 149.93319202331782 -414.70000000000016 138.00379793325675
  endloop
endfacet
facet normal 4.94402324790649e-16 1.0 -1.1893081914521558e-15
  outer loop
    vertex 149.93319202331782 -414.70000000000016 138.00379793325675
    vertex -147.93319202331793 -414.7 138.00379793325675
    vertex -148.2476704420632 -414.7 139.9893365259422
  endloop
endfacet
facet normal 4.94402324790649e-16 1.0 -1.1893081914521558e-15
  outer loop
    vertex 149.93319202331782 -414.70000000000016 138.00379793325675
    vertex -148.2476704420632 -414.7 139.9893365259422
    vertex 150.2476704420631 -414.70000000000016 139.9893365259422
  endloop
endfacet
facet normal 4.94402324790649e-16 1.0 -1.1893081914521558e-15
  outer loop
    vertex 150.2476704420631 -414.70000000000016 139.9893365259422
    vertex -148.2476704420632 -414.7 139.9893365259422
    vertex -148.43685530970467 -414.7 141.9907033750619
  endloop
endfacet
facet normal 4.94402324790649e-16 1.0 -1.1893081914521558e-15
  outer loop
    vertex 150.2476704420631 -414.70000000000016 139.9893365259422
    vertex -148.43685530970467 -414.7 141.9907033750619
    vertex 150.43685530970455 -414.70000000000016 141.9907033750619
  endloop
endfacet
facet normal 4.94402324790649e-16 1.0 -1.1893081914521558e-15
  outer loop
    vertex 150.43685530970455 -414.70000000000016 141.9907033750619
    vertex -148.43685530970467 -414.7 141.9907033750619
    vertex -148.49999999999997 -414.7 143.99999999999994
  endloop
endfacet
facet normal 4.94402324790649e-16 1.0 -1.1893081914521558e-15
  outer loop
    vertex 150.43685530970455 -414.70000000000016 141.9907033750619
    vertex -148.49999999999997 -414.7 143.99999999999994
    vertex 150.4999999999999 -414.70000000000016 143.99999999999994
  endloop
endfacet
facet normal 4.94402324790649e-16 1.0 -1.1893081914521558e-15
  outer loop
    vertex 150.4999999999999 -414.70000000000016 143.99999999999994
    vertex -148.49999999999997 -414.7 143.99999999999994
    vertex -148.43685530970467 -414.7 146.00929662493795
  endloop
endfacet
facet normal 4.94402324790649e-16 1.0 -1.1893081914521558e-15
  outer loop
    vertex 150.4999999999999 -414.70000000000016 143.99999999999994
    vertex -148.43685530970467 -414.7 146.00929662493795
    vertex 150.43685530970455 -414.70000000000016 146.00929662493795
  endloop
endfacet
facet normal 4.94402324790649e-16 1.0 -1.1893081914521558e-15
  outer loop
    vertex 150.43685530970455 -414.70000000000016 146.00929662493795
    vertex -148.43685530970467 -414.7 146.00929662493795
    vertex -148.2476704420632 -414.7 148.01066347405768
  endloop
endfacet
facet normal 4.94402324790649e-16 1.0 -1.1893081914521558e-15
  outer loop
    vertex 150.43685530970455 -414.70000000000016 146.00929662493795
    vertex -148.2476704420632 -414.7 148.01066347405768
    vertex 150.2476704420631 -414.70000000000016 148.01066347405768
  endloop
endfacet
facet normal 4.94402324790649e-16 1.0 -1.1893081914521558e-15
  outer loop
    vertex 150.2476704420631 -414.70000000000016 148.01066347405768
    vertex -148.2476704420632 -414.7 148.01066347405768
    vertex -147.93319202331793 -414.7 149.99620206674314
  endloop
endfacet
facet normal 4.94402324790649e-16 1.0 -1.1893081914521558e-15
  outer loop
    vertex 150.2476704420631 -414.70000000000016 148.01066347405768
    vertex -147.93319202331793 -414.7 149.99620206674314
    vertex 149.93319202331793 -414.70000000000016 149.99620206674314
  endloop
endfacet
facet normal 4.94402324790649e-16 1.0 -1.1893081914521558e-15
  outer loop
    vertex 149.93319202331793 -414.70000000000016 149.99620206674314
    vertex -147.93319202331793 -414.7 149.99620206674314
    vertex -147.4946611561162 -414.7 151.9580763892753
  endloop
endfacet
facet normal 4.94402324790649e-16 1.0 -1.1893081914521558e-15
  outer loop
    vertex 149.93319202331793 -414.70000000000016 149.99620206674314
    vertex -147.4946611561162 -414.7 151.9580763892753
    vertex 149.49466115611608 -414.70000000000016 151.9580763892753
  endloop
endfacet
facet normal 4.94402324790649e-16 1.0 -1.1893081914521558e-15
  outer loop
    vertex 149.49466115611608 -414.70000000000016 151.9580763892753
    vertex -147.4946611561162 -414.7 151.9580763892753
    vertex -146.9338085214448 -414.7 153.88854381999826
  endloop
endfacet
facet normal 4.94402324790649e-16 1.0 -1.1893081914521558e-15
  outer loop
    vertex 149.49466115611608 -414.70000000000016 151.9580763892753
    vertex -146.9338085214448 -414.7 153.88854381999826
    vertex 148.9338085214448 -414.70000000000016 153.88854381999826
  endloop
endfacet
facet normal 4.94402324790649e-16 1.0 -1.1893081914521558e-15
  outer loop
    vertex 148.9338085214448 -414.70000000000016 153.88854381999826
    vertex -146.9338085214448 -414.7 153.88854381999826
    vertex -146.25284754842414 -414.7 155.77998568590962
  endloop
endfacet
facet normal 4.94402324790649e-16 1.0 -1.1893081914521558e-15
  outer loop
    vertex 148.9338085214448 -414.70000000000016 153.88854381999826
    vertex -146.25284754842414 -414.7 155.77998568590962
    vertex 148.25284754842386 -414.70000000000016 155.77998568590962
  endloop
endfacet
facet normal 4.94402324790649e-16 1.0 -1.1893081914521558e-15
  outer loop
    vertex 148.25284754842386 -414.70000000000016 155.77998568590962
    vertex -146.25284754842414 -414.7 155.77998568590962
    vertex -145.45446567891267 -414.7 157.62493733008228
  endloop
endfacet
facet normal 4.94402324790649e-16 1.0 -1.1893081914521558e-15
  outer loop
    vertex 148.25284754842386 -414.70000000000016 155.77998568590962
    vertex -145.45446567891267 -414.7 157.62493733008228
    vertex 147.4544656789125 -414.7000000000001 157.62493733008228
  endloop
endfacet
facet normal 4.94402324790649e-16 1.0 -1.1893081914521558e-15
  outer loop
    vertex 147.4544656789125 -414.7000000000001 157.62493733008228
    vertex -145.45446567891267 -414.7 157.62493733008228
    vertex -144.54181376140366 -414.7 159.41611757125483
  endloop
endfacet
facet normal 4.94402324790649e-16 1.0 -1.1893081914521558e-15
  outer loop
    vertex 147.4544656789125 -414.7000000000001 157.62493733008228
    vertex -144.54181376140366 -414.7 159.41611757125483
    vertex 146.54181376140357 -414.7000000000001 159.41611757125483
  endloop
endfacet
facet normal 4.94402324790649e-16 1.0 -1.1893081914521558e-15
  outer loop
    vertex 146.54181376140357 -414.7000000000001 159.41611757125483
    vertex -144.54181376140366 -414.7 159.41611757125483
    vertex -143.51849361606452 -414.7 161.14645743932783
  endloop
endfacet
facet normal 4.94402324790649e-16 1.0 -1.1893081914521558e-15
  outer loop
    vertex 146.54181376140357 -414.7000000000001 159.41611757125483
    vertex -143.51849361606452 -414.7 161.14645743932783
    vertex 145.51849361606435 -414.7000000000001 161.14645743932783
  endloop
endfacet
facet normal 4.94402324790649e-16 1.0 -1.1893081914521558e-15
  outer loop
    vertex 145.51849361606435 -414.7000000000001 161.14645743932783
    vertex -143.51849361606452 -414.7 161.14645743932783
    vertex -142.38854381999832 -414.7 162.80912807335912
  endloop
endfacet
facet normal 4.94402324790649e-16 1.0 -1.1893081914521558e-15
  outer loop
    vertex 145.51849361606435 -414.7000000000001 161.14645743932783
    vertex -142.38854381999832 -414.7 162.80912807335912
    vertex 144.38854381999823 -414.7000000000001 162.80912807335912
  endloop
endfacet
facet normal 4.94402324790649e-16 1.0 -1.1893081914521558e-15
  outer loop
    vertex 144.38854381999823 -414.7000000000001 162.80912807335912
    vertex -142.38854381999832 -414.7 162.80912807335912
    vertex -141.15642376882528 -414.7 164.39756767195803
  endloop
endfacet
facet normal 4.94402324790649e-16 1.0 -1.1893081914521558e-15
  outer loop
    vertex 144.38854381999823 -414.7000000000001 162.80912807335912
    vertex -141.15642376882528 -414.7 164.39756767195803
    vertex 143.15642376882516 -414.7000000000001 164.39756767195803
  endloop
endfacet
facet normal 4.94402324790649e-16 1.0 -1.1893081914521558e-15
  outer loop
    vertex 143.15642376882516 -414.7000000000001 164.39756767195803
    vertex -141.15642376882528 -414.7 164.39756767195803
    vertex -139.82699607748535 -414.7 165.90550738971803
  endloop
endfacet
facet normal 4.94402324790649e-16 1.0 -1.1893081914521558e-15
  outer loop
    vertex 143.15642376882516 -414.7000000000001 164.39756767195803
    vertex -139.82699607748535 -414.7 165.90550738971803
    vertex 141.82699607748506 -414.7000000000001 165.90550738971803
  endloop
endfacet
facet normal 4.94402324790649e-16 1.0 -1.1893081914521558e-15
  outer loop
    vertex 141.82699607748506 -414.7000000000001 165.90550738971803
    vertex -139.82699607748535 -414.7 165.90550738971803
    vertex -138.40550738971817 -414.7 167.32699607748515
  endloop
endfacet
facet normal 4.94402324790649e-16 1.0 -1.1893081914521558e-15
  outer loop
    vertex 141.82699607748506 -414.7000000000001 165.90550738971803
    vertex -138.40550738971817 -414.7 167.32699607748515
    vertex 140.40550738971788 -414.7000000000001 167.32699607748515
  endloop
endfacet
facet normal 4.94402324790649e-16 1.0 -1.1893081914521558e-15
  outer loop
    vertex 140.40550738971788 -414.7000000000001 167.32699607748515
    vertex -138.40550738971817 -414.7 167.32699607748515
    vertex -136.89756767195826 -414.7 168.65642376882522
  endloop
endfacet
facet normal 4.94402324790649e-16 1.0 -1.1893081914521558e-15
  outer loop
    vertex 140.40550738971788 -414.7000000000001 167.32699607748515
    vertex -136.89756767195826 -414.7 168.65642376882522
    vertex 138.89756767195797 -414.7000000000001 168.65642376882522
  endloop
endfacet
facet normal 4.94402324790649e-16 1.0 -1.1893081914521558e-15
  outer loop
    vertex 138.89756767195797 -414.7000000000001 168.65642376882522
    vertex -136.89756767195826 -414.7 168.65642376882522
    vertex -135.3091280733593 -414.7 169.8885438199983
  endloop
endfacet
facet normal 4.94402324790649e-16 1.0 -1.1893081914521558e-15
  outer loop
    vertex 138.89756767195797 -414.7000000000001 168.65642376882522
    vertex -135.3091280733593 -414.7 169.8885438199983
    vertex 137.30912807335903 -414.7000000000001 169.8885438199983
  endloop
endfacet
facet normal 4.94402324790649e-16 1.0 -1.1893081914521558e-15
  outer loop
    vertex 137.30912807335903 -414.7000000000001 169.8885438199983
    vertex -135.3091280733593 -414.7 169.8885438199983
    vertex -133.64645743932792 -414.7 171.01849361606446
  endloop
endfacet
facet normal 4.94402324790649e-16 1.0 -1.1893081914521558e-15
  outer loop
    vertex 137.30912807335903 -414.7000000000001 169.8885438199983
    vertex -133.64645743932792 -414.7 171.01849361606446
    vertex 135.64645743932783 -414.7000000000001 171.01849361606446
  endloop
endfacet
facet normal 4.94402324790649e-16 1.0 -1.1893081914521558e-15
  outer loop
    vertex 135.64645743932783 -414.7000000000001 171.01849361606446
    vertex -133.64645743932792 -414.7 171.01849361606446
    vertex -131.91611757125503 -414.7 172.0418137614036
  endloop
endfacet
facet normal 4.94402324790649e-16 1.0 -1.1893081914521558e-15
  outer loop
    vertex 135.64645743932783 -414.7000000000001 171.01849361606446
    vertex -131.91611757125503 -414.7 172.0418137614036
    vertex 133.91611757125474 -414.7000000000001 172.0418137614036
  endloop
endfacet
facet normal 4.94402324790649e-16 1.0 -1.1893081914521558e-15
  outer loop
    vertex 133.91611757125474 -414.7000000000001 172.0418137614036
    vertex -131.91611757125503 -414.7 172.0418137614036
    vertex -130.12493733008242 -414.7 172.9544656789126
  endloop
endfacet
facet normal 4.94402324790649e-16 1.0 -1.1893081914521558e-15
  outer loop
    vertex 133.91611757125474 -414.7000000000001 172.0418137614036
    vertex -130.12493733008242 -414.7 172.9544656789126
    vertex 132.12493733008225 -414.7000000000001 172.9544656789126
  endloop
endfacet
facet normal 4.94402324790649e-16 1.0 -1.1893081914521558e-15
  outer loop
    vertex 132.12493733008225 -414.7000000000001 172.9544656789126
    vertex -130.12493733008242 -414.7 172.9544656789126
    vertex -128.2799856859099 -414.7 173.75284754842403
  endloop
endfacet
facet normal 4.94402324790649e-16 1.0 -1.1893081914521558e-15
  outer loop
    vertex 132.12493733008225 -414.7000000000001 172.9544656789126
    vertex -128.2799856859099 -414.7 173.75284754842403
    vertex 130.27998568590962 -414.7 173.75284754842403
  endloop
endfacet
facet normal 4.94402324790649e-16 1.0 -1.1893081914521558e-15
  outer loop
    vertex 130.27998568590962 -414.7 173.75284754842403
    vertex -128.2799856859099 -414.7 173.75284754842403
    vertex -126.38854381999835 -414.7 174.43380852144486
  endloop
endfacet
facet normal 4.94402324790649e-16 1.0 -1.1893081914521558e-15
  outer loop
    vertex 130.27998568590962 -414.7 173.75284754842403
    vertex -126.38854381999835 -414.7 174.43380852144486
    vertex 128.38854381999826 -414.7 174.43380852144486
  endloop
endfacet
facet normal 4.94402324790649e-16 1.0 -1.1893081914521558e-15
  outer loop
    vertex 128.38854381999826 -414.7 174.43380852144486
    vertex -126.38854381999835 -414.7 174.43380852144486
    vertex -124.45807638927546 -414.7 174.99466115611617
  endloop
endfacet
facet normal 4.94402324790649e-16 1.0 -1.1893081914521558e-15
  outer loop
    vertex 128.38854381999826 -414.7 174.43380852144486
    vertex -124.45807638927546 -414.7 174.99466115611617
    vertex 126.45807638927528 -414.7 174.99466115611617
  endloop
endfacet
facet normal 4.94402324790649e-16 1.0 -1.1893081914521558e-15
  outer loop
    vertex 126.45807638927528 -414.7 174.99466115611617
    vertex -124.45807638927546 -414.7 174.99466115611617
    vertex -122.49620206674322 -414.7 175.433192023318
  endloop
endfacet
facet normal 4.94402324790649e-16 1.0 -1.1893081914521558e-15
  outer loop
    vertex 126.45807638927528 -414.7 174.99466115611617
    vertex -122.49620206674322 -414.7 175.433192023318
    vertex 124.49620206674314 -414.7 175.433192023318
  endloop
endfacet
facet normal 4.94402324790649e-16 1.0 -1.1893081914521558e-15
  outer loop
    vertex 124.49620206674314 -414.7 175.433192023318
    vertex -122.49620206674322 -414.7 175.433192023318
    vertex -120.51066347405792 -414.7 175.74767044206325
  endloop
endfacet
facet normal 4.94402324790649e-16 1.0 -1.1893081914521558e-15
  outer loop
    vertex 124.49620206674314 -414.7 175.433192023318
    vertex -120.51066347405792 -414.7 175.74767044206325
    vertex 122.51066347405764 -414.7 175.74767044206325
  endloop
endfacet
facet normal 4.94402324790649e-16 1.0 -1.1893081914521558e-15
  outer loop
    vertex 122.51066347405764 -414.7 175.74767044206325
    vertex -120.51066347405792 -414.7 175.74767044206325
    vertex -118.50929662493814 -414.7 175.93685530970467
  endloop
endfacet
facet normal 4.94402324790649e-16 1.0 -1.1893081914521558e-15
  outer loop
    vertex 122.51066347405764 -414.7 175.74767044206325
    vertex -118.50929662493814 -414.7 175.93685530970467
    vertex 120.50929662493796 -414.7 175.93685530970467
  endloop
endfacet
facet normal 4.94402324790649e-16 1.0 -1.1893081914521558e-15
  outer loop
    vertex 120.50929662493796 -414.7 175.93685530970467
    vertex -118.50929662493814 -414.7 175.93685530970467
    vertex -116.50000000000021 -414.7 176.0
  endloop
endfacet
facet normal 4.94402324790649e-16 1.0 -1.1893081914521558e-15
  outer loop
    vertex 120.50929662493796 -414.7 175.93685530970467
    vertex -116.50000000000021 -414.7 176.0
    vertex 118.49999999999994 -414.7 176.0
  endloop
endfacet
facet normal -0.8910065241883655 -2.310546066552067e-28 -0.45399049973955186
  outer loop
    vertex -145.45446567891267 -414.7 130.37506266991764
    vertex -144.54181376140366 -416.7 128.58388242874506
    vertex -145.45446567891267 -416.7 130.37506266991764
  endloop
endfacet
facet normal -0.8910065241883655 -2.310546066552067e-28 -0.45399049973955186
  outer loop
    vertex -144.54181376140366 -416.7 128.58388242874506
    vertex -145.45446567891267 -414.7 130.37506266991764
    vertex -144.54181376140366 -414.7 128.58388242874506
  endloop
endfacet
facet normal -0.5090414157503488 0.0 -0.860742027003957
  outer loop
    vertex -131.91611757125486 -414.7 115.95818623859635
    vertex -133.64645743932792 -416.7 116.98150638393548
    vertex -133.64645743932792 -414.7 116.98150638393548
  endloop
endfacet
facet normal -0.5090414157503488 0.0 -0.860742027003957
  outer loop
    vertex -133.64645743932792 -416.7 116.98150638393548
    vertex -131.91611757125486 -414.7 115.95818623859635
    vertex -131.91611757125486 -416.7 115.95818623859635
  endloop
endfacet
facet normal -0.9995065603657315 0.0 -0.0314107590781327
  outer loop
    vertex -148.49999999999997 -414.7 143.99999999999994
    vertex -148.43685530970467 -416.7 141.9907033750619
    vertex -148.49999999999997 -416.7 143.99999999999994
  endloop
endfacet
facet normal -0.9995065603657315 0.0 -0.0314107590781327
  outer loop
    vertex -148.43685530970467 -416.7 141.9907033750619
    vertex -148.49999999999997 -414.7 143.99999999999994
    vertex -148.43685530970467 -414.7 141.9907033750619
  endloop
endfacet
facet normal -0.6613118653236701 2.6234529831177003e-17 -0.7501110696304434
  outer loop
    vertex -136.8975676719581 -414.7 119.34357623117471
    vertex -138.40550738971797 -416.7 120.6730039225148
    vertex -138.40550738971797 -414.7 120.6730039225148
  endloop
endfacet
facet normal -0.6613118653236701 2.6234529831177003e-17 -0.7501110696304434
  outer loop
    vertex -138.40550738971797 -416.7 120.6730039225148
    vertex -136.8975676719581 -414.7 119.34357623117471
    vertex -136.8975676719581 -416.7 119.34357623117471
  endloop
endfacet
facet normal -0.7901550123756909 0.0 -0.6129070536529759
  outer loop
    vertex -142.38854381999832 -414.7 125.19087192664081
    vertex -141.15642376882528 -416.7 123.6024323280419
    vertex -142.38854381999832 -416.7 125.19087192664081
  endloop
endfacet
facet normal -0.7901550123756909 0.0 -0.6129070536529759
  outer loop
    vertex -141.15642376882528 -416.7 123.6024323280419
    vertex -142.38854381999832 -414.7 125.19087192664081
    vertex -141.15642376882528 -414.7 123.6024323280419
  endloop
endfacet
facet normal -0.9876883405951361 -8.808582538465845e-16 -0.15643446504024142
  outer loop
    vertex -148.2476704420632 -414.7 139.9893365259422
    vertex -147.93319202331793 -416.7 138.00379793325675
    vertex -148.2476704420632 -416.7 139.9893365259422
  endloop
endfacet
facet normal -0.9876883405951361 -8.808582538465845e-16 -0.15643446504024142
  outer loop
    vertex -147.93319202331793 -416.7 138.00379793325675
    vertex -148.2476704420632 -414.7 139.9893365259422
    vertex -147.93319202331793 -414.7 138.00379793325675
  endloop
endfacet
facet normal -0.9876883405951361 0.0 0.15643446504024228
  outer loop
    vertex -147.93319202331793 -414.7 149.99620206674314
    vertex -148.2476704420632 -416.7 148.01066347405768
    vertex -147.93319202331793 -416.7 149.99620206674314
  endloop
endfacet
facet normal -0.9876883405951361 0.0 0.15643446504024228
  outer loop
    vertex -148.2476704420632 -416.7 148.01066347405768
    vertex -147.93319202331793 -414.7 149.99620206674314
    vertex -148.2476704420632 -414.7 148.01066347405768
  endloop
endfacet
facet normal -0.9759167619387589 1.1102214884292451e-28 0.21814324139649177
  outer loop
    vertex -147.4946611561162 -414.7 151.9580763892753
    vertex -147.93319202331793 -416.7 149.99620206674314
    vertex -147.4946611561162 -416.7 151.9580763892753
  endloop
endfacet
facet normal -0.9759167619387589 1.1102214884292451e-28 0.21814324139649177
  outer loop
    vertex -147.93319202331793 -416.7 149.99620206674314
    vertex -147.4946611561162 -414.7 151.9580763892753
    vertex -147.93319202331793 -414.7 149.99620206674314
  endloop
endfacet
facet normal -0.9177546256839716 0.0 -0.3971478906348029
  outer loop
    vertex -146.25284754842414 -414.7 132.22001431409026
    vertex -145.45446567891267 -416.7 130.37506266991764
    vertex -146.25284754842414 -416.7 132.22001431409026
  endloop
endfacet
facet normal -0.9177546256839716 0.0 -0.3971478906348029
  outer loop
    vertex -145.45446567891267 -416.7 130.37506266991764
    vertex -146.25284754842414 -414.7 132.22001431409026
    vertex -145.45446567891267 -414.7 130.37506266991764
  endloop
endfacet
facet normal -0.33873792024529964 0.0 -0.9408807689542225
  outer loop
    vertex -126.38854381999835 -414.7 113.56619147855508
    vertex -128.2799856859097 -416.7 114.24715245157597
    vertex -128.2799856859097 -414.7 114.24715245157597
  endloop
endfacet
facet normal -0.33873792024529964 0.0 -0.9408807689542225
  outer loop
    vertex -128.2799856859097 -416.7 114.24715245157597
    vertex -126.38854381999835 -414.7 113.56619147855508
    vertex -126.38854381999835 -416.7 113.56619147855508
  endloop
endfacet
facet normal -0.9995065603657315 0.0 0.0314107590781327
  outer loop
    vertex -148.43685530970467 -414.7 146.00929662493795
    vertex -148.49999999999997 -416.7 143.99999999999994
    vertex -148.43685530970467 -416.7 146.00929662493795
  endloop
endfacet
facet normal -0.9995065603657315 0.0 0.0314107590781327
  outer loop
    vertex -148.49999999999997 -416.7 143.99999999999994
    vertex -148.43685530970467 -414.7 146.00929662493795
    vertex -148.49999999999997 -414.7 143.99999999999994
  endloop
endfacet
facet normal -0.9955619646030772 0.0 0.09410831331854462
  outer loop
    vertex -148.2476704420632 -414.7 148.01066347405768
    vertex -148.43685530970467 -416.7 146.00929662493795
    vertex -148.2476704420632 -416.7 148.01066347405768
  endloop
endfacet
facet normal -0.9955619646030772 0.0 0.09410831331854462
  outer loop
    vertex -148.43685530970467 -416.7 146.00929662493795
    vertex -148.2476704420632 -414.7 148.01066347405768
    vertex -148.43685530970467 -414.7 146.00929662493795
  endloop
endfacet
facet normal -0.9602936856769293 -9.757488977483571e-18 0.278991106039277
  outer loop
    vertex -146.9338085214448 -414.7 153.88854381999826
    vertex -147.4946611561162 -416.7 151.9580763892753
    vertex -146.9338085214448 -416.7 153.88854381999826
  endloop
endfacet
facet normal -0.9602936856769293 -9.757488977483571e-18 0.278991106039277
  outer loop
    vertex -147.4946611561162 -416.7 151.9580763892753
    vertex -146.9338085214448 -414.7 153.88854381999826
    vertex -147.4946611561162 -414.7 151.9580763892753
  endloop
endfacet
facet normal -0.8607420270039482 -2.5907230251488685e-28 -0.5090414157503637
  outer loop
    vertex -144.54181376140366 -414.7 128.58388242874506
    vertex -143.51849361606452 -416.7 126.85354256067205
    vertex -144.54181376140366 -416.7 128.58388242874506
  endloop
endfacet
facet normal -0.8607420270039482 -2.5907230251488685e-28 -0.5090414157503637
  outer loop
    vertex -143.51849361606452 -416.7 126.85354256067205
    vertex -144.54181376140366 -414.7 128.58388242874506
    vertex -143.51849361606452 -414.7 126.85354256067205
  endloop
endfacet
facet normal -0.9955619646030772 -5.332007050584976e-16 -0.09410831331854518
  outer loop
    vertex -148.43685530970467 -414.7 141.9907033750619
    vertex -148.2476704420632 -416.7 139.9893365259422
    vertex -148.43685530970467 -416.7 141.9907033750619
  endloop
endfacet
facet normal -0.9955619646030772 -5.332007050584976e-16 -0.09410831331854518
  outer loop
    vertex -148.2476704420632 -416.7 139.9893365259422
    vertex -148.43685530970467 -414.7 141.9907033750619
    vertex -148.2476704420632 -414.7 139.9893365259422
  endloop
endfacet
facet normal -0.45399049973953826 -1.5581117374024054e-17 -0.8910065241883722
  outer loop
    vertex -130.12493733008225 -414.7 115.04553432108737
    vertex -131.91611757125486 -416.7 115.95818623859635
    vertex -131.91611757125486 -414.7 115.95818623859635
  endloop
endfacet
facet normal -0.45399049973953826 -1.5581117374024054e-17 -0.8910065241883722
  outer loop
    vertex -131.91611757125486 -416.7 115.95818623859635
    vertex -130.12493733008225 -414.7 115.04553432108737
    vertex -130.12493733008225 -416.7 115.04553432108737
  endloop
endfacet
facet normal 0.0 0.0 -1.0
  outer loop
    vertex 118.49999999999976 -414.70000000000016 112.00000000000004
    vertex -116.50000000000003 -416.7 112.00000000000004
    vertex -116.50000000000003 -414.7 112.00000000000004
  endloop
endfacet
facet normal 0.0 0.0 -1.0
  outer loop
    vertex -116.50000000000003 -416.7 112.00000000000004
    vertex 118.49999999999976 -414.70000000000016 112.00000000000004
    vertex 118.49999999999976 -416.70000000000016 112.00000000000004
  endloop
endfacet
facet normal -0.612907053652965 0.0 -0.7901550123756994
  outer loop
    vertex -135.30912807335912 -414.7 118.11145618000165
    vertex -136.8975676719581 -416.7 119.34357623117471
    vertex -136.8975676719581 -414.7 119.34357623117471
  endloop
endfacet
facet normal -0.612907053652965 0.0 -0.7901550123756994
  outer loop
    vertex -136.8975676719581 -416.7 119.34357623117471
    vertex -135.30912807335912 -414.7 118.11145618000165
    vertex -135.30912807335912 -416.7 118.11145618000165
  endloop
endfacet
facet normal -0.8270805742745495 0.0 -0.5620833778521488
  outer loop
    vertex -143.51849361606452 -414.7 126.85354256067205
    vertex -142.38854381999832 -416.7 125.19087192664081
    vertex -143.51849361606452 -416.7 126.85354256067205
  endloop
endfacet
facet normal -0.8270805742745495 0.0 -0.5620833778521488
  outer loop
    vertex -142.38854381999832 -416.7 125.19087192664081
    vertex -143.51849361606452 -414.7 126.85354256067205
    vertex -142.38854381999832 -414.7 125.19087192664081
  endloop
endfacet
facet normal -0.39714789063479095 1.6048864014243793e-17 -0.9177546256839769
  outer loop
    vertex -128.2799856859097 -414.7 114.24715245157597
    vertex -130.12493733008225 -416.7 115.04553432108737
    vertex -130.12493733008225 -414.7 115.04553432108737
  endloop
endfacet
facet normal -0.39714789063479095 1.6048864014243793e-17 -0.9177546256839769
  outer loop
    vertex -130.12493733008225 -416.7 115.04553432108737
    vertex -128.2799856859097 -414.7 114.24715245157597
    vertex -128.2799856859097 -416.7 114.24715245157597
  endloop
endfacet
facet normal -0.0314107590781229 -1.0924042503256602e-18 -0.9995065603657317
  outer loop
    vertex -116.50000000000003 -414.7 112.00000000000004
    vertex -118.50929662493796 -416.7 112.06314469029535
    vertex -118.50929662493796 -414.7 112.06314469029535
  endloop
endfacet
facet normal -0.0314107590781229 -1.0924042503256602e-18 -0.9995065603657317
  outer loop
    vertex -118.50929662493796 -416.7 112.06314469029535
    vertex -116.50000000000003 -414.7 112.00000000000004
    vertex -116.50000000000003 -416.7 112.00000000000004
  endloop
endfacet
facet normal -0.09410831331850919 5.066828012132726e-28 -0.9955619646030807
  outer loop
    vertex -118.50929662493796 -414.7 112.06314469029535
    vertex -120.51066347405774 -416.7 112.25232955793673
    vertex -120.51066347405774 -414.7 112.25232955793673
  endloop
endfacet
facet normal -0.09410831331850919 5.066828012132726e-28 -0.9955619646030807
  outer loop
    vertex -120.51066347405774 -416.7 112.25232955793673
    vertex -118.50929662493796 -414.7 112.06314469029535
    vertex -118.50929662493796 -416.7 112.06314469029535
  endloop
endfacet
facet normal -0.7501110696304552 -3.723744730978404e-15 -0.661311865323657
  outer loop
    vertex -141.15642376882528 -414.7 123.6024323280419
    vertex -139.82699607748515 -416.7 122.09449261028193
    vertex -141.15642376882528 -416.7 123.6024323280419
  endloop
endfacet
facet normal -0.7501110696304552 -3.723744730978404e-15 -0.661311865323657
  outer loop
    vertex -139.82699607748515 -416.7 122.09449261028193
    vertex -141.15642376882528 -414.7 123.6024323280419
    vertex -139.82699607748515 -414.7 122.0944926102819
  endloop
endfacet
facet normal -0.2181432413965518 -5.50376917293232e-15 -0.9759167619387453
  outer loop
    vertex -122.49620206674322 -414.7 112.56680797668196
    vertex -124.45807638927528 -416.7 113.0053388438838
    vertex -124.45807638927528 -414.7 113.0053388438838
  endloop
endfacet
facet normal -0.2181432413965518 -5.50376917293232e-15 -0.9759167619387453
  outer loop
    vertex -124.45807638927528 -416.7 113.0053388438838
    vertex -122.49620206674322 -414.7 112.56680797668196
    vertex -122.49620206674322 -416.7 112.56680797668199
  endloop
endfacet
facet normal -0.7071067811865336 -4.0063393018654285e-15 -0.7071067811865616
  outer loop
    vertex -138.40550738971797 -414.7 120.6730039225148
    vertex -139.82699607748515 -416.7 122.09449261028193
    vertex -139.82699607748515 -414.7 122.0944926102819
  endloop
endfacet
facet normal -0.7071067811865336 -4.0063393018654285e-15 -0.7071067811865616
  outer loop
    vertex -139.82699607748515 -416.7 122.09449261028193
    vertex -138.40550738971797 -414.7 120.6730039225148
    vertex -138.40550738971797 -416.7 120.6730039225148
  endloop
endfacet
facet normal -0.5620833778521439 0.0 -0.8270805742745528
  outer loop
    vertex -133.64645743932792 -414.7 116.98150638393548
    vertex -135.30912807335912 -416.7 118.11145618000165
    vertex -135.30912807335912 -414.7 118.11145618000165
  endloop
endfacet
facet normal -0.5620833778521439 0.0 -0.8270805742745528
  outer loop
    vertex -135.30912807335912 -416.7 118.11145618000165
    vertex -133.64645743932792 -414.7 116.98150638393548
    vertex -133.64645743932792 -416.7 116.98150638393548
  endloop
endfacet
facet normal -0.9408807689542584 0.0 -0.33873792024520033
  outer loop
    vertex -146.9338085214448 -414.7 134.11145618000162
    vertex -146.25284754842414 -416.7 132.22001431409026
    vertex -146.9338085214448 -416.7 134.11145618000162
  endloop
endfacet
facet normal -0.9408807689542584 0.0 -0.33873792024520033
  outer loop
    vertex -146.25284754842414 -416.7 132.22001431409026
    vertex -146.9338085214448 -414.7 134.11145618000162
    vertex -146.25284754842414 -414.7 132.22001431409026
  endloop
endfacet
facet normal -0.27899110603921023 -4.887333103773224e-28 -0.9602936856769487
  outer loop
    vertex -124.45807638927528 -414.7 113.0053388438838
    vertex -126.38854381999835 -416.7 113.56619147855508
    vertex -126.38854381999835 -414.7 113.56619147855508
  endloop
endfacet
facet normal -0.27899110603921023 -4.887333103773224e-28 -0.9602936856769487
  outer loop
    vertex -126.38854381999835 -416.7 113.56619147855508
    vertex -124.45807638927528 -414.7 113.0053388438838
    vertex -124.45807638927528 -416.7 113.0053388438838
  endloop
endfacet
facet normal -0.15643446504022238 -5.570156035267392e-15 -0.9876883405951391
  outer loop
    vertex -120.51066347405774 -414.7 112.25232955793673
    vertex -122.49620206674322 -416.7 112.56680797668199
    vertex -122.49620206674322 -414.7 112.56680797668196
  endloop
endfacet
facet normal -0.15643446504022238 -5.570156035267392e-15 -0.9876883405951391
  outer loop
    vertex -122.49620206674322 -416.7 112.56680797668199
    vertex -120.51066347405774 -414.7 112.25232955793673
    vertex -120.51066347405774 -416.7 112.25232955793673
  endloop
endfacet
facet normal -0.9602936856769293 -9.75748897748357e-18 -0.27899110603927696
  outer loop
    vertex -147.4946611561162 -414.7 136.04192361072458
    vertex -146.9338085214448 -416.7 134.11145618000162
    vertex -147.4946611561162 -416.7 136.04192361072458
  endloop
endfacet
facet normal -0.9602936856769293 -9.75748897748357e-18 -0.27899110603927696
  outer loop
    vertex -146.9338085214448 -416.7 134.11145618000162
    vertex -147.4946611561162 -414.7 136.04192361072458
    vertex -146.9338085214448 -414.7 134.11145618000162
  endloop
endfacet
facet normal -0.9759167619387589 1.1102214884292451e-28 -0.21814324139649172
  outer loop
    vertex -147.93319202331793 -414.7 138.00379793325675
    vertex -147.4946611561162 -416.7 136.04192361072458
    vertex -147.93319202331793 -416.7 138.00379793325675
  endloop
endfacet
facet normal -0.9759167619387589 1.1102214884292451e-28 -0.21814324139649172
  outer loop
    vertex -147.4946611561162 -416.7 136.04192361072458
    vertex -147.93319202331793 -414.7 138.00379793325675
    vertex -147.4946611561162 -414.7 136.04192361072458
  endloop
endfacet
facet normal -0.4539904997395472 0.0 0.8910065241883677
  outer loop
    vertex -130.12493733008242 -416.7 172.9544656789126
    vertex -131.91611757125503 -414.7 172.0418137614036
    vertex -131.91611757125503 -416.7 172.0418137614036
  endloop
endfacet
facet normal -0.4539904997395472 0.0 0.8910065241883677
  outer loop
    vertex -131.91611757125503 -414.7 172.0418137614036
    vertex -130.12493733008242 -416.7 172.9544656789126
    vertex -130.12493733008242 -414.7 172.9544656789126
  endloop
endfacet
facet normal -0.750111069630502 0.0 0.6613118653236038
  outer loop
    vertex -139.82699607748535 -414.7 165.90550738971803
    vertex -141.15642376882528 -416.7 164.39756767195803
    vertex -139.82699607748535 -416.7 165.90550738971803
  endloop
endfacet
facet normal -0.750111069630502 0.0 0.6613118653236038
  outer loop
    vertex -141.15642376882528 -416.7 164.39756767195803
    vertex -139.82699607748535 -414.7 165.90550738971803
    vertex -141.15642376882528 -414.7 164.39756767195803
  endloop
endfacet
facet normal -0.7071067811865364 0.0 0.7071067811865587
  outer loop
    vertex -138.40550738971817 -416.7 167.32699607748515
    vertex -139.82699607748535 -414.7 165.90550738971803
    vertex -139.82699607748535 -416.7 165.90550738971803
  endloop
endfacet
facet normal -0.7071067811865364 0.0 0.7071067811865587
  outer loop
    vertex -139.82699607748535 -414.7 165.90550738971803
    vertex -138.40550738971817 -416.7 167.32699607748515
    vertex -138.40550738971817 -414.7 167.32699607748515
  endloop
endfacet
facet normal -0.09410831331852029 0.0 0.9955619646030796
  outer loop
    vertex -118.50929662493814 -416.7 175.93685530970467
    vertex -120.51066347405792 -414.7 175.74767044206325
    vertex -120.51066347405792 -416.7 175.74767044206325
  endloop
endfacet
facet normal -0.09410831331852029 0.0 0.9955619646030796
  outer loop
    vertex -120.51066347405792 -414.7 175.74767044206325
    vertex -118.50929662493814 -416.7 175.93685530970467
    vertex -118.50929662493814 -414.7 175.93685530970467
  endloop
endfacet
facet normal 0.0941083133185245 1.0133656024265438e-27 0.9955619646030791
  outer loop
    vertex 122.51066347405764 -416.7 175.74767044206325
    vertex 120.50929662493796 -414.7 175.93685530970467
    vertex 120.50929662493796 -416.7 175.93685530970467
  endloop
endfacet
facet normal 0.0941083133185245 1.0133656024265438e-27 0.9955619646030791
  outer loop
    vertex 120.50929662493796 -414.7 175.93685530970467
    vertex 122.51066347405764 -416.7 175.74767044206325
    vertex 122.51066347405764 -414.7 175.74767044206325
  endloop
endfacet
facet normal 0.4539904997395655 0.0 0.8910065241883586
  outer loop
    vertex 133.91611757125474 -416.70000000000005 172.0418137614036
    vertex 132.12493733008225 -414.7000000000001 172.9544656789126
    vertex 132.12493733008225 -416.70000000000005 172.9544656789126
  endloop
endfacet
facet normal 0.4539904997395655 0.0 0.8910065241883586
  outer loop
    vertex 132.12493733008225 -414.7000000000001 172.9544656789126
    vertex 133.91611757125474 -416.70000000000005 172.0418137614036
    vertex 133.91611757125474 -414.7000000000001 172.0418137614036
  endloop
endfacet
facet normal 0.5090414157503488 0.0 0.860742027003957
  outer loop
    vertex 135.64645743932783 -416.70000000000005 171.01849361606446
    vertex 133.91611757125474 -414.7000000000001 172.0418137614036
    vertex 133.91611757125474 -416.70000000000005 172.0418137614036
  endloop
endfacet
facet normal 0.5090414157503488 0.0 0.860742027003957
  outer loop
    vertex 133.91611757125474 -414.7000000000001 172.0418137614036
    vertex 135.64645743932783 -416.70000000000005 171.01849361606446
    vertex 135.64645743932783 -414.7000000000001 171.01849361606446
  endloop
endfacet
facet normal 0.5620833778521439 -8.418712588514571e-28 0.8270805742745528
  outer loop
    vertex 137.30912807335903 -416.70000000000005 169.8885438199983
    vertex 135.64645743932783 -414.7000000000001 171.01849361606446
    vertex 135.64645743932783 -416.70000000000005 171.01849361606446
  endloop
endfacet
facet normal 0.5620833778521439 -8.418712588514571e-28 0.8270805742745528
  outer loop
    vertex 135.64645743932783 -414.7000000000001 171.01849361606446
    vertex 137.30912807335903 -416.70000000000005 169.8885438199983
    vertex 137.30912807335903 -414.7000000000001 169.8885438199983
  endloop
endfacet
facet normal 0.6129070536529722 -1.381751721963784e-17 0.790155012375694
  outer loop
    vertex 138.89756767195797 -416.70000000000005 168.65642376882522
    vertex 137.30912807335903 -414.7000000000001 169.8885438199983
    vertex 137.30912807335903 -416.70000000000005 169.8885438199983
  endloop
endfacet
facet normal 0.6129070536529722 -1.381751721963784e-17 0.790155012375694
  outer loop
    vertex 137.30912807335903 -414.7000000000001 169.8885438199983
    vertex 138.89756767195797 -416.70000000000005 168.65642376882522
    vertex 138.89756767195797 -414.7000000000001 168.65642376882522
  endloop
endfacet
facet normal -0.9408807689542584 0.0 0.33873792024520033
  outer loop
    vertex -146.25284754842414 -414.7 155.77998568590962
    vertex -146.9338085214448 -416.7 153.88854381999826
    vertex -146.25284754842414 -416.7 155.77998568590962
  endloop
endfacet
facet normal -0.9408807689542584 0.0 0.33873792024520033
  outer loop
    vertex -146.9338085214448 -416.7 153.88854381999826
    vertex -146.25284754842414 -414.7 155.77998568590962
    vertex -146.9338085214448 -414.7 153.88854381999826
  endloop
endfacet
facet normal -0.8607420270039453 0.0 0.5090414157503685
  outer loop
    vertex -143.51849361606452 -414.7 161.14645743932783
    vertex -144.54181376140366 -416.7 159.41611757125483
    vertex -143.51849361606452 -416.7 161.14645743932783
  endloop
endfacet
facet normal -0.8607420270039453 0.0 0.5090414157503685
  outer loop
    vertex -144.54181376140366 -416.7 159.41611757125483
    vertex -143.51849361606452 -414.7 161.14645743932783
    vertex -144.54181376140366 -414.7 159.41611757125483
  endloop
endfacet
facet normal -0.3971478906348004 1.604886401377663e-17 0.9177546256839726
  outer loop
    vertex -128.2799856859099 -416.7 173.75284754842403
    vertex -130.12493733008242 -414.7 172.9544656789126
    vertex -130.12493733008242 -416.7 172.9544656789126
  endloop
endfacet
facet normal -0.3971478906348004 1.604886401377663e-17 0.9177546256839726
  outer loop
    vertex -130.12493733008242 -414.7 172.9544656789126
    vertex -128.2799856859099 -416.7 173.75284754842403
    vertex -128.2799856859099 -414.7 173.75284754842403
  endloop
endfacet
facet normal 0.3387379202452798 0.0 0.9408807689542298
  outer loop
    vertex 130.27998568590962 -416.7 173.75284754842403
    vertex 128.38854381999826 -414.7 174.43380852144486
    vertex 128.38854381999826 -416.7 174.43380852144486
  endloop
endfacet
facet normal 0.3387379202452798 0.0 0.9408807689542298
  outer loop
    vertex 128.38854381999826 -414.7 174.43380852144486
    vertex 130.27998568590962 -416.7 173.75284754842403
    vertex 130.27998568590962 -414.7 173.75284754842403
  endloop
endfacet
facet normal -0.6129070536529722 -1.381751721963784e-17 0.790155012375694
  outer loop
    vertex -135.3091280733593 -416.7 169.8885438199983
    vertex -136.89756767195826 -414.7 168.65642376882522
    vertex -136.89756767195826 -416.7 168.65642376882522
  endloop
endfacet
facet normal -0.6129070536529722 -1.381751721963784e-17 0.790155012375694
  outer loop
    vertex -136.89756767195826 -414.7 168.65642376882522
    vertex -135.3091280733593 -416.7 169.8885438199983
    vertex -135.3091280733593 -414.7 169.8885438199983
  endloop
endfacet
facet normal -0.9177546256839751 0.0 0.3971478906347948
  outer loop
    vertex -145.45446567891267 -414.7 157.62493733008228
    vertex -146.25284754842414 -416.7 155.77998568590962
    vertex -145.45446567891267 -416.7 157.62493733008228
  endloop
endfacet
facet normal -0.9177546256839751 0.0 0.3971478906347948
  outer loop
    vertex -146.25284754842414 -416.7 155.77998568590962
    vertex -145.45446567891267 -414.7 157.62493733008228
    vertex -146.25284754842414 -414.7 155.77998568590962
  endloop
endfacet
facet normal 0.2181432413965582 -9.933690845396107e-28 0.9759167619387439
  outer loop
    vertex 126.45807638927528 -416.7 174.99466115611617
    vertex 124.49620206674314 -414.7 175.433192023318
    vertex 124.49620206674314 -416.7 175.433192023318
  endloop
endfacet
facet normal 0.2181432413965582 -9.933690845396107e-28 0.9759167619387439
  outer loop
    vertex 124.49620206674314 -414.7 175.433192023318
    vertex 126.45807638927528 -416.7 174.99466115611617
    vertex 126.45807638927528 -414.7 174.99466115611617
  endloop
endfacet
facet normal -0.5090414157503883 0.0 0.8607420270039338
  outer loop
    vertex -131.91611757125503 -416.7 172.0418137614036
    vertex -133.64645743932792 -414.7 171.01849361606446
    vertex -133.64645743932792 -416.7 171.01849361606446
  endloop
endfacet
facet normal -0.5090414157503883 0.0 0.8607420270039338
  outer loop
    vertex -133.64645743932792 -414.7 171.01849361606446
    vertex -131.91611757125503 -416.7 172.0418137614036
    vertex -131.91611757125503 -414.7 172.0418137614036
  endloop
endfacet
facet normal 0.2789911060392326 0.0 0.9602936856769422
  outer loop
    vertex 128.38854381999826 -416.7 174.43380852144486
    vertex 126.45807638927528 -414.7 174.99466115611617
    vertex 126.45807638927528 -416.7 174.99466115611617
  endloop
endfacet
facet normal 0.2789911060392326 0.0 0.9602936856769422
  outer loop
    vertex 126.45807638927528 -414.7 174.99466115611617
    vertex 128.38854381999826 -416.7 174.43380852144486
    vertex 128.38854381999826 -414.7 174.43380852144486
  endloop
endfacet
facet normal -0.7901550123756909 0.0 0.6129070536529759
  outer loop
    vertex -141.15642376882528 -414.7 164.39756767195803
    vertex -142.38854381999832 -416.7 162.80912807335912
    vertex -141.15642376882528 -416.7 164.39756767195803
  endloop
endfacet
facet normal -0.7901550123756909 0.0 0.6129070536529759
  outer loop
    vertex -142.38854381999832 -416.7 162.80912807335912
    vertex -141.15642376882528 -414.7 164.39756767195803
    vertex -142.38854381999832 -414.7 162.80912807335912
  endloop
endfacet
facet normal -0.33873792024525123 0.0 0.94088076895424
  outer loop
    vertex -126.38854381999835 -416.7 174.43380852144486
    vertex -128.2799856859099 -414.7 173.75284754842403
    vertex -128.2799856859099 -416.7 173.75284754842403
  endloop
endfacet
facet normal -0.33873792024525123 0.0 0.94088076895424
  outer loop
    vertex -128.2799856859099 -414.7 173.75284754842403
    vertex -126.38854381999835 -416.7 174.43380852144486
    vertex -126.38854381999835 -414.7 174.43380852144486
  endloop
endfacet
facet normal -0.5620833778521022 0.0 0.8270805742745811
  outer loop
    vertex -133.64645743932792 -416.7 171.01849361606446
    vertex -135.3091280733593 -414.7 169.8885438199983
    vertex -135.3091280733593 -416.7 169.8885438199983
  endloop
endfacet
facet normal -0.5620833778521022 0.0 0.8270805742745811
  outer loop
    vertex -135.3091280733593 -414.7 169.8885438199983
    vertex -133.64645743932792 -416.7 171.01849361606446
    vertex -133.64645743932792 -414.7 171.01849361606446
  endloop
endfacet
facet normal -0.031410759078134114 0.0 0.9995065603657315
  outer loop
    vertex -116.50000000000021 -416.7 176.0
    vertex -118.50929662493814 -414.7 175.93685530970467
    vertex -118.50929662493814 -416.7 175.93685530970467
  endloop
endfacet
facet normal -0.031410759078134114 0.0 0.9995065603657315
  outer loop
    vertex -118.50929662493814 -414.7 175.93685530970467
    vertex -116.50000000000021 -416.7 176.0
    vertex -116.50000000000021 -414.7 176.0
  endloop
endfacet
facet normal 0.39714789063478395 -1.316511603888784e-18 0.9177546256839797
  outer loop
    vertex 132.12493733008225 -416.70000000000005 172.9544656789126
    vertex 130.27998568590962 -414.7 173.75284754842403
    vertex 130.27998568590962 -416.7 173.75284754842403
  endloop
endfacet
facet normal 0.39714789063478395 -1.316511603888784e-18 0.9177546256839797
  outer loop
    vertex 130.27998568590962 -414.7 173.75284754842403
    vertex 132.12493733008225 -416.70000000000005 172.9544656789126
    vertex 132.12493733008225 -414.7000000000001 172.9544656789126
  endloop
endfacet
facet normal -0.8910065241883631 0.0 0.45399049973955624
  outer loop
    vertex -144.54181376140366 -414.7 159.41611757125483
    vertex -145.45446567891267 -416.7 157.62493733008228
    vertex -144.54181376140366 -416.7 159.41611757125483
  endloop
endfacet
facet normal -0.8910065241883631 0.0 0.45399049973955624
  outer loop
    vertex -145.45446567891267 -416.7 157.62493733008228
    vertex -144.54181376140366 -414.7 159.41611757125483
    vertex -145.45446567891267 -414.7 157.62493733008228
  endloop
endfacet
facet normal -0.21814324139654875 0.0 0.9759167619387462
  outer loop
    vertex -122.49620206674322 -416.7 175.433192023318
    vertex -124.45807638927546 -414.7 174.99466115611617
    vertex -124.45807638927546 -416.7 174.99466115611617
  endloop
endfacet
facet normal -0.21814324139654875 0.0 0.9759167619387462
  outer loop
    vertex -124.45807638927546 -414.7 174.99466115611617
    vertex -122.49620206674322 -416.7 175.433192023318
    vertex -122.49620206674322 -414.7 175.433192023318
  endloop
endfacet
facet normal -0.15643446504023084 -1.0053511743750778e-27 0.9876883405951378
  outer loop
    vertex -120.51066347405792 -416.7 175.74767044206325
    vertex -122.49620206674322 -414.7 175.433192023318
    vertex -122.49620206674322 -416.7 175.433192023318
  endloop
endfacet
facet normal -0.15643446504023084 -1.0053511743750778e-27 0.9876883405951378
  outer loop
    vertex -122.49620206674322 -414.7 175.433192023318
    vertex -120.51066347405792 -416.7 175.74767044206325
    vertex -120.51066347405792 -414.7 175.74767044206325
  endloop
endfacet
facet normal 0.15643446504021694 0.0 0.98768834059514
  outer loop
    vertex 124.49620206674314 -416.7 175.433192023318
    vertex 122.51066347405764 -414.7 175.74767044206325
    vertex 122.51066347405764 -416.7 175.74767044206325
  endloop
endfacet
facet normal 0.15643446504021694 0.0 0.98768834059514
  outer loop
    vertex 122.51066347405764 -414.7 175.74767044206325
    vertex 124.49620206674314 -416.7 175.433192023318
    vertex 124.49620206674314 -414.7 175.433192023318
  endloop
endfacet
facet normal -0.8270805742745565 0.0 0.5620833778521385
  outer loop
    vertex -142.38854381999832 -414.7 162.80912807335912
    vertex -143.51849361606452 -416.7 161.14645743932783
    vertex -142.38854381999832 -416.7 162.80912807335912
  endloop
endfacet
facet normal -0.8270805742745565 0.0 0.5620833778521385
  outer loop
    vertex -143.51849361606452 -416.7 161.14645743932783
    vertex -142.38854381999832 -414.7 162.80912807335912
    vertex -143.51849361606452 -414.7 161.14645743932783
  endloop
endfacet
facet normal 0.0 0.0 1.0
  outer loop
    vertex 118.49999999999994 -416.7 176.0
    vertex -116.50000000000021 -414.7 176.0
    vertex -116.50000000000021 -416.7 176.0
  endloop
endfacet
facet normal 0.0 0.0 1.0
  outer loop
    vertex -116.50000000000021 -414.7 176.0
    vertex 118.49999999999994 -416.7 176.0
    vertex 118.49999999999994 -414.7 176.0
  endloop
endfacet
facet normal 0.0314107590781327 0.0 0.9995065603657315
  outer loop
    vertex 120.50929662493796 -416.7 175.93685530970467
    vertex 118.49999999999994 -414.7 176.0
    vertex 118.49999999999994 -416.7 176.0
  endloop
endfacet
facet normal 0.0314107590781327 0.0 0.9995065603657315
  outer loop
    vertex 118.49999999999994 -414.7 176.0
    vertex 120.50929662493796 -416.7 175.93685530970467
    vertex 120.50929662493796 -414.7 175.93685530970467
  endloop
endfacet
facet normal -0.2789911060392446 0.0 0.9602936856769387
  outer loop
    vertex -124.45807638927546 -416.7 174.99466115611617
    vertex -126.38854381999835 -414.7 174.43380852144486
    vertex -126.38854381999835 -416.7 174.43380852144486
  endloop
endfacet
facet normal -0.2789911060392446 0.0 0.9602936856769387
  outer loop
    vertex -126.38854381999835 -414.7 174.43380852144486
    vertex -124.45807638927546 -416.7 174.99466115611617
    vertex -124.45807638927546 -414.7 174.99466115611617
  endloop
endfacet
facet normal -0.6613118653236639 0.0 0.7501110696304489
  outer loop
    vertex -136.89756767195826 -416.7 168.65642376882522
    vertex -138.40550738971817 -414.7 167.32699607748515
    vertex -138.40550738971817 -416.7 167.32699607748515
  endloop
endfacet
facet normal -0.6613118653236639 0.0 0.7501110696304489
  outer loop
    vertex -138.40550738971817 -414.7 167.32699607748515
    vertex -136.89756767195826 -416.7 168.65642376882522
    vertex -136.89756767195826 -414.7 168.65642376882522
  endloop
endfacet
facet normal 0.9995065603657315 0.0 -0.0314107590781327
  outer loop
    vertex 150.43685530970455 -414.70000000000016 141.9907033750619
    vertex 150.4999999999999 -416.70000000000016 143.99999999999994
    vertex 150.43685530970455 -416.70000000000016 141.9907033750619
  endloop
endfacet
facet normal 0.9995065603657315 0.0 -0.0314107590781327
  outer loop
    vertex 150.4999999999999 -416.70000000000016 143.99999999999994
    vertex 150.43685530970455 -414.70000000000016 141.9907033750619
    vertex 150.4999999999999 -414.70000000000016 143.99999999999994
  endloop
endfacet
facet normal 0.9955619646030772 0.0 0.09410831331854463
  outer loop
    vertex 150.43685530970455 -414.70000000000016 146.00929662493795
    vertex 150.2476704420631 -416.70000000000016 148.01066347405768
    vertex 150.43685530970455 -416.70000000000016 146.00929662493795
  endloop
endfacet
facet normal 0.9955619646030772 0.0 0.09410831331854463
  outer loop
    vertex 150.2476704420631 -416.70000000000016 148.01066347405768
    vertex 150.43685530970455 -414.70000000000016 146.00929662493795
    vertex 150.2476704420631 -414.70000000000016 148.01066347405768
  endloop
endfacet
facet normal 0.8910065241883652 2.3105460665520676e-28 -0.45399049973955186
  outer loop
    vertex 146.5418137614034 -414.70000000000016 128.58388242874506
    vertex 147.45446567891238 -416.70000000000016 130.37506266991764
    vertex 146.5418137614034 -416.70000000000016 128.58388242874506
  endloop
endfacet
facet normal 0.8910065241883652 2.3105460665520676e-28 -0.45399049973955186
  outer loop
    vertex 147.45446567891238 -416.70000000000016 130.37506266991764
    vertex 146.5418137614034 -414.70000000000016 128.58388242874506
    vertex 147.45446567891238 -414.70000000000016 130.37506266991764
  endloop
endfacet
facet normal 0.9995065603657315 0.0 0.0314107590781327
  outer loop
    vertex 150.4999999999999 -414.70000000000016 143.99999999999994
    vertex 150.43685530970455 -416.70000000000016 146.00929662493795
    vertex 150.4999999999999 -416.70000000000016 143.99999999999994
  endloop
endfacet
facet normal 0.9995065603657315 0.0 0.0314107590781327
  outer loop
    vertex 150.43685530970455 -416.70000000000016 146.00929662493795
    vertex 150.4999999999999 -414.70000000000016 143.99999999999994
    vertex 150.43685530970455 -414.70000000000016 146.00929662493795
  endloop
endfacet
facet normal 0.7501110696304771 -3.7237447309785985e-15 -0.6613118653236318
  outer loop
    vertex 141.82699607748498 -414.70000000000016 122.0944926102819
    vertex 143.156423768825 -416.70000000000016 123.6024323280419
    vertex 141.82699607748498 -416.70000000000016 122.09449261028193
  endloop
endfacet
facet normal 0.7501110696304771 -3.7237447309785985e-15 -0.6613118653236318
  outer loop
    vertex 143.156423768825 -416.70000000000016 123.6024323280419
    vertex 141.82699607748498 -414.70000000000016 122.0944926102819
    vertex 143.156423768825 -414.70000000000016 123.6024323280419
  endloop
endfacet
facet normal 0.9602936856769293 9.757488977483572e-18 -0.278991106039277
  outer loop
    vertex 148.93380852144472 -414.70000000000016 134.11145618000162
    vertex 149.49466115611608 -416.70000000000016 136.04192361072458
    vertex 148.93380852144472 -416.70000000000016 134.11145618000162
  endloop
endfacet
facet normal 0.9602936856769293 9.757488977483572e-18 -0.278991106039277
  outer loop
    vertex 149.49466115611608 -416.70000000000016 136.04192361072458
    vertex 148.93380852144472 -414.70000000000016 134.11145618000162
    vertex 149.49466115611608 -414.70000000000016 136.04192361072458
  endloop
endfacet
facet normal 0.6613118653236257 -2.623452983117838e-17 -0.7501110696304827
  outer loop
    vertex 140.40550738971788 -414.70000000000016 120.6730039225148
    vertex 138.8975676719578 -416.70000000000016 119.34357623117471
    vertex 138.8975676719578 -414.70000000000016 119.34357623117471
  endloop
endfacet
facet normal 0.6613118653236257 -2.623452983117838e-17 -0.7501110696304827
  outer loop
    vertex 138.8975676719578 -416.70000000000016 119.34357623117471
    vertex 140.40550738971788 -414.70000000000016 120.6730039225148
    vertex 140.40550738971788 -416.70000000000016 120.6730039225148
  endloop
endfacet
facet normal 0.8270805742745703 0.0 -0.5620833778521181
  outer loop
    vertex 144.38854381999815 -414.70000000000016 125.19087192664081
    vertex 145.51849361606426 -416.70000000000016 126.85354256067205
    vertex 144.38854381999815 -416.70000000000016 125.19087192664081
  endloop
endfacet
facet normal 0.8270805742745703 0.0 -0.5620833778521181
  outer loop
    vertex 145.51849361606426 -416.70000000000016 126.85354256067205
    vertex 144.38854381999815 -414.70000000000016 125.19087192664081
    vertex 145.51849361606426 -414.70000000000016 126.85354256067205
  endloop
endfacet
facet normal 0.7901550123756909 0.0 0.6129070536529759
  outer loop
    vertex 144.38854381999823 -414.7000000000001 162.80912807335912
    vertex 143.15642376882516 -416.70000000000005 164.39756767195803
    vertex 144.38854381999823 -416.70000000000005 162.80912807335912
  endloop
endfacet
facet normal 0.7901550123756909 0.0 0.6129070536529759
  outer loop
    vertex 143.15642376882516 -416.70000000000005 164.39756767195803
    vertex 144.38854381999823 -414.7000000000001 162.80912807335912
    vertex 143.15642376882516 -414.7000000000001 164.39756767195803
  endloop
endfacet
facet normal 0.7071067811865364 0.0 0.7071067811865587
  outer loop
    vertex 141.82699607748506 -416.70000000000005 165.90550738971803
    vertex 140.40550738971788 -414.7000000000001 167.32699607748515
    vertex 140.40550738971788 -416.70000000000005 167.32699607748515
  endloop
endfacet
facet normal 0.7071067811865364 0.0 0.7071067811865587
  outer loop
    vertex 140.40550738971788 -414.7000000000001 167.32699607748515
    vertex 141.82699607748506 -416.70000000000005 165.90550738971803
    vertex 141.82699607748506 -414.7000000000001 165.90550738971803
  endloop
endfacet
facet normal 0.9759167619387589 -1.1102214884292453e-28 -0.21814324139649177
  outer loop
    vertex 149.49466115611608 -414.70000000000016 136.04192361072458
    vertex 149.93319202331782 -416.70000000000016 138.00379793325675
    vertex 149.49466115611608 -416.70000000000016 136.04192361072458
  endloop
endfacet
facet normal 0.9759167619387589 -1.1102214884292453e-28 -0.21814324139649177
  outer loop
    vertex 149.93319202331782 -416.70000000000016 138.00379793325675
    vertex 149.49466115611608 -414.70000000000016 136.04192361072458
    vertex 149.93319202331782 -414.70000000000016 138.00379793325675
  endloop
endfacet
facet normal 0.5090414157503685 0.0 -0.8607420270039453
  outer loop
    vertex 135.64645743932763 -414.70000000000016 116.98150638393548
    vertex 133.91611757125466 -416.70000000000016 115.95818623859635
    vertex 133.91611757125466 -414.70000000000016 115.95818623859635
  endloop
endfacet
facet normal 0.5090414157503685 0.0 -0.8607420270039453
  outer loop
    vertex 133.91611757125466 -416.70000000000016 115.95818623859635
    vertex 135.64645743932763 -414.70000000000016 116.98150638393548
    vertex 135.64645743932763 -416.70000000000016 116.98150638393548
  endloop
endfacet
facet normal 0.8270805742745775 0.0 0.5620833778521077
  outer loop
    vertex 145.51849361606435 -414.7000000000001 161.14645743932783
    vertex 144.38854381999823 -416.70000000000005 162.80912807335912
    vertex 145.51849361606435 -416.70000000000005 161.14645743932783
  endloop
endfacet
facet normal 0.8270805742745775 0.0 0.5620833778521077
  outer loop
    vertex 144.38854381999823 -416.70000000000005 162.80912807335912
    vertex 145.51849361606435 -414.7000000000001 161.14645743932783
    vertex 144.38854381999823 -414.7000000000001 162.80912807335912
  endloop
endfacet
facet normal 0.4539904997395566 1.5581117374023894e-17 -0.8910065241883631
  outer loop
    vertex 133.91611757125466 -414.70000000000016 115.95818623859635
    vertex 132.12493733008216 -416.70000000000016 115.04553432108737
    vertex 132.12493733008216 -414.70000000000016 115.04553432108737
  endloop
endfacet
facet normal 0.4539904997395566 1.5581117374023894e-17 -0.8910065241883631
  outer loop
    vertex 132.12493733008216 -416.70000000000016 115.04553432108737
    vertex 133.91611757125466 -414.70000000000016 115.95818623859635
    vertex 133.91611757125466 -416.70000000000016 115.95818623859635
  endloop
endfacet
facet normal 0.9955619646030772 -5.29909342681641e-16 -0.09410831331854518
  outer loop
    vertex 150.2476704420631 -414.70000000000016 139.9893365259422
    vertex 150.43685530970455 -416.70000000000016 141.9907033750619
    vertex 150.2476704420631 -416.70000000000016 139.9893365259422
  endloop
endfacet
facet normal 0.9955619646030772 -5.29909342681641e-16 -0.09410831331854518
  outer loop
    vertex 150.43685530970455 -416.70000000000016 141.9907033750619
    vertex 150.2476704420631 -414.70000000000016 139.9893365259422
    vertex 150.43685530970455 -414.70000000000016 141.9907033750619
  endloop
endfacet
facet normal 0.9177546256839716 0.0 -0.3971478906348029
  outer loop
    vertex 147.45446567891238 -414.70000000000016 130.37506266991764
    vertex 148.25284754842386 -416.70000000000016 132.22001431409026
    vertex 147.45446567891238 -416.70000000000016 130.37506266991764
  endloop
endfacet
facet normal 0.9177546256839716 0.0 -0.3971478906348029
  outer loop
    vertex 148.25284754842386 -416.70000000000016 132.22001431409026
    vertex 147.45446567891238 -414.70000000000016 130.37506266991764
    vertex 148.25284754842386 -414.70000000000016 132.22001431409026
  endloop
endfacet
facet normal 0.6129070536529868 0.0 -0.7901550123756824
  outer loop
    vertex 138.8975676719578 -414.70000000000016 119.34357623117471
    vertex 137.30912807335892 -416.70000000000016 118.11145618000165
    vertex 137.30912807335892 -414.70000000000016 118.11145618000165
  endloop
endfacet
facet normal 0.6129070536529868 0.0 -0.7901550123756824
  outer loop
    vertex 137.30912807335892 -416.70000000000016 118.11145618000165
    vertex 138.8975676719578 -414.70000000000016 119.34357623117471
    vertex 138.8975676719578 -416.70000000000016 119.34357623117471
  endloop
endfacet
facet normal 0.8607420270039257 0.0 0.5090414157504017
  outer loop
    vertex 146.54181376140357 -414.7000000000001 159.41611757125483
    vertex 145.51849361606435 -416.70000000000005 161.14645743932783
    vertex 146.54181376140357 -416.70000000000005 159.41611757125483
  endloop
endfacet
facet normal 0.8607420270039257 0.0 0.5090414157504017
  outer loop
    vertex 145.51849361606435 -416.70000000000005 161.14645743932783
    vertex 146.54181376140357 -414.7000000000001 159.41611757125483
    vertex 145.51849361606435 -414.7000000000001 161.14645743932783
  endloop
endfacet
facet normal 0.987688340595143 0.0 0.1564344650401985
  outer loop
    vertex 150.2476704420631 -414.70000000000016 148.01066347405768
    vertex 149.93319202331793 -416.70000000000016 149.99620206674314
    vertex 150.2476704420631 -416.70000000000016 148.01066347405768
  endloop
endfacet
facet normal 0.987688340595143 0.0 0.1564344650401985
  outer loop
    vertex 149.93319202331793 -416.70000000000016 149.99620206674314
    vertex 150.2476704420631 -414.70000000000016 148.01066347405768
    vertex 149.93319202331793 -414.70000000000016 149.99620206674314
  endloop
endfacet
facet normal 0.7901550123756691 0.0 -0.612907053653004
  outer loop
    vertex 143.156423768825 -414.70000000000016 123.6024323280419
    vertex 144.38854381999815 -416.70000000000016 125.19087192664081
    vertex 143.156423768825 -416.70000000000016 123.6024323280419
  endloop
endfacet
facet normal 0.7901550123756691 0.0 -0.612907053653004
  outer loop
    vertex 144.38854381999815 -416.70000000000016 125.19087192664081
    vertex 143.156423768825 -414.70000000000016 123.6024323280419
    vertex 144.38854381999815 -414.70000000000016 125.19087192664081
  endloop
endfacet
facet normal 0.707106781186556 -3.981608812347256e-15 -0.7071067811865391
  outer loop
    vertex 140.40550738971788 -414.70000000000016 120.6730039225148
    vertex 141.82699607748498 -416.70000000000016 122.09449261028193
    vertex 140.40550738971788 -416.70000000000016 120.6730039225148
  endloop
endfacet
facet normal 0.707106781186556 -3.981608812347256e-15 -0.7071067811865391
  outer loop
    vertex 141.82699607748498 -416.70000000000016 122.09449261028193
    vertex 140.40550738971788 -414.70000000000016 120.6730039225148
    vertex 141.82699607748498 -414.70000000000016 122.0944926102819
  endloop
endfacet
facet normal 0.9408807689542298 0.0 -0.3387379202452799
  outer loop
    vertex 148.25284754842386 -414.70000000000016 132.22001431409026
    vertex 148.93380852144472 -416.70000000000016 134.11145618000162
    vertex 148.25284754842386 -416.70000000000016 132.22001431409026
  endloop
endfacet
facet normal 0.9408807689542298 0.0 -0.3387379202452799
  outer loop
    vertex 148.93380852144472 -416.70000000000016 134.11145618000162
    vertex 148.25284754842386 -414.70000000000016 132.22001431409026
    vertex 148.93380852144472 -414.70000000000016 134.11145618000162
  endloop
endfacet
facet normal 0.8607420270039482 2.5907230251488685e-28 -0.5090414157503635
  outer loop
    vertex 145.51849361606426 -414.70000000000016 126.85354256067205
    vertex 146.5418137614034 -416.70000000000016 128.58388242874506
    vertex 145.51849361606426 -416.70000000000016 126.85354256067205
  endloop
endfacet
facet normal 0.8607420270039482 2.5907230251488685e-28 -0.5090414157503635
  outer loop
    vertex 146.5418137614034 -416.70000000000016 128.58388242874506
    vertex 145.51849361606426 -414.70000000000016 126.85354256067205
    vertex 146.5418137614034 -414.70000000000016 128.58388242874506
  endloop
endfacet
facet normal 0.5620833778521231 0.0 -0.8270805742745672
  outer loop
    vertex 137.30912807335892 -414.70000000000016 118.11145618000165
    vertex 135.64645743932763 -416.70000000000016 116.98150638393548
    vertex 135.64645743932763 -414.70000000000016 116.98150638393548
  endloop
endfacet
facet normal 0.5620833778521231 0.0 -0.8270805742745672
  outer loop
    vertex 135.64645743932763 -416.70000000000016 116.98150638393548
    vertex 137.30912807335892 -414.70000000000016 118.11145618000165
    vertex 137.30912807335892 -416.70000000000016 118.11145618000165
  endloop
endfacet
facet normal 0.8910065241883812 0.0 0.45399049973952066
  outer loop
    vertex 147.4544656789125 -414.7000000000001 157.62493733008228
    vertex 146.54181376140357 -416.70000000000005 159.41611757125483
    vertex 147.4544656789125 -416.70000000000005 157.62493733008228
  endloop
endfacet
facet normal 0.8910065241883812 0.0 0.45399049973952066
  outer loop
    vertex 146.54181376140357 -416.70000000000005 159.41611757125483
    vertex 147.4544656789125 -414.7000000000001 157.62493733008228
    vertex 146.54181376140357 -414.7000000000001 159.41611757125483
  endloop
endfacet
facet normal 0.9876883405951361 -8.808582538466644e-16 -0.15643446504024142
  outer loop
    vertex 149.93319202331782 -414.70000000000016 138.00379793325675
    vertex 150.2476704420631 -416.70000000000016 139.9893365259422
    vertex 149.93319202331782 -416.70000000000016 138.00379793325675
  endloop
endfacet
facet normal 0.9876883405951361 -8.808582538466644e-16 -0.15643446504024142
  outer loop
    vertex 150.2476704420631 -416.70000000000016 139.9893365259422
    vertex 149.93319202331782 -414.70000000000016 138.00379793325675
    vertex 150.2476704420631 -414.70000000000016 139.9893365259422
  endloop
endfacet
facet normal 0.9408807689542154 0.0 0.33873792024531957
  outer loop
    vertex 148.9338085214448 -414.70000000000016 153.88854381999826
    vertex 148.25284754842386 -416.70000000000016 155.77998568590962
    vertex 148.9338085214448 -416.70000000000016 153.88854381999826
  endloop
endfacet
facet normal 0.9408807689542154 0.0 0.33873792024531957
  outer loop
    vertex 148.25284754842386 -416.70000000000016 155.77998568590962
    vertex 148.9338085214448 -414.70000000000016 153.88854381999826
    vertex 148.25284754842386 -414.70000000000016 155.77998568590962
  endloop
endfacet
facet normal 0.6613118653236639 0.0 0.7501110696304489
  outer loop
    vertex 140.40550738971788 -416.70000000000005 167.32699607748515
    vertex 138.89756767195797 -414.7000000000001 168.65642376882522
    vertex 138.89756767195797 -416.70000000000005 168.65642376882522
  endloop
endfacet
facet normal 0.6613118653236639 0.0 0.7501110696304489
  outer loop
    vertex 138.89756767195797 -414.7000000000001 168.65642376882522
    vertex 140.40550738971788 -416.70000000000005 167.32699607748515
    vertex 140.40550738971788 -414.7000000000001 167.32699607748515
  endloop
endfacet
facet normal 0.7501110696304575 0.0 0.6613118653236543
  outer loop
    vertex 143.15642376882516 -414.7000000000001 164.39756767195803
    vertex 141.82699607748506 -416.70000000000005 165.90550738971803
    vertex 143.15642376882516 -416.70000000000005 164.39756767195803
  endloop
endfacet
facet normal 0.7501110696304575 0.0 0.6613118653236543
  outer loop
    vertex 141.82699607748506 -416.70000000000005 165.90550738971803
    vertex 143.15642376882516 -414.7000000000001 164.39756767195803
    vertex 141.82699607748506 -414.7000000000001 165.90550738971803
  endloop
endfacet
facet normal 0.9759167619387493 -1.110221488429463e-28 0.21814324139653452
  outer loop
    vertex 149.93319202331793 -414.70000000000016 149.99620206674314
    vertex 149.49466115611608 -416.70000000000016 151.9580763892753
    vertex 149.93319202331793 -416.70000000000016 149.99620206674314
  endloop
endfacet
facet normal 0.9759167619387493 -1.110221488429463e-28 0.21814324139653452
  outer loop
    vertex 149.49466115611608 -416.70000000000016 151.9580763892753
    vertex 149.93319202331793 -414.70000000000016 149.99620206674314
    vertex 149.49466115611608 -414.70000000000016 151.9580763892753
  endloop
endfacet
facet normal 0.9602936856769414 9.757488977482122e-18 0.2789911060392356
  outer loop
    vertex 149.49466115611608 -414.70000000000016 151.9580763892753
    vertex 148.9338085214448 -416.70000000000016 153.88854381999826
    vertex 149.49466115611608 -416.70000000000016 151.9580763892753
  endloop
endfacet
facet normal 0.9602936856769414 9.757488977482122e-18 0.2789911060392356
  outer loop
    vertex 148.9338085214448 -416.70000000000016 153.88854381999826
    vertex 149.49466115611608 -414.70000000000016 151.9580763892753
    vertex 148.9338085214448 -414.70000000000016 153.88854381999826
  endloop
endfacet
facet normal 0.9177546256839915 1.316511605228795e-18 0.3971478906347569
  outer loop
    vertex 148.25284754842386 -414.70000000000016 155.77998568590962
    vertex 147.4544656789125 -416.70000000000005 157.62493733008228
    vertex 148.25284754842386 -416.70000000000016 155.77998568590962
  endloop
endfacet
facet normal 0.9177546256839915 1.316511605228795e-18 0.3971478906347569
  outer loop
    vertex 147.4544656789125 -416.70000000000005 157.62493733008228
    vertex 148.25284754842386 -414.70000000000016 155.77998568590962
    vertex 147.4544656789125 -414.7000000000001 157.62493733008228
  endloop
endfacet
facet normal 0.09410831331851338 -5.066828012132725e-28 -0.9955619646030802
  outer loop
    vertex 122.51066347405747 -414.70000000000016 112.25232955793673
    vertex 120.50929662493778 -416.70000000000016 112.06314469029535
    vertex 120.50929662493778 -414.70000000000016 112.06314469029535
  endloop
endfacet
facet normal 0.09410831331851338 -5.066828012132725e-28 -0.9955619646030802
  outer loop
    vertex 120.50929662493778 -416.70000000000016 112.06314469029535
    vertex 122.51066347405747 -414.70000000000016 112.25232955793673
    vertex 122.51066347405747 -416.70000000000016 112.25232955793673
  endloop
endfacet
facet normal 0.1564344650402224 -5.570156035267896e-15 -0.9876883405951391
  outer loop
    vertex 124.49620206674295 -414.70000000000016 112.56680797668196
    vertex 122.51066347405747 -416.70000000000016 112.25232955793673
    vertex 122.51066347405747 -414.70000000000016 112.25232955793673
  endloop
endfacet
facet normal 0.1564344650402224 -5.570156035267896e-15 -0.9876883405951391
  outer loop
    vertex 122.51066347405747 -416.70000000000016 112.25232955793673
    vertex 124.49620206674295 -414.70000000000016 112.56680797668196
    vertex 124.49620206674295 -416.70000000000016 112.56680797668199
  endloop
endfacet
facet normal 0.03141075907812149 1.0924042503256604e-18 -0.9995065603657319
  outer loop
    vertex 120.50929662493778 -414.70000000000016 112.06314469029535
    vertex 118.49999999999976 -416.70000000000016 112.00000000000004
    vertex 118.49999999999976 -414.70000000000016 112.00000000000004
  endloop
endfacet
facet normal 0.03141075907812149 1.0924042503256604e-18 -0.9995065603657319
  outer loop
    vertex 118.49999999999976 -416.70000000000016 112.00000000000004
    vertex 120.50929662493778 -414.70000000000016 112.06314469029535
    vertex 120.50929662493778 -416.70000000000016 112.06314469029535
  endloop
endfacet
facet normal 0.33873792024529964 0.0 -0.9408807689542225
  outer loop
    vertex 130.27998568590945 -414.70000000000016 114.24715245157597
    vertex 128.38854381999806 -416.70000000000016 113.56619147855508
    vertex 128.38854381999806 -414.70000000000016 113.56619147855508
  endloop
endfacet
facet normal 0.33873792024529964 0.0 -0.9408807689542225
  outer loop
    vertex 128.38854381999806 -416.70000000000016 113.56619147855508
    vertex 130.27998568590945 -414.70000000000016 114.24715245157597
    vertex 130.27998568590945 -416.70000000000016 114.24715245157597
  endloop
endfacet
facet normal 0.3971478906347582 -1.6048864014244036e-17 -0.9177546256839909
  outer loop
    vertex 132.12493733008216 -414.70000000000016 115.04553432108737
    vertex 130.27998568590945 -416.70000000000016 114.24715245157597
    vertex 130.27998568590945 -414.70000000000016 114.24715245157597
  endloop
endfacet
facet normal 0.3971478906347582 -1.6048864014244036e-17 -0.9177546256839909
  outer loop
    vertex 130.27998568590945 -416.70000000000016 114.24715245157597
    vertex 132.12493733008216 -414.70000000000016 115.04553432108737
    vertex 132.12493733008216 -416.70000000000016 115.04553432108737
  endloop
endfacet
facet normal 0.21814324139654223 -5.503769172931837e-15 -0.9759167619387477
  outer loop
    vertex 126.45807638927509 -414.70000000000016 113.0053388438838
    vertex 124.49620206674295 -416.70000000000016 112.56680797668199
    vertex 124.49620206674295 -414.70000000000016 112.56680797668196
  endloop
endfacet
facet normal 0.21814324139654223 -5.503769172931837e-15 -0.9759167619387477
  outer loop
    vertex 124.49620206674295 -416.70000000000016 112.56680797668199
    vertex 126.45807638927509 -414.70000000000016 113.0053388438838
    vertex 126.45807638927509 -416.70000000000016 113.0053388438838
  endloop
endfacet
facet normal 0.2789911060392223 4.887333103773207e-28 -0.9602936856769452
  outer loop
    vertex 128.38854381999806 -414.70000000000016 113.56619147855508
    vertex 126.45807638927509 -416.70000000000016 113.0053388438838
    vertex 126.45807638927509 -414.70000000000016 113.0053388438838
  endloop
endfacet
facet normal 0.2789911060392223 4.887333103773207e-28 -0.9602936856769452
  outer loop
    vertex 126.45807638927509 -416.70000000000016 113.0053388438838
    vertex 128.38854381999806 -414.70000000000016 113.56619147855508
    vertex 128.38854381999806 -416.70000000000016 113.56619147855508
  endloop
endfacet
endsolid matrix4-final
